vendedor,cliente,producto,mes_num,mes_abbr,monto_cancelado,cantidad,zona_code,zona,is_return,is_payment_only,is_purchase,is_credit_delivery,sku,descripcion,mes_nombre,pct,py24,tgt,venta,cliente_id,producto_id
PHARMA - Z1,A & E SERVICIOS MEDICOS S.A.C.,GAAP PF,1,ENE,540.93,6,Z1,LIMA,False,False,True,False,41567.0,GAAP OFTENO LIBRE DE CONSER PF 3 ML PERU,ENERO,1.0,67726.3,99013.28,99013.28,0,8
PHARMA - Z1,A & E SERVICIOS MEDICOS S.A.C.,LAGRICEL PF,1,ENE,340.83,6,Z1,LIMA,False,False,True,False,41582.0,LAGRICEL OFTENO LIBRE DE CONSERVADORES (PF) 10 ML,ENERO,1.0,241357.65,244552.3,244552.3,0,10
PHARMA - Z1,A & E SERVICIOS MEDICOS S.A.C.,SOPHIPREN,1,ENE,254.1,6,Z1,LIMA,False,False,True,False,40338.0,SOPHIPREN OFTENO 5 ML,ENERO,1.0,41450.28,50525.9,50525.9,0,12
PHARMA - Z1,A & E SERVICIOS MEDICOS S.A.C.,ZEBESTEN,1,ENE,294.53,6,Z1,LIMA,False,False,True,False,41604.0,ZEBESTEN 5ML PERU,ENERO,1.0,31496.43,43862.02,43862.02,0,15
PHARMA - Z1,A & E SERVICIOS MEDICOS S.A.C.,LAGRICEL PF,2,FEB,340.83,6,Z1,LIMA,False,False,True,False,41582.0,LAGRICEL OFTENO LIBRE DE CONSERVADORES (PF) 10 ML,FEBRERO,1.01762066,244371.43,248182.4906,252555.63,0,10
PHARMA - Z1,A & E SERVICIOS MEDICOS S.A.C.,SOPHIPREN,2,FEB,508.2,12,Z1,LIMA,False,False,True,False,40338.0,SOPHIPREN OFTENO 5 ML,FEBRERO,1.300787434,39394.05,56555.62783,73566.85,0,12
PHARMA - Z1,A & E SERVICIOS MEDICOS S.A.C.,ZEBESTEN,2,FEB,589.05,12,Z1,LIMA,False,False,True,False,41604.0,ZEBESTEN 5ML PERU,FEBRERO,0.998966691,24271.56,27459.43408,27431.06,0,15
PHARMA - Z1,A & E SERVICIOS MEDICOS S.A.C.,ELIPTIC PF,3,MAR,360.57,12,Z1,LIMA,False,False,True,False,41561.0,ELIPTIC OFTENO 5ML PF PERU,MARZO,0.543724406,16081.78,70691.40098,38436.64,0,5
PHARMA - Z1,A & E SERVICIOS MEDICOS S.A.C.,LAGRICEL PF,3,MAR,681.66,12,Z1,LIMA,False,False,True,False,41582.0,LAGRICEL OFTENO LIBRE DE CONSERVADORES (PF) 10 ML,MARZO,1.041573922,244371.43,248182.4906,258500.41,0,10
PHARMA - Z1,A & E SERVICIOS MEDICOS S.A.C.,SOPHIPREN,3,MAR,508.2,12,Z1,LIMA,False,False,True,False,40338.0,SOPHIPREN OFTENO 5 ML,MARZO,1.018181783,39394.05,56555.62783,57583.91,0,12
PHARMA - Z1,A & E SERVICIOS MEDICOS S.A.C.,AGGLAD,4,ABR,367.0,6,Z1,LIMA,False,False,True,False,40351.0,AGGLAD OFTENO 5 ML,ABRIL,0.757043269,24635.46,120891.2407,91519.9,0,0
PHARMA - Z1,A & E SERVICIOS MEDICOS S.A.C.,ELIPTIC PF,4,ABR,180.0,6,Z1,LIMA,False,False,True,False,41561.0,ELIPTIC OFTENO 5ML PF PERU,ABRIL,0.502083754,28406.63,74583.69182,37447.26,0,5
PHARMA - Z1,A & E SERVICIOS MEDICOS S.A.C.,GAAP PF,4,ABR,541.0,6,Z1,LIMA,False,False,True,False,41567.0,GAAP OFTENO LIBRE DE CONSER PF 3 ML PERU,ABRIL,0.580041645,82952.14,97315.99528,56447.33,0,8
PHARMA - Z1,A & E SERVICIOS MEDICOS S.A.C.,LAGRICEL PF,4,ABR,341.0,6,Z1,LIMA,False,False,True,False,41582.0,LAGRICEL OFTENO LIBRE DE CONSERVADORES (PF) 10 ML,ABRIL,1.234011277,222585.45,261957.3873,323258.37,0,10
PHARMA - Z1,A & E SERVICIOS MEDICOS S.A.C.,SOPHIPREN,4,ABR,254.0,6,Z1,LIMA,False,False,True,False,40338.0,SOPHIPREN OFTENO 5 ML,ABRIL,1.125758804,51339.43,59671.10342,67175.27,0,12
PHARMA - Z1,A & E SERVICIOS MEDICOS S.A.C.,ZEBESTEN,4,ABR,295.0,6,Z1,LIMA,False,False,True,False,41604.0,ZEBESTEN 5ML PERU,ABRIL,1.062586642,26953.56,29060.89609,30879.72,0,15
PHARMA - Z1,A & E SERVICIOS MEDICOS S.A.C.,GAAP PF,7,JUL,541.0,6,Z1,LIMA,False,False,True,False,41567.0,GAAP OFTENO LIBRE DE CONSER PF 3 ML PERU,JULIO,-0.767903816,96163.14,107619.8651,24978.16,0,8
PHARMA - Z1,A & E SERVICIOS MEDICOS S.A.C.,LAGRICEL PF,7,JUL,341.0,6,Z1,LIMA,False,False,True,False,41582.0,LAGRICEL OFTENO LIBRE DE CONSERVADORES (PF) 10 ML,JULIO,-0.871300153,205886.66,289507.1807,37259.53,0,10
PHARMA - Z1,A & E SERVICIOS MEDICOS S.A.C.,SOPHIPREN,7,JUL,254.0,6,Z1,LIMA,False,False,True,False,40338.0,SOPHIPREN OFTENO 5 ML,JULIO,-0.815953083,49954.18,65902.05458,12129.07,0,12
PHARMA - Z3,AAA SAC,DUSTALOX,1,ENE,1845.9,50,Z3,NORTE CHICO,False,False,True,False,41121.0,DUSTALOX 5ML,ENERO,1.0,13592.53,8778.28,8778.28,1,2
PHARMA - Z3,AAA SAC,ELIPTIC PF,1,ENE,2612.8,50,Z3,NORTE CHICO,False,False,True,False,41561.0,ELIPTIC OFTENO 5ML PF PERU,ENERO,1.0,16201.95,62857.68,62857.68,1,5
PHARMA - Z3,AAA SAC,TRAZIDEX U,1,ENE,4675.5,100,Z3,NORTE CHICO,False,False,True,False,40342.0,TRAZIDEX UNGENA 3.5 G,ENERO,1.0,127130.48,135275.35,135275.35,1,14
PHARMA - Z3,AAA SAC,ZEBESTEN,1,ENE,2454.38,50,Z3,NORTE CHICO,False,False,True,False,41604.0,ZEBESTEN 5ML PERU,ENERO,1.0,31496.43,43862.02,43862.02,1,15
PHARMA - Z3,AAA SAC,ELIPTIC PF,2,FEB,5225.6,100,Z3,NORTE CHICO,False,False,True,False,41561.0,ELIPTIC OFTENO 5ML PF PERU,FEBRERO,0.876631233,16081.78,70691.40098,61970.29,1,5
PHARMA - Z3,AAA SAC,FLUMETOL NF,2,FEB,2041.75,50,Z3,NORTE CHICO,False,False,True,False,40513.0,FLUMETOL NF OFTENO 5ML,FEBRERO,1.285457107,84540.52,101550.4985,130538.81,1,6
PHARMA - Z3,AAA SAC,LAGRICEL PF,2,FEB,5680.5,100,Z3,NORTE CHICO,False,False,True,False,41582.0,LAGRICEL OFTENO LIBRE DE CONSERVADORES (PF) 10 ML,FEBRERO,1.01762066,244371.43,248182.4906,252555.63,1,10
PHARMA - Z3,AAA SAC,ZEBESTEN,2,FEB,2454.38,50,Z3,NORTE CHICO,False,False,True,False,41604.0,ZEBESTEN 5ML PERU,FEBRERO,0.998966691,24271.56,27459.43408,27431.06,1,15
PHARMA - Z3,AAA SAC,DUSTALOX,3,MAR,1845.9,50,Z3,NORTE CHICO,False,False,True,False,41121.0,DUSTALOX 5ML,MARZO,0.887447361,6813.43,11070.27913,9824.29,1,2
PHARMA - Z3,AAA SAC,LAGRICEL PF,3,MAR,5680.5,100,Z3,NORTE CHICO,False,False,True,False,41582.0,LAGRICEL OFTENO LIBRE DE CONSERVADORES (PF) 10 ML,MARZO,1.041573922,244371.43,248182.4906,258500.41,1,10
PHARMA - Z3,AAA SAC,LANDAX,3,MAR,419.49,10,Z3,NORTE CHICO,False,False,True,False,41804.0,LANDAX 5ML,MARZO,0.673401888,4684.31,21117.7311,14220.72,1,11
PHARMA - Z3,AAA SAC,DUSTALOX,5,MAY,0.0,50,Z3,NORTE CHICO,False,False,True,True,41121.0,DUSTALOX 5ML,MAYO,0.508953586,12191.14,11675.36719,5942.22,1,2
PHARMA - Z3,AAA SAC,ELAR-B,5,MAY,518.0,10,Z3,NORTE CHICO,False,False,True,False,42098.0,ELAR-B 5 ML,MAYO,0.690959707,0.0,24407.71845,16864.75,1,3
PHARMA - Z3,AAA SAC,ELIPTIC PF,5,MAY,0.0,50,Z3,NORTE CHICO,False,False,True,True,41561.0,ELIPTIC OFTENO 5ML PF PERU,MAYO,0.635068724,11669.87,74583.69182,47365.77,1,5
PHARMA - Z3,AAA SAC,FLUMETOL NF,5,MAY,0.0,50,Z3,NORTE CHICO,False,False,True,True,40513.0,FLUMETOL NF OFTENO 5ML,MAYO,1.182290501,84208.66,107397.8095,126975.41,1,6
PHARMA - Z3,AAA SAC,TRAZIDEX U,5,MAY,0.0,50,Z3,NORTE CHICO,False,False,True,True,40342.0,TRAZIDEX UNGENA 3.5 G,MAYO,0.799544258,131001.94,156358.3363,125015.41,1,14
PHARMA - Z1,ADMINISTRADORA CLINICA RICARDO PALMA S.A.,AGGLAD,1,ENE,171.25,5,Z1,LIMA,False,False,True,False,40351.0,AGGLAD OFTENO 5 ML,ENERO,1.0,22534.35,110094.81,110094.81,2,0
PHARMA - Z1,ADMINISTRADORA CLINICA RICARDO PALMA S.A.,ELIPTIC,1,ENE,3512.2,213,Z1,LIMA,False,False,True,False,41076.0,ELIPTIC OFTENO 5ML,ENERO,1.0,1539.11,12243.87,12243.87,2,4
PHARMA - Z1,ADMINISTRADORA CLINICA RICARDO PALMA S.A.,FLUMETOL NF,1,ENE,7268.47,182,Z1,LIMA,False,False,True,False,40513.0,FLUMETOL NF OFTENO 5ML,ENERO,1.0,106644.0,144656.97,144656.97,2,6
PHARMA - Z1,ADMINISTRADORA CLINICA RICARDO PALMA S.A.,LAGRICEL,1,ENE,10243.19,450,Z1,LIMA,False,False,True,False,40515.0,LAGRICEL OFTENO 0.5 ML,ENERO,1.0,154236.51,132452.04,132452.04,2,9
PHARMA - Z1,ADMINISTRADORA CLINICA RICARDO PALMA S.A.,SOPHIPREN,1,ENE,5039.65,170,Z1,LIMA,False,False,True,False,40338.0,SOPHIPREN OFTENO 5 ML,ENERO,1.0,41450.28,50525.9,50525.9,2,12
PHARMA - Z1,ADMINISTRADORA CLINICA RICARDO PALMA S.A.,TRAZIDEX U,1,ENE,11974.15,360,Z1,LIMA,False,False,True,False,40342.0,TRAZIDEX UNGENA 3.5 G,ENERO,1.0,127130.48,135275.35,135275.35,2,14
PHARMA - Z1,ADMINISTRADORA CLINICA RICARDO PALMA S.A.,AGGLAD,2,FEB,4452.59,130,Z1,LIMA,False,False,True,False,40351.0,AGGLAD OFTENO 5 ML,FEBRERO,0.96716156,31785.06,114546.1364,110784.62,2,0
PHARMA - Z1,ADMINISTRADORA CLINICA RICARDO PALMA S.A.,ELIPTIC,2,FEB,4946.75,300,Z1,LIMA,False,False,True,False,41076.0,ELIPTIC OFTENO 5ML,FEBRERO,0.601609541,3462.73,37097.88238,22318.44,2,4
PHARMA - Z1,ADMINISTRADORA CLINICA RICARDO PALMA S.A.,FLUMETOL NF,2,FEB,8386.69,210,Z1,LIMA,False,False,True,False,40513.0,FLUMETOL NF OFTENO 5ML,FEBRERO,1.285457107,84540.52,101550.4985,130538.81,2,6
PHARMA - Z1,ADMINISTRADORA CLINICA RICARDO PALMA S.A.,LAGRICEL,2,FEB,17754.86,780,Z1,LIMA,False,False,True,False,40515.0,LAGRICEL OFTENO 0.5 ML,FEBRERO,0.970823097,194840.09,165898.7416,161058.33,2,9
PHARMA - Z1,ADMINISTRADORA CLINICA RICARDO PALMA S.A.,SOPHIPREN,2,FEB,5929.0,200,Z1,LIMA,False,False,True,False,40338.0,SOPHIPREN OFTENO 5 ML,FEBRERO,1.300787434,39394.05,56555.62783,73566.85,2,12
PHARMA - Z1,ADMINISTRADORA CLINICA RICARDO PALMA S.A.,TRAZIDEX U,2,FEB,7317.54,220,Z1,LIMA,False,False,True,False,40342.0,TRAZIDEX UNGENA 3.5 G,FEBRERO,0.737379291,111697.65,148184.091,109267.88,2,14
PHARMA - Z1,ADMINISTRADORA CLINICA RICARDO PALMA S.A.,AGGLAD,3,MAR,7192.63,210,Z1,LIMA,False,False,True,False,40351.0,AGGLAD OFTENO 5 ML,MARZO,0.708033745,31785.06,114546.1364,81102.53,2,0
PHARMA - Z1,ADMINISTRADORA CLINICA RICARDO PALMA S.A.,ELIPTIC,3,MAR,6100.99,370,Z1,LIMA,False,False,True,False,41076.0,ELIPTIC OFTENO 5ML,MARZO,0.61397952,3462.73,37097.88238,22777.34,2,4
PHARMA - Z1,ADMINISTRADORA CLINICA RICARDO PALMA S.A.,FLUMETOL NF,3,MAR,6389.86,160,Z1,LIMA,False,False,True,False,40513.0,FLUMETOL NF OFTENO 5ML,MARZO,1.399890715,84540.52,101550.4985,142159.6,2,6
PHARMA - Z1,ADMINISTRADORA CLINICA RICARDO PALMA S.A.,LAGRICEL,3,MAR,10243.19,450,Z1,LIMA,False,False,True,False,40515.0,LAGRICEL OFTENO 0.5 ML,MARZO,1.138987362,194840.09,165898.7416,188956.57,2,9
PHARMA - Z1,ADMINISTRADORA CLINICA RICARDO PALMA S.A.,SOPHIPREN,3,MAR,3853.85,130,Z1,LIMA,False,False,True,False,40338.0,SOPHIPREN OFTENO 5 ML,MARZO,1.018181783,39394.05,56555.62783,57583.91,2,12
PHARMA - Z1,ADMINISTRADORA CLINICA RICARDO PALMA S.A.,TRAZIDEX U,3,MAR,11974.15,360,Z1,LIMA,False,False,True,False,40342.0,TRAZIDEX UNGENA 3.5 G,MARZO,0.890660186,111697.65,148184.091,131981.67,2,14
PHARMA - Z1,ADMINISTRADORA CLINICA RICARDO PALMA S.A.,AGGLAD,4,ABR,0.0,220,Z1,LIMA,False,False,True,True,40351.0,AGGLAD OFTENO 5 ML,ABRIL,0.757043269,24635.46,120891.2407,91519.9,2,0
PHARMA - Z1,ADMINISTRADORA CLINICA RICARDO PALMA S.A.,ELIPTIC,4,ABR,0.0,430,Z1,LIMA,False,False,True,True,41076.0,ELIPTIC OFTENO 5ML,ABRIL,0.367779928,4871.41,39043.81097,14359.53,2,4
PHARMA - Z1,ADMINISTRADORA CLINICA RICARDO PALMA S.A.,FLUMETOL NF,4,ABR,0.0,240,Z1,LIMA,False,False,True,True,40513.0,FLUMETOL NF OFTENO 5ML,ABRIL,1.22328994,97096.28,107397.8095,131378.66,2,6
PHARMA - Z1,ADMINISTRADORA CLINICA RICARDO PALMA S.A.,LAGRICEL,4,ABR,0.0,450,Z1,LIMA,False,False,True,True,40515.0,LAGRICEL OFTENO 0.5 ML,ABRIL,0.760754197,152829.6,174961.4402,133102.65,2,9
PHARMA - Z1,ADMINISTRADORA CLINICA RICARDO PALMA S.A.,SOPHIPREN,4,ABR,0.0,190,Z1,LIMA,False,False,True,True,40338.0,SOPHIPREN OFTENO 5 ML,ABRIL,1.125758804,51339.43,59671.10342,67175.27,2,12
PHARMA - Z1,ADMINISTRADORA CLINICA RICARDO PALMA S.A.,TRAZIDEX U,4,ABR,0.0,280,Z1,LIMA,False,False,True,True,40342.0,TRAZIDEX UNGENA 3.5 G,ABRIL,0.810349246,131494.88,156358.3363,126704.86,2,14
PHARMA - Z1,ADMINISTRADORA CLINICA RICARDO PALMA S.A.,AGGLAD,5,MAY,0.0,210,Z1,LIMA,False,False,True,True,40351.0,AGGLAD OFTENO 5 ML,MAYO,0.670022241,26193.67,120891.2407,80999.82,2,0
PHARMA - Z1,ADMINISTRADORA CLINICA RICARDO PALMA S.A.,ELIPTIC,5,MAY,0.0,270,Z1,LIMA,False,False,True,True,41076.0,ELIPTIC OFTENO 5ML,MAYO,0.349092716,2803.71,39043.81097,13629.91,2,4
PHARMA - Z1,ADMINISTRADORA CLINICA RICARDO PALMA S.A.,FLUMETOL NF,5,MAY,0.0,180,Z1,LIMA,False,False,True,True,40513.0,FLUMETOL NF OFTENO 5ML,MAYO,1.182290501,84208.66,107397.8095,126975.41,2,6
PHARMA - Z1,ADMINISTRADORA CLINICA RICARDO PALMA S.A.,LAGRICEL,5,MAY,0.0,500,Z1,LIMA,False,False,True,True,40515.0,LAGRICEL OFTENO 0.5 ML,MAYO,0.714118093,158816.35,174961.4402,124943.13,2,9
PHARMA - Z1,ADMINISTRADORA CLINICA RICARDO PALMA S.A.,SOPHIPREN,5,MAY,0.0,190,Z1,LIMA,False,False,True,True,40338.0,SOPHIPREN OFTENO 5 ML,MAYO,0.947602386,43314.92,59671.10342,56544.48,2,12
PHARMA - Z1,ADMINISTRADORA CLINICA RICARDO PALMA S.A.,TRAZIDEX U,5,MAY,0.0,275,Z1,LIMA,False,False,True,True,40342.0,TRAZIDEX UNGENA 3.5 G,MAYO,0.799544258,131001.94,156358.3363,125015.41,2,14
PHARMA - Z1,ADMINISTRADORA CLINICA RICARDO PALMA S.A.,AGGLAD,6,JUN,0.0,160,Z1,LIMA,False,False,True,True,40351.0,AGGLAD OFTENO 5 ML,JUNIO,-0.235301917,20271.95,120891.2407,92445.3,2,0
PHARMA - Z1,ADMINISTRADORA CLINICA RICARDO PALMA S.A.,ELIPTIC,6,JUN,0.0,330,Z1,LIMA,False,False,True,True,41076.0,ELIPTIC OFTENO 5ML,JUNIO,-0.521091319,5789.48,39043.81097,18698.42,2,4
PHARMA - Z1,ADMINISTRADORA CLINICA RICARDO PALMA S.A.,FLUMETOL NF,6,JUN,0.0,160,Z1,LIMA,False,False,True,True,40513.0,FLUMETOL NF OFTENO 5ML,JUNIO,0.071788154,87288.94,107397.8095,115107.7,2,6
PHARMA - Z1,ADMINISTRADORA CLINICA RICARDO PALMA S.A.,LAGRICEL,6,JUN,0.0,530,Z1,LIMA,False,False,True,True,40515.0,LAGRICEL OFTENO 0.5 ML,JUNIO,-0.157973323,129483.27,174961.4402,147322.2,2,9
PHARMA - Z1,ADMINISTRADORA CLINICA RICARDO PALMA S.A.,SOPHIPREN,6,JUN,0.0,200,Z1,LIMA,False,False,True,True,40338.0,SOPHIPREN OFTENO 5 ML,JUNIO,0.072135193,48676.87,59671.10342,63975.49,2,12
PHARMA - Z1,ADMINISTRADORA CLINICA RICARDO PALMA S.A.,TRAZIDEX U,6,JUN,0.0,210,Z1,LIMA,False,False,True,True,40342.0,TRAZIDEX UNGENA 3.5 G,JUNIO,-0.144707451,114383.92,156358.3363,133732.12,2,14
PHARMA - Z1,ADMINISTRADORA CLINICA RICARDO PALMA S.A.,AGGLAD,7,JUL,0.0,60,Z1,LIMA,False,False,True,True,40351.0,AGGLAD OFTENO 5 ML,JULIO,-0.863449228,29784.66,133581.4492,18240.65,2,0
PHARMA - Z1,ADMINISTRADORA CLINICA RICARDO PALMA S.A.,ELIPTIC,7,JUL,0.0,70,Z1,LIMA,False,False,True,True,41076.0,ELIPTIC OFTENO 5ML,JULIO,-0.934712557,5917.09,42935.66816,2803.16,2,4
PHARMA - Z1,ADMINISTRADORA CLINICA RICARDO PALMA S.A.,LAGRICEL,7,JUL,0.0,250,Z1,LIMA,False,False,True,True,40515.0,LAGRICEL OFTENO 0.5 ML,JULIO,-0.84932888,184824.49,193086.8374,29092.61,2,9
PHARMA - Z1,ADMINISTRADORA CLINICA RICARDO PALMA S.A.,SOPHIPREN,7,JUL,0.0,100,Z1,LIMA,False,False,True,True,40338.0,SOPHIPREN OFTENO 5 ML,JULIO,-0.815953083,49954.18,65902.05458,12129.07,2,12
PHARMA - N1,ADMINISTRADORA CLINICA TRESA S.A,AGGLAD,4,ABR,271.0,4,N1,CHICLAYO,False,False,True,False,40351.0,AGGLAD OFTENO 5 ML,ABRIL,0.757043269,24635.46,120891.2407,91519.9,3,0
PHARMA - N1,ADMINISTRADORA CLINICA TRESA S.A,FLUMETOL NF,4,ABR,90.0,2,N1,CHICLAYO,False,False,True,False,40513.0,FLUMETOL NF OFTENO 5ML,ABRIL,1.22328994,97096.28,107397.8095,131378.66,3,6
PHARMA - N1,ADMINISTRADORA CLINICA TRESA S.A,GAAP,4,ABR,385.0,4,N1,CHICLAYO,False,False,True,False,40498.0,GAAP OFTENO 3 ML,ABRIL,0.475712047,79645.31,102582.687,48799.82,3,7
PHARMA - N1,ADMINISTRADORA CLINICA TRESA S.A,LAGRICEL,4,ABR,281.0,5,N1,CHICLAYO,False,False,True,False,40515.0,LAGRICEL OFTENO 0.5 ML,ABRIL,0.760754197,152829.6,174961.4402,133102.65,3,9
PHARMA - N1,ADMINISTRADORA CLINICA TRESA S.A,TRAZIDEX O,4,ABR,102.0,2,N1,CHICLAYO,False,False,True,False,40341.0,TRAZIDEX OFTENO 5 ML.,ABRIL,0.966120714,91975.94,101185.0264,97756.95,3,13
PHARMA - N1,ADMINISTRADORA CLINICA TRESA S.A,TRAZIDEX U,4,ABR,103.0,2,N1,CHICLAYO,False,False,True,False,40342.0,TRAZIDEX UNGENA 3.5 G,ABRIL,0.810349246,131494.88,156358.3363,126704.86,3,14
PHARMA - N1,ADMINISTRADORA CLINICA TRESA S.A,FLUMETOL NF,6,JUN,270.0,6,N1,CHICLAYO,False,False,True,False,40513.0,FLUMETOL NF OFTENO 5ML,JUNIO,0.071788154,87288.94,107397.8095,115107.7,3,6
PHARMA - N1,ADMINISTRADORA CLINICA TRESA S.A,GAAP,6,JUN,288.0,3,N1,CHICLAYO,False,False,True,False,40498.0,GAAP OFTENO 3 ML,JUNIO,-0.271295457,79907.03,102582.687,74752.47,3,7
PHARMA - N1,ADMINISTRADORA CLINICA TRESA S.A,TRAZIDEX O,6,JUN,153.0,3,N1,CHICLAYO,False,False,True,False,40341.0,TRAZIDEX OFTENO 5 ML.,JUNIO,-0.192738462,70697.29,101185.0264,81682.78,3,13
PHARMA - N1,ADMINISTRADORA CLINICA TRESA S.A,TRAZIDEX U,6,JUN,102.0,2,N1,CHICLAYO,False,False,True,False,40342.0,TRAZIDEX UNGENA 3.5 G,JUNIO,-0.144707451,114383.92,156358.3363,133732.12,3,14
PHARMA - N2,AGUIRRE ROCCA CESAR JOAQUIN,TRAZIDEX O,2,FEB,926.1,20,N2,TRUJILLO,False,False,True,False,40341.0,TRAZIDEX OFTENO 5 ML.,FEBRERO,0.868398954,99642.69,95524.58531,82953.45,4,13
PHARMA - Z2,AJALCRIYA PASTOR CARLOS ANDRES,LAGRICEL PF,1,ENE,681.67,12,Z2,CALLAO,False,False,True,False,41582.0,LAGRICEL OFTENO LIBRE DE CONSERVADORES (PF) 10 ML,ENERO,1.0,241357.65,244552.3,244552.3,5,10
PHARMA - Z2,AJALCRIYA PASTOR CARLOS ANDRES,SOPHIPREN,1,ENE,211.75,5,Z2,CALLAO,False,False,True,False,40338.0,SOPHIPREN OFTENO 5 ML,ENERO,1.0,41450.28,50525.9,50525.9,5,12
PHARMA - Z2,AJALCRIYA PASTOR CARLOS ANDRES,SOPHIPREN,2,FEB,296.45,7,Z2,CALLAO,False,False,True,False,40338.0,SOPHIPREN OFTENO 5 ML,FEBRERO,1.300787434,39394.05,56555.62783,73566.85,5,12
PHARMA - Z2,AJALCRIYA PASTOR CARLOS ANDRES,SOPHIPREN,5,MAY,424.0,10,Z2,CALLAO,False,False,True,False,40338.0,SOPHIPREN OFTENO 5 ML,MAYO,0.947602386,43314.92,59671.10342,56544.48,5,12
PHARMA - Z2,"ALARCON CALLUPE,ROSA DE JESUS",AGGLAD,2,FEB,165.08,3,Z2,CALLAO,False,False,True,False,40351.0,AGGLAD OFTENO 5 ML,FEBRERO,0.96716156,31785.06,114546.1364,110784.62,6,0
PHARMA - Z2,"ALARCON CALLUPE,ROSA DE JESUS",ELIPTIC PF,2,FEB,117.58,3,Z2,CALLAO,False,False,True,False,41561.0,ELIPTIC OFTENO 5ML PF PERU,FEBRERO,0.876631233,16081.78,70691.40098,61970.29,6,5
PHARMA - Z2,"ALARCON CALLUPE,ROSA DE JESUS",LAGRICEL PF,2,FEB,568.05,10,Z2,CALLAO,False,False,True,False,41582.0,LAGRICEL OFTENO LIBRE DE CONSERVADORES (PF) 10 ML,FEBRERO,1.01762066,244371.43,248182.4906,252555.63,6,10
PHARMA - Z2,"ALARCON CALLUPE,ROSA DE JESUS",LAGRICEL PF,6,JUN,568.0,10,Z2,CALLAO,False,False,True,False,41582.0,LAGRICEL OFTENO LIBRE DE CONSERVADORES (PF) 10 ML,JUNIO,-0.085958779,182516.9,261957.3873,239439.85,6,10
PHARMA - Z2,"ALARCON CALLUPE,ROSA DE JESUS",TRAZIDEX U,6,JUN,468.0,10,Z2,CALLAO,False,False,True,False,40342.0,TRAZIDEX UNGENA 3.5 G,JUNIO,-0.144707451,114383.92,156358.3363,133732.12,6,14
PHARMA - Z3,ALCOCER DE LA CRUZ REGINA ROCIO,ELIPTIC PF,7,JUL,408.0,12,Z3,NORTE CHICO,False,False,True,False,41561.0,ELIPTIC OFTENO 5ML PF PERU,JULIO,-0.90997274,15960.78,82368.2735,7415.39,7,5
PHARMA - Z3,ALCOCER DE LA CRUZ REGINA ROCIO,SOPHIPREN,7,JUL,508.0,12,Z3,NORTE CHICO,False,False,True,False,40338.0,SOPHIPREN OFTENO 5 ML,JULIO,-0.815953083,49954.18,65902.05458,12129.07,7,12
PHARMA - S,ALL VISION E.I.R.L.,AGGLAD,3,MAR,1100.52,20,S,CADENAS,False,False,True,False,40351.0,AGGLAD OFTENO 5 ML,MARZO,0.708033745,31785.06,114546.1364,81102.53,8,0
PHARMA - S,ALL VISION E.I.R.L.,ELIPTIC PF,3,MAR,679.33,20,S,CADENAS,False,False,True,False,41561.0,ELIPTIC OFTENO 5ML PF PERU,MARZO,0.543724406,16081.78,70691.40098,38436.64,8,5
PHARMA - S,ALL VISION E.I.R.L.,FLUMETOL NF,3,MAR,2041.75,50,S,CADENAS,False,False,True,False,40513.0,FLUMETOL NF OFTENO 5ML,MARZO,1.399890715,84540.52,101550.4985,142159.6,8,6
PHARMA - S,ALL VISION E.I.R.L.,LAGRICEL PF,3,MAR,2385.81,50,S,CADENAS,False,False,True,False,41582.0,LAGRICEL OFTENO LIBRE DE CONSERVADORES (PF) 10 ML,MARZO,1.041573922,244371.43,248182.4906,258500.41,8,10
PHARMA - S,ALL VISION E.I.R.L.,ELIPTIC PF,6,JUN,679.0,20,S,CADENAS,False,False,True,False,41561.0,ELIPTIC OFTENO 5ML PF PERU,JUNIO,-0.431896719,12781.68,74583.69182,42371.24,8,5
PHARMA - S,ANGELES DE LA SALUD,AGGLAD,1,ENE,275.13,5,S,CADENAS,False,False,True,False,40351.0,AGGLAD OFTENO 5 ML,ENERO,1.0,22534.35,110094.81,110094.81,9,0
PHARMA - S,ANGELES DE LA SALUD,ELIPTIC PF,1,ENE,169.83,5,S,CADENAS,False,False,True,False,41561.0,ELIPTIC OFTENO 5ML PF PERU,ENERO,1.0,16201.95,62857.68,62857.68,9,5
PHARMA - S,ANGELES DE LA SALUD,GAAP PF,1,ENE,468.81,5,S,CADENAS,False,False,True,False,41567.0,GAAP OFTENO LIBRE DE CONSER PF 3 ML PERU,ENERO,1.0,67726.3,99013.28,99013.28,9,8
PHARMA - S,ANGELES DE LA SALUD,TRAZIDEX O,1,ENE,416.75,10,S,CADENAS,False,False,True,False,40341.0,TRAZIDEX OFTENO 5 ML.,ENERO,1.0,107782.12,170736.47,170736.47,9,13
PHARMA - S,ANGELES DE LA SALUD,LAGRICEL,4,ABR,51.0,1,S,CADENAS,False,False,True,False,40515.0,LAGRICEL OFTENO 0.5 ML,ABRIL,0.760754197,152829.6,174961.4402,133102.65,9,9
PHARMA - S,ANGELES DE LA SALUD,LAGRICEL PF,4,ABR,545.0,8,S,CADENAS,False,False,True,False,41582.0,LAGRICEL OFTENO LIBRE DE CONSERVADORES (PF) 10 ML,ABRIL,1.234011277,222585.45,261957.3873,323258.37,9,10
PHARMA - S,ANGELES DE LA SALUD,TRAZIDEX U,4,ABR,421.0,10,S,CADENAS,False,False,True,False,40342.0,TRAZIDEX UNGENA 3.5 G,ABRIL,0.810349246,131494.88,156358.3363,126704.86,9,14
PHARMA - S,ANGELES DE LA SALUD,AGGLAD,5,MAY,330.0,6,S,CADENAS,False,False,True,False,40351.0,AGGLAD OFTENO 5 ML,MAYO,0.670022241,26193.67,120891.2407,80999.82,9,0
PHARMA - S,ANGELES DE LA SALUD,ELIPTIC PF,5,MAY,204.0,6,S,CADENAS,False,False,True,False,41561.0,ELIPTIC OFTENO 5ML PF PERU,MAYO,0.635068724,11669.87,74583.69182,47365.77,9,5
PHARMA - S,ANGELES DE LA SALUD,LAGRICEL,5,MAY,205.0,4,S,CADENAS,False,False,True,False,40515.0,LAGRICEL OFTENO 0.5 ML,MAYO,0.714118093,158816.35,174961.4402,124943.13,9,9
PHARMA - S,ANGELES DE LA SALUD,AGGLAD,6,JUN,165.0,3,S,CADENAS,False,False,True,False,40351.0,AGGLAD OFTENO 5 ML,JUNIO,-0.235301917,20271.95,120891.2407,92445.3,9,0
PHARMA - S,ANGELES DE LA SALUD,ELIPTIC PF,6,JUN,136.0,4,S,CADENAS,False,False,True,False,41561.0,ELIPTIC OFTENO 5ML PF PERU,JUNIO,-0.431896719,12781.68,74583.69182,42371.24,9,5
PHARMA - S,ANGELES DE LA SALUD,GAAP,6,JUN,315.0,4,S,CADENAS,False,False,True,False,40498.0,GAAP OFTENO 3 ML,JUNIO,-0.271295457,79907.03,102582.687,74752.47,9,7
PHARMA - S,ANGELES DE LA SALUD,GAAP PF,6,JUN,375.0,4,S,CADENAS,False,False,True,False,41567.0,GAAP OFTENO LIBRE DE CONSER PF 3 ML PERU,JUNIO,-0.151410313,75783.27,97315.99528,82581.35,9,8
PHARMA - S,ANGELES DE LA SALUD,TRAZIDEX O,6,JUN,417.0,10,S,CADENAS,False,False,True,False,40341.0,TRAZIDEX OFTENO 5 ML.,JUNIO,-0.192738462,70697.29,101185.0264,81682.78,9,13
PHARMA - S,ANGELES DE LA SALUD,TRAZIDEX U,6,JUN,252.0,6,S,CADENAS,False,False,True,False,40342.0,TRAZIDEX UNGENA 3.5 G,JUNIO,-0.144707451,114383.92,156358.3363,133732.12,9,14
PHARMA - Z1,APM SERVICES S.A.C,FLUMETOL NF,1,ENE,8167.0,200,Z1,LIMA,False,False,True,False,40513.0,FLUMETOL NF OFTENO 5ML,ENERO,1.0,106644.0,144656.97,144656.97,10,6
PHARMA - Z1,APM SERVICES S.A.C,FLUMETOL NF,2,FEB,4083.5,100,Z1,LIMA,False,False,True,False,40513.0,FLUMETOL NF OFTENO 5ML,FEBRERO,1.285457107,84540.52,101550.4985,130538.81,10,6
PHARMA - Z1,APM SERVICES S.A.C,FLUMETOL NF,3,MAR,4083.5,100,Z1,LIMA,False,False,True,False,40513.0,FLUMETOL NF OFTENO 5ML,MARZO,1.399890715,84540.52,101550.4985,142159.6,10,6
PHARMA - Z1,APM SERVICES S.A.C,FLUMETOL NF,4,ABR,0.0,100,Z1,LIMA,False,False,True,True,40513.0,FLUMETOL NF OFTENO 5ML,ABRIL,1.22328994,97096.28,107397.8095,131378.66,10,6
PHARMA - Z1,APM SERVICES S.A.C,FLUMETOL NF,5,MAY,0.0,100,Z1,LIMA,False,False,True,True,40513.0,FLUMETOL NF OFTENO 5ML,MAYO,1.182290501,84208.66,107397.8095,126975.41,10,6
PHARMA - Z1,APM SERVICES S.A.C,FLUMETOL NF,6,JUN,0.0,100,Z1,LIMA,False,False,True,True,40513.0,FLUMETOL NF OFTENO 5ML,JUNIO,0.071788154,87288.94,107397.8095,115107.7,10,6
PHARMA - Z1,APM SERVICES S.A.C,FLUMETOL NF,7,JUL,0.0,100,Z1,LIMA,False,False,True,True,40513.0,FLUMETOL NF OFTENO 5ML,JULIO,-0.833324001,99312.38,119092.4315,19849.85,10,6
PHARMA - Z1,ARBRAYSS LASER S.R.L,AGGLAD,1,ENE,1100.52,20,Z1,LIMA,False,False,True,False,40351.0,AGGLAD OFTENO 5 ML,ENERO,1.0,22534.35,110094.81,110094.81,11,0
PHARMA - Z1,ARBRAYSS LASER S.R.L,AQUADRAN,1,ENE,972.0,18,Z1,LIMA,False,False,True,False,41945.0,AQUADRAN 10G,ENERO,1.0,3348.0,44517.6,44517.6,11,1
PHARMA - Z1,ARBRAYSS LASER S.R.L,ELIPTIC PF,1,ENE,1567.68,30,Z1,LIMA,False,False,True,False,41561.0,ELIPTIC OFTENO 5ML PF PERU,ENERO,1.0,16201.95,62857.68,62857.68,11,5
PHARMA - Z1,ARBRAYSS LASER S.R.L,FLUMETOL NF,1,ENE,367.52,10,Z1,LIMA,False,False,True,False,40513.0,FLUMETOL NF OFTENO 5ML,ENERO,1.0,106644.0,144656.97,144656.97,11,6
PHARMA - Z1,ARBRAYSS LASER S.R.L,GAAP PF,1,ENE,4417.61,49,Z1,LIMA,False,False,True,False,41567.0,GAAP OFTENO LIBRE DE CONSER PF 3 ML PERU,ENERO,1.0,67726.3,99013.28,99013.28,11,8
PHARMA - Z1,ARBRAYSS LASER S.R.L,LAGRICEL PF,1,ENE,5112.46,90,Z1,LIMA,False,False,True,False,41582.0,LAGRICEL OFTENO LIBRE DE CONSERVADORES (PF) 10 ML,ENERO,1.0,241357.65,244552.3,244552.3,11,10
PHARMA - Z1,ARBRAYSS LASER S.R.L,TRAZIDEX O,1,ENE,1875.34,45,Z1,LIMA,False,False,True,False,40341.0,TRAZIDEX OFTENO 5 ML.,ENERO,1.0,107782.12,170736.47,170736.47,11,13
PHARMA - Z1,ARBRAYSS LASER S.R.L,TRAZIDEX U,1,ENE,2440.6,58,Z1,LIMA,False,False,True,False,40342.0,TRAZIDEX UNGENA 3.5 G,ENERO,1.0,127130.48,135275.35,135275.35,11,14
PHARMA - Z1,ARBRAYSS LASER S.R.L,AGGLAD,2,FEB,2751.3,50,Z1,LIMA,False,False,True,False,40351.0,AGGLAD OFTENO 5 ML,FEBRERO,0.96716156,31785.06,114546.1364,110784.62,11,0
PHARMA - Z1,ARBRAYSS LASER S.R.L,AQUADRAN,2,FEB,1080.0,20,Z1,LIMA,False,False,True,False,41945.0,AQUADRAN 10G,FEBRERO,1.033824379,13176.0,33810.57818,34954.2,11,1
PHARMA - Z1,ARBRAYSS LASER S.R.L,ELAR-B,2,FEB,805.0,14,Z1,LIMA,False,False,True,False,42098.0,ELAR-B 5 ML,FEBRERO,0.622378415,0.0,23180.02945,14426.75,11,3
PHARMA - Z1,ARBRAYSS LASER S.R.L,ELIPTIC PF,2,FEB,3657.92,70,Z1,LIMA,False,False,True,False,41561.0,ELIPTIC OFTENO 5ML PF PERU,FEBRERO,0.876631233,16081.78,70691.40098,61970.29,11,5
PHARMA - Z1,ARBRAYSS LASER S.R.L,FLUMETOL NF,2,FEB,1029.04,28,Z1,LIMA,False,False,True,False,40513.0,FLUMETOL NF OFTENO 5ML,FEBRERO,1.285457107,84540.52,101550.4985,130538.81,11,6
PHARMA - Z1,ARBRAYSS LASER S.R.L,GAAP PF,2,FEB,1983.41,22,Z1,LIMA,False,False,True,False,41567.0,GAAP OFTENO LIBRE DE CONSER PF 3 ML PERU,FEBRERO,0.820494884,80205.04,92164.06035,75620.14,11,8
PHARMA - Z1,ARBRAYSS LASER S.R.L,LAGRICEL PF,2,FEB,3408.3,60,Z1,LIMA,False,False,True,False,41582.0,LAGRICEL OFTENO LIBRE DE CONSERVADORES (PF) 10 ML,FEBRERO,1.01762066,244371.43,248182.4906,252555.63,11,10
PHARMA - Z1,ARBRAYSS LASER S.R.L,LANDAX,2,FEB,419.49,10,Z1,LIMA,False,False,True,False,41804.0,LANDAX 5ML,FEBRERO,0.765660853,4684.31,21117.7311,16169.02,11,11
PHARMA - Z1,ARBRAYSS LASER S.R.L,TRAZIDEX O,2,FEB,1666.98,40,Z1,LIMA,False,False,True,False,40341.0,TRAZIDEX OFTENO 5 ML.,FEBRERO,0.868398954,99642.69,95524.58531,82953.45,11,13
PHARMA - Z1,ARBRAYSS LASER S.R.L,TRAZIDEX U,2,FEB,1683.18,40,Z1,LIMA,False,False,True,False,40342.0,TRAZIDEX UNGENA 3.5 G,FEBRERO,0.737379291,111697.65,148184.091,109267.88,11,14
PHARMA - Z1,ARBRAYSS LASER S.R.L,ELIPTIC PF,3,MAR,2090.24,40,Z1,LIMA,False,False,True,False,41561.0,ELIPTIC OFTENO 5ML PF PERU,MARZO,0.543724406,16081.78,70691.40098,38436.64,11,5
PHARMA - Z1,ARBRAYSS LASER S.R.L,FLUMETOL NF,3,MAR,735.03,20,Z1,LIMA,False,False,True,False,40513.0,FLUMETOL NF OFTENO 5ML,MARZO,1.399890715,84540.52,101550.4985,142159.6,11,6
PHARMA - Z1,ARBRAYSS LASER S.R.L,GAAP PF,3,MAR,3155.43,35,Z1,LIMA,False,False,True,False,41567.0,GAAP OFTENO LIBRE DE CONSER PF 3 ML PERU,MARZO,0.894697886,80205.04,92164.06035,82458.99,11,8
PHARMA - Z1,ARBRAYSS LASER S.R.L,LAGRICEL,3,MAR,460.58,10,Z1,LIMA,False,False,True,False,40515.0,LAGRICEL OFTENO 0.5 ML,MARZO,1.138987362,194840.09,165898.7416,188956.57,11,9
PHARMA - Z1,ARBRAYSS LASER S.R.L,LAGRICEL PF,3,MAR,4544.4,80,Z1,LIMA,False,False,True,False,41582.0,LAGRICEL OFTENO LIBRE DE CONSERVADORES (PF) 10 ML,MARZO,1.041573922,244371.43,248182.4906,258500.41,11,10
PHARMA - Z1,ARBRAYSS LASER S.R.L,TRAZIDEX O,3,MAR,625.12,15,Z1,LIMA,False,False,True,False,40341.0,TRAZIDEX OFTENO 5 ML.,MARZO,0.841410928,99642.69,95524.58531,80375.43,11,13
PHARMA - Z1,ARBRAYSS LASER S.R.L,TRAZIDEX U,3,MAR,841.59,20,Z1,LIMA,False,False,True,False,40342.0,TRAZIDEX UNGENA 3.5 G,MARZO,0.890660186,111697.65,148184.091,131981.67,11,14
PHARMA - Z1,ARBRAYSS LASER S.R.L,ZEBESTEN,3,MAR,490.88,10,Z1,LIMA,False,False,True,False,41604.0,ZEBESTEN 5ML PERU,MARZO,1.283372043,24271.56,27459.43408,35240.67,11,15
PHARMA - Z1,ARBRAYSS LASER S.R.L,AGGLAD,4,ABR,0.0,30,Z1,LIMA,False,False,True,True,40351.0,AGGLAD OFTENO 5 ML,ABRIL,0.757043269,24635.46,120891.2407,91519.9,11,0
PHARMA - Z1,ARBRAYSS LASER S.R.L,AQUADRAN,4,ABR,810.0,15,Z1,LIMA,False,False,True,False,41945.0,AQUADRAN 10G,ABRIL,1.367885669,18754.2,35738.51318,48886.2,11,1
PHARMA - Z1,ARBRAYSS LASER S.R.L,ELAR-B,4,ABR,0.0,20,Z1,LIMA,False,False,True,True,42098.0,ELAR-B 5 ML,ABRIL,0.614395812,0.0,24407.71845,14996.0,11,3
PHARMA - Z1,ARBRAYSS LASER S.R.L,FLUMETOL NF,4,ABR,368.0,10,Z1,LIMA,False,False,True,False,40513.0,FLUMETOL NF OFTENO 5ML,ABRIL,1.22328994,97096.28,107397.8095,131378.66,11,6
PHARMA - Z1,ARBRAYSS LASER S.R.L,GAAP,4,ABR,394.0,5,Z1,LIMA,False,False,True,False,40498.0,GAAP OFTENO 3 ML,ABRIL,0.475712047,79645.31,102582.687,48799.82,11,7
PHARMA - Z1,ARBRAYSS LASER S.R.L,GAAP PF,4,ABR,0.0,40,Z1,LIMA,False,False,True,True,41567.0,GAAP OFTENO LIBRE DE CONSER PF 3 ML PERU,ABRIL,0.580041645,82952.14,97315.99528,56447.33,11,8
PHARMA - Z1,ARBRAYSS LASER S.R.L,LAGRICEL PF,4,ABR,0.0,35,Z1,LIMA,False,False,True,True,41582.0,LAGRICEL OFTENO LIBRE DE CONSERVADORES (PF) 10 ML,ABRIL,1.234011277,222585.45,261957.3873,323258.37,11,10
PHARMA - Z1,ARBRAYSS LASER S.R.L,TRAZIDEX O,4,ABR,0.0,35,Z1,LIMA,False,False,True,True,40341.0,TRAZIDEX OFTENO 5 ML.,ABRIL,0.966120714,91975.94,101185.0264,97756.95,11,13
PHARMA - Z1,ARBRAYSS LASER S.R.L,TRAZIDEX U,4,ABR,0.0,35,Z1,LIMA,False,False,True,True,40342.0,TRAZIDEX UNGENA 3.5 G,ABRIL,0.810349246,131494.88,156358.3363,126704.86,11,14
PHARMA - Z1,ARBRAYSS LASER S.R.L,ZEBESTEN,4,ABR,0.0,25,Z1,LIMA,False,False,True,True,41604.0,ZEBESTEN 5ML PERU,ABRIL,1.062586642,26953.56,29060.89609,30879.72,11,15
PHARMA - Z1,ARBRAYSS LASER S.R.L,AGGLAD,5,MAY,825.0,15,Z1,LIMA,False,False,True,False,40351.0,AGGLAD OFTENO 5 ML,MAYO,0.670022241,26193.67,120891.2407,80999.82,11,0
PHARMA - Z1,ARBRAYSS LASER S.R.L,AQUADRAN,5,MAY,0.0,35,Z1,LIMA,False,False,True,True,41945.0,AQUADRAN 10G,MAYO,1.308504351,13786.2,35738.51318,46764.0,11,1
PHARMA - Z1,ARBRAYSS LASER S.R.L,ELAR-B,5,MAY,863.0,15,Z1,LIMA,False,False,True,False,42098.0,ELAR-B 5 ML,MAYO,0.690959707,0.0,24407.71845,16864.75,11,3
PHARMA - Z1,ARBRAYSS LASER S.R.L,ELIPTIC PF,5,MAY,0.0,25,Z1,LIMA,False,False,True,True,41561.0,ELIPTIC OFTENO 5ML PF PERU,MAYO,0.635068724,11669.87,74583.69182,47365.77,11,5
PHARMA - Z1,ARBRAYSS LASER S.R.L,FLUMETOL NF,5,MAY,662.0,18,Z1,LIMA,False,False,True,False,40513.0,FLUMETOL NF OFTENO 5ML,MAYO,1.182290501,84208.66,107397.8095,126975.41,11,6
PHARMA - Z1,ARBRAYSS LASER S.R.L,GAAP PF,5,MAY,0.0,40,Z1,LIMA,False,False,True,True,41567.0,GAAP OFTENO LIBRE DE CONSER PF 3 ML PERU,MAYO,0.695728383,103158.58,97315.99528,67705.5,11,8
PHARMA - Z1,ARBRAYSS LASER S.R.L,LAGRICEL PF,5,MAY,0.0,85,Z1,LIMA,False,False,True,True,41582.0,LAGRICEL OFTENO LIBRE DE CONSERVADORES (PF) 10 ML,MAYO,0.852391423,198666.14,261957.3873,223290.23,11,10
PHARMA - Z1,ARBRAYSS LASER S.R.L,TRAZIDEX O,5,MAY,0.0,25,Z1,LIMA,False,False,True,True,40341.0,TRAZIDEX OFTENO 5 ML.,MAYO,0.725790194,64098.19,101185.0264,73439.1,11,13
PHARMA - Z1,ARBRAYSS LASER S.R.L,TRAZIDEX U,5,MAY,842.0,20,Z1,LIMA,False,False,True,False,40342.0,TRAZIDEX UNGENA 3.5 G,MAYO,0.799544258,131001.94,156358.3363,125015.41,11,14
PHARMA - Z1,ARBRAYSS LASER S.R.L,ZEBESTEN,5,MAY,491.0,10,Z1,LIMA,False,False,True,False,41604.0,ZEBESTEN 5ML PERU,MAYO,0.825216123,27515.83,29060.89609,23981.52,11,15
PHARMA - Z1,ARBRAYSS LASER S.R.L,AQUADRAN,6,JUN,810.0,15,Z1,LIMA,False,False,True,False,41945.0,AQUADRAN 10G,JUNIO,0.329694376,15957.0,35738.51318,47521.3,11,1
PHARMA - Z1,ARBRAYSS LASER S.R.L,ELAR-B,6,JUN,575.0,10,Z1,LIMA,False,False,True,False,42098.0,ELAR-B 5 ML,JUNIO,-0.29490542,0.0,24407.71845,17209.75,11,3
PHARMA - Z1,ARBRAYSS LASER S.R.L,FLUMETOL NF,6,JUN,184.0,5,Z1,LIMA,False,False,True,False,40513.0,FLUMETOL NF OFTENO 5ML,JUNIO,0.071788154,87288.94,107397.8095,115107.7,11,6
PHARMA - Z1,ARBRAYSS LASER S.R.L,GAAP PF,6,JUN,0.0,25,Z1,LIMA,False,False,True,True,41567.0,GAAP OFTENO LIBRE DE CONSER PF 3 ML PERU,JUNIO,-0.151410313,75783.27,97315.99528,82581.35,11,8
PHARMA - Z1,ARBRAYSS LASER S.R.L,LAGRICEL PF,6,JUN,0.0,50,Z1,LIMA,False,False,True,True,41582.0,LAGRICEL OFTENO LIBRE DE CONSERVADORES (PF) 10 ML,JUNIO,-0.085958779,182516.9,261957.3873,239439.85,11,10
PHARMA - Z1,ARBRAYSS LASER S.R.L,TRAZIDEX O,6,JUN,625.0,15,Z1,LIMA,False,False,True,False,40341.0,TRAZIDEX OFTENO 5 ML.,JUNIO,-0.192738462,70697.29,101185.0264,81682.78,11,13
PHARMA - Z1,ARBRAYSS LASER S.R.L,TRAZIDEX U,6,JUN,0.0,40,Z1,LIMA,False,False,True,True,40342.0,TRAZIDEX UNGENA 3.5 G,JUNIO,-0.144707451,114383.92,156358.3363,133732.12,11,14
PHARMA - N1,ARRASCUE LA TORRE GILBERT ANTONIO,FLUMETOL NF,3,MAR,1078.04,24,N1,CHICLAYO,False,False,True,False,40513.0,FLUMETOL NF OFTENO 5ML,MARZO,1.399890715,84540.52,101550.4985,142159.6,12,6
PHARMA - N1,ARRASCUE LA TORRE GILBERT ANTONIO,AGGLAD,5,MAY,0.0,24,N1,CHICLAYO,False,False,True,True,40351.0,AGGLAD OFTENO 5 ML,MAYO,0.670022241,26193.67,120891.2407,80999.82,12,0
PHARMA - N1,ARRASCUE LA TORRE GILBERT ANTONIO,ELIPTIC,5,MAY,610.0,24,N1,CHICLAYO,False,False,True,False,41076.0,ELIPTIC OFTENO 5ML,MAYO,0.349092716,2803.71,39043.81097,13629.91,12,4
PHARMA - Z3,ASOC. PAST. DE SERV. MEDICO ASIST. CLINICA ADVENTISTA ANA STAHL DE LA IGLESIA ADV. DEL SEPTIMO DIA,AGGLAD,2,FEB,611.4,10,Z3,NORTE CHICO,False,False,True,False,40351.0,AGGLAD OFTENO 5 ML,FEBRERO,0.96716156,31785.06,114546.1364,110784.62,13,0
PHARMA - Z3,ASOC. PAST. DE SERV. MEDICO ASIST. CLINICA ADVENTISTA ANA STAHL DE LA IGLESIA ADV. DEL SEPTIMO DIA,ELIPTIC PF,2,FEB,522.56,10,Z3,NORTE CHICO,False,False,True,False,41561.0,ELIPTIC OFTENO 5ML PF PERU,FEBRERO,0.876631233,16081.78,70691.40098,61970.29,13,5
PHARMA - Z3,ASOC. PAST. DE SERV. MEDICO ASIST. CLINICA ADVENTISTA ANA STAHL DE LA IGLESIA ADV. DEL SEPTIMO DIA,LAGRICEL PF,2,FEB,1704.15,30,Z3,NORTE CHICO,False,False,True,False,41582.0,LAGRICEL OFTENO LIBRE DE CONSERVADORES (PF) 10 ML,FEBRERO,1.01762066,244371.43,248182.4906,252555.63,13,10
PHARMA - Z3,ASOC. PAST. DE SERV. MEDICO ASIST. CLINICA ADVENTISTA ANA STAHL DE LA IGLESIA ADV. DEL SEPTIMO DIA,TRAZIDEX O,2,FEB,926.1,20,Z3,NORTE CHICO,False,False,True,False,40341.0,TRAZIDEX OFTENO 5 ML.,FEBRERO,0.868398954,99642.69,95524.58531,82953.45,13,13
PHARMA - Z3,ASOC. PAST. DE SERV. MEDICO ASIST. CLINICA ADVENTISTA ANA STAHL DE LA IGLESIA ADV. DEL SEPTIMO DIA,TRAZIDEX U,2,FEB,467.55,10,Z3,NORTE CHICO,False,False,True,False,40342.0,TRAZIDEX UNGENA 3.5 G,FEBRERO,0.737379291,111697.65,148184.091,109267.88,13,14
PHARMA - Z3,ASOC. PAST. DE SERV. MEDICO ASIST. CLINICA ADVENTISTA ANA STAHL DE LA IGLESIA ADV. DEL SEPTIMO DIA,LAGRICEL PF,4,ABR,0.0,80,Z3,NORTE CHICO,False,False,True,True,41582.0,LAGRICEL OFTENO LIBRE DE CONSERVADORES (PF) 10 ML,ABRIL,1.234011277,222585.45,261957.3873,323258.37,13,10
PHARMA - Z3,ASOC. PAST. DE SERV. MEDICO ASIST. CLINICA ADVENTISTA ANA STAHL DE LA IGLESIA ADV. DEL SEPTIMO DIA,SOPHIPREN,4,ABR,203.0,6,Z3,NORTE CHICO,False,False,True,False,40338.0,SOPHIPREN OFTENO 5 ML,ABRIL,1.125758804,51339.43,59671.10342,67175.27,13,12
PHARMA - Z3,ASOC. PAST. DE SERV. MEDICO ASIST. CLINICA ADVENTISTA ANA STAHL DE LA IGLESIA ADV. DEL SEPTIMO DIA,TRAZIDEX O,4,ABR,926.0,20,Z3,NORTE CHICO,False,False,True,False,40341.0,TRAZIDEX OFTENO 5 ML.,ABRIL,0.966120714,91975.94,101185.0264,97756.95,13,13
PHARMA - Z3,ASOC. PAST. DE SERV. MEDICO ASIST. CLINICA ADVENTISTA ANA STAHL DE LA IGLESIA ADV. DEL SEPTIMO DIA,TRAZIDEX U,4,ABR,0.0,40,Z3,NORTE CHICO,False,False,True,True,40342.0,TRAZIDEX UNGENA 3.5 G,ABRIL,0.810349246,131494.88,156358.3363,126704.86,13,14
PHARMA - Z3,ASOC. PAST. DE SERV. MEDICO ASIST. CLINICA ADVENTISTA ANA STAHL DE LA IGLESIA ADV. DEL SEPTIMO DIA,ZEBESTEN,4,ABR,196.0,4,Z3,NORTE CHICO,False,False,True,False,41604.0,ZEBESTEN 5ML PERU,ABRIL,1.062586642,26953.56,29060.89609,30879.72,13,15
PHARMA - Z3,ASOC. PAST. DE SERV. MEDICO ASIST. CLINICA ADVENTISTA ANA STAHL DE LA IGLESIA ADV. DEL SEPTIMO DIA,AGGLAD,6,JUN,367.0,6,Z3,NORTE CHICO,False,False,True,False,40351.0,AGGLAD OFTENO 5 ML,JUNIO,-0.235301917,20271.95,120891.2407,92445.3,13,0
PHARMA - Z3,ASOC. PAST. DE SERV. MEDICO ASIST. CLINICA ADVENTISTA ANA STAHL DE LA IGLESIA ADV. DEL SEPTIMO DIA,ELIPTIC PF,6,JUN,0.0,20,Z3,NORTE CHICO,False,False,True,True,41561.0,ELIPTIC OFTENO 5ML PF PERU,JUNIO,-0.431896719,12781.68,74583.69182,42371.24,13,5
PHARMA - Z3,ASOC. PAST. DE SERV. MEDICO ASIST. CLINICA ADVENTISTA ANA STAHL DE LA IGLESIA ADV. DEL SEPTIMO DIA,GAAP,6,JUN,0.0,20,Z3,NORTE CHICO,False,False,True,True,40498.0,GAAP OFTENO 3 ML,JUNIO,-0.271295457,79907.03,102582.687,74752.47,13,7
PHARMA - Z3,ASOC. PAST. DE SERV. MEDICO ASIST. CLINICA ADVENTISTA ANA STAHL DE LA IGLESIA ADV. DEL SEPTIMO DIA,TRAZIDEX O,6,JUN,0.0,22,Z3,NORTE CHICO,False,False,True,True,40341.0,TRAZIDEX OFTENO 5 ML.,JUNIO,-0.192738462,70697.29,101185.0264,81682.78,13,13
PHARMA - Z3,ASOC. PAST. DE SERV. MEDICO ASIST. CLINICA ADVENTISTA ANA STAHL DE LA IGLESIA ADV. DEL SEPTIMO DIA,ZEBESTEN,6,JUN,491.0,10,Z3,NORTE CHICO,False,False,True,False,41604.0,ZEBESTEN 5ML PERU,JUNIO,0.156870039,15690.19,29060.89609,33619.68,13,15
PHARMA - Z2,ASOC. PASTORAL DE SERVICIOS MEDICO ASISTENCIALES GOOD HOPE DE LA IGLESIA ADVENTISTA DEL SEPTIMO DIA,AGGLAD,1,ENE,10516.08,200,Z2,CALLAO,False,False,True,False,40351.0,AGGLAD OFTENO 5 ML,ENERO,1.0,22534.35,110094.81,110094.81,14,0
PHARMA - Z2,ASOC. PASTORAL DE SERVICIOS MEDICO ASISTENCIALES GOOD HOPE DE LA IGLESIA ADVENTISTA DEL SEPTIMO DIA,DUSTALOX,1,ENE,225.61,5,Z2,CALLAO,False,False,True,False,41121.0,DUSTALOX 5ML,ENERO,1.0,13592.53,8778.28,8778.28,14,2
PHARMA - Z2,ASOC. PASTORAL DE SERVICIOS MEDICO ASISTENCIALES GOOD HOPE DE LA IGLESIA ADVENTISTA DEL SEPTIMO DIA,ELIPTIC PF,1,ENE,1175.76,30,Z2,CALLAO,False,False,True,False,41561.0,ELIPTIC OFTENO 5ML PF PERU,ENERO,1.0,16201.95,62857.68,62857.68,14,5
PHARMA - Z2,ASOC. PASTORAL DE SERVICIOS MEDICO ASISTENCIALES GOOD HOPE DE LA IGLESIA ADVENTISTA DEL SEPTIMO DIA,FLUMETOL NF,1,ENE,3266.8,80,Z2,CALLAO,False,False,True,False,40513.0,FLUMETOL NF OFTENO 5ML,ENERO,1.0,106644.0,144656.97,144656.97,14,6
PHARMA - Z2,ASOC. PASTORAL DE SERVICIOS MEDICO ASISTENCIALES GOOD HOPE DE LA IGLESIA ADVENTISTA DEL SEPTIMO DIA,GAAP,1,ENE,6302.16,80,Z2,CALLAO,False,False,True,False,40498.0,GAAP OFTENO 3 ML,ENERO,1.0,101352.36,99775.16,99775.16,14,7
PHARMA - Z2,ASOC. PASTORAL DE SERVICIOS MEDICO ASISTENCIALES GOOD HOPE DE LA IGLESIA ADVENTISTA DEL SEPTIMO DIA,LAGRICEL PF,1,ENE,20449.8,400,Z2,CALLAO,False,False,True,False,41582.0,LAGRICEL OFTENO LIBRE DE CONSERVADORES (PF) 10 ML,ENERO,1.0,241357.65,244552.3,244552.3,14,10
PHARMA - Z2,ASOC. PASTORAL DE SERVICIOS MEDICO ASISTENCIALES GOOD HOPE DE LA IGLESIA ADVENTISTA DEL SEPTIMO DIA,SOPHIPREN,1,ENE,1524.6,40,Z2,CALLAO,False,False,True,False,40338.0,SOPHIPREN OFTENO 5 ML,ENERO,1.0,41450.28,50525.9,50525.9,14,12
PHARMA - Z2,ASOC. PASTORAL DE SERVICIOS MEDICO ASISTENCIALES GOOD HOPE DE LA IGLESIA ADVENTISTA DEL SEPTIMO DIA,TRAZIDEX O,1,ENE,3982.23,100,Z2,CALLAO,False,False,True,False,40341.0,TRAZIDEX OFTENO 5 ML.,ENERO,1.0,107782.12,170736.47,170736.47,14,13
PHARMA - Z2,ASOC. PASTORAL DE SERVICIOS MEDICO ASISTENCIALES GOOD HOPE DE LA IGLESIA ADVENTISTA DEL SEPTIMO DIA,TRAZIDEX U,1,ENE,4020.93,100,Z2,CALLAO,False,False,True,False,40342.0,TRAZIDEX UNGENA 3.5 G,ENERO,1.0,127130.48,135275.35,135275.35,14,14
PHARMA - Z2,ASOC. PASTORAL DE SERVICIOS MEDICO ASISTENCIALES GOOD HOPE DE LA IGLESIA ADVENTISTA DEL SEPTIMO DIA,AGGLAD,2,FEB,2629.02,50,Z2,CALLAO,False,False,True,False,40351.0,AGGLAD OFTENO 5 ML,FEBRERO,0.96716156,31785.06,114546.1364,110784.62,14,0
PHARMA - Z2,ASOC. PASTORAL DE SERVICIOS MEDICO ASISTENCIALES GOOD HOPE DE LA IGLESIA ADVENTISTA DEL SEPTIMO DIA,ELIPTIC PF,2,FEB,783.84,20,Z2,CALLAO,False,False,True,False,41561.0,ELIPTIC OFTENO 5ML PF PERU,FEBRERO,0.876631233,16081.78,70691.40098,61970.29,14,5
PHARMA - Z2,ASOC. PASTORAL DE SERVICIOS MEDICO ASISTENCIALES GOOD HOPE DE LA IGLESIA ADVENTISTA DEL SEPTIMO DIA,FLUMETOL NF,2,FEB,2041.75,50,Z2,CALLAO,False,False,True,False,40513.0,FLUMETOL NF OFTENO 5ML,FEBRERO,1.285457107,84540.52,101550.4985,130538.81,14,6
PHARMA - Z2,ASOC. PASTORAL DE SERVICIOS MEDICO ASISTENCIALES GOOD HOPE DE LA IGLESIA ADVENTISTA DEL SEPTIMO DIA,LAGRICEL PF,2,FEB,10224.9,200,Z2,CALLAO,False,False,True,False,41582.0,LAGRICEL OFTENO LIBRE DE CONSERVADORES (PF) 10 ML,FEBRERO,1.01762066,244371.43,248182.4906,252555.63,14,10
PHARMA - Z2,ASOC. PASTORAL DE SERVICIOS MEDICO ASISTENCIALES GOOD HOPE DE LA IGLESIA ADVENTISTA DEL SEPTIMO DIA,TRAZIDEX O,2,FEB,2787.56,70,Z2,CALLAO,False,False,True,False,40341.0,TRAZIDEX OFTENO 5 ML.,FEBRERO,0.868398954,99642.69,95524.58531,82953.45,14,13
PHARMA - Z2,ASOC. PASTORAL DE SERVICIOS MEDICO ASISTENCIALES GOOD HOPE DE LA IGLESIA ADVENTISTA DEL SEPTIMO DIA,ELIPTIC PF,3,MAR,2155.56,55,Z2,CALLAO,False,False,True,False,41561.0,ELIPTIC OFTENO 5ML PF PERU,MARZO,0.543724406,16081.78,70691.40098,38436.64,14,5
PHARMA - Z2,ASOC. PASTORAL DE SERVICIOS MEDICO ASISTENCIALES GOOD HOPE DE LA IGLESIA ADVENTISTA DEL SEPTIMO DIA,FLUMETOL NF,3,MAR,4083.5,100,Z2,CALLAO,False,False,True,False,40513.0,FLUMETOL NF OFTENO 5ML,MARZO,1.399890715,84540.52,101550.4985,142159.6,14,6
PHARMA - Z2,ASOC. PASTORAL DE SERVICIOS MEDICO ASISTENCIALES GOOD HOPE DE LA IGLESIA ADVENTISTA DEL SEPTIMO DIA,GAAP,3,MAR,2363.31,30,Z2,CALLAO,False,False,True,False,40498.0,GAAP OFTENO 3 ML,MARZO,0.701456825,85355.44,97172.18164,68162.09,14,7
PHARMA - Z2,ASOC. PASTORAL DE SERVICIOS MEDICO ASISTENCIALES GOOD HOPE DE LA IGLESIA ADVENTISTA DEL SEPTIMO DIA,LAGRICEL PF,3,MAR,20449.8,400,Z2,CALLAO,False,False,True,False,41582.0,LAGRICEL OFTENO LIBRE DE CONSERVADORES (PF) 10 ML,MARZO,1.041573922,244371.43,248182.4906,258500.41,14,10
PHARMA - Z2,ASOC. PASTORAL DE SERVICIOS MEDICO ASISTENCIALES GOOD HOPE DE LA IGLESIA ADVENTISTA DEL SEPTIMO DIA,AGGLAD,4,ABR,0.0,25,Z2,CALLAO,False,False,True,True,40351.0,AGGLAD OFTENO 5 ML,ABRIL,0.757043269,24635.46,120891.2407,91519.9,14,0
PHARMA - Z2,ASOC. PASTORAL DE SERVICIOS MEDICO ASISTENCIALES GOOD HOPE DE LA IGLESIA ADVENTISTA DEL SEPTIMO DIA,DUSTALOX,4,ABR,226.0,5,Z2,CALLAO,False,False,True,False,41121.0,DUSTALOX 5ML,ABRIL,0.650326442,9428.91,11675.36719,7592.8,14,2
PHARMA - Z2,ASOC. PASTORAL DE SERVICIOS MEDICO ASISTENCIALES GOOD HOPE DE LA IGLESIA ADVENTISTA DEL SEPTIMO DIA,ELIPTIC PF,4,ABR,0.0,30,Z2,CALLAO,False,False,True,True,41561.0,ELIPTIC OFTENO 5ML PF PERU,ABRIL,0.502083754,28406.63,74583.69182,37447.26,14,5
PHARMA - Z2,ASOC. PASTORAL DE SERVICIOS MEDICO ASISTENCIALES GOOD HOPE DE LA IGLESIA ADVENTISTA DEL SEPTIMO DIA,FLUMETOL NF,4,ABR,0.0,50,Z2,CALLAO,False,False,True,True,40513.0,FLUMETOL NF OFTENO 5ML,ABRIL,1.22328994,97096.28,107397.8095,131378.66,14,6
PHARMA - Z2,ASOC. PASTORAL DE SERVICIOS MEDICO ASISTENCIALES GOOD HOPE DE LA IGLESIA ADVENTISTA DEL SEPTIMO DIA,LAGRICEL PF,4,ABR,0.0,450,Z2,CALLAO,False,False,True,True,41582.0,LAGRICEL OFTENO LIBRE DE CONSERVADORES (PF) 10 ML,ABRIL,1.234011277,222585.45,261957.3873,323258.37,14,10
PHARMA - Z2,ASOC. PASTORAL DE SERVICIOS MEDICO ASISTENCIALES GOOD HOPE DE LA IGLESIA ADVENTISTA DEL SEPTIMO DIA,TRAZIDEX O,4,ABR,0.0,170,Z2,CALLAO,False,False,True,True,40341.0,TRAZIDEX OFTENO 5 ML.,ABRIL,0.966120714,91975.94,101185.0264,97756.95,14,13
PHARMA - Z2,ASOC. PASTORAL DE SERVICIOS MEDICO ASISTENCIALES GOOD HOPE DE LA IGLESIA ADVENTISTA DEL SEPTIMO DIA,AGGLAD,5,MAY,0.0,100,Z2,CALLAO,False,False,True,True,40351.0,AGGLAD OFTENO 5 ML,MAYO,0.670022241,26193.67,120891.2407,80999.82,14,0
PHARMA - Z2,ASOC. PASTORAL DE SERVICIOS MEDICO ASISTENCIALES GOOD HOPE DE LA IGLESIA ADVENTISTA DEL SEPTIMO DIA,DUSTALOX,5,MAY,902.0,20,Z2,CALLAO,False,False,True,False,41121.0,DUSTALOX 5ML,MAYO,0.508953586,12191.14,11675.36719,5942.22,14,2
PHARMA - Z2,ASOC. PASTORAL DE SERVICIOS MEDICO ASISTENCIALES GOOD HOPE DE LA IGLESIA ADVENTISTA DEL SEPTIMO DIA,ELIPTIC PF,5,MAY,0.0,50,Z2,CALLAO,False,False,True,True,41561.0,ELIPTIC OFTENO 5ML PF PERU,MAYO,0.635068724,11669.87,74583.69182,47365.77,14,5
PHARMA - Z2,ASOC. PASTORAL DE SERVICIOS MEDICO ASISTENCIALES GOOD HOPE DE LA IGLESIA ADVENTISTA DEL SEPTIMO DIA,FLUMETOL NF,5,MAY,0.0,100,Z2,CALLAO,False,False,True,True,40513.0,FLUMETOL NF OFTENO 5ML,MAYO,1.182290501,84208.66,107397.8095,126975.41,14,6
PHARMA - Z2,ASOC. PASTORAL DE SERVICIOS MEDICO ASISTENCIALES GOOD HOPE DE LA IGLESIA ADVENTISTA DEL SEPTIMO DIA,GAAP,5,MAY,0.0,100,Z2,CALLAO,False,False,True,True,40498.0,GAAP OFTENO 3 ML,MAYO,0.567550546,86214.37,102582.687,58220.86,14,7
PHARMA - Z2,ASOC. PASTORAL DE SERVICIOS MEDICO ASISTENCIALES GOOD HOPE DE LA IGLESIA ADVENTISTA DEL SEPTIMO DIA,LAGRICEL PF,5,MAY,0.0,400,Z2,CALLAO,False,False,True,True,41582.0,LAGRICEL OFTENO LIBRE DE CONSERVADORES (PF) 10 ML,MAYO,0.852391423,198666.14,261957.3873,223290.23,14,10
PHARMA - Z2,ASOC. PASTORAL DE SERVICIOS MEDICO ASISTENCIALES GOOD HOPE DE LA IGLESIA ADVENTISTA DEL SEPTIMO DIA,SOPHIPREN,5,MAY,0.0,40,Z2,CALLAO,False,False,True,True,40338.0,SOPHIPREN OFTENO 5 ML,MAYO,0.947602386,43314.92,59671.10342,56544.48,14,12
PHARMA - Z2,ASOC. PASTORAL DE SERVICIOS MEDICO ASISTENCIALES GOOD HOPE DE LA IGLESIA ADVENTISTA DEL SEPTIMO DIA,TRAZIDEX O,5,MAY,0.0,60,Z2,CALLAO,False,False,True,True,40341.0,TRAZIDEX OFTENO 5 ML.,MAYO,0.725790194,64098.19,101185.0264,73439.1,14,13
PHARMA - Z2,ASOC. PASTORAL DE SERVICIOS MEDICO ASISTENCIALES GOOD HOPE DE LA IGLESIA ADVENTISTA DEL SEPTIMO DIA,TRAZIDEX U,5,MAY,0.0,30,Z2,CALLAO,False,False,True,True,40342.0,TRAZIDEX UNGENA 3.5 G,MAYO,0.799544258,131001.94,156358.3363,125015.41,14,14
PHARMA - Z2,ASOC. PASTORAL DE SERVICIOS MEDICO ASISTENCIALES GOOD HOPE DE LA IGLESIA ADVENTISTA DEL SEPTIMO DIA,AGGLAD,6,JUN,0.0,50,Z2,CALLAO,False,False,True,True,40351.0,AGGLAD OFTENO 5 ML,JUNIO,-0.235301917,20271.95,120891.2407,92445.3,14,0
PHARMA - Z2,ASOC. PASTORAL DE SERVICIOS MEDICO ASISTENCIALES GOOD HOPE DE LA IGLESIA ADVENTISTA DEL SEPTIMO DIA,FLUMETOL NF,6,JUN,0.0,50,Z2,CALLAO,False,False,True,True,40513.0,FLUMETOL NF OFTENO 5ML,JUNIO,0.071788154,87288.94,107397.8095,115107.7,14,6
PHARMA - Z2,ASOC. PASTORAL DE SERVICIOS MEDICO ASISTENCIALES GOOD HOPE DE LA IGLESIA ADVENTISTA DEL SEPTIMO DIA,LAGRICEL PF,6,JUN,0.0,500,Z2,CALLAO,False,False,True,True,41582.0,LAGRICEL OFTENO LIBRE DE CONSERVADORES (PF) 10 ML,JUNIO,-0.085958779,182516.9,261957.3873,239439.85,14,10
PHARMA - Z2,ASOC. PASTORAL DE SERVICIOS MEDICO ASISTENCIALES GOOD HOPE DE LA IGLESIA ADVENTISTA DEL SEPTIMO DIA,SOPHIPREN,6,JUN,381.0,10,Z2,CALLAO,False,False,True,False,40338.0,SOPHIPREN OFTENO 5 ML,JUNIO,0.072135193,48676.87,59671.10342,63975.49,14,12
PHARMA - Z2,ASOC. PASTORAL DE SERVICIOS MEDICO ASISTENCIALES GOOD HOPE DE LA IGLESIA ADVENTISTA DEL SEPTIMO DIA,TRAZIDEX O,6,JUN,0.0,80,Z2,CALLAO,False,False,True,True,40341.0,TRAZIDEX OFTENO 5 ML.,JUNIO,-0.192738462,70697.29,101185.0264,81682.78,14,13
PHARMA - Z2,ASOC. PASTORAL DE SERVICIOS MEDICO ASISTENCIALES GOOD HOPE DE LA IGLESIA ADVENTISTA DEL SEPTIMO DIA,TRAZIDEX U,6,JUN,0.0,40,Z2,CALLAO,False,False,True,True,40342.0,TRAZIDEX UNGENA 3.5 G,JUNIO,-0.144707451,114383.92,156358.3363,133732.12,14,14
PHARMA - Z2,ASOC. PASTORAL DE SERVICIOS MEDICO ASISTENCIALES GOOD HOPE DE LA IGLESIA ADVENTISTA DEL SEPTIMO DIA,AGGLAD,7,JUL,0.0,50,Z2,CALLAO,False,False,True,True,40351.0,AGGLAD OFTENO 5 ML,JULIO,-0.863449228,29784.66,133581.4492,18240.65,14,0
PHARMA - Z2,ASOC. PASTORAL DE SERVICIOS MEDICO ASISTENCIALES GOOD HOPE DE LA IGLESIA ADVENTISTA DEL SEPTIMO DIA,FLUMETOL NF,7,JUL,0.0,50,Z2,CALLAO,False,False,True,True,40513.0,FLUMETOL NF OFTENO 5ML,JULIO,-0.833324001,99312.38,119092.4315,19849.85,14,6
PHARMA - Z2,ASOC. PASTORAL DE SERVICIOS MEDICO ASISTENCIALES GOOD HOPE DE LA IGLESIA ADVENTISTA DEL SEPTIMO DIA,TRAZIDEX O,7,JUL,0.0,50,Z2,CALLAO,False,False,True,True,40341.0,TRAZIDEX OFTENO 5 ML.,JULIO,-0.912844311,118392.28,112505.9086,9805.53,14,13
PHARMA - Z2,ASOC. PASTORAL DE SERVICIOS MEDICO ASISTENCIALES GOOD HOPE DE LA IGLESIA ADVENTISTA DEL SEPTIMO DIA,TRAZIDEX U,7,JUL,0.0,30,Z2,CALLAO,False,False,True,True,40342.0,TRAZIDEX UNGENA 3.5 G,JULIO,-0.835453002,134186.98,172706.827,28418.39,14,14
PHARMA - S,ASOC.PAST.SERV.MEDICO ASIST.JULIACA IASD,GAAP,2,FEB,472.66,6,S,CADENAS,False,False,True,False,40498.0,GAAP OFTENO 3 ML,FEBRERO,0.873555976,85355.44,97172.18164,84885.34,15,7
PHARMA - S,ASOC.PAST.SERV.MEDICO ASIST.JULIACA IASD,LAGRICEL,2,FEB,307.05,6,S,CADENAS,False,False,True,False,40515.0,LAGRICEL OFTENO 0.5 ML,FEBRERO,0.970823097,194840.09,165898.7416,161058.33,15,9
PHARMA - S,ASOC.PAST.SERV.MEDICO ASIST.JULIACA IASD,LAGRICEL PF,2,FEB,1145.19,24,S,CADENAS,False,False,True,False,41582.0,LAGRICEL OFTENO LIBRE DE CONSERVADORES (PF) 10 ML,FEBRERO,1.01762066,244371.43,248182.4906,252555.63,15,10
PHARMA - S,ASOC.PAST.SERV.MEDICO ASIST.JULIACA IASD,LAGRICEL PF,4,ABR,0.0,24,S,CADENAS,False,False,True,True,41582.0,LAGRICEL OFTENO LIBRE DE CONSERVADORES (PF) 10 ML,ABRIL,1.234011277,222585.45,261957.3873,323258.37,15,10
PHARMA - S,ASOC.PAST.SERV.MEDICO ASIST.JULIACA IASD,GAAP,6,JUN,236.0,3,S,CADENAS,False,False,True,False,40498.0,GAAP OFTENO 3 ML,JUNIO,-0.271295457,79907.03,102582.687,74752.47,15,7
PHARMA - S,ASOC.PAST.SERV.MEDICO ASIST.JULIACA IASD,LAGRICEL,6,JUN,307.0,6,S,CADENAS,False,False,True,False,40515.0,LAGRICEL OFTENO 0.5 ML,JUNIO,-0.157973323,129483.27,174961.4402,147322.2,15,9
PHARMA - S,ASOC.PAST.SERV.MEDICO ASIST.JULIACA IASD,LAGRICEL PF,6,JUN,573.0,12,S,CADENAS,False,False,True,False,41582.0,LAGRICEL OFTENO LIBRE DE CONSERVADORES (PF) 10 ML,JUNIO,-0.085958779,182516.9,261957.3873,239439.85,15,10
PHARMA - Z1,ASOCIACION CIVIL DIVINO NIYO JESUS,AGGLAD,1,ENE,3631.72,66,Z1,LIMA,False,False,True,False,40351.0,AGGLAD OFTENO 5 ML,ENERO,1.0,22534.35,110094.81,110094.81,16,0
PHARMA - Z1,ASOCIACION CIVIL DIVINO NIYO JESUS,DUSTALOX,1,ENE,2165.86,48,Z1,LIMA,False,False,True,False,41121.0,DUSTALOX 5ML,ENERO,1.0,13592.53,8778.28,8778.28,16,2
PHARMA - Z1,ASOCIACION CIVIL DIVINO NIYO JESUS,ELIPTIC PF,1,ENE,1755.81,42,Z1,LIMA,False,False,True,False,41561.0,ELIPTIC OFTENO 5ML PF PERU,ENERO,1.0,16201.95,62857.68,62857.68,16,5
PHARMA - Z1,ASOCIACION CIVIL DIVINO NIYO JESUS,FLUMETOL NF,1,ENE,980.04,24,Z1,LIMA,False,False,True,False,40513.0,FLUMETOL NF OFTENO 5ML,ENERO,1.0,106644.0,144656.97,144656.97,16,6
PHARMA - Z1,ASOCIACION CIVIL DIVINO NIYO JESUS,GAAP PF,1,ENE,1947.35,24,Z1,LIMA,False,False,True,False,41567.0,GAAP OFTENO LIBRE DE CONSER PF 3 ML PERU,ENERO,1.0,67726.3,99013.28,99013.28,16,8
PHARMA - Z1,ASOCIACION CIVIL DIVINO NIYO JESUS,LAGRICEL PF,1,ENE,4294.46,84,Z1,LIMA,False,False,True,False,41582.0,LAGRICEL OFTENO LIBRE DE CONSERVADORES (PF) 10 ML,ENERO,1.0,241357.65,244552.3,244552.3,16,10
PHARMA - Z1,ASOCIACION CIVIL DIVINO NIYO JESUS,LANDAX,1,ENE,2013.56,48,Z1,LIMA,False,False,True,False,41804.0,LANDAX 5ML,ENERO,1.0,2843.21,23761.78,23761.78,16,11
PHARMA - Z1,ASOCIACION CIVIL DIVINO NIYO JESUS,SOPHIPREN,1,ENE,508.2,12,Z1,LIMA,False,False,True,False,40338.0,SOPHIPREN OFTENO 5 ML,ENERO,1.0,41450.28,50525.9,50525.9,16,12
PHARMA - Z1,ASOCIACION CIVIL DIVINO NIYO JESUS,TRAZIDEX O,1,ENE,2000.37,48,Z1,LIMA,False,False,True,False,40341.0,TRAZIDEX OFTENO 5 ML.,ENERO,1.0,107782.12,170736.47,170736.47,16,13
PHARMA - Z1,ASOCIACION CIVIL DIVINO NIYO JESUS,TRAZIDEX U,1,ENE,1514.86,36,Z1,LIMA,False,False,True,False,40342.0,TRAZIDEX UNGENA 3.5 G,ENERO,1.0,127130.48,135275.35,135275.35,16,14
PHARMA - Z1,ASOCIACION CIVIL DIVINO NIYO JESUS,ZEBESTEN,1,ENE,589.05,12,Z1,LIMA,False,False,True,False,41604.0,ZEBESTEN 5ML PERU,ENERO,1.0,31496.43,43862.02,43862.02,16,15
PHARMA - Z1,ASOCIACION CIVIL DIVINO NIYO JESUS,AGGLAD,2,FEB,1320.62,24,Z1,LIMA,False,False,True,False,40351.0,AGGLAD OFTENO 5 ML,FEBRERO,0.96716156,31785.06,114546.1364,110784.62,16,0
PHARMA - Z1,ASOCIACION CIVIL DIVINO NIYO JESUS,ELIPTIC PF,2,FEB,1003.32,24,Z1,LIMA,False,False,True,False,41561.0,ELIPTIC OFTENO 5ML PF PERU,FEBRERO,0.876631233,16081.78,70691.40098,61970.29,16,5
PHARMA - Z1,ASOCIACION CIVIL DIVINO NIYO JESUS,FLUMETOL NF,2,FEB,490.02,12,Z1,LIMA,False,False,True,False,40513.0,FLUMETOL NF OFTENO 5ML,FEBRERO,1.285457107,84540.52,101550.4985,130538.81,16,6
PHARMA - Z1,ASOCIACION CIVIL DIVINO NIYO JESUS,LAGRICEL PF,2,FEB,4294.46,84,Z1,LIMA,False,False,True,False,41582.0,LAGRICEL OFTENO LIBRE DE CONSERVADORES (PF) 10 ML,FEBRERO,1.01762066,244371.43,248182.4906,252555.63,16,10
PHARMA - Z1,ASOCIACION CIVIL DIVINO NIYO JESUS,LANDAX,2,FEB,1006.78,24,Z1,LIMA,False,False,True,False,41804.0,LANDAX 5ML,FEBRERO,0.765660853,4684.31,21117.7311,16169.02,16,11
PHARMA - Z1,ASOCIACION CIVIL DIVINO NIYO JESUS,ZEBESTEN,2,FEB,1767.15,36,Z1,LIMA,False,False,True,False,41604.0,ZEBESTEN 5ML PERU,FEBRERO,0.998966691,24271.56,27459.43408,27431.06,16,15
PHARMA - Z1,ASOCIACION CIVIL DIVINO NIYO JESUS,AGGLAD,3,MAR,1980.94,36,Z1,LIMA,False,False,True,False,40351.0,AGGLAD OFTENO 5 ML,MARZO,0.708033745,31785.06,114546.1364,81102.53,16,0
PHARMA - Z1,ASOCIACION CIVIL DIVINO NIYO JESUS,DUSTALOX,3,MAR,1082.93,24,Z1,LIMA,False,False,True,False,41121.0,DUSTALOX 5ML,MARZO,0.887447361,6813.43,11070.27913,9824.29,16,2
PHARMA - Z1,ASOCIACION CIVIL DIVINO NIYO JESUS,ELIPTIC PF,3,MAR,1003.32,24,Z1,LIMA,False,False,True,False,41561.0,ELIPTIC OFTENO 5ML PF PERU,MARZO,0.543724406,16081.78,70691.40098,38436.64,16,5
PHARMA - Z1,ASOCIACION CIVIL DIVINO NIYO JESUS,FLUMETOL NF,3,MAR,1960.08,48,Z1,LIMA,False,False,True,False,40513.0,FLUMETOL NF OFTENO 5ML,MARZO,1.399890715,84540.52,101550.4985,142159.6,16,6
PHARMA - Z1,ASOCIACION CIVIL DIVINO NIYO JESUS,GAAP PF,3,MAR,1947.35,24,Z1,LIMA,False,False,True,False,41567.0,GAAP OFTENO LIBRE DE CONSER PF 3 ML PERU,MARZO,0.894697886,80205.04,92164.06035,82458.99,16,8
PHARMA - Z1,ASOCIACION CIVIL DIVINO NIYO JESUS,LAGRICEL PF,3,MAR,4294.46,84,Z1,LIMA,False,False,True,False,41582.0,LAGRICEL OFTENO LIBRE DE CONSERVADORES (PF) 10 ML,MARZO,1.041573922,244371.43,248182.4906,258500.41,16,10
PHARMA - Z1,ASOCIACION CIVIL DIVINO NIYO JESUS,LANDAX,3,MAR,1006.78,24,Z1,LIMA,False,False,True,False,41804.0,LANDAX 5ML,MARZO,0.673401888,4684.31,21117.7311,14220.72,16,11
PHARMA - Z1,ASOCIACION CIVIL DIVINO NIYO JESUS,SOPHIPREN,3,MAR,508.2,12,Z1,LIMA,False,False,True,False,40338.0,SOPHIPREN OFTENO 5 ML,MARZO,1.018181783,39394.05,56555.62783,57583.91,16,12
PHARMA - Z1,ASOCIACION CIVIL DIVINO NIYO JESUS,TRAZIDEX O,3,MAR,1500.28,36,Z1,LIMA,False,False,True,False,40341.0,TRAZIDEX OFTENO 5 ML.,MARZO,0.841410928,99642.69,95524.58531,80375.43,16,13
PHARMA - Z1,ASOCIACION CIVIL DIVINO NIYO JESUS,TRAZIDEX U,3,MAR,1514.86,36,Z1,LIMA,False,False,True,False,40342.0,TRAZIDEX UNGENA 3.5 G,MARZO,0.890660186,111697.65,148184.091,131981.67,16,14
PHARMA - Z1,ASOCIACION CIVIL DIVINO NIYO JESUS,ZEBESTEN,3,MAR,589.05,12,Z1,LIMA,False,False,True,False,41604.0,ZEBESTEN 5ML PERU,MARZO,1.283372043,24271.56,27459.43408,35240.67,16,15
PHARMA - Z1,ASOCIACION CIVIL DIVINO NIYO JESUS,FLUMETOL NF,5,MAY,490.0,12,Z1,LIMA,False,False,True,False,40513.0,FLUMETOL NF OFTENO 5ML,MAYO,1.182290501,84208.66,107397.8095,126975.41,16,6
PHARMA - Z1,ASOCIACION CIVIL DIVINO NIYO JESUS,LAGRICEL PF,5,MAY,0.0,72,Z1,LIMA,False,False,True,True,41582.0,LAGRICEL OFTENO LIBRE DE CONSERVADORES (PF) 10 ML,MAYO,0.852391423,198666.14,261957.3873,223290.23,16,10
PHARMA - Z1,ASOCIACION CIVIL DIVINO NIYO JESUS,LANDAX,5,MAY,0.0,26,Z1,LIMA,False,False,True,True,41804.0,LANDAX 5ML,MAYO,0.638188198,10589.8,22304.8625,14234.7,16,11
PHARMA - Z1,ASOCIACION CIVIL DIVINO NIYO JESUS,ZEBESTEN,5,MAY,589.0,12,Z1,LIMA,False,False,True,False,41604.0,ZEBESTEN 5ML PERU,MAYO,0.825216123,27515.83,29060.89609,23981.52,16,15
PHARMA - Z1,ASOCIACION CIVIL DIVINO NIYO JESUS,DUSTALOX,6,JUN,0.0,24,Z1,LIMA,False,False,True,True,41121.0,DUSTALOX 5ML,JUNIO,-0.44241925,5938.11,11675.36719,6509.96,16,2
PHARMA - Z1,ASOCIACION CIVIL DIVINO NIYO JESUS,ELIPTIC PF,6,JUN,502.0,12,Z1,LIMA,False,False,True,False,41561.0,ELIPTIC OFTENO 5ML PF PERU,JUNIO,-0.431896719,12781.68,74583.69182,42371.24,16,5
PHARMA - Z1,ASOCIACION CIVIL DIVINO NIYO JESUS,FLUMETOL NF,6,JUN,980.0,24,Z1,LIMA,False,False,True,False,40513.0,FLUMETOL NF OFTENO 5ML,JUNIO,0.071788154,87288.94,107397.8095,115107.7,16,6
PHARMA - Z1,ASOCIACION CIVIL DIVINO NIYO JESUS,GAAP PF,6,JUN,974.0,12,Z1,LIMA,False,False,True,False,41567.0,GAAP OFTENO LIBRE DE CONSER PF 3 ML PERU,JUNIO,-0.151410313,75783.27,97315.99528,82581.35,16,8
PHARMA - Z1,ASOCIACION CIVIL DIVINO NIYO JESUS,LAGRICEL PF,6,JUN,0.0,72,Z1,LIMA,False,False,True,True,41582.0,LAGRICEL OFTENO LIBRE DE CONSERVADORES (PF) 10 ML,JUNIO,-0.085958779,182516.9,261957.3873,239439.85,16,10
PHARMA - Z1,ASOCIACION CIVIL DIVINO NIYO JESUS,LANDAX,6,JUN,965.0,23,Z1,LIMA,False,False,True,False,41804.0,LANDAX 5ML,JUNIO,-0.340308868,5574.56,22304.8625,14714.32,16,11
PHARMA - Z1,ASOCIACION CIVIL DIVINO NIYO JESUS,TRAZIDEX O,6,JUN,500.0,12,Z1,LIMA,False,False,True,False,40341.0,TRAZIDEX OFTENO 5 ML.,JUNIO,-0.192738462,70697.29,101185.0264,81682.78,16,13
PHARMA - Z1,ASOCIACION CIVIL DIVINO NIYO JESUS,TRAZIDEX U,6,JUN,0.0,24,Z1,LIMA,False,False,True,True,40342.0,TRAZIDEX UNGENA 3.5 G,JUNIO,-0.144707451,114383.92,156358.3363,133732.12,16,14
PHARMA - Z1,ASOCIACION CIVIL DIVINO NIYO JESUS,ZEBESTEN,6,JUN,0.0,36,Z1,LIMA,False,False,True,True,41604.0,ZEBESTEN 5ML PERU,JUNIO,0.156870039,15690.19,29060.89609,33619.68,16,15
PHARMA - S,ASOCIACION CIVIL RELIGIOSA DIOSPI SUYANA,FLUMETOL NF,1,ENE,816.7,20,S,CADENAS,False,False,True,False,40513.0,FLUMETOL NF OFTENO 5ML,ENERO,1.0,106644.0,144656.97,144656.97,17,6
PHARMA - S,ASOCIACION CIVIL RELIGIOSA DIOSPI SUYANA,FLUMETOL NF,3,MAR,816.7,20,S,CADENAS,False,False,True,False,40513.0,FLUMETOL NF OFTENO 5ML,MARZO,1.399890715,84540.52,101550.4985,142159.6,17,6
PHARMA - S,ASOCIACION CIVIL RELIGIOSA DIOSPI SUYANA,FLUMETOL NF,5,MAY,817.0,20,S,CADENAS,False,False,True,False,40513.0,FLUMETOL NF OFTENO 5ML,MAYO,1.182290501,84208.66,107397.8095,126975.41,17,6
PHARMA - S,ASOCIACION PARA LA PREVENCION DE LA CEGUERA - ASPRECE CUSCO,AQUADRAN,3,MAR,540.0,10,S,CADENAS,False,False,True,False,41945.0,AQUADRAN 10G,MARZO,1.286810293,13176.0,33810.57818,43507.8,18,1
PHARMA - S,ASOCIACION PARA LA PREVENCION DE LA CEGUERA - ASPRECE CUSCO,AQUADRAN,5,MAY,540.0,10,S,CADENAS,False,False,True,False,41945.0,AQUADRAN 10G,MAYO,1.308504351,13786.2,35738.51318,46764.0,18,1
PHARMA - Z3,ASOCIACION PERUANO JAPONESA,AGGLAD,1,ENE,2298.86,47,Z3,NORTE CHICO,False,False,True,False,40351.0,AGGLAD OFTENO 5 ML,ENERO,1.0,22534.35,110094.81,110094.81,19,0
PHARMA - Z3,ASOCIACION PERUANO JAPONESA,AQUADRAN,1,ENE,1080.0,20,Z3,NORTE CHICO,False,False,True,False,41945.0,AQUADRAN 10G,ENERO,1.0,3348.0,44517.6,44517.6,19,1
PHARMA - Z3,ASOCIACION PERUANO JAPONESA,ELIPTIC PF,1,ENE,1306.4,25,Z3,NORTE CHICO,False,False,True,False,41561.0,ELIPTIC OFTENO 5ML PF PERU,ENERO,1.0,16201.95,62857.68,62857.68,19,5
PHARMA - Z3,ASOCIACION PERUANO JAPONESA,FLUMETOL NF,1,ENE,898.38,20,Z3,NORTE CHICO,False,False,True,False,40513.0,FLUMETOL NF OFTENO 5ML,ENERO,1.0,106644.0,144656.97,144656.97,19,6
PHARMA - Z3,ASOCIACION PERUANO JAPONESA,GAAP PF,1,ENE,9520.37,120,Z3,NORTE CHICO,False,False,True,False,41567.0,GAAP OFTENO LIBRE DE CONSER PF 3 ML PERU,ENERO,1.0,67726.3,99013.28,99013.28,19,8
PHARMA - Z3,ASOCIACION PERUANO JAPONESA,LAGRICEL,1,ENE,1970.24,35,Z3,NORTE CHICO,False,False,True,False,40515.0,LAGRICEL OFTENO 0.5 ML,ENERO,1.0,154236.51,132452.04,132452.04,19,9
PHARMA - Z3,ASOCIACION PERUANO JAPONESA,LAGRICEL PF,1,ENE,3408.3,50,Z3,NORTE CHICO,False,False,True,False,41582.0,LAGRICEL OFTENO LIBRE DE CONSERVADORES (PF) 10 ML,ENERO,1.0,241357.65,244552.3,244552.3,19,10
PHARMA - Z3,ASOCIACION PERUANO JAPONESA,SOPHIPREN,1,ENE,423.5,10,Z3,NORTE CHICO,False,False,True,False,40338.0,SOPHIPREN OFTENO 5 ML,ENERO,1.0,41450.28,50525.9,50525.9,19,12
PHARMA - Z3,ASOCIACION PERUANO JAPONESA,TRAZIDEX O,1,ENE,1111.32,20,Z3,NORTE CHICO,False,False,True,False,40341.0,TRAZIDEX OFTENO 5 ML.,ENERO,1.0,107782.12,170736.47,170736.47,19,13
PHARMA - Z3,ASOCIACION PERUANO JAPONESA,TRAZIDEX U,1,ENE,3366.36,60,Z3,NORTE CHICO,False,False,True,False,40342.0,TRAZIDEX UNGENA 3.5 G,ENERO,1.0,127130.48,135275.35,135275.35,19,14
PHARMA - Z3,ASOCIACION PERUANO JAPONESA,AGGLAD,2,FEB,5135.76,105,Z3,NORTE CHICO,False,False,True,False,40351.0,AGGLAD OFTENO 5 ML,FEBRERO,0.96716156,31785.06,114546.1364,110784.62,19,0
PHARMA - Z3,ASOCIACION PERUANO JAPONESA,AQUADRAN,2,FEB,540.0,10,Z3,NORTE CHICO,False,False,True,False,41945.0,AQUADRAN 10G,FEBRERO,1.033824379,13176.0,33810.57818,34954.2,19,1
PHARMA - Z3,ASOCIACION PERUANO JAPONESA,ELAR-B,2,FEB,172.5,3,Z3,NORTE CHICO,False,False,True,False,42098.0,ELAR-B 5 ML,FEBRERO,0.622378415,0.0,23180.02945,14426.75,19,3
PHARMA - Z3,ASOCIACION PERUANO JAPONESA,ELIPTIC PF,2,FEB,5225.6,100,Z3,NORTE CHICO,False,False,True,False,41561.0,ELIPTIC OFTENO 5ML PF PERU,FEBRERO,0.876631233,16081.78,70691.40098,61970.29,19,5
PHARMA - Z3,ASOCIACION PERUANO JAPONESA,FLUMETOL NF,2,FEB,1347.55,30,Z3,NORTE CHICO,False,False,True,False,40513.0,FLUMETOL NF OFTENO 5ML,FEBRERO,1.285457107,84540.52,101550.4985,130538.81,19,6
PHARMA - Z3,ASOCIACION PERUANO JAPONESA,GAAP PF,2,FEB,3966.82,50,Z3,NORTE CHICO,False,False,True,False,41567.0,GAAP OFTENO LIBRE DE CONSER PF 3 ML PERU,FEBRERO,0.820494884,80205.04,92164.06035,75620.14,19,8
PHARMA - Z3,ASOCIACION PERUANO JAPONESA,LAGRICEL,2,FEB,1238.44,22,Z3,NORTE CHICO,False,False,True,False,40515.0,LAGRICEL OFTENO 0.5 ML,FEBRERO,0.970823097,194840.09,165898.7416,161058.33,19,9
PHARMA - Z3,ASOCIACION PERUANO JAPONESA,LAGRICEL PF,2,FEB,7498.26,110,Z3,NORTE CHICO,False,False,True,False,41582.0,LAGRICEL OFTENO LIBRE DE CONSERVADORES (PF) 10 ML,FEBRERO,1.01762066,244371.43,248182.4906,252555.63,19,10
PHARMA - Z3,ASOCIACION PERUANO JAPONESA,SOPHIPREN,2,FEB,423.5,10,Z3,NORTE CHICO,False,False,True,False,40338.0,SOPHIPREN OFTENO 5 ML,FEBRERO,1.300787434,39394.05,56555.62783,73566.85,19,12
PHARMA - Z3,ASOCIACION PERUANO JAPONESA,TRAZIDEX O,2,FEB,444.53,8,Z3,NORTE CHICO,False,False,True,False,40341.0,TRAZIDEX OFTENO 5 ML.,FEBRERO,0.868398954,99642.69,95524.58531,82953.45,19,13
PHARMA - Z3,ASOCIACION PERUANO JAPONESA,TRAZIDEX U,2,FEB,3646.89,65,Z3,NORTE CHICO,False,False,True,False,40342.0,TRAZIDEX UNGENA 3.5 G,FEBRERO,0.737379291,111697.65,148184.091,109267.88,19,14
PHARMA - Z3,ASOCIACION PERUANO JAPONESA,AGGLAD,3,MAR,1711.92,35,Z3,NORTE CHICO,False,False,True,False,40351.0,AGGLAD OFTENO 5 ML,MARZO,0.708033745,31785.06,114546.1364,81102.53,19,0
PHARMA - Z3,ASOCIACION PERUANO JAPONESA,AQUADRAN,3,MAR,810.0,15,Z3,NORTE CHICO,False,False,True,False,41945.0,AQUADRAN 10G,MARZO,1.286810293,13176.0,33810.57818,43507.8,19,1
PHARMA - Z3,ASOCIACION PERUANO JAPONESA,ELIPTIC PF,3,MAR,2090.24,40,Z3,NORTE CHICO,False,False,True,False,41561.0,ELIPTIC OFTENO 5ML PF PERU,MARZO,0.543724406,16081.78,70691.40098,38436.64,19,5
PHARMA - Z3,ASOCIACION PERUANO JAPONESA,FLUMETOL NF,3,MAR,943.29,21,Z3,NORTE CHICO,False,False,True,False,40513.0,FLUMETOL NF OFTENO 5ML,MARZO,1.399890715,84540.52,101550.4985,142159.6,19,6
PHARMA - Z3,ASOCIACION PERUANO JAPONESA,GAAP PF,3,MAR,7933.64,100,Z3,NORTE CHICO,False,False,True,False,41567.0,GAAP OFTENO LIBRE DE CONSER PF 3 ML PERU,MARZO,0.894697886,80205.04,92164.06035,82458.99,19,8
PHARMA - Z3,ASOCIACION PERUANO JAPONESA,LAGRICEL,3,MAR,1970.24,35,Z3,NORTE CHICO,False,False,True,False,40515.0,LAGRICEL OFTENO 0.5 ML,MARZO,1.138987362,194840.09,165898.7416,188956.57,19,9
PHARMA - Z3,ASOCIACION PERUANO JAPONESA,LAGRICEL PF,3,MAR,7157.43,105,Z3,NORTE CHICO,False,False,True,False,41582.0,LAGRICEL OFTENO LIBRE DE CONSERVADORES (PF) 10 ML,MARZO,1.041573922,244371.43,248182.4906,258500.41,19,10
PHARMA - Z3,ASOCIACION PERUANO JAPONESA,TRAZIDEX O,3,MAR,666.79,12,Z3,NORTE CHICO,False,False,True,False,40341.0,TRAZIDEX OFTENO 5 ML.,MARZO,0.841410928,99642.69,95524.58531,80375.43,19,13
PHARMA - Z3,ASOCIACION PERUANO JAPONESA,TRAZIDEX U,3,MAR,5049.54,90,Z3,NORTE CHICO,False,False,True,False,40342.0,TRAZIDEX UNGENA 3.5 G,MARZO,0.890660186,111697.65,148184.091,131981.67,19,14
PHARMA - Z3,ASOCIACION PERUANO JAPONESA,AGGLAD,4,ABR,0.0,58,Z3,NORTE CHICO,False,False,True,True,40351.0,AGGLAD OFTENO 5 ML,ABRIL,0.757043269,24635.46,120891.2407,91519.9,19,0
PHARMA - Z3,ASOCIACION PERUANO JAPONESA,AQUADRAN,4,ABR,0.0,25,Z3,NORTE CHICO,False,False,True,True,41945.0,AQUADRAN 10G,ABRIL,1.367885669,18754.2,35738.51318,48886.2,19,1
PHARMA - Z3,ASOCIACION PERUANO JAPONESA,ELIPTIC PF,4,ABR,0.0,30,Z3,NORTE CHICO,False,False,True,True,41561.0,ELIPTIC OFTENO 5ML PF PERU,ABRIL,0.502083754,28406.63,74583.69182,37447.26,19,5
PHARMA - Z3,ASOCIACION PERUANO JAPONESA,FLUMETOL NF,4,ABR,449.0,10,Z3,NORTE CHICO,False,False,True,False,40513.0,FLUMETOL NF OFTENO 5ML,ABRIL,1.22328994,97096.28,107397.8095,131378.66,19,6
PHARMA - Z3,ASOCIACION PERUANO JAPONESA,GAAP PF,4,ABR,0.0,100,Z3,NORTE CHICO,False,False,True,True,41567.0,GAAP OFTENO LIBRE DE CONSER PF 3 ML PERU,ABRIL,0.580041645,82952.14,97315.99528,56447.33,19,8
PHARMA - Z3,ASOCIACION PERUANO JAPONESA,LAGRICEL,4,ABR,0.0,18,Z3,NORTE CHICO,False,False,True,True,40515.0,LAGRICEL OFTENO 0.5 ML,ABRIL,0.760754197,152829.6,174961.4402,133102.65,19,9
PHARMA - Z3,ASOCIACION PERUANO JAPONESA,LAGRICEL PF,4,ABR,0.0,90,Z3,NORTE CHICO,False,False,True,True,41582.0,LAGRICEL OFTENO LIBRE DE CONSERVADORES (PF) 10 ML,ABRIL,1.234011277,222585.45,261957.3873,323258.37,19,10
PHARMA - Z3,ASOCIACION PERUANO JAPONESA,SOPHIPREN,4,ABR,424.0,10,Z3,NORTE CHICO,False,False,True,False,40338.0,SOPHIPREN OFTENO 5 ML,ABRIL,1.125758804,51339.43,59671.10342,67175.27,19,12
PHARMA - Z3,ASOCIACION PERUANO JAPONESA,TRAZIDEX O,4,ABR,833.0,15,Z3,NORTE CHICO,False,False,True,False,40341.0,TRAZIDEX OFTENO 5 ML.,ABRIL,0.966120714,91975.94,101185.0264,97756.95,19,13
PHARMA - Z3,ASOCIACION PERUANO JAPONESA,TRAZIDEX U,4,ABR,0.0,100,Z3,NORTE CHICO,False,False,True,True,40342.0,TRAZIDEX UNGENA 3.5 G,ABRIL,0.810349246,131494.88,156358.3363,126704.86,19,14
PHARMA - Z3,ASOCIACION PERUANO JAPONESA,AGGLAD,5,MAY,0.0,65,Z3,NORTE CHICO,False,False,True,True,40351.0,AGGLAD OFTENO 5 ML,MAYO,0.670022241,26193.67,120891.2407,80999.82,19,0
PHARMA - Z3,ASOCIACION PERUANO JAPONESA,AQUADRAN,5,MAY,0.0,20,Z3,NORTE CHICO,False,False,True,True,41945.0,AQUADRAN 10G,MAYO,1.308504351,13786.2,35738.51318,46764.0,19,1
PHARMA - Z3,ASOCIACION PERUANO JAPONESA,ELAR-B,5,MAY,288.0,5,Z3,NORTE CHICO,False,False,True,False,42098.0,ELAR-B 5 ML,MAYO,0.690959707,0.0,24407.71845,16864.75,19,3
PHARMA - Z3,ASOCIACION PERUANO JAPONESA,ELIPTIC PF,5,MAY,0.0,60,Z3,NORTE CHICO,False,False,True,True,41561.0,ELIPTIC OFTENO 5ML PF PERU,MAYO,0.635068724,11669.87,74583.69182,47365.77,19,5
PHARMA - Z3,ASOCIACION PERUANO JAPONESA,FLUMETOL NF,5,MAY,0.0,30,Z3,NORTE CHICO,False,False,True,True,40513.0,FLUMETOL NF OFTENO 5ML,MAYO,1.182290501,84208.66,107397.8095,126975.41,19,6
PHARMA - Z3,ASOCIACION PERUANO JAPONESA,GAAP PF,5,MAY,0.0,80,Z3,NORTE CHICO,False,False,True,True,41567.0,GAAP OFTENO LIBRE DE CONSER PF 3 ML PERU,MAYO,0.695728383,103158.58,97315.99528,67705.5,19,8
PHARMA - Z3,ASOCIACION PERUANO JAPONESA,LAGRICEL,5,MAY,0.0,35,Z3,NORTE CHICO,False,False,True,True,40515.0,LAGRICEL OFTENO 0.5 ML,MAYO,0.714118093,158816.35,174961.4402,124943.13,19,9
PHARMA - Z3,ASOCIACION PERUANO JAPONESA,LAGRICEL PF,5,MAY,0.0,90,Z3,NORTE CHICO,False,False,True,True,41582.0,LAGRICEL OFTENO LIBRE DE CONSERVADORES (PF) 10 ML,MAYO,0.852391423,198666.14,261957.3873,223290.23,19,10
PHARMA - Z3,ASOCIACION PERUANO JAPONESA,SOPHIPREN,5,MAY,466.0,11,Z3,NORTE CHICO,False,False,True,False,40338.0,SOPHIPREN OFTENO 5 ML,MAYO,0.947602386,43314.92,59671.10342,56544.48,19,12
PHARMA - Z3,ASOCIACION PERUANO JAPONESA,TRAZIDEX O,5,MAY,556.0,10,Z3,NORTE CHICO,False,False,True,False,40341.0,TRAZIDEX OFTENO 5 ML.,MAYO,0.725790194,64098.19,101185.0264,73439.1,19,13
PHARMA - Z3,ASOCIACION PERUANO JAPONESA,TRAZIDEX U,5,MAY,0.0,115,Z3,NORTE CHICO,False,False,True,True,40342.0,TRAZIDEX UNGENA 3.5 G,MAYO,0.799544258,131001.94,156358.3363,125015.41,19,14
PHARMA - Z3,ASOCIACION PERUANO JAPONESA,AGGLAD,6,JUN,0.0,70,Z3,NORTE CHICO,False,False,True,True,40351.0,AGGLAD OFTENO 5 ML,JUNIO,-0.235301917,20271.95,120891.2407,92445.3,19,0
PHARMA - Z3,ASOCIACION PERUANO JAPONESA,AQUADRAN,6,JUN,0.0,30,Z3,NORTE CHICO,False,False,True,True,41945.0,AQUADRAN 10G,JUNIO,0.329694376,15957.0,35738.51318,47521.3,19,1
PHARMA - Z3,ASOCIACION PERUANO JAPONESA,ELIPTIC PF,6,JUN,0.0,100,Z3,NORTE CHICO,False,False,True,True,41561.0,ELIPTIC OFTENO 5ML PF PERU,JUNIO,-0.431896719,12781.68,74583.69182,42371.24,19,5
PHARMA - Z3,ASOCIACION PERUANO JAPONESA,FLUMETOL NF,6,JUN,180.0,4,Z3,NORTE CHICO,False,False,True,False,40513.0,FLUMETOL NF OFTENO 5ML,JUNIO,0.071788154,87288.94,107397.8095,115107.7,19,6
PHARMA - Z3,ASOCIACION PERUANO JAPONESA,GAAP PF,6,JUN,0.0,100,Z3,NORTE CHICO,False,False,True,True,41567.0,GAAP OFTENO LIBRE DE CONSER PF 3 ML PERU,JUNIO,-0.151410313,75783.27,97315.99528,82581.35,19,8
PHARMA - Z3,ASOCIACION PERUANO JAPONESA,LAGRICEL,6,JUN,0.0,20,Z3,NORTE CHICO,False,False,True,True,40515.0,LAGRICEL OFTENO 0.5 ML,JUNIO,-0.157973323,129483.27,174961.4402,147322.2,19,9
PHARMA - Z3,ASOCIACION PERUANO JAPONESA,LAGRICEL PF,6,JUN,0.0,110,Z3,NORTE CHICO,False,False,True,True,41582.0,LAGRICEL OFTENO LIBRE DE CONSERVADORES (PF) 10 ML,JUNIO,-0.085958779,182516.9,261957.3873,239439.85,19,10
PHARMA - Z3,ASOCIACION PERUANO JAPONESA,LANDAX,6,JUN,93.0,2,Z3,NORTE CHICO,False,False,True,False,41804.0,LANDAX 5ML,JUNIO,-0.340308868,5574.56,22304.8625,14714.32,19,11
PHARMA - Z3,ASOCIACION PERUANO JAPONESA,TRAZIDEX O,6,JUN,0.0,40,Z3,NORTE CHICO,False,False,True,True,40341.0,TRAZIDEX OFTENO 5 ML.,JUNIO,-0.192738462,70697.29,101185.0264,81682.78,19,13
PHARMA - Z3,ASOCIACION PERUANO JAPONESA,TRAZIDEX U,6,JUN,0.0,35,Z3,NORTE CHICO,False,False,True,True,40342.0,TRAZIDEX UNGENA 3.5 G,JUNIO,-0.144707451,114383.92,156358.3363,133732.12,19,14
PHARMA - Z3,ASOCIACION PERUANO JAPONESA,AGGLAD,7,JUL,978.0,20,Z3,NORTE CHICO,False,False,True,False,40351.0,AGGLAD OFTENO 5 ML,JULIO,-0.863449228,29784.66,133581.4492,18240.65,19,0
PHARMA - Z3,ASOCIACION PERUANO JAPONESA,ELAR-B,7,JUL,460.0,8,Z3,NORTE CHICO,False,False,True,False,42098.0,ELAR-B 5 ML,JULIO,-0.748065157,0.0,26863.09645,6767.75,19,3
PHARMA - Z3,ASOCIACION PERUANO JAPONESA,ELIPTIC PF,7,JUL,0.0,50,Z3,NORTE CHICO,False,False,True,True,41561.0,ELIPTIC OFTENO 5ML PF PERU,JULIO,-0.90997274,15960.78,82368.2735,7415.39,19,5
PHARMA - Z3,ASOCIACION PERUANO JAPONESA,FLUMETOL NF,7,JUL,270.0,6,Z3,NORTE CHICO,False,False,True,False,40513.0,FLUMETOL NF OFTENO 5ML,JULIO,-0.833324001,99312.38,119092.4315,19849.85,19,6
PHARMA - Z3,ASOCIACION PERUANO JAPONESA,GAAP PF,7,JUL,0.0,80,Z3,NORTE CHICO,False,False,True,True,41567.0,GAAP OFTENO LIBRE DE CONSER PF 3 ML PERU,JULIO,-0.767903816,96163.14,107619.8651,24978.16,19,8
PHARMA - Z3,ASOCIACION PERUANO JAPONESA,LAGRICEL,7,JUL,563.0,10,Z3,NORTE CHICO,False,False,True,False,40515.0,LAGRICEL OFTENO 0.5 ML,JULIO,-0.84932888,184824.49,193086.8374,29092.61,19,9
PHARMA - Z3,ASOCIACION PERUANO JAPONESA,LAGRICEL PF,7,JUL,0.0,30,Z3,NORTE CHICO,False,False,True,True,41582.0,LAGRICEL OFTENO LIBRE DE CONSERVADORES (PF) 10 ML,JULIO,-0.871300153,205886.66,289507.1807,37259.53,19,10
PHARMA - Z3,ASOCIACION PERUANO JAPONESA,TRAZIDEX U,7,JUL,561.0,10,Z3,NORTE CHICO,False,False,True,False,40342.0,TRAZIDEX UNGENA 3.5 G,JULIO,-0.835453002,134186.98,172706.827,28418.39,19,14
PHARMA - S,ASOCIACION PRO ESPIRITU SANTO,AGGLAD,1,ENE,1100.52,20,S,CADENAS,False,False,True,False,40351.0,AGGLAD OFTENO 5 ML,ENERO,1.0,22534.35,110094.81,110094.81,20,0
PHARMA - S,ASOCIACION PRO ESPIRITU SANTO,AQUADRAN,1,ENE,810.0,15,S,CADENAS,False,False,True,False,41945.0,AQUADRAN 10G,ENERO,1.0,3348.0,44517.6,44517.6,20,1
PHARMA - S,ASOCIACION PRO ESPIRITU SANTO,ELIPTIC PF,1,ENE,679.32,20,S,CADENAS,False,False,True,False,41561.0,ELIPTIC OFTENO 5ML PF PERU,ENERO,1.0,16201.95,62857.68,62857.68,20,5
PHARMA - S,ASOCIACION PRO ESPIRITU SANTO,AGGLAD,2,FEB,825.39,15,S,CADENAS,False,False,True,False,40351.0,AGGLAD OFTENO 5 ML,FEBRERO,0.96716156,31785.06,114546.1364,110784.62,20,0
PHARMA - S,ASOCIACION PRO ESPIRITU SANTO,AQUADRAN,2,FEB,1620.0,30,S,CADENAS,False,False,True,False,41945.0,AQUADRAN 10G,FEBRERO,1.033824379,13176.0,33810.57818,34954.2,20,1
PHARMA - S,ASOCIACION PRO ESPIRITU SANTO,ELIPTIC PF,2,FEB,509.5,15,S,CADENAS,False,False,True,False,41561.0,ELIPTIC OFTENO 5ML PF PERU,FEBRERO,0.876631233,16081.78,70691.40098,61970.29,20,5
PHARMA - S,ASOCIACION PRO ESPIRITU SANTO,AGGLAD,3,MAR,1100.52,20,S,CADENAS,False,False,True,False,40351.0,AGGLAD OFTENO 5 ML,MARZO,0.708033745,31785.06,114546.1364,81102.53,20,0
PHARMA - S,ASOCIACION PRO ESPIRITU SANTO,AGGLAD,4,ABR,825.0,15,S,CADENAS,False,False,True,False,40351.0,AGGLAD OFTENO 5 ML,ABRIL,0.757043269,24635.46,120891.2407,91519.9,20,0
PHARMA - S,ASOCIACION PRO ESPIRITU SANTO,ELIPTIC PF,4,ABR,510.0,15,S,CADENAS,False,False,True,False,41561.0,ELIPTIC OFTENO 5ML PF PERU,ABRIL,0.502083754,28406.63,74583.69182,37447.26,20,5
PHARMA - S,ASOCIACION PRO ESPIRITU SANTO,AGGLAD,5,MAY,825.0,15,S,CADENAS,False,False,True,False,40351.0,AGGLAD OFTENO 5 ML,MAYO,0.670022241,26193.67,120891.2407,80999.82,20,0
PHARMA - S,ASOCIACION PRO ESPIRITU SANTO,AQUADRAN,5,MAY,810.0,15,S,CADENAS,False,False,True,False,41945.0,AQUADRAN 10G,MAYO,1.308504351,13786.2,35738.51318,46764.0,20,1
PHARMA - S,ASOCIACION PRO ESPIRITU SANTO,ELIPTIC PF,5,MAY,0.0,30,S,CADENAS,False,False,True,True,41561.0,ELIPTIC OFTENO 5ML PF PERU,MAYO,0.635068724,11669.87,74583.69182,47365.77,20,5
PHARMA - S,ASOCIACION PRO ESPIRITU SANTO,TRAZIDEX U,5,MAY,842.0,20,S,CADENAS,False,False,True,False,40342.0,TRAZIDEX UNGENA 3.5 G,MAYO,0.799544258,131001.94,156358.3363,125015.41,20,14
PHARMA - S,ASOCIACION PRO ESPIRITU SANTO,AGGLAD,6,JUN,550.0,10,S,CADENAS,False,False,True,False,40351.0,AGGLAD OFTENO 5 ML,JUNIO,-0.235301917,20271.95,120891.2407,92445.3,20,0
PHARMA - S,ASOCIACION PRO ESPIRITU SANTO,AQUADRAN,6,JUN,810.0,15,S,CADENAS,False,False,True,False,41945.0,AQUADRAN 10G,JUNIO,0.329694376,15957.0,35738.51318,47521.3,20,1
PHARMA - S,ASOCIACION PRO ESPIRITU SANTO,ELIPTIC PF,6,JUN,510.0,15,S,CADENAS,False,False,True,False,41561.0,ELIPTIC OFTENO 5ML PF PERU,JUNIO,-0.431896719,12781.68,74583.69182,42371.24,20,5
PHARMA - Z2,BARRANTES RAMIREZ ELENA JESUS AMERICA,FLUMETOL NF,1,ENE,245.01,6,Z2,CALLAO,False,False,True,False,40513.0,FLUMETOL NF OFTENO 5ML,ENERO,1.0,106644.0,144656.97,144656.97,21,6
PHARMA - Z2,BARRANTES RAMIREZ ELENA JESUS AMERICA,LAGRICEL PF,1,ENE,858.89,18,Z2,CALLAO,False,False,True,False,41582.0,LAGRICEL OFTENO LIBRE DE CONSERVADORES (PF) 10 ML,ENERO,1.0,241357.65,244552.3,244552.3,21,10
PHARMA - Z2,BARRANTES RAMIREZ ELENA JESUS AMERICA,TRAZIDEX O,1,ENE,277.83,6,Z2,CALLAO,False,False,True,False,40341.0,TRAZIDEX OFTENO 5 ML.,ENERO,1.0,107782.12,170736.47,170736.47,21,13
PHARMA - Z2,BARRANTES RAMIREZ ELENA JESUS AMERICA,TRAZIDEX U,1,ENE,280.53,6,Z2,CALLAO,False,False,True,False,40342.0,TRAZIDEX UNGENA 3.5 G,ENERO,1.0,127130.48,135275.35,135275.35,21,14
PHARMA - Z2,BARRANTES RAMIREZ ELENA JESUS AMERICA,FLUMETOL NF,2,FEB,245.01,6,Z2,CALLAO,False,False,True,False,40513.0,FLUMETOL NF OFTENO 5ML,FEBRERO,1.285457107,84540.52,101550.4985,130538.81,21,6
PHARMA - Z2,BARRANTES RAMIREZ ELENA JESUS AMERICA,LAGRICEL PF,2,FEB,286.3,6,Z2,CALLAO,False,False,True,False,41582.0,LAGRICEL OFTENO LIBRE DE CONSERVADORES (PF) 10 ML,FEBRERO,1.01762066,244371.43,248182.4906,252555.63,21,10
PHARMA - Z2,BARRANTES RAMIREZ ELENA JESUS AMERICA,TRAZIDEX O,2,FEB,277.83,6,Z2,CALLAO,False,False,True,False,40341.0,TRAZIDEX OFTENO 5 ML.,FEBRERO,0.868398954,99642.69,95524.58531,82953.45,21,13
PHARMA - Z2,BARRANTES RAMIREZ ELENA JESUS AMERICA,TRAZIDEX U,2,FEB,280.53,6,Z2,CALLAO,False,False,True,False,40342.0,TRAZIDEX UNGENA 3.5 G,FEBRERO,0.737379291,111697.65,148184.091,109267.88,21,14
PHARMA - Z2,BARRANTES RAMIREZ ELENA JESUS AMERICA,LAGRICEL PF,3,MAR,572.59,12,Z2,CALLAO,False,False,True,False,41582.0,LAGRICEL OFTENO LIBRE DE CONSERVADORES (PF) 10 ML,MARZO,1.041573922,244371.43,248182.4906,258500.41,21,10
PHARMA - Z2,BARRANTES RAMIREZ ELENA JESUS AMERICA,TRAZIDEX U,3,MAR,561.06,12,Z2,CALLAO,False,False,True,False,40342.0,TRAZIDEX UNGENA 3.5 G,MARZO,0.890660186,111697.65,148184.091,131981.67,21,14
PHARMA - Z2,BARRANTES RAMIREZ ELENA JESUS AMERICA,LAGRICEL PF,4,ABR,573.0,12,Z2,CALLAO,False,False,True,False,41582.0,LAGRICEL OFTENO LIBRE DE CONSERVADORES (PF) 10 ML,ABRIL,1.234011277,222585.45,261957.3873,323258.37,21,10
PHARMA - Z2,BARRANTES RAMIREZ ELENA JESUS AMERICA,LANDAX,4,ABR,252.0,6,Z2,CALLAO,False,False,True,False,41804.0,LANDAX 5ML,ABRIL,0.967730243,9326.66,22304.8625,21585.09,21,11
PHARMA - Z2,BARRANTES RAMIREZ ELENA JESUS AMERICA,TRAZIDEX U,4,ABR,561.0,12,Z2,CALLAO,False,False,True,False,40342.0,TRAZIDEX UNGENA 3.5 G,ABRIL,0.810349246,131494.88,156358.3363,126704.86,21,14
PHARMA - N1,"BENEL PEREZ,DENNY JAVIER",FLUMETOL NF,1,ENE,898.37,20,N1,CHICLAYO,False,False,True,False,40513.0,FLUMETOL NF OFTENO 5ML,ENERO,1.0,106644.0,144656.97,144656.97,22,6
PHARMA - N1,"BENEL PEREZ,DENNY JAVIER",TRAZIDEX U,1,ENE,1028.61,20,N1,CHICLAYO,False,False,True,False,40342.0,TRAZIDEX UNGENA 3.5 G,ENERO,1.0,127130.48,135275.35,135275.35,22,14
PHARMA - N1,"BENEL PEREZ,DENNY JAVIER",LAGRICEL PF,2,FEB,574.64,12,N1,CHICLAYO,False,False,True,False,41582.0,LAGRICEL OFTENO LIBRE DE CONSERVADORES (PF) 10 ML,FEBRERO,1.01762066,244371.43,248182.4906,252555.63,22,10
PHARMA - N1,"BENEL PEREZ,DENNY JAVIER",LAGRICEL PF,3,MAR,477.16,10,N1,CHICLAYO,False,False,True,False,41582.0,LAGRICEL OFTENO LIBRE DE CONSERVADORES (PF) 10 ML,MARZO,1.041573922,244371.43,248182.4906,258500.41,22,10
PHARMA - N1,"BENEL PEREZ,DENNY JAVIER",TRAZIDEX U,3,MAR,771.46,15,N1,CHICLAYO,False,False,True,False,40342.0,TRAZIDEX UNGENA 3.5 G,MARZO,0.890660186,111697.65,148184.091,131981.67,22,14
PHARMA - N1,"BENEL PEREZ,DENNY JAVIER",FLUMETOL NF,4,ABR,539.0,12,N1,CHICLAYO,False,False,True,False,40513.0,FLUMETOL NF OFTENO 5ML,ABRIL,1.22328994,97096.28,107397.8095,131378.66,22,6
PHARMA - N1,"BENEL PEREZ,DENNY JAVIER",LAGRICEL PF,5,MAY,954.0,20,N1,CHICLAYO,False,False,True,False,41582.0,LAGRICEL OFTENO LIBRE DE CONSERVADORES (PF) 10 ML,MAYO,0.852391423,198666.14,261957.3873,223290.23,22,10
PHARMA - N1,"BENEL PEREZ,DENNY JAVIER",FLUMETOL NF,6,JUN,674.0,15,N1,CHICLAYO,False,False,True,False,40513.0,FLUMETOL NF OFTENO 5ML,JUNIO,0.071788154,87288.94,107397.8095,115107.7,22,6
PHARMA - N1,"BENEL PEREZ,DENNY JAVIER",LAGRICEL PF,6,JUN,716.0,15,N1,CHICLAYO,False,False,True,False,41582.0,LAGRICEL OFTENO LIBRE DE CONSERVADORES (PF) 10 ML,JUNIO,-0.085958779,182516.9,261957.3873,239439.85,22,10
PHARMA - N1,"BENEL PEREZ,DENNY JAVIER",TRAZIDEX U,6,JUN,771.0,15,N1,CHICLAYO,False,False,True,False,40342.0,TRAZIDEX UNGENA 3.5 G,JUNIO,-0.144707451,114383.92,156358.3363,133732.12,22,14
PHARMA - N2,BIG PROYECTS S.A.C.,AGGLAD,1,ENE,134.51,2,N2,TRUJILLO,False,False,True,False,40351.0,AGGLAD OFTENO 5 ML,ENERO,1.0,22534.35,110094.81,110094.81,23,0
PHARMA - N2,BIG PROYECTS S.A.C.,GAAP,2,FEB,192.57,2,N2,TRUJILLO,False,False,True,False,40498.0,GAAP OFTENO 3 ML,FEBRERO,0.873555976,85355.44,97172.18164,84885.34,23,7
PHARMA - N2,BIG PROYECTS S.A.C.,LAGRICEL,2,FEB,51.18,1,N2,TRUJILLO,False,False,True,False,40515.0,LAGRICEL OFTENO 0.5 ML,FEBRERO,0.970823097,194840.09,165898.7416,161058.33,23,9
PHARMA - N2,BIG PROYECTS S.A.C.,LAGRICEL PF,2,FEB,1306.52,23,N2,TRUJILLO,False,False,True,False,41582.0,LAGRICEL OFTENO LIBRE DE CONSERVADORES (PF) 10 ML,FEBRERO,1.01762066,244371.43,248182.4906,252555.63,23,10
PHARMA - N2,BIG PROYECTS S.A.C.,TRAZIDEX O,2,FEB,254.68,5,N2,TRUJILLO,False,False,True,False,40341.0,TRAZIDEX OFTENO 5 ML.,FEBRERO,0.868398954,99642.69,95524.58531,82953.45,23,13
PHARMA - N2,BIG PROYECTS S.A.C.,TRAZIDEX U,2,FEB,1080.04,21,N2,TRUJILLO,False,False,True,False,40342.0,TRAZIDEX UNGENA 3.5 G,FEBRERO,0.737379291,111697.65,148184.091,109267.88,23,14
PHARMA - N2,BIG PROYECTS S.A.C.,GAAP,3,MAR,192.57,2,N2,TRUJILLO,False,False,True,False,40498.0,GAAP OFTENO 3 ML,MARZO,0.701456825,85355.44,97172.18164,68162.09,23,7
PHARMA - N2,BIG PROYECTS S.A.C.,LAGRICEL PF,3,MAR,795.28,14,N2,TRUJILLO,False,False,True,False,41582.0,LAGRICEL OFTENO LIBRE DE CONSERVADORES (PF) 10 ML,MARZO,1.041573922,244371.43,248182.4906,258500.41,23,10
PHARMA - N2,BIG PROYECTS S.A.C.,SOPHIPREN,3,MAR,93.18,2,N2,TRUJILLO,False,False,True,False,40338.0,SOPHIPREN OFTENO 5 ML,MARZO,1.018181783,39394.05,56555.62783,57583.91,23,12
PHARMA - N2,BIG PROYECTS S.A.C.,TRAZIDEX O,3,MAR,101.88,2,N2,TRUJILLO,False,False,True,False,40341.0,TRAZIDEX OFTENO 5 ML.,MARZO,0.841410928,99642.69,95524.58531,80375.43,23,13
PHARMA - N2,BIG PROYECTS S.A.C.,TRAZIDEX U,3,MAR,1182.9,23,N2,TRUJILLO,False,False,True,False,40342.0,TRAZIDEX UNGENA 3.5 G,MARZO,0.890660186,111697.65,148184.091,131981.67,23,14
PHARMA - N2,BIG PROYECTS S.A.C.,FLUMETOL NF,4,ABR,45.0,1,N2,TRUJILLO,False,False,True,False,40513.0,FLUMETOL NF OFTENO 5ML,ABRIL,1.22328994,97096.28,107397.8095,131378.66,23,6
PHARMA - N2,BIG PROYECTS S.A.C.,LAGRICEL,4,ABR,102.0,2,N2,TRUJILLO,False,False,True,False,40515.0,LAGRICEL OFTENO 0.5 ML,ABRIL,0.760754197,152829.6,174961.4402,133102.65,23,9
PHARMA - N2,BIG PROYECTS S.A.C.,LAGRICEL PF,4,ABR,0.0,21,N2,TRUJILLO,False,False,True,True,41582.0,LAGRICEL OFTENO LIBRE DE CONSERVADORES (PF) 10 ML,ABRIL,1.234011277,222585.45,261957.3873,323258.37,23,10
PHARMA - N2,BIG PROYECTS S.A.C.,SOPHIPREN,4,ABR,233.0,5,N2,TRUJILLO,False,False,True,False,40338.0,SOPHIPREN OFTENO 5 ML,ABRIL,1.125758804,51339.43,59671.10342,67175.27,23,12
PHARMA - N2,BIG PROYECTS S.A.C.,TRAZIDEX O,4,ABR,357.0,7,N2,TRUJILLO,False,False,True,False,40341.0,TRAZIDEX OFTENO 5 ML.,ABRIL,0.966120714,91975.94,101185.0264,97756.95,23,13
PHARMA - N2,BIG PROYECTS S.A.C.,TRAZIDEX U,4,ABR,771.0,15,N2,TRUJILLO,False,False,True,False,40342.0,TRAZIDEX UNGENA 3.5 G,ABRIL,0.810349246,131494.88,156358.3363,126704.86,23,14
PHARMA - N2,BIG PROYECTS S.A.C.,FLUMETOL NF,5,MAY,225.0,5,N2,TRUJILLO,False,False,True,False,40513.0,FLUMETOL NF OFTENO 5ML,MAYO,1.182290501,84208.66,107397.8095,126975.41,23,6
PHARMA - N2,BIG PROYECTS S.A.C.,GAAP,5,MAY,96.0,1,N2,TRUJILLO,False,False,True,False,40498.0,GAAP OFTENO 3 ML,MAYO,0.567550546,86214.37,102582.687,58220.86,23,7
PHARMA - N2,BIG PROYECTS S.A.C.,LAGRICEL,5,MAY,154.0,3,N2,TRUJILLO,False,False,True,False,40515.0,LAGRICEL OFTENO 0.5 ML,MAYO,0.714118093,158816.35,174961.4402,124943.13,23,9
PHARMA - N2,BIG PROYECTS S.A.C.,LAGRICEL PF,5,MAY,852.0,15,N2,TRUJILLO,False,False,True,False,41582.0,LAGRICEL OFTENO LIBRE DE CONSERVADORES (PF) 10 ML,MAYO,0.852391423,198666.14,261957.3873,223290.23,23,10
PHARMA - N2,BIG PROYECTS S.A.C.,SOPHIPREN,5,MAY,233.0,5,N2,TRUJILLO,False,False,True,False,40338.0,SOPHIPREN OFTENO 5 ML,MAYO,0.947602386,43314.92,59671.10342,56544.48,23,12
PHARMA - N2,BIG PROYECTS S.A.C.,TRAZIDEX O,5,MAY,306.0,6,N2,TRUJILLO,False,False,True,False,40341.0,TRAZIDEX OFTENO 5 ML.,MAYO,0.725790194,64098.19,101185.0264,73439.1,23,13
PHARMA - N2,BIG PROYECTS S.A.C.,TRAZIDEX U,5,MAY,823.0,16,N2,TRUJILLO,False,False,True,False,40342.0,TRAZIDEX UNGENA 3.5 G,MAYO,0.799544258,131001.94,156358.3363,125015.41,23,14
PHARMA - N2,BIG PROYECTS S.A.C.,FLUMETOL NF,6,JUN,225.0,5,N2,TRUJILLO,False,False,True,False,40513.0,FLUMETOL NF OFTENO 5ML,JUNIO,0.071788154,87288.94,107397.8095,115107.7,23,6
PHARMA - N2,BIG PROYECTS S.A.C.,GAAP,6,JUN,193.0,2,N2,TRUJILLO,False,False,True,False,40498.0,GAAP OFTENO 3 ML,JUNIO,-0.271295457,79907.03,102582.687,74752.47,23,7
PHARMA - N2,BIG PROYECTS S.A.C.,GAAP PF,6,JUN,198.0,2,N2,TRUJILLO,False,False,True,False,41567.0,GAAP OFTENO LIBRE DE CONSER PF 3 ML PERU,JUNIO,-0.151410313,75783.27,97315.99528,82581.35,23,8
PHARMA - N2,BIG PROYECTS S.A.C.,LAGRICEL,6,JUN,409.0,8,N2,TRUJILLO,False,False,True,False,40515.0,LAGRICEL OFTENO 0.5 ML,JUNIO,-0.157973323,129483.27,174961.4402,147322.2,23,9
PHARMA - N2,BIG PROYECTS S.A.C.,LAGRICEL PF,6,JUN,682.0,12,N2,TRUJILLO,False,False,True,False,41582.0,LAGRICEL OFTENO LIBRE DE CONSERVADORES (PF) 10 ML,JUNIO,-0.085958779,182516.9,261957.3873,239439.85,23,10
PHARMA - N2,BIG PROYECTS S.A.C.,SOPHIPREN,6,JUN,652.0,14,N2,TRUJILLO,False,False,True,False,40338.0,SOPHIPREN OFTENO 5 ML,JUNIO,0.072135193,48676.87,59671.10342,63975.49,23,12
PHARMA - N2,BIG PROYECTS S.A.C.,TRAZIDEX O,6,JUN,204.0,4,N2,TRUJILLO,False,False,True,False,40341.0,TRAZIDEX OFTENO 5 ML.,JUNIO,-0.192738462,70697.29,101185.0264,81682.78,23,13
PHARMA - N2,BIG PROYECTS S.A.C.,TRAZIDEX U,6,JUN,0.0,27,N2,TRUJILLO,False,False,True,True,40342.0,TRAZIDEX UNGENA 3.5 G,JUNIO,-0.144707451,114383.92,156358.3363,133732.12,23,14
PHARMA - N2,BIG PROYECTS S.A.C.,LAGRICEL PF,7,JUL,341.0,6,N2,TRUJILLO,False,False,True,False,41582.0,LAGRICEL OFTENO LIBRE DE CONSERVADORES (PF) 10 ML,JULIO,-0.871300153,205886.66,289507.1807,37259.53,23,10
PHARMA - N2,BIG PROYECTS S.A.C.,TRAZIDEX U,7,JUL,154.0,3,N2,TRUJILLO,False,False,True,False,40342.0,TRAZIDEX UNGENA 3.5 G,JULIO,-0.835453002,134186.98,172706.827,28418.39,23,14
PHARMA - N1,BM CLINICA DE OJOS S.A.C.,FLUMETOL NF,1,ENE,612.53,15,N1,CHICLAYO,False,False,True,False,40513.0,FLUMETOL NF OFTENO 5ML,ENERO,1.0,106644.0,144656.97,144656.97,24,6
PHARMA - N1,BM CLINICA DE OJOS S.A.C.,GAAP,1,ENE,1925.85,25,N1,CHICLAYO,False,False,True,False,40498.0,GAAP OFTENO 3 ML,ENERO,1.0,101352.36,99775.16,99775.16,24,7
PHARMA - N2,BM CLINICA DE OJOS S.A.C.,LAGRICEL,1,ENE,393.02,8,N2,TRUJILLO,False,False,True,False,40515.0,LAGRICEL OFTENO 0.5 ML,ENERO,1.0,154236.51,132452.04,132452.04,24,9
PHARMA - N1,BM CLINICA DE OJOS S.A.C.,TRAZIDEX O,1,ENE,250.05,6,N1,CHICLAYO,False,False,True,False,40341.0,TRAZIDEX OFTENO 5 ML.,ENERO,1.0,107782.12,170736.47,170736.47,24,13
PHARMA - N1,BM CLINICA DE OJOS S.A.C.,TRAZIDEX U,2,FEB,420.8,10,N1,CHICLAYO,False,False,True,False,40342.0,TRAZIDEX UNGENA 3.5 G,FEBRERO,0.737379291,111697.65,148184.091,109267.88,24,14
PHARMA - N2,BM CLINICA DE OJOS S.A.C.,TRAZIDEX U,2,FEB,841.59,20,N2,TRUJILLO,False,False,True,False,40342.0,TRAZIDEX UNGENA 3.5 G,FEBRERO,0.737379291,111697.65,148184.091,109267.88,24,14
PHARMA - N1,BM CLINICA DE OJOS S.A.C.,GAAP,3,MAR,1155.4,15,N1,CHICLAYO,False,False,True,False,40498.0,GAAP OFTENO 3 ML,MARZO,0.701456825,85355.44,97172.18164,68162.09,24,7
PHARMA - N1,BM CLINICA DE OJOS S.A.C.,FLUMETOL NF,4,ABR,490.0,12,N1,CHICLAYO,False,False,True,False,40513.0,FLUMETOL NF OFTENO 5ML,ABRIL,1.22328994,97096.28,107397.8095,131378.66,24,6
PHARMA - N1,BM CLINICA DE OJOS S.A.C.,TRAZIDEX U,4,ABR,842.0,20,N1,CHICLAYO,False,False,True,False,40342.0,TRAZIDEX UNGENA 3.5 G,ABRIL,0.810349246,131494.88,156358.3363,126704.86,24,14
PHARMA - N1,BM CLINICA DE OJOS S.A.C.,FLUMETOL NF,5,MAY,490.0,12,N1,CHICLAYO,False,False,True,False,40513.0,FLUMETOL NF OFTENO 5ML,MAYO,1.182290501,84208.66,107397.8095,126975.41,24,6
PHARMA - N1,BM CLINICA DE OJOS S.A.C.,TRAZIDEX U,5,MAY,0.0,40,N1,CHICLAYO,False,False,True,True,40342.0,TRAZIDEX UNGENA 3.5 G,MAYO,0.799544258,131001.94,156358.3363,125015.41,24,14
PHARMA - N1,BM CLINICA DE OJOS S.A.C.,AQUADRAN,6,JUN,756.0,14,N1,CHICLAYO,False,False,True,False,41945.0,AQUADRAN 10G,JUNIO,0.329694376,15957.0,35738.51318,47521.3,24,1
PHARMA - N1,BM CLINICA DE OJOS S.A.C.,GAAP,6,JUN,924.0,12,N1,CHICLAYO,False,False,True,False,40498.0,GAAP OFTENO 3 ML,JUNIO,-0.271295457,79907.03,102582.687,74752.47,24,7
PHARMA - N1,BM CLINICA DE OJOS S.A.C.,TRAZIDEX O,6,JUN,667.0,16,N1,CHICLAYO,False,False,True,False,40341.0,TRAZIDEX OFTENO 5 ML.,JUNIO,-0.192738462,70697.29,101185.0264,81682.78,24,13
PHARMA - N1,BM CLINICA DE OJOS S.A.C.,TRAZIDEX U,6,JUN,842.0,20,N1,CHICLAYO,False,False,True,False,40342.0,TRAZIDEX UNGENA 3.5 G,JUNIO,-0.144707451,114383.92,156358.3363,133732.12,24,14
PHARMA - Z3,BORDA BELIZARIO VLADIMIR,FLUMETOL NF,3,MAR,408.35,10,Z3,NORTE CHICO,False,False,True,False,40513.0,FLUMETOL NF OFTENO 5ML,MARZO,1.399890715,84540.52,101550.4985,142159.6,25,6
PHARMA - Z3,BORDA BELIZARIO VLADIMIR,TRAZIDEX O,3,MAR,463.05,10,Z3,NORTE CHICO,False,False,True,False,40341.0,TRAZIDEX OFTENO 5 ML.,MARZO,0.841410928,99642.69,95524.58531,80375.43,25,13
PHARMA - Z3,BORDA BELIZARIO VLADIMIR,LAGRICEL PF,4,ABR,954.0,20,Z3,NORTE CHICO,False,False,True,False,41582.0,LAGRICEL OFTENO LIBRE DE CONSERVADORES (PF) 10 ML,ABRIL,1.234011277,222585.45,261957.3873,323258.37,25,10
PHARMA - Z3,BORDA BELIZARIO VLADIMIR,SOPHIPREN,4,ABR,847.0,20,Z3,NORTE CHICO,False,False,True,False,40338.0,SOPHIPREN OFTENO 5 ML,ABRIL,1.125758804,51339.43,59671.10342,67175.27,25,12
PHARMA - Z3,BOTICA EL GALENO S.A.C.,LAGRICEL PF,6,JUN,286.0,6,Z3,NORTE CHICO,False,False,True,False,41582.0,LAGRICEL OFTENO LIBRE DE CONSERVADORES (PF) 10 ML,JUNIO,-0.085958779,182516.9,261957.3873,239439.85,26,10
PHARMA - Z3,BOTICA EL GALENO S.A.C.,SOPHIPREN,6,JUN,254.0,6,Z3,NORTE CHICO,False,False,True,False,40338.0,SOPHIPREN OFTENO 5 ML,JUNIO,0.072135193,48676.87,59671.10342,63975.49,26,12
PHARMA - Z3,BOTICA EL GALENO S.A.C.,ZEBESTEN,6,JUN,295.0,6,Z3,NORTE CHICO,False,False,True,False,41604.0,ZEBESTEN 5ML PERU,JUNIO,0.156870039,15690.19,29060.89609,33619.68,26,15
PHARMA - N2,BOTICA IBIS S.A.C.,AGGLAD,4,ABR,275.0,5,N2,TRUJILLO,False,False,True,False,40351.0,AGGLAD OFTENO 5 ML,ABRIL,0.757043269,24635.46,120891.2407,91519.9,27,0
PHARMA - N2,BOTICA IBIS S.A.C.,AQUADRAN,4,ABR,324.0,6,N2,TRUJILLO,False,False,True,False,41945.0,AQUADRAN 10G,ABRIL,1.367885669,18754.2,35738.51318,48886.2,27,1
PHARMA - N2,BOTICA IBIS S.A.C.,DUSTALOX,4,ABR,271.0,6,N2,TRUJILLO,False,False,True,False,41121.0,DUSTALOX 5ML,ABRIL,0.650326442,9428.91,11675.36719,7592.8,27,2
PHARMA - N2,BOTICA IBIS S.A.C.,ELAR-B,4,ABR,345.0,6,N2,TRUJILLO,False,False,True,False,42098.0,ELAR-B 5 ML,ABRIL,0.614395812,0.0,24407.71845,14996.0,27,3
PHARMA - N2,BOTICA IBIS S.A.C.,ELIPTIC PF,4,ABR,372.0,10,N2,TRUJILLO,False,False,True,False,41561.0,ELIPTIC OFTENO 5ML PF PERU,ABRIL,0.502083754,28406.63,74583.69182,37447.26,27,5
PHARMA - N2,BOTICA IBIS S.A.C.,FLUMETOL NF,4,ABR,225.0,5,N2,TRUJILLO,False,False,True,False,40513.0,FLUMETOL NF OFTENO 5ML,ABRIL,1.22328994,97096.28,107397.8095,131378.66,27,6
PHARMA - N2,BOTICA IBIS S.A.C.,GAAP PF,4,ABR,559.0,10,N2,TRUJILLO,False,False,True,False,41567.0,GAAP OFTENO LIBRE DE CONSER PF 3 ML PERU,ABRIL,0.580041645,82952.14,97315.99528,56447.33,27,8
PHARMA - N2,BOTICA IBIS S.A.C.,LAGRICEL PF,4,ABR,286.0,6,N2,TRUJILLO,False,False,True,False,41582.0,LAGRICEL OFTENO LIBRE DE CONSERVADORES (PF) 10 ML,ABRIL,1.234011277,222585.45,261957.3873,323258.37,27,10
PHARMA - N2,BOTICA IBIS S.A.C.,SOPHIPREN,4,ABR,280.0,6,N2,TRUJILLO,False,False,True,False,40338.0,SOPHIPREN OFTENO 5 ML,ABRIL,1.125758804,51339.43,59671.10342,67175.27,27,12
PHARMA - N2,BOTICA IBIS S.A.C.,ZEBESTEN,4,ABR,245.0,5,N2,TRUJILLO,False,False,True,False,41604.0,ZEBESTEN 5ML PERU,ABRIL,1.062586642,26953.56,29060.89609,30879.72,27,15
PHARMA - Z2,BOTIQUIN ENCARNACION JULIO OSWALDO,AGGLAD,2,FEB,330.16,6,Z2,CALLAO,False,False,True,False,40351.0,AGGLAD OFTENO 5 ML,FEBRERO,0.96716156,31785.06,114546.1364,110784.62,28,0
PHARMA - Z2,BOTIQUIN ENCARNACION JULIO OSWALDO,ELIPTIC PF,2,FEB,195.96,6,Z2,CALLAO,False,False,True,False,41561.0,ELIPTIC OFTENO 5ML PF PERU,FEBRERO,0.876631233,16081.78,70691.40098,61970.29,28,5
PHARMA - Z2,BREYA FERNANDEZ CESAR EFRAIN,DUSTALOX,3,MAR,205.1,5,Z2,CALLAO,False,False,True,False,41121.0,DUSTALOX 5ML,MARZO,0.887447361,6813.43,11070.27913,9824.29,29,2
PHARMA - Z2,BREYA FERNANDEZ CESAR EFRAIN,FLUMETOL NF,3,MAR,408.35,10,Z2,CALLAO,False,False,True,False,40513.0,FLUMETOL NF OFTENO 5ML,MARZO,1.399890715,84540.52,101550.4985,142159.6,29,6
PHARMA - Z2,BREYA FERNANDEZ CESAR EFRAIN,LAGRICEL,3,MAR,255.88,5,Z2,CALLAO,False,False,True,False,40515.0,LAGRICEL OFTENO 0.5 ML,MARZO,1.138987362,194840.09,165898.7416,188956.57,29,9
PHARMA - Z2,BREYA FERNANDEZ CESAR EFRAIN,SOPHIPREN,3,MAR,423.5,10,Z2,CALLAO,False,False,True,False,40338.0,SOPHIPREN OFTENO 5 ML,MARZO,1.018181783,39394.05,56555.62783,57583.91,29,12
PHARMA - Z1,BRITISH AMERICAN HOSPITAL S.A.,ELIPTIC PF,1,ENE,1358.66,26,Z1,LIMA,False,False,True,False,41561.0,ELIPTIC OFTENO 5ML PF PERU,ENERO,1.0,16201.95,62857.68,62857.68,30,5
PHARMA - Z1,BRITISH AMERICAN HOSPITAL S.A.,FLUMETOL NF,1,ENE,735.03,15,Z1,LIMA,False,False,True,False,40513.0,FLUMETOL NF OFTENO 5ML,ENERO,1.0,106644.0,144656.97,144656.97,30,6
PHARMA - Z1,BRITISH AMERICAN HOSPITAL S.A.,GAAP PF,1,ENE,360.62,4,Z1,LIMA,False,False,True,False,41567.0,GAAP OFTENO LIBRE DE CONSER PF 3 ML PERU,ENERO,1.0,67726.3,99013.28,99013.28,30,8
PHARMA - Z1,BRITISH AMERICAN HOSPITAL S.A.,LAGRICEL,1,ENE,1228.2,20,Z1,LIMA,False,False,True,False,40515.0,LAGRICEL OFTENO 0.5 ML,ENERO,1.0,154236.51,132452.04,132452.04,30,9
PHARMA - Z1,BRITISH AMERICAN HOSPITAL S.A.,ELIPTIC PF,2,FEB,52.26,1,Z1,LIMA,False,False,True,False,41561.0,ELIPTIC OFTENO 5ML PF PERU,FEBRERO,0.876631233,16081.78,70691.40098,61970.29,30,5
PHARMA - Z1,BRITISH AMERICAN HOSPITAL S.A.,GAAP PF,2,FEB,540.94,6,Z1,LIMA,False,False,True,False,41567.0,GAAP OFTENO LIBRE DE CONSER PF 3 ML PERU,FEBRERO,0.820494884,80205.04,92164.06035,75620.14,30,8
PHARMA - Z1,BRITISH AMERICAN HOSPITAL S.A.,AGGLAD,3,MAR,917.1,15,Z1,LIMA,False,False,True,False,40351.0,AGGLAD OFTENO 5 ML,MARZO,0.708033745,31785.06,114546.1364,81102.53,30,0
PHARMA - Z1,BRITISH AMERICAN HOSPITAL S.A.,AQUADRAN,3,MAR,270.0,5,Z1,LIMA,False,False,True,False,41945.0,AQUADRAN 10G,MARZO,1.286810293,13176.0,33810.57818,43507.8,30,1
PHARMA - Z1,BRITISH AMERICAN HOSPITAL S.A.,ELIPTIC PF,3,MAR,1410.91,27,Z1,LIMA,False,False,True,False,41561.0,ELIPTIC OFTENO 5ML PF PERU,MARZO,0.543724406,16081.78,70691.40098,38436.64,30,5
PHARMA - Z1,BRITISH AMERICAN HOSPITAL S.A.,GAAP PF,3,MAR,1172.02,13,Z1,LIMA,False,False,True,False,41567.0,GAAP OFTENO LIBRE DE CONSER PF 3 ML PERU,MARZO,0.894697886,80205.04,92164.06035,82458.99,30,8
PHARMA - Z1,BRITISH AMERICAN HOSPITAL S.A.,TRAZIDEX O,3,MAR,1805.9,30,Z1,LIMA,False,False,True,False,40341.0,TRAZIDEX OFTENO 5 ML.,MARZO,0.841410928,99642.69,95524.58531,80375.43,30,13
PHARMA - Z1,BRITISH AMERICAN HOSPITAL S.A.,AQUADRAN,4,ABR,864.0,16,Z1,LIMA,False,False,True,False,41945.0,AQUADRAN 10G,ABRIL,1.367885669,18754.2,35738.51318,48886.2,30,1
PHARMA - Z1,BRITISH AMERICAN HOSPITAL S.A.,ELIPTIC PF,4,ABR,888.0,17,Z1,LIMA,False,False,True,False,41561.0,ELIPTIC OFTENO 5ML PF PERU,ABRIL,0.502083754,28406.63,74583.69182,37447.26,30,5
PHARMA - Z1,BRITISH AMERICAN HOSPITAL S.A.,TRAZIDEX O,4,ABR,903.0,15,Z1,LIMA,False,False,True,False,40341.0,TRAZIDEX OFTENO 5 ML.,ABRIL,0.966120714,91975.94,101185.0264,97756.95,30,13
PHARMA - Z1,BRITISH AMERICAN HOSPITAL S.A.,ELIPTIC PF,5,MAY,0.0,20,Z1,LIMA,False,False,True,True,41561.0,ELIPTIC OFTENO 5ML PF PERU,MAYO,0.635068724,11669.87,74583.69182,47365.77,30,5
PHARMA - Z1,BRITISH AMERICAN HOSPITAL S.A.,AQUADRAN,6,JUN,540.0,10,Z1,LIMA,False,False,True,False,41945.0,AQUADRAN 10G,JUNIO,0.329694376,15957.0,35738.51318,47521.3,30,1
PHARMA - Z1,BRITISH AMERICAN HOSPITAL S.A.,ELIPTIC PF,6,JUN,523.0,10,Z1,LIMA,False,False,True,False,41561.0,ELIPTIC OFTENO 5ML PF PERU,JUNIO,-0.431896719,12781.68,74583.69182,42371.24,30,5
PHARMA - N1,BUENA VISION NORTE EMPRESA INDIVIDUAL DE RESPONSABILIDAD LIMITADA,TRAZIDEX U,2,FEB,1234.33,24,N1,CHICLAYO,False,False,True,False,40342.0,TRAZIDEX UNGENA 3.5 G,FEBRERO,0.737379291,111697.65,148184.091,109267.88,31,14
PHARMA - Z1,BUENA VISTA Y SALUD E.I.R.L.,AQUADRAN,2,FEB,540.0,10,Z1,LIMA,False,False,True,False,41945.0,AQUADRAN 10G,FEBRERO,1.033824379,13176.0,33810.57818,34954.2,32,1
PHARMA - Z1,BUENA VISTA Y SALUD E.I.R.L.,LANDAX,2,FEB,419.49,10,Z1,LIMA,False,False,True,False,41804.0,LANDAX 5ML,FEBRERO,0.765660853,4684.31,21117.7311,16169.02,32,11
PHARMA - Z1,BUENA VISTA Y SALUD E.I.R.L.,SOPHIPREN,2,FEB,550.55,10,Z1,LIMA,False,False,True,False,40338.0,SOPHIPREN OFTENO 5 ML,FEBRERO,1.300787434,39394.05,56555.62783,73566.85,32,12
PHARMA - Z1,BUENA VISTA Y SALUD E.I.R.L.,TRAZIDEX U,2,FEB,467.55,10,Z1,LIMA,False,False,True,False,40342.0,TRAZIDEX UNGENA 3.5 G,FEBRERO,0.737379291,111697.65,148184.091,109267.88,32,14
PHARMA - Z1,BUENA VISTA Y SALUD E.I.R.L.,AGGLAD,3,MAR,275.13,5,Z1,LIMA,False,False,True,False,40351.0,AGGLAD OFTENO 5 ML,MARZO,0.708033745,31785.06,114546.1364,81102.53,32,0
PHARMA - Z1,BUENA VISTA Y SALUD E.I.R.L.,AQUADRAN,3,MAR,540.0,10,Z1,LIMA,False,False,True,False,41945.0,AQUADRAN 10G,MARZO,1.286810293,13176.0,33810.57818,43507.8,32,1
PHARMA - Z1,BUENA VISTA Y SALUD E.I.R.L.,ELIPTIC PF,3,MAR,195.96,5,Z1,LIMA,False,False,True,False,41561.0,ELIPTIC OFTENO 5ML PF PERU,MARZO,0.543724406,16081.78,70691.40098,38436.64,32,5
PHARMA - Z1,BUENA VISTA Y SALUD E.I.R.L.,LAGRICEL PF,3,MAR,238.58,5,Z1,LIMA,False,False,True,False,41582.0,LAGRICEL OFTENO LIBRE DE CONSERVADORES (PF) 10 ML,MARZO,1.041573922,244371.43,248182.4906,258500.41,32,10
PHARMA - Z1,BUENA VISTA Y SALUD E.I.R.L.,SOPHIPREN,3,MAR,275.28,5,Z1,LIMA,False,False,True,False,40338.0,SOPHIPREN OFTENO 5 ML,MARZO,1.018181783,39394.05,56555.62783,57583.91,32,12
PHARMA - Z1,BUENA VISTA Y SALUD E.I.R.L.,TRAZIDEX O,3,MAR,463.05,10,Z1,LIMA,False,False,True,False,40341.0,TRAZIDEX OFTENO 5 ML.,MARZO,0.841410928,99642.69,95524.58531,80375.43,32,13
PHARMA - Z1,BUENA VISTA Y SALUD E.I.R.L.,FLUMETOL NF,4,ABR,408.0,10,Z1,LIMA,False,False,True,False,40513.0,FLUMETOL NF OFTENO 5ML,ABRIL,1.22328994,97096.28,107397.8095,131378.66,32,6
PHARMA - Z1,BUENA VISTA Y SALUD E.I.R.L.,AQUADRAN,5,MAY,540.0,10,Z1,LIMA,False,False,True,False,41945.0,AQUADRAN 10G,MAYO,1.308504351,13786.2,35738.51318,46764.0,32,1
PHARMA - Z1,BUENA VISTA Y SALUD E.I.R.L.,TRAZIDEX U,5,MAY,468.0,10,Z1,LIMA,False,False,True,False,40342.0,TRAZIDEX UNGENA 3.5 G,MAYO,0.799544258,131001.94,156358.3363,125015.41,32,14
PHARMA - Z1,BUENA VISTA Y SALUD E.I.R.L.,AGGLAD,6,JUN,550.0,10,Z1,LIMA,False,False,True,False,40351.0,AGGLAD OFTENO 5 ML,JUNIO,-0.235301917,20271.95,120891.2407,92445.3,32,0
PHARMA - Z1,BUENA VISTA Y SALUD E.I.R.L.,AQUADRAN,6,JUN,540.0,10,Z1,LIMA,False,False,True,False,41945.0,AQUADRAN 10G,JUNIO,0.329694376,15957.0,35738.51318,47521.3,32,1
PHARMA - Z1,BUENA VISTA Y SALUD E.I.R.L.,ELIPTIC PF,6,JUN,392.0,10,Z1,LIMA,False,False,True,False,41561.0,ELIPTIC OFTENO 5ML PF PERU,JUNIO,-0.431896719,12781.68,74583.69182,42371.24,32,5
PHARMA - Z1,BUENA VISTA Y SALUD E.I.R.L.,FLUMETOL NF,6,JUN,408.0,10,Z1,LIMA,False,False,True,False,40513.0,FLUMETOL NF OFTENO 5ML,JUNIO,0.071788154,87288.94,107397.8095,115107.7,32,6
PHARMA - Z1,BUENA VISTA Y SALUD E.I.R.L.,LAGRICEL PF,6,JUN,239.0,5,Z1,LIMA,False,False,True,False,41582.0,LAGRICEL OFTENO LIBRE DE CONSERVADORES (PF) 10 ML,JUNIO,-0.085958779,182516.9,261957.3873,239439.85,32,10
PHARMA - N2,CACEDA SANCHEZ ELVA ESTHER,TRAZIDEX O,1,ENE,611.23,12,N2,TRUJILLO,False,False,True,False,40341.0,TRAZIDEX OFTENO 5 ML.,ENERO,1.0,107782.12,170736.47,170736.47,33,13
PHARMA - N2,CACEDA SANCHEZ ELVA ESTHER,AGGLAD,2,FEB,1614.1,24,N2,TRUJILLO,False,False,True,False,40351.0,AGGLAD OFTENO 5 ML,FEBRERO,0.96716156,31785.06,114546.1364,110784.62,33,0
PHARMA - N2,CACEDA SANCHEZ ELVA ESTHER,ELIPTIC PF,2,FEB,610.14,24,N2,TRUJILLO,False,False,True,False,41561.0,ELIPTIC OFTENO 5ML PF PERU,FEBRERO,0.876631233,16081.78,70691.40098,61970.29,33,5
PHARMA - N2,CACEDA SANCHEZ ELVA ESTHER,FLUMETOL NF,2,FEB,269.51,6,N2,TRUJILLO,False,False,True,False,40513.0,FLUMETOL NF OFTENO 5ML,FEBRERO,1.285457107,84540.52,101550.4985,130538.81,33,6
PHARMA - N2,CACEDA SANCHEZ ELVA ESTHER,GAAP,2,FEB,262.59,3,N2,TRUJILLO,False,False,True,False,40498.0,GAAP OFTENO 3 ML,FEBRERO,0.873555976,85355.44,97172.18164,84885.34,33,7
PHARMA - N2,CACEDA SANCHEZ ELVA ESTHER,LAGRICEL,2,FEB,102.35,2,N2,TRUJILLO,False,False,True,False,40515.0,LAGRICEL OFTENO 0.5 ML,FEBRERO,0.970823097,194840.09,165898.7416,161058.33,33,9
PHARMA - N2,CACEDA SANCHEZ ELVA ESTHER,LAGRICEL PF,2,FEB,681.66,12,N2,TRUJILLO,False,False,True,False,41582.0,LAGRICEL OFTENO LIBRE DE CONSERVADORES (PF) 10 ML,FEBRERO,1.01762066,244371.43,248182.4906,252555.63,33,10
PHARMA - N2,CACEDA SANCHEZ ELVA ESTHER,TRAZIDEX U,2,FEB,308.58,6,N2,TRUJILLO,False,False,True,False,40342.0,TRAZIDEX UNGENA 3.5 G,FEBRERO,0.737379291,111697.65,148184.091,109267.88,33,14
PHARMA - N2,CACEDA SANCHEZ ELVA ESTHER,ZEBESTEN,2,FEB,98.18,2,N2,TRUJILLO,False,False,True,False,41604.0,ZEBESTEN 5ML PERU,FEBRERO,0.998966691,24271.56,27459.43408,27431.06,33,15
PHARMA - N2,CACEDA SANCHEZ ELVA ESTHER,ELAR-B,3,MAR,207.0,4,N2,TRUJILLO,False,False,True,False,42098.0,ELAR-B 5 ML,MARZO,0.892513965,0.0,23180.02945,20688.5,33,3
PHARMA - N2,CACEDA SANCHEZ ELVA ESTHER,LAGRICEL PF,3,MAR,681.66,12,N2,TRUJILLO,False,False,True,False,41582.0,LAGRICEL OFTENO LIBRE DE CONSERVADORES (PF) 10 ML,MARZO,1.041573922,244371.43,248182.4906,258500.41,33,10
PHARMA - N2,CACEDA SANCHEZ ELVA ESTHER,SOPHIPREN,3,MAR,232.93,5,N2,TRUJILLO,False,False,True,False,40338.0,SOPHIPREN OFTENO 5 ML,MARZO,1.018181783,39394.05,56555.62783,57583.91,33,12
PHARMA - N2,CACEDA SANCHEZ ELVA ESTHER,TRAZIDEX U,3,MAR,617.17,12,N2,TRUJILLO,False,False,True,False,40342.0,TRAZIDEX UNGENA 3.5 G,MARZO,0.890660186,111697.65,148184.091,131981.67,33,14
PHARMA - N2,CACEDA SANCHEZ ELVA ESTHER,AGGLAD,4,ABR,404.0,6,N2,TRUJILLO,False,False,True,False,40351.0,AGGLAD OFTENO 5 ML,ABRIL,0.757043269,24635.46,120891.2407,91519.9,33,0
PHARMA - N2,CACEDA SANCHEZ ELVA ESTHER,ELIPTIC PF,4,ABR,305.0,12,N2,TRUJILLO,False,False,True,False,41561.0,ELIPTIC OFTENO 5ML PF PERU,ABRIL,0.502083754,28406.63,74583.69182,37447.26,33,5
PHARMA - N2,CACEDA SANCHEZ ELVA ESTHER,GAAP,4,ABR,525.0,6,N2,TRUJILLO,False,False,True,False,40498.0,GAAP OFTENO 3 ML,ABRIL,0.475712047,79645.31,102582.687,48799.82,33,7
PHARMA - N2,CACEDA SANCHEZ ELVA ESTHER,LAGRICEL PF,4,ABR,682.0,12,N2,TRUJILLO,False,False,True,False,41582.0,LAGRICEL OFTENO LIBRE DE CONSERVADORES (PF) 10 ML,ABRIL,1.234011277,222585.45,261957.3873,323258.37,33,10
PHARMA - N2,CACEDA SANCHEZ ELVA ESTHER,TRAZIDEX O,4,ABR,611.0,12,N2,TRUJILLO,False,False,True,False,40341.0,TRAZIDEX OFTENO 5 ML.,ABRIL,0.966120714,91975.94,101185.0264,97756.95,33,13
PHARMA - N2,CACEDA SANCHEZ ELVA ESTHER,AGGLAD,5,MAY,807.0,12,N2,TRUJILLO,False,False,True,False,40351.0,AGGLAD OFTENO 5 ML,MAYO,0.670022241,26193.67,120891.2407,80999.82,33,0
PHARMA - N2,CACEDA SANCHEZ ELVA ESTHER,ELIPTIC PF,5,MAY,305.0,12,N2,TRUJILLO,False,False,True,False,41561.0,ELIPTIC OFTENO 5ML PF PERU,MAYO,0.635068724,11669.87,74583.69182,47365.77,33,5
PHARMA - N2,CACEDA SANCHEZ ELVA ESTHER,FLUMETOL NF,5,MAY,674.0,15,N2,TRUJILLO,False,False,True,False,40513.0,FLUMETOL NF OFTENO 5ML,MAYO,1.182290501,84208.66,107397.8095,126975.41,33,6
PHARMA - N2,CACEDA SANCHEZ ELVA ESTHER,LAGRICEL PF,5,MAY,852.0,15,N2,TRUJILLO,False,False,True,False,41582.0,LAGRICEL OFTENO LIBRE DE CONSERVADORES (PF) 10 ML,MAYO,0.852391423,198666.14,261957.3873,223290.23,33,10
PHARMA - N2,CACEDA SANCHEZ ELVA ESTHER,TRAZIDEX U,5,MAY,0.0,21,N2,TRUJILLO,False,False,True,True,40342.0,TRAZIDEX UNGENA 3.5 G,MAYO,0.799544258,131001.94,156358.3363,125015.41,33,14
PHARMA - N2,CACEDA SANCHEZ ELVA ESTHER,AQUADRAN,6,JUN,216.0,4,N2,TRUJILLO,False,False,True,False,41945.0,AQUADRAN 10G,JUNIO,0.329694376,15957.0,35738.51318,47521.3,33,1
PHARMA - N2,CACEDA SANCHEZ ELVA ESTHER,GAAP,6,JUN,525.0,6,N2,TRUJILLO,False,False,True,False,40498.0,GAAP OFTENO 3 ML,JUNIO,-0.271295457,79907.03,102582.687,74752.47,33,7
PHARMA - N2,CACEDA SANCHEZ ELVA ESTHER,TRAZIDEX U,6,JUN,463.0,9,N2,TRUJILLO,False,False,True,False,40342.0,TRAZIDEX UNGENA 3.5 G,JUNIO,-0.144707451,114383.92,156358.3363,133732.12,33,14
PHARMA - Z2,CALDERON FERNANDEZ ADOLFO JUNIOR,LAGRICEL PF,7,JUL,477.0,10,Z2,CALLAO,False,False,True,False,41582.0,LAGRICEL OFTENO LIBRE DE CONSERVADORES (PF) 10 ML,JULIO,-0.871300153,205886.66,289507.1807,37259.53,34,10
PHARMA - Z2,CALDERON FERNANDEZ ADOLFO JUNIOR,SOPHIPREN,7,JUL,424.0,10,Z2,CALLAO,False,False,True,False,40338.0,SOPHIPREN OFTENO 5 ML,JULIO,-0.815953083,49954.18,65902.05458,12129.07,34,12
PHARMA - Z3,"CALDERON GALVEZ,PAOLA VIOLETA",AGGLAD,2,FEB,611.4,10,Z3,NORTE CHICO,False,False,True,False,40351.0,AGGLAD OFTENO 5 ML,FEBRERO,0.96716156,31785.06,114546.1364,110784.62,35,0
PHARMA - Z3,"CALDERON GALVEZ,PAOLA VIOLETA",ELIPTIC PF,2,FEB,339.66,10,Z3,NORTE CHICO,False,False,True,False,41561.0,ELIPTIC OFTENO 5ML PF PERU,FEBRERO,0.876631233,16081.78,70691.40098,61970.29,35,5
PHARMA - Z3,"CALDERON GALVEZ,PAOLA VIOLETA",AGGLAD,6,JUN,0.0,20,Z3,NORTE CHICO,False,False,True,True,40351.0,AGGLAD OFTENO 5 ML,JUNIO,-0.235301917,20271.95,120891.2407,92445.3,35,0
PHARMA - Z3,"CALDERON GALVEZ,PAOLA VIOLETA",ELIPTIC PF,6,JUN,679.0,20,Z3,NORTE CHICO,False,False,True,False,41561.0,ELIPTIC OFTENO 5ML PF PERU,JUNIO,-0.431896719,12781.68,74583.69182,42371.24,35,5
PHARMA - Z2,CANADA VISION S.A.C.,AGGLAD,5,MAY,660.0,12,Z2,CALLAO,False,False,True,False,40351.0,AGGLAD OFTENO 5 ML,MAYO,0.670022241,26193.67,120891.2407,80999.82,36,0
PHARMA - N2,"CARBAJAL JARA,YURI RAMON",ELIPTIC PF,2,FEB,610.14,24,N2,TRUJILLO,False,False,True,False,41561.0,ELIPTIC OFTENO 5ML PF PERU,FEBRERO,0.876631233,16081.78,70691.40098,61970.29,37,5
PHARMA - N2,"CARBAJAL JARA,YURI RAMON",LAGRICEL PF,2,FEB,572.59,12,N2,TRUJILLO,False,False,True,False,41582.0,LAGRICEL OFTENO LIBRE DE CONSERVADORES (PF) 10 ML,FEBRERO,1.01762066,244371.43,248182.4906,252555.63,37,10
PHARMA - Z1,CAUTI - BOZA OFTALMOLOGOS E.I.R.L.,LAGRICEL PF,2,FEB,286.3,6,Z1,LIMA,False,False,True,False,41582.0,LAGRICEL OFTENO LIBRE DE CONSERVADORES (PF) 10 ML,FEBRERO,1.01762066,244371.43,248182.4906,252555.63,38,10
PHARMA - Z1,CAUTI - BOZA OFTALMOLOGOS E.I.R.L.,SOPHIPREN,2,FEB,254.1,6,Z1,LIMA,False,False,True,False,40338.0,SOPHIPREN OFTENO 5 ML,FEBRERO,1.300787434,39394.05,56555.62783,73566.85,38,12
PHARMA - Z1,CAUTI - BOZA OFTALMOLOGOS E.I.R.L.,TRAZIDEX U,2,FEB,280.53,6,Z1,LIMA,False,False,True,False,40342.0,TRAZIDEX UNGENA 3.5 G,FEBRERO,0.737379291,111697.65,148184.091,109267.88,38,14
PHARMA - Z1,CAUTI - BOZA OFTALMOLOGOS E.I.R.L.,LAGRICEL PF,5,MAY,286.0,6,Z1,LIMA,False,False,True,False,41582.0,LAGRICEL OFTENO LIBRE DE CONSERVADORES (PF) 10 ML,MAYO,0.852391423,198666.14,261957.3873,223290.23,38,10
PHARMA - Z1,CAUTI - BOZA OFTALMOLOGOS E.I.R.L.,SOPHIPREN,5,MAY,254.0,6,Z1,LIMA,False,False,True,False,40338.0,SOPHIPREN OFTENO 5 ML,MAYO,0.947602386,43314.92,59671.10342,56544.48,38,12
PHARMA - Z1,CAUTI - BOZA OFTALMOLOGOS E.I.R.L.,TRAZIDEX U,5,MAY,281.0,6,Z1,LIMA,False,False,True,False,40342.0,TRAZIDEX UNGENA 3.5 G,MAYO,0.799544258,131001.94,156358.3363,125015.41,38,14
PHARMA - Z2,CAVAFARMA E.I.R.L.,LAGRICEL PF,2,FEB,295.39,4,Z2,CALLAO,False,False,True,False,41582.0,LAGRICEL OFTENO LIBRE DE CONSERVADORES (PF) 10 ML,FEBRERO,1.01762066,244371.43,248182.4906,252555.63,39,10
PHARMA - N2,CAVAFARMA E.I.R.L.,LAGRICEL PF,4,ABR,295.0,4,N2,TRUJILLO,False,False,True,False,41582.0,LAGRICEL OFTENO LIBRE DE CONSERVADORES (PF) 10 ML,ABRIL,1.234011277,222585.45,261957.3873,323258.37,39,10
PHARMA - Z2,CEMO JJK AMPARITO S.A.C.,LAGRICEL PF,1,ENE,284.03,5,Z2,CALLAO,False,False,True,False,41582.0,LAGRICEL OFTENO LIBRE DE CONSERVADORES (PF) 10 ML,ENERO,1.0,241357.65,244552.3,244552.3,40,10
PHARMA - Z2,CEMO JJK AMPARITO S.A.C.,ZEBESTEN,1,ENE,196.35,4,Z2,CALLAO,False,False,True,False,41604.0,ZEBESTEN 5ML PERU,ENERO,1.0,31496.43,43862.02,43862.02,40,15
PHARMA - Z2,CEMO JJK AMPARITO S.A.C.,FLUMETOL NF,3,MAR,204.18,5,Z2,CALLAO,False,False,True,False,40513.0,FLUMETOL NF OFTENO 5ML,MARZO,1.399890715,84540.52,101550.4985,142159.6,40,6
PHARMA - Z2,CEMO JJK AMPARITO S.A.C.,LAGRICEL PF,3,MAR,340.83,6,Z2,CALLAO,False,False,True,False,41582.0,LAGRICEL OFTENO LIBRE DE CONSERVADORES (PF) 10 ML,MARZO,1.041573922,244371.43,248182.4906,258500.41,40,10
PHARMA - Z2,CEMO JJK AMPARITO S.A.C.,FLUMETOL NF,5,MAY,245.0,6,Z2,CALLAO,False,False,True,False,40513.0,FLUMETOL NF OFTENO 5ML,MAYO,1.182290501,84208.66,107397.8095,126975.41,40,6
PHARMA - Z2,CEMO JJK AMPARITO S.A.C.,TRAZIDEX U,5,MAY,281.0,3,Z2,CALLAO,False,False,True,False,40342.0,TRAZIDEX UNGENA 3.5 G,MAYO,0.799544258,131001.94,156358.3363,125015.41,40,14
PHARMA - Z2,CEMO JJK AMPARITO S.A.C.,ZEBESTEN,5,MAY,295.0,6,Z2,CALLAO,False,False,True,False,41604.0,ZEBESTEN 5ML PERU,MAYO,0.825216123,27515.83,29060.89609,23981.52,40,15
PHARMA - S,CENTRO AVANZADO EN CIRUGIA OFTALMOLOGICA CHICATA S.A.C.,FLUMETOL NF,1,ENE,1633.4,40,S,CADENAS,False,False,True,False,40513.0,FLUMETOL NF OFTENO 5ML,ENERO,1.0,106644.0,144656.97,144656.97,41,6
PHARMA - S,CENTRO AVANZADO EN CIRUGIA OFTALMOLOGICA CHICATA S.A.C.,GAAP PF,1,ENE,656.32,7,S,CADENAS,False,False,True,False,41567.0,GAAP OFTENO LIBRE DE CONSER PF 3 ML PERU,ENERO,1.0,67726.3,99013.28,99013.28,41,8
PHARMA - S,CENTRO AVANZADO EN CIRUGIA OFTALMOLOGICA CHICATA S.A.C.,LAGRICEL PF,1,ENE,681.66,10,S,CADENAS,False,False,True,False,41582.0,LAGRICEL OFTENO LIBRE DE CONSERVADORES (PF) 10 ML,ENERO,1.0,241357.65,244552.3,244552.3,41,10
PHARMA - S,CENTRO AVANZADO EN CIRUGIA OFTALMOLOGICA CHICATA S.A.C.,FLUMETOL NF,4,ABR,0.0,25,S,CADENAS,False,False,True,True,40513.0,FLUMETOL NF OFTENO 5ML,ABRIL,1.22328994,97096.28,107397.8095,131378.66,41,6
PHARMA - S,CENTRO AVANZADO EN CIRUGIA OFTALMOLOGICA CHICATA S.A.C.,LAGRICEL PF,5,MAY,682.0,12,S,CADENAS,False,False,True,False,41582.0,LAGRICEL OFTENO LIBRE DE CONSERVADORES (PF) 10 ML,MAYO,0.852391423,198666.14,261957.3873,223290.23,41,10
PHARMA - S,CENTRO AVANZADO EN CIRUGIA OFTALMOLOGICA CHICATA S.A.C.,ZEBESTEN,5,MAY,98.0,2,S,CADENAS,False,False,True,False,41604.0,ZEBESTEN 5ML PERU,MAYO,0.825216123,27515.83,29060.89609,23981.52,41,15
PHARMA - S,CENTRO AVANZADO EN CIRUGIA OFTALMOLOGICA CHICATA S.A.C.,FLUMETOL NF,6,JUN,817.0,20,S,CADENAS,False,False,True,False,40513.0,FLUMETOL NF OFTENO 5ML,JUNIO,0.071788154,87288.94,107397.8095,115107.7,41,6
PHARMA - Z1,CENTRO CONTRA LA CEGUERA E.I.R.L.,AQUADRAN,6,JUN,540.0,10,Z1,LIMA,False,False,True,False,41945.0,AQUADRAN 10G,JUNIO,0.329694376,15957.0,35738.51318,47521.3,42,1
PHARMA - Z1,CENTRO CONTRA LA CEGUERA E.I.R.L.,ELIPTIC PF,6,JUN,261.0,5,Z1,LIMA,False,False,True,False,41561.0,ELIPTIC OFTENO 5ML PF PERU,JUNIO,-0.431896719,12781.68,74583.69182,42371.24,42,5
PHARMA - Z1,CENTRO CONTRA LA CEGUERA E.I.R.L.,FLUMETOL NF,6,JUN,408.0,10,Z1,LIMA,False,False,True,False,40513.0,FLUMETOL NF OFTENO 5ML,JUNIO,0.071788154,87288.94,107397.8095,115107.7,42,6
PHARMA - Z1,CENTRO CONTRA LA CEGUERA E.I.R.L.,GAAP PF,6,JUN,451.0,5,Z1,LIMA,False,False,True,False,41567.0,GAAP OFTENO LIBRE DE CONSER PF 3 ML PERU,JUNIO,-0.151410313,75783.27,97315.99528,82581.35,42,8
PHARMA - Z1,CENTRO CONTRA LA CEGUERA E.I.R.L.,LAGRICEL PF,6,JUN,568.0,10,Z1,LIMA,False,False,True,False,41582.0,LAGRICEL OFTENO LIBRE DE CONSERVADORES (PF) 10 ML,JUNIO,-0.085958779,182516.9,261957.3873,239439.85,42,10
PHARMA - Z1,CENTRO DE CATARATA Y LASER E.I.R.L.,AQUADRAN,1,ENE,291.6,6,Z1,LIMA,False,False,True,False,41945.0,AQUADRAN 10G,ENERO,1.0,3348.0,44517.6,44517.6,43,1
PHARMA - Z1,CENTRO DE CATARATA Y LASER E.I.R.L.,DUSTALOX,1,ENE,225.61,5,Z1,LIMA,False,False,True,False,41121.0,DUSTALOX 5ML,ENERO,1.0,13592.53,8778.28,8778.28,43,2
PHARMA - Z1,CENTRO DE CATARATA Y LASER E.I.R.L.,ELIPTIC,1,ENE,253.68,10,Z1,LIMA,False,False,True,False,41076.0,ELIPTIC OFTENO 5ML,ENERO,1.0,1539.11,12243.87,12243.87,43,4
PHARMA - Z1,CENTRO DE CATARATA Y LASER E.I.R.L.,GAAP,1,ENE,4656.6,70,Z1,LIMA,False,False,True,False,40498.0,GAAP OFTENO 3 ML,ENERO,1.0,101352.36,99775.16,99775.16,43,7
PHARMA - Z1,CENTRO DE CATARATA Y LASER E.I.R.L.,LAGRICEL,1,ENE,9467.38,185,Z1,LIMA,False,False,True,False,40515.0,LAGRICEL OFTENO 0.5 ML,ENERO,1.0,154236.51,132452.04,132452.04,43,9
PHARMA - Z1,CENTRO DE CATARATA Y LASER E.I.R.L.,LAGRICEL PF,1,ENE,9447.81,198,Z1,LIMA,False,False,True,False,41582.0,LAGRICEL OFTENO LIBRE DE CONSERVADORES (PF) 10 ML,ENERO,1.0,241357.65,244552.3,244552.3,43,10
PHARMA - Z1,CENTRO DE CATARATA Y LASER E.I.R.L.,TRAZIDEX O,1,ENE,5575.13,172,Z1,LIMA,False,False,True,False,40341.0,TRAZIDEX OFTENO 5 ML.,ENERO,1.0,107782.12,170736.47,170736.47,43,13
PHARMA - Z1,CENTRO DE CATARATA Y LASER E.I.R.L.,TRAZIDEX U,1,ENE,420.8,10,Z1,LIMA,False,False,True,False,40342.0,TRAZIDEX UNGENA 3.5 G,ENERO,1.0,127130.48,135275.35,135275.35,43,14
PHARMA - Z1,CENTRO DE CATARATA Y LASER E.I.R.L.,AGGLAD,2,FEB,452.44,10,Z1,LIMA,False,False,True,False,40351.0,AGGLAD OFTENO 5 ML,FEBRERO,0.96716156,31785.06,114546.1364,110784.62,43,0
PHARMA - Z1,CENTRO DE CATARATA Y LASER E.I.R.L.,AQUADRAN,2,FEB,291.6,6,Z1,LIMA,False,False,True,False,41945.0,AQUADRAN 10G,FEBRERO,1.033824379,13176.0,33810.57818,34954.2,43,1
PHARMA - Z1,CENTRO DE CATARATA Y LASER E.I.R.L.,DUSTALOX,2,FEB,270.73,6,Z1,LIMA,False,False,True,False,41121.0,DUSTALOX 5ML,FEBRERO,0.568411142,6813.43,11070.27913,6292.47,43,2
PHARMA - Z1,CENTRO DE CATARATA Y LASER E.I.R.L.,ELIPTIC,2,FEB,507.36,20,Z1,LIMA,False,False,True,False,41076.0,ELIPTIC OFTENO 5ML,FEBRERO,0.601609541,3462.73,37097.88238,22318.44,43,4
PHARMA - Z1,CENTRO DE CATARATA Y LASER E.I.R.L.,GAAP,2,FEB,2328.3,35,Z1,LIMA,False,False,True,False,40498.0,GAAP OFTENO 3 ML,FEBRERO,0.873555976,85355.44,97172.18164,84885.34,43,7
PHARMA - Z1,CENTRO DE CATARATA Y LASER E.I.R.L.,LAGRICEL,2,FEB,5117.5,100,Z1,LIMA,False,False,True,False,40515.0,LAGRICEL OFTENO 0.5 ML,FEBRERO,0.970823097,194840.09,165898.7416,161058.33,43,9
PHARMA - Z1,CENTRO DE CATARATA Y LASER E.I.R.L.,LAGRICEL PF,2,FEB,6203.11,130,Z1,LIMA,False,False,True,False,41582.0,LAGRICEL OFTENO LIBRE DE CONSERVADORES (PF) 10 ML,FEBRERO,1.01762066,244371.43,248182.4906,252555.63,43,10
PHARMA - Z1,CENTRO DE CATARATA Y LASER E.I.R.L.,TRAZIDEX O,2,FEB,2917.22,90,Z1,LIMA,False,False,True,False,40341.0,TRAZIDEX OFTENO 5 ML.,FEBRERO,0.868398954,99642.69,95524.58531,82953.45,43,13
PHARMA - Z1,CENTRO DE CATARATA Y LASER E.I.R.L.,TRAZIDEX U,2,FEB,841.6,20,Z1,LIMA,False,False,True,False,40342.0,TRAZIDEX UNGENA 3.5 G,FEBRERO,0.737379291,111697.65,148184.091,109267.88,43,14
PHARMA - Z1,CENTRO DE CATARATA Y LASER E.I.R.L.,AQUADRAN,3,MAR,972.0,20,Z1,LIMA,False,False,True,False,41945.0,AQUADRAN 10G,MARZO,1.286810293,13176.0,33810.57818,43507.8,43,1
PHARMA - Z1,CENTRO DE CATARATA Y LASER E.I.R.L.,ELIPTIC,3,MAR,380.52,15,Z1,LIMA,False,False,True,False,41076.0,ELIPTIC OFTENO 5ML,MARZO,0.61397952,3462.73,37097.88238,22777.34,43,4
PHARMA - Z1,CENTRO DE CATARATA Y LASER E.I.R.L.,GAAP,3,MAR,2660.91,40,Z1,LIMA,False,False,True,False,40498.0,GAAP OFTENO 3 ML,MARZO,0.701456825,85355.44,97172.18164,68162.09,43,7
PHARMA - Z1,CENTRO DE CATARATA Y LASER E.I.R.L.,LAGRICEL,3,MAR,5629.25,110,Z1,LIMA,False,False,True,False,40515.0,LAGRICEL OFTENO 0.5 ML,MARZO,1.138987362,194840.09,165898.7416,188956.57,43,9
PHARMA - Z1,CENTRO DE CATARATA Y LASER E.I.R.L.,LAGRICEL PF,3,MAR,6680.27,140,Z1,LIMA,False,False,True,False,41582.0,LAGRICEL OFTENO LIBRE DE CONSERVADORES (PF) 10 ML,MARZO,1.041573922,244371.43,248182.4906,258500.41,43,10
PHARMA - Z1,CENTRO DE CATARATA Y LASER E.I.R.L.,TRAZIDEX O,3,MAR,4862.03,150,Z1,LIMA,False,False,True,False,40341.0,TRAZIDEX OFTENO 5 ML.,MARZO,0.841410928,99642.69,95524.58531,80375.43,43,13
PHARMA - Z1,CENTRO DE CATARATA Y LASER E.I.R.L.,TRAZIDEX U,3,MAR,420.8,10,Z1,LIMA,False,False,True,False,40342.0,TRAZIDEX UNGENA 3.5 G,MARZO,0.890660186,111697.65,148184.091,131981.67,43,14
PHARMA - Z1,CENTRO DE CATARATA Y LASER E.I.R.L.,AQUADRAN,4,ABR,486.0,10,Z1,LIMA,False,False,True,False,41945.0,AQUADRAN 10G,ABRIL,1.367885669,18754.2,35738.51318,48886.2,43,1
PHARMA - Z1,CENTRO DE CATARATA Y LASER E.I.R.L.,ELIPTIC,4,ABR,254.0,10,Z1,LIMA,False,False,True,False,41076.0,ELIPTIC OFTENO 5ML,ABRIL,0.367779928,4871.41,39043.81097,14359.53,43,4
PHARMA - Z1,CENTRO DE CATARATA Y LASER E.I.R.L.,FLUMETOL NF,4,ABR,449.0,10,Z1,LIMA,False,False,True,False,40513.0,FLUMETOL NF OFTENO 5ML,ABRIL,1.22328994,97096.28,107397.8095,131378.66,43,6
PHARMA - Z1,CENTRO DE CATARATA Y LASER E.I.R.L.,GAAP,4,ABR,0.0,30,Z1,LIMA,False,False,True,True,40498.0,GAAP OFTENO 3 ML,ABRIL,0.475712047,79645.31,102582.687,48799.82,43,7
PHARMA - Z1,CENTRO DE CATARATA Y LASER E.I.R.L.,LAGRICEL,4,ABR,0.0,30,Z1,LIMA,False,False,True,True,40515.0,LAGRICEL OFTENO 0.5 ML,ABRIL,0.760754197,152829.6,174961.4402,133102.65,43,9
PHARMA - Z1,CENTRO DE CATARATA Y LASER E.I.R.L.,LAGRICEL PF,4,ABR,0.0,90,Z1,LIMA,False,False,True,True,41582.0,LAGRICEL OFTENO LIBRE DE CONSERVADORES (PF) 10 ML,ABRIL,1.234011277,222585.45,261957.3873,323258.37,43,10
PHARMA - Z1,CENTRO DE CATARATA Y LASER E.I.R.L.,SOPHIPREN,4,ABR,508.0,12,Z1,LIMA,False,False,True,False,40338.0,SOPHIPREN OFTENO 5 ML,ABRIL,1.125758804,51339.43,59671.10342,67175.27,43,12
PHARMA - Z1,CENTRO DE CATARATA Y LASER E.I.R.L.,TRAZIDEX O,4,ABR,0.0,90,Z1,LIMA,False,False,True,True,40341.0,TRAZIDEX OFTENO 5 ML.,ABRIL,0.966120714,91975.94,101185.0264,97756.95,43,13
PHARMA - Z1,CENTRO DE CATARATA Y LASER E.I.R.L.,TRAZIDEX U,4,ABR,842.0,20,Z1,LIMA,False,False,True,False,40342.0,TRAZIDEX UNGENA 3.5 G,ABRIL,0.810349246,131494.88,156358.3363,126704.86,43,14
PHARMA - Z1,CENTRO DE CATARATA Y LASER E.I.R.L.,AQUADRAN,5,MAY,729.0,15,Z1,LIMA,False,False,True,False,41945.0,AQUADRAN 10G,MAYO,1.308504351,13786.2,35738.51318,46764.0,43,1
PHARMA - Z1,CENTRO DE CATARATA Y LASER E.I.R.L.,ELIPTIC,5,MAY,254.0,10,Z1,LIMA,False,False,True,False,41076.0,ELIPTIC OFTENO 5ML,MAYO,0.349092716,2803.71,39043.81097,13629.91,43,4
PHARMA - Z1,CENTRO DE CATARATA Y LASER E.I.R.L.,GAAP,5,MAY,0.0,30,Z1,LIMA,False,False,True,True,40498.0,GAAP OFTENO 3 ML,MAYO,0.567550546,86214.37,102582.687,58220.86,43,7
PHARMA - Z1,CENTRO DE CATARATA Y LASER E.I.R.L.,LAGRICEL,5,MAY,0.0,70,Z1,LIMA,False,False,True,True,40515.0,LAGRICEL OFTENO 0.5 ML,MAYO,0.714118093,158816.35,174961.4402,124943.13,43,9
PHARMA - Z1,CENTRO DE CATARATA Y LASER E.I.R.L.,LAGRICEL PF,5,MAY,0.0,190,Z1,LIMA,False,False,True,True,41582.0,LAGRICEL OFTENO LIBRE DE CONSERVADORES (PF) 10 ML,MAYO,0.852391423,198666.14,261957.3873,223290.23,43,10
PHARMA - Z1,CENTRO DE CATARATA Y LASER E.I.R.L.,SOPHIPREN,5,MAY,847.0,20,Z1,LIMA,False,False,True,False,40338.0,SOPHIPREN OFTENO 5 ML,MAYO,0.947602386,43314.92,59671.10342,56544.48,43,12
PHARMA - Z1,CENTRO DE CATARATA Y LASER E.I.R.L.,TRAZIDEX O,5,MAY,0.0,40,Z1,LIMA,False,False,True,True,40341.0,TRAZIDEX OFTENO 5 ML.,MAYO,0.725790194,64098.19,101185.0264,73439.1,43,13
PHARMA - Z1,CENTRO DE CATARATA Y LASER E.I.R.L.,TRAZIDEX U,5,MAY,842.0,20,Z1,LIMA,False,False,True,False,40342.0,TRAZIDEX UNGENA 3.5 G,MAYO,0.799544258,131001.94,156358.3363,125015.41,43,14
PHARMA - Z1,CENTRO DE CATARATA Y LASER E.I.R.L.,DUSTALOX,6,JUN,226.0,5,Z1,LIMA,False,False,True,False,41121.0,DUSTALOX 5ML,JUNIO,-0.44241925,5938.11,11675.36719,6509.96,43,2
PHARMA - Z1,CENTRO DE CATARATA Y LASER E.I.R.L.,ELIPTIC,6,JUN,254.0,10,Z1,LIMA,False,False,True,False,41076.0,ELIPTIC OFTENO 5ML,JUNIO,-0.521091319,5789.48,39043.81097,18698.42,43,4
PHARMA - Z1,CENTRO DE CATARATA Y LASER E.I.R.L.,FLUMETOL NF,6,JUN,449.0,10,Z1,LIMA,False,False,True,False,40513.0,FLUMETOL NF OFTENO 5ML,JUNIO,0.071788154,87288.94,107397.8095,115107.7,43,6
PHARMA - Z1,CENTRO DE CATARATA Y LASER E.I.R.L.,GAAP,6,JUN,0.0,60,Z1,LIMA,False,False,True,True,40498.0,GAAP OFTENO 3 ML,JUNIO,-0.271295457,79907.03,102582.687,74752.47,43,7
PHARMA - Z1,CENTRO DE CATARATA Y LASER E.I.R.L.,LAGRICEL,6,JUN,0.0,90,Z1,LIMA,False,False,True,True,40515.0,LAGRICEL OFTENO 0.5 ML,JUNIO,-0.157973323,129483.27,174961.4402,147322.2,43,9
PHARMA - Z1,CENTRO DE CATARATA Y LASER E.I.R.L.,LAGRICEL PF,6,JUN,0.0,150,Z1,LIMA,False,False,True,True,41582.0,LAGRICEL OFTENO LIBRE DE CONSERVADORES (PF) 10 ML,JUNIO,-0.085958779,182516.9,261957.3873,239439.85,43,10
PHARMA - Z1,CENTRO DE CATARATA Y LASER E.I.R.L.,SOPHIPREN,6,JUN,0.0,30,Z1,LIMA,False,False,True,True,40338.0,SOPHIPREN OFTENO 5 ML,JUNIO,0.072135193,48676.87,59671.10342,63975.49,43,12
PHARMA - Z1,CENTRO DE CATARATA Y LASER E.I.R.L.,TRAZIDEX O,6,JUN,0.0,130,Z1,LIMA,False,False,True,True,40341.0,TRAZIDEX OFTENO 5 ML.,JUNIO,-0.192738462,70697.29,101185.0264,81682.78,43,13
PHARMA - Z1,CENTRO DE CATARATA Y LASER E.I.R.L.,TRAZIDEX U,6,JUN,421.0,10,Z1,LIMA,False,False,True,False,40342.0,TRAZIDEX UNGENA 3.5 G,JUNIO,-0.144707451,114383.92,156358.3363,133732.12,43,14
PHARMA - N1,CENTRO DE ESPECIALIDADES MEDICAS GLOBAL MEDIC CHOTA S.A.C.,AQUADRAN,6,JUN,826.0,17,N1,CHICLAYO,False,False,True,False,41945.0,AQUADRAN 10G,JUNIO,0.329694376,15957.0,35738.51318,47521.3,44,1
PHARMA - N1,CENTRO DE ESPECIALIDADES MEDICAS GLOBAL MEDIC CHOTA S.A.C.,GAAP PF,6,JUN,254.0,5,N1,CHICLAYO,False,False,True,False,41567.0,GAAP OFTENO LIBRE DE CONSER PF 3 ML PERU,JUNIO,-0.151410313,75783.27,97315.99528,82581.35,44,8
PHARMA - N1,CENTRO DE ESPECIALIDADES MEDICAS GLOBAL MEDIC CHOTA S.A.C.,LAGRICEL PF,6,JUN,237.0,5,N1,CHICLAYO,False,False,True,False,41582.0,LAGRICEL OFTENO LIBRE DE CONSERVADORES (PF) 10 ML,JUNIO,-0.085958779,182516.9,261957.3873,239439.85,44,10
PHARMA - N1,CENTRO DE ESPECIALIDADES MEDICAS GLOBAL MEDIC CHOTA S.A.C.,SOPHIPREN,6,JUN,233.0,5,N1,CHICLAYO,False,False,True,False,40338.0,SOPHIPREN OFTENO 5 ML,JUNIO,0.072135193,48676.87,59671.10342,63975.49,44,12
PHARMA - N1,CENTRO DE ESPECIALIDADES MEDICAS GLOBAL MEDIC CHOTA S.A.C.,TRAZIDEX O,6,JUN,509.0,10,N1,CHICLAYO,False,False,True,False,40341.0,TRAZIDEX OFTENO 5 ML.,JUNIO,-0.192738462,70697.29,101185.0264,81682.78,44,13
PHARMA - N1,CENTRO DE ESPECIALIDADES MEDICAS GLOBAL MEDIC CHOTA S.A.C.,TRAZIDEX U,6,JUN,874.0,17,N1,CHICLAYO,False,False,True,False,40342.0,TRAZIDEX UNGENA 3.5 G,JUNIO,-0.144707451,114383.92,156358.3363,133732.12,44,14
PHARMA - N2,CENTRO DE ESPECIALIDADES MDICAS DEL NORTE NEOSALUD SOCIEDAD ANONIMA CERRADA,AGGLAD,2,FEB,1320.62,24,N2,TRUJILLO,False,False,True,False,40351.0,AGGLAD OFTENO 5 ML,FEBRERO,0.96716156,31785.06,114546.1364,110784.62,45,0
PHARMA - N2,CENTRO DE ESPECIALIDADES MDICAS DEL NORTE NEOSALUD SOCIEDAD ANONIMA CERRADA,SOPHIPREN,2,FEB,457.38,12,N2,TRUJILLO,False,False,True,False,40338.0,SOPHIPREN OFTENO 5 ML,FEBRERO,1.300787434,39394.05,56555.62783,73566.85,45,12
PHARMA - N2,CENTRO DE ESPECIALIDADES MDICAS DEL NORTE NEOSALUD SOCIEDAD ANONIMA CERRADA,ELIPTIC PF,3,MAR,305.07,12,N2,TRUJILLO,False,False,True,False,41561.0,ELIPTIC OFTENO 5ML PF PERU,MARZO,0.543724406,16081.78,70691.40098,38436.64,45,5
PHARMA - N2,CENTRO DE ESPECIALIDADES MDICAS DEL NORTE NEOSALUD SOCIEDAD ANONIMA CERRADA,FLUMETOL NF,3,MAR,539.02,12,N2,TRUJILLO,False,False,True,False,40513.0,FLUMETOL NF OFTENO 5ML,MARZO,1.399890715,84540.52,101550.4985,142159.6,45,6
PHARMA - N2,CENTRO DE ESPECIALIDADES MDICAS DEL NORTE NEOSALUD SOCIEDAD ANONIMA CERRADA,GAAP,3,MAR,525.18,6,N2,TRUJILLO,False,False,True,False,40498.0,GAAP OFTENO 3 ML,MARZO,0.701456825,85355.44,97172.18164,68162.09,45,7
PHARMA - N2,CENTRO DE ESPECIALIDADES MDICAS DEL NORTE NEOSALUD SOCIEDAD ANONIMA CERRADA,LAGRICEL,3,MAR,307.05,6,N2,TRUJILLO,False,False,True,False,40515.0,LAGRICEL OFTENO 0.5 ML,MARZO,1.138987362,194840.09,165898.7416,188956.57,45,9
PHARMA - N2,CENTRO DE ESPECIALIDADES MDICAS DEL NORTE NEOSALUD SOCIEDAD ANONIMA CERRADA,LAGRICEL PF,3,MAR,681.66,12,N2,TRUJILLO,False,False,True,False,41582.0,LAGRICEL OFTENO LIBRE DE CONSERVADORES (PF) 10 ML,MARZO,1.041573922,244371.43,248182.4906,258500.41,45,10
PHARMA - N2,CENTRO DE ESPECIALIDADES MDICAS DEL NORTE NEOSALUD SOCIEDAD ANONIMA CERRADA,SOPHIPREN,3,MAR,228.69,6,N2,TRUJILLO,False,False,True,False,40338.0,SOPHIPREN OFTENO 5 ML,MARZO,1.018181783,39394.05,56555.62783,57583.91,45,12
PHARMA - N2,CENTRO DE ESPECIALIDADES MDICAS DEL NORTE NEOSALUD SOCIEDAD ANONIMA CERRADA,ELIPTIC PF,4,ABR,0.0,50,N2,TRUJILLO,False,False,True,True,41561.0,ELIPTIC OFTENO 5ML PF PERU,ABRIL,0.502083754,28406.63,74583.69182,37447.26,45,5
PHARMA - N2,CENTRO DE ESPECIALIDADES MDICAS DEL NORTE NEOSALUD SOCIEDAD ANONIMA CERRADA,FLUMETOL NF,4,ABR,539.0,12,N2,TRUJILLO,False,False,True,False,40513.0,FLUMETOL NF OFTENO 5ML,ABRIL,1.22328994,97096.28,107397.8095,131378.66,45,6
PHARMA - N2,CENTRO DE ESPECIALIDADES MDICAS DEL NORTE NEOSALUD SOCIEDAD ANONIMA CERRADA,GAAP,4,ABR,525.0,6,N2,TRUJILLO,False,False,True,False,40498.0,GAAP OFTENO 3 ML,ABRIL,0.475712047,79645.31,102582.687,48799.82,45,7
PHARMA - N2,CENTRO DE ESPECIALIDADES MDICAS DEL NORTE NEOSALUD SOCIEDAD ANONIMA CERRADA,AGGLAD,6,JUN,734.0,12,N2,TRUJILLO,False,False,True,False,40351.0,AGGLAD OFTENO 5 ML,JUNIO,-0.235301917,20271.95,120891.2407,92445.3,45,0
PHARMA - N2,CENTRO DE ESPECIALIDADES MDICAS DEL NORTE NEOSALUD SOCIEDAD ANONIMA CERRADA,AQUADRAN,6,JUN,583.0,12,N2,TRUJILLO,False,False,True,False,41945.0,AQUADRAN 10G,JUNIO,0.329694376,15957.0,35738.51318,47521.3,45,1
PHARMA - N2,CENTRO DE ESPECIALIDADES MDICAS DEL NORTE NEOSALUD SOCIEDAD ANONIMA CERRADA,FLUMETOL NF,6,JUN,539.0,12,N2,TRUJILLO,False,False,True,False,40513.0,FLUMETOL NF OFTENO 5ML,JUNIO,0.071788154,87288.94,107397.8095,115107.7,45,6
PHARMA - N2,CENTRO DE ESPECIALIDADES MDICAS DEL NORTE NEOSALUD SOCIEDAD ANONIMA CERRADA,GAAP PF,6,JUN,822.0,12,N2,TRUJILLO,False,False,True,False,41567.0,GAAP OFTENO LIBRE DE CONSER PF 3 ML PERU,JUNIO,-0.151410313,75783.27,97315.99528,82581.35,45,8
PHARMA - N2,CENTRO DE ESPECIALIDADES MDICAS DEL NORTE NEOSALUD SOCIEDAD ANONIMA CERRADA,LAGRICEL,6,JUN,516.0,12,N2,TRUJILLO,False,False,True,False,40515.0,LAGRICEL OFTENO 0.5 ML,JUNIO,-0.157973323,129483.27,174961.4402,147322.2,45,9
PHARMA - Z1,CENTRO DE ESPECIALIDADES OFTALMOLOGICAS ALLIN QAWAY E.I.R.L.,AQUADRAN,1,ENE,1080.0,20,Z1,LIMA,False,False,True,False,41945.0,AQUADRAN 10G,ENERO,1.0,3348.0,44517.6,44517.6,46,1
PHARMA - Z1,CENTRO DE ESPECIALIDADES OFTALMOLOGICAS ALLIN QAWAY E.I.R.L.,GAAP PF,1,ENE,540.93,6,Z1,LIMA,False,False,True,False,41567.0,GAAP OFTENO LIBRE DE CONSER PF 3 ML PERU,ENERO,1.0,67726.3,99013.28,99013.28,46,8
PHARMA - Z1,CENTRO DE ESPECIALIDADES OFTALMOLOGICAS ALLIN QAWAY E.I.R.L.,LAGRICEL PF,1,ENE,954.32,20,Z1,LIMA,False,False,True,False,41582.0,LAGRICEL OFTENO LIBRE DE CONSERVADORES (PF) 10 ML,ENERO,1.0,241357.65,244552.3,244552.3,46,10
PHARMA - Z1,CENTRO DE ESPECIALIDADES OFTALMOLOGICAS ALLIN QAWAY E.I.R.L.,TRAZIDEX U,1,ENE,935.1,20,Z1,LIMA,False,False,True,False,40342.0,TRAZIDEX UNGENA 3.5 G,ENERO,1.0,127130.48,135275.35,135275.35,46,14
PHARMA - Z1,CENTRO DE ESPECIALIDADES OFTALMOLOGICAS ALLIN QAWAY E.I.R.L.,AGGLAD,4,ABR,550.0,10,Z1,LIMA,False,False,True,False,40351.0,AGGLAD OFTENO 5 ML,ABRIL,0.757043269,24635.46,120891.2407,91519.9,46,0
PHARMA - Z1,CENTRO DE ESPECIALIDADES OFTALMOLOGICAS ALLIN QAWAY E.I.R.L.,ELIPTIC PF,4,ABR,379.0,10,Z1,LIMA,False,False,True,False,41561.0,ELIPTIC OFTENO 5ML PF PERU,ABRIL,0.502083754,28406.63,74583.69182,37447.26,46,5
PHARMA - Z1,CENTRO DE ESPECIALIDADES OFTALMOLOGICAS ALLIN QAWAY E.I.R.L.,GAAP PF,4,ABR,902.0,10,Z1,LIMA,False,False,True,False,41567.0,GAAP OFTENO LIBRE DE CONSER PF 3 ML PERU,ABRIL,0.580041645,82952.14,97315.99528,56447.33,46,8
PHARMA - Z1,CENTRO DE ESPECIALIDADES OFTALMOLOGICAS ALLIN QAWAY E.I.R.L.,LAGRICEL PF,4,ABR,954.0,20,Z1,LIMA,False,False,True,False,41582.0,LAGRICEL OFTENO LIBRE DE CONSERVADORES (PF) 10 ML,ABRIL,1.234011277,222585.45,261957.3873,323258.37,46,10
PHARMA - Z1,CENTRO DE ESPECIALIDADES OFTALMOLOGICAS ALLIN QAWAY E.I.R.L.,TRAZIDEX O,4,ABR,926.0,20,Z1,LIMA,False,False,True,False,40341.0,TRAZIDEX OFTENO 5 ML.,ABRIL,0.966120714,91975.94,101185.0264,97756.95,46,13
PHARMA - Z1,CENTRO DE ESPECIALIDADES OFTALMOLOGICAS ALLIN QAWAY E.I.R.L.,AQUADRAN,5,MAY,0.0,20,Z1,LIMA,False,False,True,True,41945.0,AQUADRAN 10G,MAYO,1.308504351,13786.2,35738.51318,46764.0,46,1
PHARMA - Z1,CENTRO DE ESPECIALIDADES OFTALMOLOGICAS ALLIN QAWAY E.I.R.L.,TRAZIDEX O,5,MAY,926.0,20,Z1,LIMA,False,False,True,False,40341.0,TRAZIDEX OFTENO 5 ML.,MAYO,0.725790194,64098.19,101185.0264,73439.1,46,13
PHARMA - Z1,CENTRO DE ESPECIALIDADES OFTALMOLOGICAS ALLIN QAWAY E.I.R.L.,LAGRICEL PF,6,JUN,954.0,20,Z1,LIMA,False,False,True,False,41582.0,LAGRICEL OFTENO LIBRE DE CONSERVADORES (PF) 10 ML,JUNIO,-0.085958779,182516.9,261957.3873,239439.85,46,10
PHARMA - Z3,CENTRO DE ESPECIALIDADES OFTALMOLOGICAS E.I.R.L.,AGGLAD,2,FEB,1222.8,20,Z3,NORTE CHICO,False,False,True,False,40351.0,AGGLAD OFTENO 5 ML,FEBRERO,0.96716156,31785.06,114546.1364,110784.62,47,0
PHARMA - Z3,CENTRO DE ESPECIALIDADES OFTALMOLOGICAS E.I.R.L.,ELIPTIC PF,2,FEB,726.36,20,Z3,NORTE CHICO,False,False,True,False,41561.0,ELIPTIC OFTENO 5ML PF PERU,FEBRERO,0.876631233,16081.78,70691.40098,61970.29,47,5
PHARMA - Z3,CENTRO DE ESPECIALIDADES OFTALMOLOGICAS E.I.R.L.,FLUMETOL NF,2,FEB,408.35,10,Z3,NORTE CHICO,False,False,True,False,40513.0,FLUMETOL NF OFTENO 5ML,FEBRERO,1.285457107,84540.52,101550.4985,130538.81,47,6
PHARMA - Z3,CENTRO DE ESPECIALIDADES OFTALMOLOGICAS E.I.R.L.,LAGRICEL PF,2,FEB,1136.1,20,Z3,NORTE CHICO,False,False,True,False,41582.0,LAGRICEL OFTENO LIBRE DE CONSERVADORES (PF) 10 ML,FEBRERO,1.01762066,244371.43,248182.4906,252555.63,47,10
PHARMA - Z3,CENTRO DE ESPECIALIDADES OFTALMOLOGICAS E.I.R.L.,SOPHIPREN,2,FEB,847.0,20,Z3,NORTE CHICO,False,False,True,False,40338.0,SOPHIPREN OFTENO 5 ML,FEBRERO,1.300787434,39394.05,56555.62783,73566.85,47,12
PHARMA - Z3,CENTRO DE ESPECIALIDADES OFTALMOLOGICAS E.I.R.L.,ZEBESTEN,2,FEB,490.88,10,Z3,NORTE CHICO,False,False,True,False,41604.0,ZEBESTEN 5ML PERU,FEBRERO,0.998966691,24271.56,27459.43408,27431.06,47,15
PHARMA - Z3,CENTRO DE ESPECIALIDADES OFTALMOLOGICAS E.I.R.L.,LAGRICEL PF,5,MAY,0.0,20,Z3,NORTE CHICO,False,False,True,True,41582.0,LAGRICEL OFTENO LIBRE DE CONSERVADORES (PF) 10 ML,MAYO,0.852391423,198666.14,261957.3873,223290.23,47,10
PHARMA - Z3,CENTRO DE ESPECIALIDADES OFTALMOLOGICAS E.I.R.L.,SOPHIPREN,5,MAY,847.0,20,Z3,NORTE CHICO,False,False,True,False,40338.0,SOPHIPREN OFTENO 5 ML,MAYO,0.947602386,43314.92,59671.10342,56544.48,47,12
PHARMA - Z3,CENTRO DE ESPECIALIDADES OFTALMOLOGICAS E.I.R.L.,AQUADRAN,6,JUN,583.0,12,Z3,NORTE CHICO,False,False,True,False,41945.0,AQUADRAN 10G,JUNIO,0.329694376,15957.0,35738.51318,47521.3,47,1
PHARMA - Z3,CENTRO DE ESPECIALIDADES OFTALMOLOGICAS E.I.R.L.,AGGLAD,7,JUL,734.0,12,Z3,NORTE CHICO,False,False,True,False,40351.0,AGGLAD OFTENO 5 ML,JULIO,-0.863449228,29784.66,133581.4492,18240.65,47,0
PHARMA - Z3,CENTRO DE ESPECIALIDADES OFTALMOLOGICAS E.I.R.L.,LAGRICEL PF,7,JUL,682.0,12,Z3,NORTE CHICO,False,False,True,False,41582.0,LAGRICEL OFTENO LIBRE DE CONSERVADORES (PF) 10 ML,JULIO,-0.871300153,205886.66,289507.1807,37259.53,47,10
PHARMA - Z3,CENTRO DE ESPECIALIDADES OFTALMOLOGICAS E.I.R.L.,ZEBESTEN,7,JUL,589.0,12,Z3,NORTE CHICO,False,False,True,False,41604.0,ZEBESTEN 5ML PERU,JULIO,-0.92254451,24070.81,32263.82012,2499.01,47,15
PHARMA - Z2,CENTRO DE EXCELENCIA EN GLAUCOMA S.R.L.,AGGLAD,1,ENE,275.13,5,Z2,CALLAO,False,False,True,False,40351.0,AGGLAD OFTENO 5 ML,ENERO,1.0,22534.35,110094.81,110094.81,48,0
PHARMA - Z2,CENTRO DE EXCELENCIA EN GLAUCOMA S.R.L.,ELIPTIC PF,1,ENE,189.43,5,Z2,CALLAO,False,False,True,False,41561.0,ELIPTIC OFTENO 5ML PF PERU,ENERO,1.0,16201.95,62857.68,62857.68,48,5
PHARMA - Z2,CENTRO DE EXCELENCIA EN GLAUCOMA S.R.L.,LAGRICEL,1,ENE,255.88,5,Z2,CALLAO,False,False,True,False,40515.0,LAGRICEL OFTENO 0.5 ML,ENERO,1.0,154236.51,132452.04,132452.04,48,9
PHARMA - Z2,CENTRO DE EXCELENCIA EN GLAUCOMA S.R.L.,LAGRICEL PF,1,ENE,238.58,5,Z2,CALLAO,False,False,True,False,41582.0,LAGRICEL OFTENO LIBRE DE CONSERVADORES (PF) 10 ML,ENERO,1.0,241357.65,244552.3,244552.3,48,10
PHARMA - Z3,CENTRO DE EXCELENCIA EN GLAUCOMA S.R.L.,AGGLAD,3,MAR,550.26,10,Z3,NORTE CHICO,False,False,True,False,40351.0,AGGLAD OFTENO 5 ML,MARZO,0.708033745,31785.06,114546.1364,81102.53,48,0
PHARMA - Z3,CENTRO DE EXCELENCIA EN GLAUCOMA S.R.L.,AQUADRAN,3,MAR,540.0,10,Z3,NORTE CHICO,False,False,True,False,41945.0,AQUADRAN 10G,MARZO,1.286810293,13176.0,33810.57818,43507.8,48,1
PHARMA - Z3,CENTRO DE EXCELENCIA EN GLAUCOMA S.R.L.,ELIPTIC PF,3,MAR,378.86,10,Z3,NORTE CHICO,False,False,True,False,41561.0,ELIPTIC OFTENO 5ML PF PERU,MARZO,0.543724406,16081.78,70691.40098,38436.64,48,5
PHARMA - Z3,CENTRO DE EXCELENCIA EN GLAUCOMA S.R.L.,LAGRICEL,3,MAR,511.75,10,Z3,NORTE CHICO,False,False,True,False,40515.0,LAGRICEL OFTENO 0.5 ML,MARZO,1.138987362,194840.09,165898.7416,188956.57,48,9
PHARMA - Z3,CENTRO DE EXCELENCIA EN GLAUCOMA S.R.L.,LAGRICEL PF,3,MAR,477.16,10,Z3,NORTE CHICO,False,False,True,False,41582.0,LAGRICEL OFTENO LIBRE DE CONSERVADORES (PF) 10 ML,MARZO,1.041573922,244371.43,248182.4906,258500.41,48,10
PHARMA - Z3,CENTRO DE EXCELENCIA EN GLAUCOMA S.R.L.,TRAZIDEX U,3,MAR,467.55,10,Z3,NORTE CHICO,False,False,True,False,40342.0,TRAZIDEX UNGENA 3.5 G,MARZO,0.890660186,111697.65,148184.091,131981.67,48,14
PHARMA - N2,CENTRO DEL GLAUCOMA E.I.R.L.,AGGLAD,7,JUL,318.0,10,N2,TRUJILLO,False,False,True,False,40351.0,AGGLAD OFTENO 5 ML,JULIO,-0.863449228,29784.66,133581.4492,18240.65,49,0
PHARMA - N2,CENTRO DEL GLAUCOMA E.I.R.L.,ELIPTIC PF,7,JUL,588.0,10,N2,TRUJILLO,False,False,True,False,41561.0,ELIPTIC OFTENO 5ML PF PERU,JULIO,-0.90997274,15960.78,82368.2735,7415.39,49,5
PHARMA - N2,CENTRO DEL GLAUCOMA E.I.R.L.,GAAP PF,7,JUL,685.0,10,N2,TRUJILLO,False,False,True,False,41567.0,GAAP OFTENO LIBRE DE CONSER PF 3 ML PERU,JULIO,-0.767903816,96163.14,107619.8651,24978.16,49,8
PHARMA - N2,CENTRO DEL GLAUCOMA E.I.R.L.,LAGRICEL,7,JUL,430.0,10,N2,TRUJILLO,False,False,True,False,40515.0,LAGRICEL OFTENO 0.5 ML,JULIO,-0.84932888,184824.49,193086.8374,29092.61,49,9
PHARMA - N2,CENTRO DEL GLAUCOMA E.I.R.L.,LAGRICEL PF,7,JUL,767.0,15,N2,TRUJILLO,False,False,True,False,41582.0,LAGRICEL OFTENO LIBRE DE CONSERVADORES (PF) 10 ML,JULIO,-0.871300153,205886.66,289507.1807,37259.53,49,10
PHARMA - N2,CENTRO DEL GLAUCOMA E.I.R.L.,SOPHIPREN,7,JUL,424.0,10,N2,TRUJILLO,False,False,True,False,40338.0,SOPHIPREN OFTENO 5 ML,JULIO,-0.815953083,49954.18,65902.05458,12129.07,49,12
PHARMA - N2,CENTRO DEL GLAUCOMA E.I.R.L.,TRAZIDEX O,7,JUL,463.0,10,N2,TRUJILLO,False,False,True,False,40341.0,TRAZIDEX OFTENO 5 ML.,JULIO,-0.912844311,118392.28,112505.9086,9805.53,49,13
PHARMA - N2,CENTRO DEL GLAUCOMA E.I.R.L.,TRAZIDEX U,7,JUL,468.0,10,N2,TRUJILLO,False,False,True,False,40342.0,TRAZIDEX UNGENA 3.5 G,JULIO,-0.835453002,134186.98,172706.827,28418.39,49,14
PHARMA - Z2,CENTRO ESPECIALIZADO SAN SEBASTIAN E.I.R.L,AQUADRAN,5,MAY,486.0,10,Z2,CALLAO,False,False,True,False,41945.0,AQUADRAN 10G,MAYO,1.308504351,13786.2,35738.51318,46764.0,50,1
PHARMA - Z2,CENTRO ESPECIALIZADO SAN SEBASTIAN E.I.R.L,DUSTALOX,5,MAY,369.0,10,Z2,CALLAO,False,False,True,False,41121.0,DUSTALOX 5ML,MAYO,0.508953586,12191.14,11675.36719,5942.22,50,2
PHARMA - Z2,CENTRO ESPECIALIZADO SAN SEBASTIAN E.I.R.L,LAGRICEL PF,5,MAY,0.0,30,Z2,CALLAO,False,False,True,True,41582.0,LAGRICEL OFTENO LIBRE DE CONSERVADORES (PF) 10 ML,MAYO,0.852391423,198666.14,261957.3873,223290.23,50,10
PHARMA - Z2,CENTRO LASER OCULAR SOCIEDAD COMERCIAL DE RESPONSABILIDAD LIMITADA,GAAP,1,ENE,393.89,5,Z2,CALLAO,False,False,True,False,40498.0,GAAP OFTENO 3 ML,ENERO,1.0,101352.36,99775.16,99775.16,51,7
PHARMA - Z2,CENTRO LASER OCULAR SOCIEDAD COMERCIAL DE RESPONSABILIDAD LIMITADA,GAAP PF,1,ENE,405.7,5,Z2,CALLAO,False,False,True,False,41567.0,GAAP OFTENO LIBRE DE CONSER PF 3 ML PERU,ENERO,1.0,67726.3,99013.28,99013.28,51,8
PHARMA - Z2,CENTRO LASER OCULAR SOCIEDAD COMERCIAL DE RESPONSABILIDAD LIMITADA,LAGRICEL PF,1,ENE,908.88,20,Z2,CALLAO,False,False,True,False,41582.0,LAGRICEL OFTENO LIBRE DE CONSERVADORES (PF) 10 ML,ENERO,1.0,241357.65,244552.3,244552.3,51,10
PHARMA - Z2,CENTRO LASER OCULAR SOCIEDAD COMERCIAL DE RESPONSABILIDAD LIMITADA,ZEBESTEN,1,ENE,981.75,20,Z2,CALLAO,False,False,True,False,41604.0,ZEBESTEN 5ML PERU,ENERO,1.0,31496.43,43862.02,43862.02,51,15
PHARMA - Z2,CENTRO LASER OCULAR SOCIEDAD COMERCIAL DE RESPONSABILIDAD LIMITADA,AGGLAD,2,FEB,660.31,12,Z2,CALLAO,False,False,True,False,40351.0,AGGLAD OFTENO 5 ML,FEBRERO,0.96716156,31785.06,114546.1364,110784.62,51,0
PHARMA - Z2,CENTRO LASER OCULAR SOCIEDAD COMERCIAL DE RESPONSABILIDAD LIMITADA,ELIPTIC PF,2,FEB,627.07,12,Z2,CALLAO,False,False,True,False,41561.0,ELIPTIC OFTENO 5ML PF PERU,FEBRERO,0.876631233,16081.78,70691.40098,61970.29,51,5
PHARMA - Z2,CENTRO LASER OCULAR SOCIEDAD COMERCIAL DE RESPONSABILIDAD LIMITADA,GAAP,2,FEB,1575.54,20,Z2,CALLAO,False,False,True,False,40498.0,GAAP OFTENO 3 ML,FEBRERO,0.873555976,85355.44,97172.18164,84885.34,51,7
PHARMA - Z2,CENTRO LASER OCULAR SOCIEDAD COMERCIAL DE RESPONSABILIDAD LIMITADA,GAAP PF,2,FEB,649.12,8,Z2,CALLAO,False,False,True,False,41567.0,GAAP OFTENO LIBRE DE CONSER PF 3 ML PERU,FEBRERO,0.820494884,80205.04,92164.06035,75620.14,51,8
PHARMA - Z2,CENTRO LASER OCULAR SOCIEDAD COMERCIAL DE RESPONSABILIDAD LIMITADA,ZEBESTEN,2,FEB,981.75,20,Z2,CALLAO,False,False,True,False,41604.0,ZEBESTEN 5ML PERU,FEBRERO,0.998966691,24271.56,27459.43408,27431.06,51,15
PHARMA - Z2,CENTRO LASER OCULAR SOCIEDAD COMERCIAL DE RESPONSABILIDAD LIMITADA,ELAR-B,3,MAR,287.5,5,Z2,CALLAO,False,False,True,False,42098.0,ELAR-B 5 ML,MARZO,0.892513965,0.0,23180.02945,20688.5,51,3
PHARMA - Z2,CENTRO LASER OCULAR SOCIEDAD COMERCIAL DE RESPONSABILIDAD LIMITADA,ZEBESTEN,4,ABR,0.0,30,Z2,CALLAO,False,False,True,True,41604.0,ZEBESTEN 5ML PERU,ABRIL,1.062586642,26953.56,29060.89609,30879.72,51,15
PHARMA - Z2,CENTRO LASER OCULAR SOCIEDAD COMERCIAL DE RESPONSABILIDAD LIMITADA,ELAR-B,5,MAY,288.0,5,Z2,CALLAO,False,False,True,False,42098.0,ELAR-B 5 ML,MAYO,0.690959707,0.0,24407.71845,16864.75,51,3
PHARMA - Z2,CENTRO LASER OCULAR SOCIEDAD COMERCIAL DE RESPONSABILIDAD LIMITADA,ELIPTIC PF,5,MAY,261.0,5,Z2,CALLAO,False,False,True,False,41561.0,ELIPTIC OFTENO 5ML PF PERU,MAYO,0.635068724,11669.87,74583.69182,47365.77,51,5
PHARMA - Z2,CENTRO LASER OCULAR SOCIEDAD COMERCIAL DE RESPONSABILIDAD LIMITADA,ELIPTIC PF,6,JUN,523.0,10,Z2,CALLAO,False,False,True,False,41561.0,ELIPTIC OFTENO 5ML PF PERU,JUNIO,-0.431896719,12781.68,74583.69182,42371.24,51,5
PHARMA - Z2,CENTRO LASER OCULAR SOCIEDAD COMERCIAL DE RESPONSABILIDAD LIMITADA,ZEBESTEN,6,JUN,491.0,10,Z2,CALLAO,False,False,True,False,41604.0,ZEBESTEN 5ML PERU,JUNIO,0.156870039,15690.19,29060.89609,33619.68,51,15
PHARMA - Z3,CENTRO MEDICO CLINICA SAN JUDAS TADEO SA,AGGLAD,1,ENE,2506.74,41,Z3,NORTE CHICO,False,False,True,False,40351.0,AGGLAD OFTENO 5 ML,ENERO,1.0,22534.35,110094.81,110094.81,52,0
PHARMA - Z3,CENTRO MEDICO CLINICA SAN JUDAS TADEO SA,TRAZIDEX O,1,ENE,2083.73,50,Z3,NORTE CHICO,False,False,True,False,40341.0,TRAZIDEX OFTENO 5 ML.,ENERO,1.0,107782.12,170736.47,170736.47,52,13
PHARMA - Z3,CENTRO MEDICO CLINICA SAN JUDAS TADEO SA,TRAZIDEX U,1,ENE,504.95,12,Z3,NORTE CHICO,False,False,True,False,40342.0,TRAZIDEX UNGENA 3.5 G,ENERO,1.0,127130.48,135275.35,135275.35,52,14
PHARMA - Z3,CENTRO MEDICO CLINICA SAN JUDAS TADEO SA,AGGLAD,2,FEB,1528.5,25,Z3,NORTE CHICO,False,False,True,False,40351.0,AGGLAD OFTENO 5 ML,FEBRERO,0.96716156,31785.06,114546.1364,110784.62,52,0
PHARMA - Z3,CENTRO MEDICO CLINICA SAN JUDAS TADEO SA,DUSTALOX,2,FEB,369.18,10,Z3,NORTE CHICO,False,False,True,False,41121.0,DUSTALOX 5ML,FEBRERO,0.568411142,6813.43,11070.27913,6292.47,52,2
PHARMA - Z3,CENTRO MEDICO CLINICA SAN JUDAS TADEO SA,LAGRICEL,2,FEB,598.75,13,Z3,NORTE CHICO,False,False,True,False,40515.0,LAGRICEL OFTENO 0.5 ML,FEBRERO,0.970823097,194840.09,165898.7416,161058.33,52,9
PHARMA - Z3,CENTRO MEDICO CLINICA SAN JUDAS TADEO SA,TRAZIDEX O,2,FEB,1250.24,30,Z3,NORTE CHICO,False,False,True,False,40341.0,TRAZIDEX OFTENO 5 ML.,FEBRERO,0.868398954,99642.69,95524.58531,82953.45,52,13
PHARMA - Z3,CENTRO MEDICO CLINICA SAN JUDAS TADEO SA,TRAZIDEX U,2,FEB,2103.98,50,Z3,NORTE CHICO,False,False,True,False,40342.0,TRAZIDEX UNGENA 3.5 G,FEBRERO,0.737379291,111697.65,148184.091,109267.88,52,14
PHARMA - Z3,CENTRO MEDICO CLINICA SAN JUDAS TADEO SA,AGGLAD,3,MAR,3790.68,62,Z3,NORTE CHICO,False,False,True,False,40351.0,AGGLAD OFTENO 5 ML,MARZO,0.708033745,31785.06,114546.1364,81102.53,52,0
PHARMA - Z3,CENTRO MEDICO CLINICA SAN JUDAS TADEO SA,LAGRICEL,3,MAR,276.35,6,Z3,NORTE CHICO,False,False,True,False,40515.0,LAGRICEL OFTENO 0.5 ML,MARZO,1.138987362,194840.09,165898.7416,188956.57,52,9
PHARMA - Z3,CENTRO MEDICO CLINICA SAN JUDAS TADEO SA,TRAZIDEX O,3,MAR,1666.98,40,Z3,NORTE CHICO,False,False,True,False,40341.0,TRAZIDEX OFTENO 5 ML.,MARZO,0.841410928,99642.69,95524.58531,80375.43,52,13
PHARMA - Z3,CENTRO MEDICO CLINICA SAN JUDAS TADEO SA,TRAZIDEX U,3,MAR,1683.18,40,Z3,NORTE CHICO,False,False,True,False,40342.0,TRAZIDEX UNGENA 3.5 G,MARZO,0.890660186,111697.65,148184.091,131981.67,52,14
PHARMA - Z3,CENTRO MEDICO CLINICA SAN JUDAS TADEO SA,AGGLAD,4,ABR,0.0,30,Z3,NORTE CHICO,False,False,True,True,40351.0,AGGLAD OFTENO 5 ML,ABRIL,0.757043269,24635.46,120891.2407,91519.9,52,0
PHARMA - Z3,CENTRO MEDICO CLINICA SAN JUDAS TADEO SA,LAGRICEL,4,ABR,553.0,12,Z3,NORTE CHICO,False,False,True,False,40515.0,LAGRICEL OFTENO 0.5 ML,ABRIL,0.760754197,152829.6,174961.4402,133102.65,52,9
PHARMA - Z3,CENTRO MEDICO CLINICA SAN JUDAS TADEO SA,TRAZIDEX O,4,ABR,0.0,51,Z3,NORTE CHICO,False,False,True,True,40341.0,TRAZIDEX OFTENO 5 ML.,ABRIL,0.966120714,91975.94,101185.0264,97756.95,52,13
PHARMA - Z3,CENTRO MEDICO CLINICA SAN JUDAS TADEO SA,TRAZIDEX U,4,ABR,0.0,52,Z3,NORTE CHICO,False,False,True,True,40342.0,TRAZIDEX UNGENA 3.5 G,ABRIL,0.810349246,131494.88,156358.3363,126704.86,52,14
PHARMA - Z3,CENTRO MEDICO CLINICA SAN JUDAS TADEO SA,AGGLAD,5,MAY,0.0,57,Z3,NORTE CHICO,False,False,True,True,40351.0,AGGLAD OFTENO 5 ML,MAYO,0.670022241,26193.67,120891.2407,80999.82,52,0
PHARMA - Z3,CENTRO MEDICO CLINICA SAN JUDAS TADEO SA,LAGRICEL,5,MAY,783.0,17,Z3,NORTE CHICO,False,False,True,False,40515.0,LAGRICEL OFTENO 0.5 ML,MAYO,0.714118093,158816.35,174961.4402,124943.13,52,9
PHARMA - Z3,CENTRO MEDICO CLINICA SAN JUDAS TADEO SA,TRAZIDEX O,5,MAY,0.0,60,Z3,NORTE CHICO,False,False,True,True,40341.0,TRAZIDEX OFTENO 5 ML.,MAYO,0.725790194,64098.19,101185.0264,73439.1,52,13
PHARMA - Z3,CENTRO MEDICO CLINICA SAN JUDAS TADEO SA,TRAZIDEX U,5,MAY,0.0,84,Z3,NORTE CHICO,False,False,True,True,40342.0,TRAZIDEX UNGENA 3.5 G,MAYO,0.799544258,131001.94,156358.3363,125015.41,52,14
PHARMA - Z3,CENTRO MEDICO CLINICA SAN JUDAS TADEO SA,AGGLAD,6,JUN,0.0,55,Z3,NORTE CHICO,False,False,True,True,40351.0,AGGLAD OFTENO 5 ML,JUNIO,-0.235301917,20271.95,120891.2407,92445.3,52,0
PHARMA - Z3,CENTRO MEDICO CLINICA SAN JUDAS TADEO SA,LAGRICEL,6,JUN,599.0,13,Z3,NORTE CHICO,False,False,True,False,40515.0,LAGRICEL OFTENO 0.5 ML,JUNIO,-0.157973323,129483.27,174961.4402,147322.2,52,9
PHARMA - Z3,CENTRO MEDICO CLINICA SAN JUDAS TADEO SA,SOPHIPREN,6,JUN,0.0,35,Z3,NORTE CHICO,False,False,True,True,40338.0,SOPHIPREN OFTENO 5 ML,JUNIO,0.072135193,48676.87,59671.10342,63975.49,52,12
PHARMA - Z3,CENTRO MEDICO CLINICA SAN JUDAS TADEO SA,TRAZIDEX O,6,JUN,0.0,55,Z3,NORTE CHICO,False,False,True,True,40341.0,TRAZIDEX OFTENO 5 ML.,JUNIO,-0.192738462,70697.29,101185.0264,81682.78,52,13
PHARMA - Z3,CENTRO MEDICO CLINICA SAN JUDAS TADEO SA,TRAZIDEX U,6,JUN,0.0,87,Z3,NORTE CHICO,False,False,True,True,40342.0,TRAZIDEX UNGENA 3.5 G,JUNIO,-0.144707451,114383.92,156358.3363,133732.12,52,14
PHARMA - Z3,CENTRO MEDICO CLINICA SAN JUDAS TADEO SA,AGGLAD,7,JUL,917.0,15,Z3,NORTE CHICO,False,False,True,False,40351.0,AGGLAD OFTENO 5 ML,JULIO,-0.863449228,29784.66,133581.4492,18240.65,52,0
PHARMA - Z3,CENTRO MEDICO CLINICA SAN JUDAS TADEO SA,LAGRICEL,7,JUL,276.0,6,Z3,NORTE CHICO,False,False,True,False,40515.0,LAGRICEL OFTENO 0.5 ML,JULIO,-0.84932888,184824.49,193086.8374,29092.61,52,9
PHARMA - Z3,CENTRO MEDICO CLINICA SAN JUDAS TADEO SA,TRAZIDEX O,7,JUL,833.0,20,Z3,NORTE CHICO,False,False,True,False,40341.0,TRAZIDEX OFTENO 5 ML.,JULIO,-0.912844311,118392.28,112505.9086,9805.53,52,13
PHARMA - Z3,CENTRO MEDICO CLINICA SAN JUDAS TADEO SA,TRAZIDEX U,7,JUL,421.0,10,Z3,NORTE CHICO,False,False,True,False,40342.0,TRAZIDEX UNGENA 3.5 G,JULIO,-0.835453002,134186.98,172706.827,28418.39,52,14
PHARMA - N2,CENTRO MEDICO ESPECIALIZADO LUZ Y DIVINIDAD E.I.R.L.,TRAZIDEX U,2,FEB,514.31,10,N2,TRUJILLO,False,False,True,False,40342.0,TRAZIDEX UNGENA 3.5 G,FEBRERO,0.737379291,111697.65,148184.091,109267.88,53,14
PHARMA - N2,CENTRO MEDICO OFTALMOLOGICO LASER S.R.L,DUSTALOX,2,FEB,270.73,6,N2,TRUJILLO,False,False,True,False,41121.0,DUSTALOX 5ML,FEBRERO,0.568411142,6813.43,11070.27913,6292.47,54,2
PHARMA - N2,CENTRO MEDICO OFTALMOLOGICO LASER S.R.L,ELIPTIC PF,2,FEB,508.45,20,N2,TRUJILLO,False,False,True,False,41561.0,ELIPTIC OFTENO 5ML PF PERU,FEBRERO,0.876631233,16081.78,70691.40098,61970.29,54,5
PHARMA - N2,CENTRO MEDICO OFTALMOLOGICO LASER S.R.L,LAGRICEL,2,FEB,511.75,10,N2,TRUJILLO,False,False,True,False,40515.0,LAGRICEL OFTENO 0.5 ML,FEBRERO,0.970823097,194840.09,165898.7416,161058.33,54,9
PHARMA - N2,CENTRO MEDICO OFTALMOLOGICO LASER S.R.L,AGGLAD,3,MAR,403.52,6,N2,TRUJILLO,False,False,True,False,40351.0,AGGLAD OFTENO 5 ML,MARZO,0.708033745,31785.06,114546.1364,81102.53,54,0
PHARMA - N2,CENTRO MEDICO OFTALMOLOGICO LASER S.R.L,ELIPTIC PF,3,MAR,508.46,20,N2,TRUJILLO,False,False,True,False,41561.0,ELIPTIC OFTENO 5ML PF PERU,MARZO,0.543724406,16081.78,70691.40098,38436.64,54,5
PHARMA - N2,CENTRO MEDICO OFTALMOLOGICO LASER S.R.L,LAGRICEL,3,MAR,307.05,6,N2,TRUJILLO,False,False,True,False,40515.0,LAGRICEL OFTENO 0.5 ML,MARZO,1.138987362,194840.09,165898.7416,188956.57,54,9
PHARMA - N2,CENTRO MEDICO OFTALMOLOGICO LASER S.R.L,LAGRICEL PF,3,MAR,568.05,10,N2,TRUJILLO,False,False,True,False,41582.0,LAGRICEL OFTENO LIBRE DE CONSERVADORES (PF) 10 ML,MARZO,1.041573922,244371.43,248182.4906,258500.41,54,10
PHARMA - N2,CENTRO MEDICO OFTALMOLOGICO LASER S.R.L,ELIPTIC PF,4,ABR,508.0,20,N2,TRUJILLO,False,False,True,False,41561.0,ELIPTIC OFTENO 5ML PF PERU,ABRIL,0.502083754,28406.63,74583.69182,37447.26,54,5
PHARMA - N2,CENTRO MEDICO OFTALMOLOGICO LASER S.R.L,LAGRICEL,4,ABR,512.0,10,N2,TRUJILLO,False,False,True,False,40515.0,LAGRICEL OFTENO 0.5 ML,ABRIL,0.760754197,152829.6,174961.4402,133102.65,54,9
PHARMA - N2,CENTRO MEDICO OFTALMOLOGICO LASER S.R.L,LAGRICEL PF,4,ABR,568.0,10,N2,TRUJILLO,False,False,True,False,41582.0,LAGRICEL OFTENO LIBRE DE CONSERVADORES (PF) 10 ML,ABRIL,1.234011277,222585.45,261957.3873,323258.37,54,10
PHARMA - N2,CENTRO MEDICO OFTALMOLOGICO LASER S.R.L,ELIPTIC PF,5,MAY,508.0,20,N2,TRUJILLO,False,False,True,False,41561.0,ELIPTIC OFTENO 5ML PF PERU,MAYO,0.635068724,11669.87,74583.69182,47365.77,54,5
PHARMA - N2,CENTRO MEDICO OFTALMOLOGICO LASER S.R.L,LAGRICEL,5,MAY,512.0,10,N2,TRUJILLO,False,False,True,False,40515.0,LAGRICEL OFTENO 0.5 ML,MAYO,0.714118093,158816.35,174961.4402,124943.13,54,9
PHARMA - N2,CENTRO MEDICO OFTALMOLOGICO LASER S.R.L,LAGRICEL PF,5,MAY,568.0,10,N2,TRUJILLO,False,False,True,False,41582.0,LAGRICEL OFTENO LIBRE DE CONSERVADORES (PF) 10 ML,MAYO,0.852391423,198666.14,261957.3873,223290.23,54,10
PHARMA - N2,CENTRO MEDICO OFTALMOLOGICO LASER S.R.L,AGGLAD,6,JUN,275.0,5,N2,TRUJILLO,False,False,True,False,40351.0,AGGLAD OFTENO 5 ML,JUNIO,-0.235301917,20271.95,120891.2407,92445.3,54,0
PHARMA - N2,CENTRO MEDICO OFTALMOLOGICO LASER S.R.L,ELAR-B,6,JUN,518.0,10,N2,TRUJILLO,False,False,True,False,42098.0,ELAR-B 5 ML,JUNIO,-0.29490542,0.0,24407.71845,17209.75,54,3
PHARMA - N2,CENTRO MEDICO OFTALMOLOGICO LASER S.R.L,ELIPTIC PF,6,JUN,508.0,20,N2,TRUJILLO,False,False,True,False,41561.0,ELIPTIC OFTENO 5ML PF PERU,JUNIO,-0.431896719,12781.68,74583.69182,42371.24,54,5
PHARMA - N2,CENTRO MEDICO OFTALMOLOGICO LASER S.R.L,GAAP PF,6,JUN,343.0,5,N2,TRUJILLO,False,False,True,False,41567.0,GAAP OFTENO LIBRE DE CONSER PF 3 ML PERU,JUNIO,-0.151410313,75783.27,97315.99528,82581.35,54,8
PHARMA - N2,CENTRO MEDICO OFTALMOLOGICO LASER S.R.L,ELIPTIC PF,7,JUL,508.0,20,N2,TRUJILLO,False,False,True,False,41561.0,ELIPTIC OFTENO 5ML PF PERU,JULIO,-0.90997274,15960.78,82368.2735,7415.39,54,5
PHARMA - N2,CENTRO MEDICO OFTALMOLOGICO LASER S.R.L,LAGRICEL,7,JUL,512.0,10,N2,TRUJILLO,False,False,True,False,40515.0,LAGRICEL OFTENO 0.5 ML,JULIO,-0.84932888,184824.49,193086.8374,29092.61,54,9
PHARMA - N2,CENTRO MEDICO OFTALMOLOGICO LASER S.R.L,LAGRICEL PF,7,JUL,568.0,10,N2,TRUJILLO,False,False,True,False,41582.0,LAGRICEL OFTENO LIBRE DE CONSERVADORES (PF) 10 ML,JULIO,-0.871300153,205886.66,289507.1807,37259.53,54,10
PHARMA - S,CENTRO MEDICO SAN PEDRO S.A.C.,AQUADRAN,1,ENE,270.0,5,S,CADENAS,False,False,True,False,41945.0,AQUADRAN 10G,ENERO,1.0,3348.0,44517.6,44517.6,55,1
PHARMA - S,CENTRO MEDICO SAN PEDRO S.A.C.,LAGRICEL PF,1,ENE,477.16,10,S,CADENAS,False,False,True,False,41582.0,LAGRICEL OFTENO LIBRE DE CONSERVADORES (PF) 10 ML,ENERO,1.0,241357.65,244552.3,244552.3,55,10
PHARMA - S,CENTRO MEDICO SAN PEDRO S.A.C.,AQUADRAN,5,MAY,270.0,5,S,CADENAS,False,False,True,False,41945.0,AQUADRAN 10G,MAYO,1.308504351,13786.2,35738.51318,46764.0,55,1
PHARMA - S,CENTRO MEDICO SAN PEDRO S.A.C.,LAGRICEL PF,5,MAY,239.0,5,S,CADENAS,False,False,True,False,41582.0,LAGRICEL OFTENO LIBRE DE CONSERVADORES (PF) 10 ML,MAYO,0.852391423,198666.14,261957.3873,223290.23,55,10
PHARMA - Z2,CENTRO OFTALMOLOGICO DELGADO E.I.R.L.,FLUMETOL NF,1,ENE,3511.81,100,Z2,CALLAO,False,False,True,False,40513.0,FLUMETOL NF OFTENO 5ML,ENERO,1.0,106644.0,144656.97,144656.97,56,6
PHARMA - Z2,CENTRO OFTALMOLOGICO DR. GERONIMO EIRL,AQUADRAN,1,ENE,1296.0,24,Z2,CALLAO,False,False,True,False,41945.0,AQUADRAN 10G,ENERO,1.0,3348.0,44517.6,44517.6,57,1
PHARMA - Z2,CENTRO OFTALMOLOGICO DR. GERONIMO EIRL,GAAP PF,1,ENE,901.55,10,Z2,CALLAO,False,False,True,False,41567.0,GAAP OFTENO LIBRE DE CONSER PF 3 ML PERU,ENERO,1.0,67726.3,99013.28,99013.28,57,8
PHARMA - Z2,CENTRO OFTALMOLOGICO DR. GERONIMO EIRL,AQUADRAN,3,MAR,1296.0,24,Z2,CALLAO,False,False,True,False,41945.0,AQUADRAN 10G,MARZO,1.286810293,13176.0,33810.57818,43507.8,57,1
PHARMA - Z2,CENTRO OFTALMOLOGICO DR. GERONIMO EIRL,FLUMETOL NF,3,MAR,612.53,15,Z2,CALLAO,False,False,True,False,40513.0,FLUMETOL NF OFTENO 5ML,MARZO,1.399890715,84540.52,101550.4985,142159.6,57,6
PHARMA - Z2,CENTRO OFTALMOLOGICO DR. GERONIMO EIRL,LAGRICEL PF,3,MAR,1363.32,24,Z2,CALLAO,False,False,True,False,41582.0,LAGRICEL OFTENO LIBRE DE CONSERVADORES (PF) 10 ML,MARZO,1.041573922,244371.43,248182.4906,258500.41,57,10
PHARMA - Z2,CENTRO OFTALMOLOGICO DR. GERONIMO EIRL,TRAZIDEX U,3,MAR,701.33,15,Z2,CALLAO,False,False,True,False,40342.0,TRAZIDEX UNGENA 3.5 G,MARZO,0.890660186,111697.65,148184.091,131981.67,57,14
PHARMA - Z2,CENTRO OFTALMOLOGICO DR. GERONIMO EIRL,AQUADRAN,4,ABR,0.0,24,Z2,CALLAO,False,False,True,True,41945.0,AQUADRAN 10G,ABRIL,1.367885669,18754.2,35738.51318,48886.2,57,1
PHARMA - Z2,CENTRO OFTALMOLOGICO DR. GERONIMO EIRL,ELIPTIC PF,4,ABR,392.0,12,Z2,CALLAO,False,False,True,False,41561.0,ELIPTIC OFTENO 5ML PF PERU,ABRIL,0.502083754,28406.63,74583.69182,37447.26,57,5
PHARMA - Z2,CENTRO OFTALMOLOGICO DR. GERONIMO EIRL,GAAP PF,4,ABR,902.0,10,Z2,CALLAO,False,False,True,False,41567.0,GAAP OFTENO LIBRE DE CONSER PF 3 ML PERU,ABRIL,0.580041645,82952.14,97315.99528,56447.33,57,8
PHARMA - Z2,CENTRO OFTALMOLOGICO DR. GERONIMO EIRL,LAGRICEL PF,4,ABR,682.0,12,Z2,CALLAO,False,False,True,False,41582.0,LAGRICEL OFTENO LIBRE DE CONSERVADORES (PF) 10 ML,ABRIL,1.234011277,222585.45,261957.3873,323258.37,57,10
PHARMA - Z2,CENTRO OFTALMOLOGICO DR. GERONIMO EIRL,AQUADRAN,6,JUN,540.0,10,Z2,CALLAO,False,False,True,False,41945.0,AQUADRAN 10G,JUNIO,0.329694376,15957.0,35738.51318,47521.3,57,1
PHARMA - Z2,CENTRO OFTALMOLOGICO DR. GERONIMO EIRL,GAAP PF,6,JUN,902.0,10,Z2,CALLAO,False,False,True,False,41567.0,GAAP OFTENO LIBRE DE CONSER PF 3 ML PERU,JUNIO,-0.151410313,75783.27,97315.99528,82581.35,57,8
PHARMA - Z2,CENTRO OFTALMOLOGICO DR. GERONIMO EIRL,ZEBESTEN,6,JUN,491.0,10,Z2,CALLAO,False,False,True,False,41604.0,ZEBESTEN 5ML PERU,JUNIO,0.156870039,15690.19,29060.89609,33619.68,57,15
PHARMA - N1,CENTRO OFTALMOLOGICO DSC SOCIEDAD ANONIMA CERRADA,LAGRICEL PF,3,MAR,749.83,12,N1,CHICLAYO,False,False,True,False,41582.0,LAGRICEL OFTENO LIBRE DE CONSERVADORES (PF) 10 ML,MARZO,1.041573922,244371.43,248182.4906,258500.41,58,10
PHARMA - N1,CENTRO OFTALMOLOGICO DSC SOCIEDAD ANONIMA CERRADA,SOPHIPREN,3,MAR,559.02,12,N1,CHICLAYO,False,False,True,False,40338.0,SOPHIPREN OFTENO 5 ML,MARZO,1.018181783,39394.05,56555.62783,57583.91,58,12
PHARMA - Z2,CENTRO OFTALMOLOGICO LASER NOVO VISION S.A.C.,AQUADRAN,5,MAY,432.0,8,Z2,CALLAO,False,False,True,False,41945.0,AQUADRAN 10G,MAYO,1.308504351,13786.2,35738.51318,46764.0,59,1
PHARMA - Z2,CENTRO OFTALMOLOGICO LASER NOVO VISION S.A.C.,ELIPTIC PF,5,MAY,149.0,3,Z2,CALLAO,False,False,True,False,41561.0,ELIPTIC OFTENO 5ML PF PERU,MAYO,0.635068724,11669.87,74583.69182,47365.77,59,5
PHARMA - Z2,CENTRO OFTALMOLOGICO LASER NOVO VISION S.A.C.,FLUMETOL NF,5,MAY,531.0,13,Z2,CALLAO,False,False,True,False,40513.0,FLUMETOL NF OFTENO 5ML,MAYO,1.182290501,84208.66,107397.8095,126975.41,59,6
PHARMA - Z2,CENTRO OFTALMOLOGICO LASER NOVO VISION S.A.C.,GAAP PF,5,MAY,216.0,3,Z2,CALLAO,False,False,True,False,41567.0,GAAP OFTENO LIBRE DE CONSER PF 3 ML PERU,MAYO,0.695728383,103158.58,97315.99528,67705.5,59,8
PHARMA - Z2,CENTRO OFTALMOLOGICO LASER NOVO VISION S.A.C.,LAGRICEL,5,MAY,154.0,3,Z2,CALLAO,False,False,True,False,40515.0,LAGRICEL OFTENO 0.5 ML,MAYO,0.714118093,158816.35,174961.4402,124943.13,59,9
PHARMA - Z2,CENTRO OFTALMOLOGICO LASER NOVO VISION S.A.C.,LAGRICEL PF,5,MAY,620.0,13,Z2,CALLAO,False,False,True,False,41582.0,LAGRICEL OFTENO LIBRE DE CONSERVADORES (PF) 10 ML,MAYO,0.852391423,198666.14,261957.3873,223290.23,59,10
PHARMA - Z2,CENTRO OFTALMOLOGICO LASER NOVO VISION S.A.C.,SOPHIPREN,5,MAY,339.0,8,Z2,CALLAO,False,False,True,False,40338.0,SOPHIPREN OFTENO 5 ML,MAYO,0.947602386,43314.92,59671.10342,56544.48,59,12
PHARMA - Z2,CENTRO OFTALMOLOGICO LASER NOVO VISION S.A.C.,TRAZIDEX O,5,MAY,370.0,8,Z2,CALLAO,False,False,True,False,40341.0,TRAZIDEX OFTENO 5 ML.,MAYO,0.725790194,64098.19,101185.0264,73439.1,59,13
PHARMA - Z2,CENTRO OFTALMOLOGICO LASER NOVO VISION S.A.C.,TRAZIDEX U,5,MAY,608.0,13,Z2,CALLAO,False,False,True,False,40342.0,TRAZIDEX UNGENA 3.5 G,MAYO,0.799544258,131001.94,156358.3363,125015.41,59,14
PHARMA - Z3,CENTRO OFTALMOLOGICO LEO VISION S.A.C.,TRAZIDEX U,1,ENE,2337.75,50,Z3,NORTE CHICO,False,False,True,False,40342.0,TRAZIDEX UNGENA 3.5 G,ENERO,1.0,127130.48,135275.35,135275.35,60,14
PHARMA - Z3,CENTRO OFTALMOLOGICO LEO VISION S.A.C.,TRAZIDEX U,3,MAR,2337.75,50,Z3,NORTE CHICO,False,False,True,False,40342.0,TRAZIDEX UNGENA 3.5 G,MARZO,0.890660186,111697.65,148184.091,131981.67,60,14
PHARMA - Z3,CENTRO OFTALMOLOGICO LEO VISION S.A.C.,LANDAX,4,ABR,839.0,20,Z3,NORTE CHICO,False,False,True,False,41804.0,LANDAX 5ML,ABRIL,0.967730243,9326.66,22304.8625,21585.09,60,11
PHARMA - Z3,CENTRO OFTALMOLOGICO LEO VISION S.A.C.,SOPHIPREN,4,ABR,847.0,20,Z3,NORTE CHICO,False,False,True,False,40338.0,SOPHIPREN OFTENO 5 ML,ABRIL,1.125758804,51339.43,59671.10342,67175.27,60,12
PHARMA - Z3,CENTRO OFTALMOLOGICO LEO VISION S.A.C.,TRAZIDEX U,5,MAY,0.0,50,Z3,NORTE CHICO,False,False,True,True,40342.0,TRAZIDEX UNGENA 3.5 G,MAYO,0.799544258,131001.94,156358.3363,125015.41,60,14
PHARMA - Z3,CENTRO OFTALMOLOGICO MONCADA S. CIVIL DE R.L,AQUADRAN,1,ENE,216.0,4,Z3,NORTE CHICO,False,False,True,False,41945.0,AQUADRAN 10G,ENERO,1.0,3348.0,44517.6,44517.6,61,1
PHARMA - Z3,CENTRO OFTALMOLOGICO MONCADA S. CIVIL DE R.L,ELAR-B,1,ENE,172.5,3,Z3,NORTE CHICO,False,False,True,False,42098.0,ELAR-B 5 ML,ENERO,1.0,0.0,10200.5,10200.5,61,3
PHARMA - Z3,CENTRO OFTALMOLOGICO MONCADA S. CIVIL DE R.L,AQUADRAN,3,MAR,324.0,6,Z3,NORTE CHICO,False,False,True,False,41945.0,AQUADRAN 10G,MARZO,1.286810293,13176.0,33810.57818,43507.8,61,1
PHARMA - S,CENTRO OFTALMOLOGICO MONS.ENRIQUE PELACH OBISPADO DE ABANCAY,FLUMETOL NF,3,MAR,1225.05,30,S,CADENAS,False,False,True,False,40513.0,FLUMETOL NF OFTENO 5ML,MARZO,1.399890715,84540.52,101550.4985,142159.6,62,6
PHARMA - N1,CENTRO OFTALMOLOGICO NOBA VISION E.I.R.L.,AGGLAD,2,FEB,3301.56,60,N1,CHICLAYO,False,False,True,False,40351.0,AGGLAD OFTENO 5 ML,FEBRERO,0.96716156,31785.06,114546.1364,110784.62,63,0
PHARMA - N1,CENTRO OFTALMOLOGICO NOBA VISION E.I.R.L.,AQUADRAN,2,FEB,1080.0,20,N1,CHICLAYO,False,False,True,False,41945.0,AQUADRAN 10G,FEBRERO,1.033824379,13176.0,33810.57818,34954.2,63,1
PHARMA - N1,CENTRO OFTALMOLOGICO NOBA VISION E.I.R.L.,ELAR-B,2,FEB,517.5,10,N1,CHICLAYO,False,False,True,False,42098.0,ELAR-B 5 ML,FEBRERO,0.622378415,0.0,23180.02945,14426.75,63,3
PHARMA - N1,CENTRO OFTALMOLOGICO NOBA VISION E.I.R.L.,ELIPTIC PF,2,FEB,1144.01,30,N1,CHICLAYO,False,False,True,False,41561.0,ELIPTIC OFTENO 5ML PF PERU,FEBRERO,0.876631233,16081.78,70691.40098,61970.29,63,5
PHARMA - N1,CENTRO OFTALMOLOGICO NOBA VISION E.I.R.L.,LAGRICEL,2,FEB,511.75,10,N1,CHICLAYO,False,False,True,False,40515.0,LAGRICEL OFTENO 0.5 ML,FEBRERO,0.970823097,194840.09,165898.7416,161058.33,63,9
PHARMA - N1,CENTRO OFTALMOLOGICO NOBA VISION E.I.R.L.,LAGRICEL PF,2,FEB,1249.71,20,N1,CHICLAYO,False,False,True,False,41582.0,LAGRICEL OFTENO LIBRE DE CONSERVADORES (PF) 10 ML,FEBRERO,1.01762066,244371.43,248182.4906,252555.63,63,10
PHARMA - N1,CENTRO OFTALMOLOGICO NOBA VISION E.I.R.L.,AGGLAD,3,MAR,1100.52,20,N1,CHICLAYO,False,False,True,False,40351.0,AGGLAD OFTENO 5 ML,MARZO,0.708033745,31785.06,114546.1364,81102.53,63,0
PHARMA - N1,CENTRO OFTALMOLOGICO NOBA VISION E.I.R.L.,ELAR-B,3,MAR,1035.0,20,N1,CHICLAYO,False,False,True,False,42098.0,ELAR-B 5 ML,MARZO,0.892513965,0.0,23180.02945,20688.5,63,3
PHARMA - N1,CENTRO OFTALMOLOGICO NOBA VISION E.I.R.L.,ELIPTIC PF,3,MAR,762.68,20,N1,CHICLAYO,False,False,True,False,41561.0,ELIPTIC OFTENO 5ML PF PERU,MARZO,0.543724406,16081.78,70691.40098,38436.64,63,5
PHARMA - N1,CENTRO OFTALMOLOGICO NOBA VISION E.I.R.L.,GAAP PF,3,MAR,901.55,10,N1,CHICLAYO,False,False,True,False,41567.0,GAAP OFTENO LIBRE DE CONSER PF 3 ML PERU,MARZO,0.894697886,80205.04,92164.06035,82458.99,63,8
PHARMA - N1,CENTRO OFTALMOLOGICO NOBA VISION E.I.R.L.,LAGRICEL PF,3,MAR,1249.71,20,N1,CHICLAYO,False,False,True,False,41582.0,LAGRICEL OFTENO LIBRE DE CONSERVADORES (PF) 10 ML,MARZO,1.041573922,244371.43,248182.4906,258500.41,63,10
PHARMA - N1,CENTRO OFTALMOLOGICO NOBA VISION E.I.R.L.,TRAZIDEX O,3,MAR,1018.71,20,N1,CHICLAYO,False,False,True,False,40341.0,TRAZIDEX OFTENO 5 ML.,MARZO,0.841410928,99642.69,95524.58531,80375.43,63,13
PHARMA - N1,CENTRO OFTALMOLOGICO NOBA VISION E.I.R.L.,TRAZIDEX U,3,MAR,514.31,10,N1,CHICLAYO,False,False,True,False,40342.0,TRAZIDEX UNGENA 3.5 G,MARZO,0.890660186,111697.65,148184.091,131981.67,63,14
PHARMA - N1,CENTRO OFTALMOLOGICO NOBA VISION E.I.R.L.,AGGLAD,4,ABR,0.0,20,N1,CHICLAYO,False,False,True,True,40351.0,AGGLAD OFTENO 5 ML,ABRIL,0.757043269,24635.46,120891.2407,91519.9,63,0
PHARMA - N1,CENTRO OFTALMOLOGICO NOBA VISION E.I.R.L.,ELAR-B,4,ABR,0.0,20,N1,CHICLAYO,False,False,True,True,42098.0,ELAR-B 5 ML,ABRIL,0.614395812,0.0,24407.71845,14996.0,63,3
PHARMA - N1,CENTRO OFTALMOLOGICO NOBA VISION E.I.R.L.,ELIPTIC PF,4,ABR,763.0,20,N1,CHICLAYO,False,False,True,False,41561.0,ELIPTIC OFTENO 5ML PF PERU,ABRIL,0.502083754,28406.63,74583.69182,37447.26,63,5
PHARMA - N1,CENTRO OFTALMOLOGICO NOBA VISION E.I.R.L.,LAGRICEL PF,4,ABR,0.0,20,N1,CHICLAYO,False,False,True,True,41582.0,LAGRICEL OFTENO LIBRE DE CONSERVADORES (PF) 10 ML,ABRIL,1.234011277,222585.45,261957.3873,323258.37,63,10
PHARMA - N1,CENTRO OFTALMOLOGICO NOBA VISION E.I.R.L.,TRAZIDEX U,4,ABR,0.0,20,N1,CHICLAYO,False,False,True,True,40342.0,TRAZIDEX UNGENA 3.5 G,ABRIL,0.810349246,131494.88,156358.3363,126704.86,63,14
PHARMA - N1,CENTRO OFTALMOLOGICO NOBA VISION E.I.R.L.,ZEBESTEN,4,ABR,982.0,20,N1,CHICLAYO,False,False,True,False,41604.0,ZEBESTEN 5ML PERU,ABRIL,1.062586642,26953.56,29060.89609,30879.72,63,15
PHARMA - N1,CENTRO OFTALMOLOGICO NOBA VISION E.I.R.L.,AGGLAD,5,MAY,0.0,20,N1,CHICLAYO,False,False,True,True,40351.0,AGGLAD OFTENO 5 ML,MAYO,0.670022241,26193.67,120891.2407,80999.82,63,0
PHARMA - N1,CENTRO OFTALMOLOGICO NOBA VISION E.I.R.L.,ELAR-B,5,MAY,0.0,20,N1,CHICLAYO,False,False,True,True,42098.0,ELAR-B 5 ML,MAYO,0.690959707,0.0,24407.71845,16864.75,63,3
PHARMA - N1,CENTRO OFTALMOLOGICO NOBA VISION E.I.R.L.,ELIPTIC PF,5,MAY,763.0,20,N1,CHICLAYO,False,False,True,False,41561.0,ELIPTIC OFTENO 5ML PF PERU,MAYO,0.635068724,11669.87,74583.69182,47365.77,63,5
PHARMA - N1,CENTRO OFTALMOLOGICO NOBA VISION E.I.R.L.,FLUMETOL NF,5,MAY,898.0,20,N1,CHICLAYO,False,False,True,False,40513.0,FLUMETOL NF OFTENO 5ML,MAYO,1.182290501,84208.66,107397.8095,126975.41,63,6
PHARMA - N1,CENTRO OFTALMOLOGICO NOBA VISION E.I.R.L.,GAAP PF,5,MAY,902.0,10,N1,CHICLAYO,False,False,True,False,41567.0,GAAP OFTENO LIBRE DE CONSER PF 3 ML PERU,MAYO,0.695728383,103158.58,97315.99528,67705.5,63,8
PHARMA - N1,CENTRO OFTALMOLOGICO NOBA VISION E.I.R.L.,LAGRICEL PF,5,MAY,0.0,20,N1,CHICLAYO,False,False,True,True,41582.0,LAGRICEL OFTENO LIBRE DE CONSERVADORES (PF) 10 ML,MAYO,0.852391423,198666.14,261957.3873,223290.23,63,10
PHARMA - N1,CENTRO OFTALMOLOGICO NOBA VISION E.I.R.L.,ZEBESTEN,5,MAY,491.0,10,N1,CHICLAYO,False,False,True,False,41604.0,ZEBESTEN 5ML PERU,MAYO,0.825216123,27515.83,29060.89609,23981.52,63,15
PHARMA - N1,CENTRO OFTALMOLOGICO NOBA VISION E.I.R.L.,AGGLAD,6,JUN,0.0,20,N1,CHICLAYO,False,False,True,True,40351.0,AGGLAD OFTENO 5 ML,JUNIO,-0.235301917,20271.95,120891.2407,92445.3,63,0
PHARMA - N1,CENTRO OFTALMOLOGICO NOBA VISION E.I.R.L.,DUSTALOX,6,JUN,902.0,20,N1,CHICLAYO,False,False,True,False,41121.0,DUSTALOX 5ML,JUNIO,-0.44241925,5938.11,11675.36719,6509.96,63,2
PHARMA - N1,CENTRO OFTALMOLOGICO NOBA VISION E.I.R.L.,ELIPTIC PF,6,JUN,763.0,20,N1,CHICLAYO,False,False,True,False,41561.0,ELIPTIC OFTENO 5ML PF PERU,JUNIO,-0.431896719,12781.68,74583.69182,42371.24,63,5
PHARMA - N1,CENTRO OFTALMOLOGICO NOBA VISION E.I.R.L.,LAGRICEL PF,6,JUN,0.0,20,N1,CHICLAYO,False,False,True,True,41582.0,LAGRICEL OFTENO LIBRE DE CONSERVADORES (PF) 10 ML,JUNIO,-0.085958779,182516.9,261957.3873,239439.85,63,10
PHARMA - N1,CENTRO OFTALMOLOGICO NOBA VISION E.I.R.L.,TRAZIDEX O,6,JUN,0.0,20,N1,CHICLAYO,False,False,True,True,40341.0,TRAZIDEX OFTENO 5 ML.,JUNIO,-0.192738462,70697.29,101185.0264,81682.78,63,13
PHARMA - S,CENTRO OFTALMOLOGICO PROVISION S.A.C.,TRAZIDEX U,1,ENE,504.95,12,S,CADENAS,False,False,True,False,40342.0,TRAZIDEX UNGENA 3.5 G,ENERO,1.0,127130.48,135275.35,135275.35,64,14
PHARMA - S,CENTRO OFTALMOLOGICO PROVISION S.A.C.,AQUADRAN,2,FEB,648.0,12,S,CADENAS,False,False,True,False,41945.0,AQUADRAN 10G,FEBRERO,1.033824379,13176.0,33810.57818,34954.2,64,1
PHARMA - S,CENTRO OFTALMOLOGICO PROVISION S.A.C.,TRAZIDEX U,3,MAR,504.95,12,S,CADENAS,False,False,True,False,40342.0,TRAZIDEX UNGENA 3.5 G,MARZO,0.890660186,111697.65,148184.091,131981.67,64,14
PHARMA - S,CENTRO OFTALMOLOGICO PROVISION S.A.C.,AQUADRAN,6,JUN,648.0,12,S,CADENAS,False,False,True,False,41945.0,AQUADRAN 10G,JUNIO,0.329694376,15957.0,35738.51318,47521.3,64,1
PHARMA - S,CENTRO OFTALMOLOGICO PROVISION S.A.C.,TRAZIDEX U,6,JUN,505.0,12,S,CADENAS,False,False,True,False,40342.0,TRAZIDEX UNGENA 3.5 G,JUNIO,-0.144707451,114383.92,156358.3363,133732.12,64,14
PHARMA - Z2,CENTRO OFTALMOLOGICO VISION CENTRAL EMPRESA INDIVIDUAL DE RESPONSABILIDAD LIMITADA,AGGLAD,5,MAY,660.0,12,Z2,CALLAO,False,False,True,False,40351.0,AGGLAD OFTENO 5 ML,MAYO,0.670022241,26193.67,120891.2407,80999.82,65,0
PHARMA - Z2,CENTRO OFTALMOLOGICO VISION CENTRAL EMPRESA INDIVIDUAL DE RESPONSABILIDAD LIMITADA,ELIPTIC PF,5,MAY,408.0,12,Z2,CALLAO,False,False,True,False,41561.0,ELIPTIC OFTENO 5ML PF PERU,MAYO,0.635068724,11669.87,74583.69182,47365.77,65,5
PHARMA - Z2,CENTRO OFTALMOLOGICO VISION CENTRAL EMPRESA INDIVIDUAL DE RESPONSABILIDAD LIMITADA,FLUMETOL NF,5,MAY,490.0,12,Z2,CALLAO,False,False,True,False,40513.0,FLUMETOL NF OFTENO 5ML,MAYO,1.182290501,84208.66,107397.8095,126975.41,65,6
PHARMA - Z2,CENTRO OFTALMOLOGICO VISION CENTRAL EMPRESA INDIVIDUAL DE RESPONSABILIDAD LIMITADA,TRAZIDEX U,5,MAY,0.0,24,Z2,CALLAO,False,False,True,True,40342.0,TRAZIDEX UNGENA 3.5 G,MAYO,0.799544258,131001.94,156358.3363,125015.41,65,14
PHARMA - Z3,CENTRO OFTALMOLOGICO Z & P S.A.C.,TRAZIDEX U,1,ENE,561.06,12,Z3,NORTE CHICO,False,False,True,False,40342.0,TRAZIDEX UNGENA 3.5 G,ENERO,1.0,127130.48,135275.35,135275.35,66,14
PHARMA - Z3,CENTRO OFTALMOLOGICO Z & P S.A.C.,TRAZIDEX U,4,ABR,935.0,20,Z3,NORTE CHICO,False,False,True,False,40342.0,TRAZIDEX UNGENA 3.5 G,ABRIL,0.810349246,131494.88,156358.3363,126704.86,66,14
PHARMA - Z1,CENTRO OPTICO OPTIMA VISION EIRL,AGGLAD,1,ENE,366.84,6,Z1,LIMA,False,False,True,False,40351.0,AGGLAD OFTENO 5 ML,ENERO,1.0,22534.35,110094.81,110094.81,67,0
PHARMA - Z1,CENTRO OPTICO OPTIMA VISION EIRL,AQUADRAN,1,ENE,324.0,6,Z1,LIMA,False,False,True,False,41945.0,AQUADRAN 10G,ENERO,1.0,3348.0,44517.6,44517.6,67,1
PHARMA - Z1,CENTRO OPTICO OPTIMA VISION EIRL,FLUMETOL NF,1,ENE,539.02,12,Z1,LIMA,False,False,True,False,40513.0,FLUMETOL NF OFTENO 5ML,ENERO,1.0,106644.0,144656.97,144656.97,67,6
PHARMA - Z1,CENTRO OPTICO OPTIMA VISION EIRL,GAAP PF,1,ENE,540.93,6,Z1,LIMA,False,False,True,False,41567.0,GAAP OFTENO LIBRE DE CONSER PF 3 ML PERU,ENERO,1.0,67726.3,99013.28,99013.28,67,8
PHARMA - Z1,CENTRO OPTICO OPTIMA VISION EIRL,LAGRICEL PF,1,ENE,681.66,12,Z1,LIMA,False,False,True,False,41582.0,LAGRICEL OFTENO LIBRE DE CONSERVADORES (PF) 10 ML,ENERO,1.0,241357.65,244552.3,244552.3,67,10
PHARMA - Z1,CENTRO OPTICO OPTIMA VISION EIRL,LANDAX,1,ENE,251.69,6,Z1,LIMA,False,False,True,False,41804.0,LANDAX 5ML,ENERO,1.0,2843.21,23761.78,23761.78,67,11
PHARMA - Z1,CENTRO OPTICO OPTIMA VISION EIRL,TRAZIDEX U,1,ENE,280.53,6,Z1,LIMA,False,False,True,False,40342.0,TRAZIDEX UNGENA 3.5 G,ENERO,1.0,127130.48,135275.35,135275.35,67,14
PHARMA - Z1,CENTRO OPTICO OPTIMA VISION EIRL,AGGLAD,2,FEB,660.31,12,Z1,LIMA,False,False,True,False,40351.0,AGGLAD OFTENO 5 ML,FEBRERO,0.96716156,31785.06,114546.1364,110784.62,67,0
PHARMA - Z1,CENTRO OPTICO OPTIMA VISION EIRL,AQUADRAN,2,FEB,324.0,6,Z1,LIMA,False,False,True,False,41945.0,AQUADRAN 10G,FEBRERO,1.033824379,13176.0,33810.57818,34954.2,67,1
PHARMA - Z1,CENTRO OPTICO OPTIMA VISION EIRL,ELIPTIC PF,2,FEB,470.3,12,Z1,LIMA,False,False,True,False,41561.0,ELIPTIC OFTENO 5ML PF PERU,FEBRERO,0.876631233,16081.78,70691.40098,61970.29,67,5
PHARMA - Z1,CENTRO OPTICO OPTIMA VISION EIRL,FLUMETOL NF,2,FEB,269.51,6,Z1,LIMA,False,False,True,False,40513.0,FLUMETOL NF OFTENO 5ML,FEBRERO,1.285457107,84540.52,101550.4985,130538.81,67,6
PHARMA - Z1,CENTRO OPTICO OPTIMA VISION EIRL,GAAP PF,2,FEB,1081.86,12,Z1,LIMA,False,False,True,False,41567.0,GAAP OFTENO LIBRE DE CONSER PF 3 ML PERU,FEBRERO,0.820494884,80205.04,92164.06035,75620.14,67,8
PHARMA - Z1,CENTRO OPTICO OPTIMA VISION EIRL,TRAZIDEX U,2,FEB,561.06,12,Z1,LIMA,False,False,True,False,40342.0,TRAZIDEX UNGENA 3.5 G,FEBRERO,0.737379291,111697.65,148184.091,109267.88,67,14
PHARMA - Z1,CENTRO OPTICO OPTIMA VISION EIRL,AQUADRAN,3,MAR,324.0,6,Z1,LIMA,False,False,True,False,41945.0,AQUADRAN 10G,MARZO,1.286810293,13176.0,33810.57818,43507.8,67,1
PHARMA - Z1,CENTRO OPTICO OPTIMA VISION EIRL,ELIPTIC PF,3,MAR,195.96,5,Z1,LIMA,False,False,True,False,41561.0,ELIPTIC OFTENO 5ML PF PERU,MARZO,0.543724406,16081.78,70691.40098,38436.64,67,5
PHARMA - Z1,CENTRO OPTICO OPTIMA VISION EIRL,AQUADRAN,4,ABR,324.0,6,Z1,LIMA,False,False,True,False,41945.0,AQUADRAN 10G,ABRIL,1.367885669,18754.2,35738.51318,48886.2,67,1
PHARMA - Z1,CENTRO OPTICO OPTIMA VISION EIRL,GAAP PF,4,ABR,0.0,12,Z1,LIMA,False,False,True,True,41567.0,GAAP OFTENO LIBRE DE CONSER PF 3 ML PERU,ABRIL,0.580041645,82952.14,97315.99528,56447.33,67,8
PHARMA - Z1,CENTRO OPTICO OPTIMA VISION EIRL,LAGRICEL PF,4,ABR,341.0,6,Z1,LIMA,False,False,True,False,41582.0,LAGRICEL OFTENO LIBRE DE CONSERVADORES (PF) 10 ML,ABRIL,1.234011277,222585.45,261957.3873,323258.37,67,10
PHARMA - Z1,CENTRO OPTICO OPTIMA VISION EIRL,TRAZIDEX U,4,ABR,561.0,12,Z1,LIMA,False,False,True,False,40342.0,TRAZIDEX UNGENA 3.5 G,ABRIL,0.810349246,131494.88,156358.3363,126704.86,67,14
PHARMA - Z1,CENTRO OPTICO OPTIMA VISION EIRL,ZEBESTEN,4,ABR,295.0,6,Z1,LIMA,False,False,True,False,41604.0,ZEBESTEN 5ML PERU,ABRIL,1.062586642,26953.56,29060.89609,30879.72,67,15
PHARMA - Z1,CENTRO OPTICO OPTIMA VISION EIRL,FLUMETOL NF,6,JUN,539.0,12,Z1,LIMA,False,False,True,False,40513.0,FLUMETOL NF OFTENO 5ML,JUNIO,0.071788154,87288.94,107397.8095,115107.7,67,6
PHARMA - Z1,CENTRO OPTICO OPTIMA VISION EIRL,GAAP PF,6,JUN,541.0,6,Z1,LIMA,False,False,True,False,41567.0,GAAP OFTENO LIBRE DE CONSER PF 3 ML PERU,JUNIO,-0.151410313,75783.27,97315.99528,82581.35,67,8
PHARMA - Z1,CENTRO OPTICO OPTIMA VISION EIRL,LAGRICEL PF,6,JUN,341.0,6,Z1,LIMA,False,False,True,False,41582.0,LAGRICEL OFTENO LIBRE DE CONSERVADORES (PF) 10 ML,JUNIO,-0.085958779,182516.9,261957.3873,239439.85,67,10
PHARMA - Z1,CENTRO OPTICO OPTIMA VISION EIRL,TRAZIDEX U,6,JUN,561.0,12,Z1,LIMA,False,False,True,False,40342.0,TRAZIDEX UNGENA 3.5 G,JUNIO,-0.144707451,114383.92,156358.3363,133732.12,67,14
PHARMA - Z1,CENTRO VISION S.A.,LAGRICEL,1,ENE,409.4,8,Z1,LIMA,False,False,True,False,40515.0,LAGRICEL OFTENO 0.5 ML,ENERO,1.0,154236.51,132452.04,132452.04,68,9
PHARMA - Z1,CENTRO VISION S.A.,SOPHIPREN,1,ENE,203.28,4,Z1,LIMA,False,False,True,False,40338.0,SOPHIPREN OFTENO 5 ML,ENERO,1.0,41450.28,50525.9,50525.9,68,12
PHARMA - Z1,CENTRO VISION S.A.,TRAZIDEX O,1,ENE,185.22,4,Z1,LIMA,False,False,True,False,40341.0,TRAZIDEX OFTENO 5 ML.,ENERO,1.0,107782.12,170736.47,170736.47,68,13
PHARMA - Z1,CENTRO VISION S.A.,TRAZIDEX O,6,JUN,278.0,6,Z1,LIMA,False,False,True,False,40341.0,TRAZIDEX OFTENO 5 ML.,JUNIO,-0.192738462,70697.29,101185.0264,81682.78,68,13
PHARMA - Z1,CENTROS MEDICOS DEL PERU S.A.,FLUMETOL NF,3,MAR,269.51,6,Z1,LIMA,False,False,True,False,40513.0,FLUMETOL NF OFTENO 5ML,MARZO,1.399890715,84540.52,101550.4985,142159.6,69,6
PHARMA - Z1,CENTROS MEDICOS DEL PERU S.A.,FLUMETOL NF,5,MAY,719.0,16,Z1,LIMA,False,False,True,False,40513.0,FLUMETOL NF OFTENO 5ML,MAYO,1.182290501,84208.66,107397.8095,126975.41,69,6
PHARMA - Z1,CENTROS MEDICOS DEL PERU S.A.,LAGRICEL,5,MAY,52.0,1,Z1,LIMA,False,False,True,False,40515.0,LAGRICEL OFTENO 0.5 ML,MAYO,0.714118093,158816.35,174961.4402,124943.13,69,9
PHARMA - Z2,CENTURION TECHNOLOGIES E.I.R.L.,AGGLAD,1,ENE,1222.8,20,Z2,CALLAO,False,False,True,False,40351.0,AGGLAD OFTENO 5 ML,ENERO,1.0,22534.35,110094.81,110094.81,70,0
PHARMA - Z2,CENTURION TECHNOLOGIES E.I.R.L.,AQUADRAN,1,ENE,1080.0,20,Z2,CALLAO,False,False,True,False,41945.0,AQUADRAN 10G,ENERO,1.0,3348.0,44517.6,44517.6,70,1
PHARMA - Z2,CENTURION TECHNOLOGIES E.I.R.L.,FLUMETOL NF,1,ENE,408.35,10,Z2,CALLAO,False,False,True,False,40513.0,FLUMETOL NF OFTENO 5ML,ENERO,1.0,106644.0,144656.97,144656.97,70,6
PHARMA - Z2,CENTURION TECHNOLOGIES E.I.R.L.,GAAP,1,ENE,875.3,10,Z2,CALLAO,False,False,True,False,40498.0,GAAP OFTENO 3 ML,ENERO,1.0,101352.36,99775.16,99775.16,70,7
PHARMA - Z2,CENTURION TECHNOLOGIES E.I.R.L.,GAAP PF,1,ENE,901.55,10,Z2,CALLAO,False,False,True,False,41567.0,GAAP OFTENO LIBRE DE CONSER PF 3 ML PERU,ENERO,1.0,67726.3,99013.28,99013.28,70,8
PHARMA - Z2,CENTURION TECHNOLOGIES E.I.R.L.,LAGRICEL,1,ENE,614.1,10,Z2,CALLAO,False,False,True,False,40515.0,LAGRICEL OFTENO 0.5 ML,ENERO,1.0,154236.51,132452.04,132452.04,70,9
PHARMA - Z2,CENTURION TECHNOLOGIES E.I.R.L.,LAGRICEL PF,1,ENE,1136.1,20,Z2,CALLAO,False,False,True,False,41582.0,LAGRICEL OFTENO LIBRE DE CONSERVADORES (PF) 10 ML,ENERO,1.0,241357.65,244552.3,244552.3,70,10
PHARMA - Z2,CENTURION TECHNOLOGIES E.I.R.L.,SOPHIPREN,1,ENE,1270.5,30,Z2,CALLAO,False,False,True,False,40338.0,SOPHIPREN OFTENO 5 ML,ENERO,1.0,41450.28,50525.9,50525.9,70,12
PHARMA - Z2,CENTURION TECHNOLOGIES E.I.R.L.,TRAZIDEX O,1,ENE,463.05,10,Z2,CALLAO,False,False,True,False,40341.0,TRAZIDEX OFTENO 5 ML.,ENERO,1.0,107782.12,170736.47,170736.47,70,13
PHARMA - Z2,CENTURION TECHNOLOGIES E.I.R.L.,ZEBESTEN,1,ENE,490.88,10,Z2,CALLAO,False,False,True,False,41604.0,ZEBESTEN 5ML PERU,ENERO,1.0,31496.43,43862.02,43862.02,70,15
PHARMA - Z2,CENTURION TECHNOLOGIES E.I.R.L.,AQUADRAN,3,MAR,540.0,10,Z2,CALLAO,False,False,True,False,41945.0,AQUADRAN 10G,MARZO,1.286810293,13176.0,33810.57818,43507.8,70,1
PHARMA - Z2,CENTURION TECHNOLOGIES E.I.R.L.,ELAR-B,3,MAR,287.5,5,Z2,CALLAO,False,False,True,False,42098.0,ELAR-B 5 ML,MARZO,0.892513965,0.0,23180.02945,20688.5,70,3
PHARMA - Z2,CENTURION TECHNOLOGIES E.I.R.L.,ELIPTIC PF,3,MAR,1045.12,20,Z2,CALLAO,False,False,True,False,41561.0,ELIPTIC OFTENO 5ML PF PERU,MARZO,0.543724406,16081.78,70691.40098,38436.64,70,5
PHARMA - Z2,CENTURION TECHNOLOGIES E.I.R.L.,FLUMETOL NF,3,MAR,408.35,10,Z2,CALLAO,False,False,True,False,40513.0,FLUMETOL NF OFTENO 5ML,MARZO,1.399890715,84540.52,101550.4985,142159.6,70,6
PHARMA - Z2,CENTURION TECHNOLOGIES E.I.R.L.,GAAP PF,3,MAR,901.55,10,Z2,CALLAO,False,False,True,False,41567.0,GAAP OFTENO LIBRE DE CONSER PF 3 ML PERU,MARZO,0.894697886,80205.04,92164.06035,82458.99,70,8
PHARMA - Z2,CENTURION TECHNOLOGIES E.I.R.L.,LAGRICEL PF,3,MAR,2272.2,40,Z2,CALLAO,False,False,True,False,41582.0,LAGRICEL OFTENO LIBRE DE CONSERVADORES (PF) 10 ML,MARZO,1.041573922,244371.43,248182.4906,258500.41,70,10
PHARMA - Z2,CENTURION TECHNOLOGIES E.I.R.L.,TRAZIDEX O,3,MAR,463.05,10,Z2,CALLAO,False,False,True,False,40341.0,TRAZIDEX OFTENO 5 ML.,MARZO,0.841410928,99642.69,95524.58531,80375.43,70,13
PHARMA - Z2,CENTURION TECHNOLOGIES E.I.R.L.,TRAZIDEX U,3,MAR,233.78,5,Z2,CALLAO,False,False,True,False,40342.0,TRAZIDEX UNGENA 3.5 G,MARZO,0.890660186,111697.65,148184.091,131981.67,70,14
PHARMA - Z2,CENTURION TECHNOLOGIES E.I.R.L.,AGGLAD,4,ABR,0.0,20,Z2,CALLAO,False,False,True,True,40351.0,AGGLAD OFTENO 5 ML,ABRIL,0.757043269,24635.46,120891.2407,91519.9,70,0
PHARMA - Z2,CENTURION TECHNOLOGIES E.I.R.L.,DUSTALOX,4,ABR,205.0,5,Z2,CALLAO,False,False,True,False,41121.0,DUSTALOX 5ML,ABRIL,0.650326442,9428.91,11675.36719,7592.8,70,2
PHARMA - Z2,CENTURION TECHNOLOGIES E.I.R.L.,ELAR-B,4,ABR,288.0,5,Z2,CALLAO,False,False,True,False,42098.0,ELAR-B 5 ML,ABRIL,0.614395812,0.0,24407.71845,14996.0,70,3
PHARMA - Z2,CENTURION TECHNOLOGIES E.I.R.L.,FLUMETOL NF,4,ABR,408.0,10,Z2,CALLAO,False,False,True,False,40513.0,FLUMETOL NF OFTENO 5ML,ABRIL,1.22328994,97096.28,107397.8095,131378.66,70,6
PHARMA - Z2,CENTURION TECHNOLOGIES E.I.R.L.,LAGRICEL PF,4,ABR,0.0,20,Z2,CALLAO,False,False,True,True,41582.0,LAGRICEL OFTENO LIBRE DE CONSERVADORES (PF) 10 ML,ABRIL,1.234011277,222585.45,261957.3873,323258.37,70,10
PHARMA - Z2,CENTURION TECHNOLOGIES E.I.R.L.,LANDAX,4,ABR,233.0,5,Z2,CALLAO,False,False,True,False,41804.0,LANDAX 5ML,ABRIL,0.967730243,9326.66,22304.8625,21585.09,70,11
PHARMA - Z2,CENTURION TECHNOLOGIES E.I.R.L.,SOPHIPREN,4,ABR,847.0,20,Z2,CALLAO,False,False,True,False,40338.0,SOPHIPREN OFTENO 5 ML,ABRIL,1.125758804,51339.43,59671.10342,67175.27,70,12
PHARMA - Z2,CENTURION TECHNOLOGIES E.I.R.L.,TRAZIDEX O,4,ABR,463.0,10,Z2,CALLAO,False,False,True,False,40341.0,TRAZIDEX OFTENO 5 ML.,ABRIL,0.966120714,91975.94,101185.0264,97756.95,70,13
PHARMA - Z2,CENTURION TECHNOLOGIES E.I.R.L.,TRAZIDEX U,4,ABR,234.0,5,Z2,CALLAO,False,False,True,False,40342.0,TRAZIDEX UNGENA 3.5 G,ABRIL,0.810349246,131494.88,156358.3363,126704.86,70,14
PHARMA - Z2,CENTURION TECHNOLOGIES E.I.R.L.,ELIPTIC,5,MAY,0.0,75,Z2,CALLAO,False,False,True,True,41076.0,ELIPTIC OFTENO 5ML,MAYO,0.349092716,2803.71,39043.81097,13629.91,70,4
PHARMA - Z2,CENTURION TECHNOLOGIES E.I.R.L.,AGGLAD,6,JUN,0.0,20,Z2,CALLAO,False,False,True,True,40351.0,AGGLAD OFTENO 5 ML,JUNIO,-0.235301917,20271.95,120891.2407,92445.3,70,0
PHARMA - Z2,CENTURION TECHNOLOGIES E.I.R.L.,AQUADRAN,6,JUN,270.0,5,Z2,CALLAO,False,False,True,False,41945.0,AQUADRAN 10G,JUNIO,0.329694376,15957.0,35738.51318,47521.3,70,1
PHARMA - Z2,CENTURION TECHNOLOGIES E.I.R.L.,ELAR-B,6,JUN,288.0,5,Z2,CALLAO,False,False,True,False,42098.0,ELAR-B 5 ML,JUNIO,-0.29490542,0.0,24407.71845,17209.75,70,3
PHARMA - Z2,CENTURION TECHNOLOGIES E.I.R.L.,FLUMETOL NF,6,JUN,817.0,20,Z2,CALLAO,False,False,True,False,40513.0,FLUMETOL NF OFTENO 5ML,JUNIO,0.071788154,87288.94,107397.8095,115107.7,70,6
PHARMA - Z2,CENTURION TECHNOLOGIES E.I.R.L.,GAAP,6,JUN,875.0,10,Z2,CALLAO,False,False,True,False,40498.0,GAAP OFTENO 3 ML,JUNIO,-0.271295457,79907.03,102582.687,74752.47,70,7
PHARMA - Z2,CENTURION TECHNOLOGIES E.I.R.L.,GAAP PF,6,JUN,0.0,20,Z2,CALLAO,False,False,True,True,41567.0,GAAP OFTENO LIBRE DE CONSER PF 3 ML PERU,JUNIO,-0.151410313,75783.27,97315.99528,82581.35,70,8
PHARMA - Z2,CENTURION TECHNOLOGIES E.I.R.L.,LAGRICEL,6,JUN,307.0,5,Z2,CALLAO,False,False,True,False,40515.0,LAGRICEL OFTENO 0.5 ML,JUNIO,-0.157973323,129483.27,174961.4402,147322.2,70,9
PHARMA - Z2,CENTURION TECHNOLOGIES E.I.R.L.,SOPHIPREN,6,JUN,847.0,20,Z2,CALLAO,False,False,True,False,40338.0,SOPHIPREN OFTENO 5 ML,JUNIO,0.072135193,48676.87,59671.10342,63975.49,70,12
PHARMA - Z2,CENTURION TECHNOLOGIES E.I.R.L.,ZEBESTEN,6,JUN,491.0,10,Z2,CALLAO,False,False,True,False,41604.0,ZEBESTEN 5ML PERU,JUNIO,0.156870039,15690.19,29060.89609,33619.68,70,15
PHARMA - S,CEPRECE CUSCO,AGGLAD,1,ENE,1650.78,30,S,CADENAS,False,False,True,False,40351.0,AGGLAD OFTENO 5 ML,ENERO,1.0,22534.35,110094.81,110094.81,71,0
PHARMA - S,CEPRECE CUSCO,ELIPTIC PF,1,ENE,901.42,30,S,CADENAS,False,False,True,False,41561.0,ELIPTIC OFTENO 5ML PF PERU,ENERO,1.0,16201.95,62857.68,62857.68,71,5
PHARMA - S,CEPRECE CUSCO,ZEBESTEN,1,ENE,2454.38,50,S,CADENAS,False,False,True,False,41604.0,ZEBESTEN 5ML PERU,ENERO,1.0,31496.43,43862.02,43862.02,71,15
PHARMA - S,CEPRECE CUSCO,FLUMETOL NF,2,FEB,2041.75,50,S,CADENAS,False,False,True,False,40513.0,FLUMETOL NF OFTENO 5ML,FEBRERO,1.285457107,84540.52,101550.4985,130538.81,71,6
PHARMA - S,CEPRECE CUSCO,SOPHIPREN,2,FEB,2117.5,50,S,CADENAS,False,False,True,False,40338.0,SOPHIPREN OFTENO 5 ML,FEBRERO,1.300787434,39394.05,56555.62783,73566.85,71,12
PHARMA - S,CEPRECE CUSCO,AGGLAD,3,MAR,2751.3,50,S,CADENAS,False,False,True,False,40351.0,AGGLAD OFTENO 5 ML,MARZO,0.708033745,31785.06,114546.1364,81102.53,71,0
PHARMA - S,CEPRECE CUSCO,ELIPTIC PF,3,MAR,1502.36,50,S,CADENAS,False,False,True,False,41561.0,ELIPTIC OFTENO 5ML PF PERU,MARZO,0.543724406,16081.78,70691.40098,38436.64,71,5
PHARMA - S,CEPRECE CUSCO,FLUMETOL NF,3,MAR,1225.05,30,S,CADENAS,False,False,True,False,40513.0,FLUMETOL NF OFTENO 5ML,MARZO,1.399890715,84540.52,101550.4985,142159.6,71,6
PHARMA - S,CEPRECE CUSCO,TRAZIDEX U,3,MAR,1262.39,30,S,CADENAS,False,False,True,False,40342.0,TRAZIDEX UNGENA 3.5 G,MARZO,0.890660186,111697.65,148184.091,131981.67,71,14
PHARMA - Z3,CESIAS LOPEZ JULIO CESAR,AGGLAD,4,ABR,0.0,20,Z3,NORTE CHICO,False,False,True,True,40351.0,AGGLAD OFTENO 5 ML,ABRIL,0.757043269,24635.46,120891.2407,91519.9,72,0
PHARMA - Z3,CESIAS LOPEZ JULIO CESAR,ELIPTIC PF,4,ABR,784.0,20,Z3,NORTE CHICO,False,False,True,False,41561.0,ELIPTIC OFTENO 5ML PF PERU,ABRIL,0.502083754,28406.63,74583.69182,37447.26,72,5
PHARMA - Z3,CESIAS LOPEZ JULIO CESAR,FLUMETOL NF,4,ABR,817.0,20,Z3,NORTE CHICO,False,False,True,False,40513.0,FLUMETOL NF OFTENO 5ML,ABRIL,1.22328994,97096.28,107397.8095,131378.66,72,6
PHARMA - Z3,CESIAS LOPEZ JULIO CESAR,LAGRICEL PF,4,ABR,0.0,50,Z3,NORTE CHICO,False,False,True,True,41582.0,LAGRICEL OFTENO LIBRE DE CONSERVADORES (PF) 10 ML,ABRIL,1.234011277,222585.45,261957.3873,323258.37,72,10
PHARMA - Z3,CESIAS LOPEZ JULIO CESAR,LANDAX,4,ABR,839.0,20,Z3,NORTE CHICO,False,False,True,False,41804.0,LANDAX 5ML,ABRIL,0.967730243,9326.66,22304.8625,21585.09,72,11
PHARMA - Z3,CESIAS LOPEZ JULIO CESAR,SOPHIPREN,4,ABR,0.0,50,Z3,NORTE CHICO,False,False,True,True,40338.0,SOPHIPREN OFTENO 5 ML,ABRIL,1.125758804,51339.43,59671.10342,67175.27,72,12
PHARMA - Z3,CESIAS LOPEZ JULIO CESAR,TRAZIDEX O,4,ABR,926.0,20,Z3,NORTE CHICO,False,False,True,False,40341.0,TRAZIDEX OFTENO 5 ML.,ABRIL,0.966120714,91975.94,101185.0264,97756.95,72,13
PHARMA - Z3,CESIAS LOPEZ JULIO CESAR,ZEBESTEN,4,ABR,982.0,20,Z3,NORTE CHICO,False,False,True,False,41604.0,ZEBESTEN 5ML PERU,ABRIL,1.062586642,26953.56,29060.89609,30879.72,72,15
PHARMA - Z3,CESIAS LOPEZ JULIO CESAR,AGGLAD,6,JUN,0.0,24,Z3,NORTE CHICO,False,False,True,True,40351.0,AGGLAD OFTENO 5 ML,JUNIO,-0.235301917,20271.95,120891.2407,92445.3,72,0
PHARMA - Z3,CESIAS LOPEZ JULIO CESAR,ELIPTIC PF,6,JUN,941.0,24,Z3,NORTE CHICO,False,False,True,False,41561.0,ELIPTIC OFTENO 5ML PF PERU,JUNIO,-0.431896719,12781.68,74583.69182,42371.24,72,5
PHARMA - Z3,CESIAS LOPEZ JULIO CESAR,FLUMETOL NF,6,JUN,490.0,12,Z3,NORTE CHICO,False,False,True,False,40513.0,FLUMETOL NF OFTENO 5ML,JUNIO,0.071788154,87288.94,107397.8095,115107.7,72,6
PHARMA - Z3,CESIAS LOPEZ JULIO CESAR,LANDAX,6,JUN,0.0,24,Z3,NORTE CHICO,False,False,True,True,41804.0,LANDAX 5ML,JUNIO,-0.340308868,5574.56,22304.8625,14714.32,72,11
PHARMA - Z3,CESIAS LOPEZ JULIO CESAR,SOPHIPREN,6,JUN,0.0,24,Z3,NORTE CHICO,False,False,True,True,40338.0,SOPHIPREN OFTENO 5 ML,JUNIO,0.072135193,48676.87,59671.10342,63975.49,72,12
PHARMA - Z3,CESIAS LOPEZ JULIO CESAR,TRAZIDEX O,6,JUN,926.0,20,Z3,NORTE CHICO,False,False,True,False,40341.0,TRAZIDEX OFTENO 5 ML.,JUNIO,-0.192738462,70697.29,101185.0264,81682.78,72,13
PHARMA - Z3,CESIAS LOPEZ JULIO CESAR,ZEBESTEN,6,JUN,589.0,12,Z3,NORTE CHICO,False,False,True,False,41604.0,ZEBESTEN 5ML PERU,JUNIO,0.156870039,15690.19,29060.89609,33619.68,72,15
PHARMA - N1,CESPEDES CABRERA YOHANA PAMELA,AGGLAD,2,FEB,330.16,6,N1,CHICLAYO,False,False,True,False,40351.0,AGGLAD OFTENO 5 ML,FEBRERO,0.96716156,31785.06,114546.1364,110784.62,73,0
PHARMA - N1,CESPEDES CABRERA YOHANA PAMELA,ELIPTIC PF,2,FEB,407.6,12,N1,CHICLAYO,False,False,True,False,41561.0,ELIPTIC OFTENO 5ML PF PERU,FEBRERO,0.876631233,16081.78,70691.40098,61970.29,73,5
PHARMA - N1,CESPEDES CABRERA YOHANA PAMELA,AGGLAD,4,ABR,825.0,15,N1,CHICLAYO,False,False,True,False,40351.0,AGGLAD OFTENO 5 ML,ABRIL,0.757043269,24635.46,120891.2407,91519.9,73,0
PHARMA - N1,CESPEDES CABRERA YOHANA PAMELA,AQUADRAN,4,ABR,810.0,15,N1,CHICLAYO,False,False,True,False,41945.0,AQUADRAN 10G,ABRIL,1.367885669,18754.2,35738.51318,48886.2,73,1
PHARMA - N1,CESPEDES CABRERA YOHANA PAMELA,ELIPTIC PF,4,ABR,510.0,15,N1,CHICLAYO,False,False,True,False,41561.0,ELIPTIC OFTENO 5ML PF PERU,ABRIL,0.502083754,28406.63,74583.69182,37447.26,73,5
PHARMA - N1,CESPEDES CABRERA YOHANA PAMELA,FLUMETOL NF,4,ABR,674.0,15,N1,CHICLAYO,False,False,True,False,40513.0,FLUMETOL NF OFTENO 5ML,ABRIL,1.22328994,97096.28,107397.8095,131378.66,73,6
PHARMA - N1,CESPEDES CABRERA YOHANA PAMELA,SOPHIPREN,4,ABR,699.0,15,N1,CHICLAYO,False,False,True,False,40338.0,SOPHIPREN OFTENO 5 ML,ABRIL,1.125758804,51339.43,59671.10342,67175.27,73,12
PHARMA - N1,CESPEDES CABRERA YOHANA PAMELA,TRAZIDEX O,4,ABR,764.0,15,N1,CHICLAYO,False,False,True,False,40341.0,TRAZIDEX OFTENO 5 ML.,ABRIL,0.966120714,91975.94,101185.0264,97756.95,73,13
PHARMA - Z3,"CHARCA RAMOS,ROCIO LUZ",TRAZIDEX O,2,FEB,370.44,8,Z3,NORTE CHICO,False,False,True,False,40341.0,TRAZIDEX OFTENO 5 ML.,FEBRERO,0.868398954,99642.69,95524.58531,82953.45,74,13
PHARMA - Z3,"CHARCA RAMOS,ROCIO LUZ",TRAZIDEX U,2,FEB,280.53,6,Z3,NORTE CHICO,False,False,True,False,40342.0,TRAZIDEX UNGENA 3.5 G,FEBRERO,0.737379291,111697.65,148184.091,109267.88,74,14
PHARMA - Z3,"CHARCA RAMOS,ROCIO LUZ",TRAZIDEX O,6,JUN,278.0,6,Z3,NORTE CHICO,False,False,True,False,40341.0,TRAZIDEX OFTENO 5 ML.,JUNIO,-0.192738462,70697.29,101185.0264,81682.78,74,13
PHARMA - Z3,"CHARCA RAMOS,ROCIO LUZ",TRAZIDEX U,6,JUN,281.0,6,Z3,NORTE CHICO,False,False,True,False,40342.0,TRAZIDEX UNGENA 3.5 G,JUNIO,-0.144707451,114383.92,156358.3363,133732.12,74,14
PHARMA - N2,CHAUCA LOJAS CONSUELO ESTHER,GAAP,2,FEB,1155.4,12,N2,TRUJILLO,False,False,True,False,40498.0,GAAP OFTENO 3 ML,FEBRERO,0.873555976,85355.44,97172.18164,84885.34,75,7
PHARMA - N2,CHAUCA LOJAS CONSUELO ESTHER,AGGLAD,3,MAR,1008.81,15,N2,TRUJILLO,False,False,True,False,40351.0,AGGLAD OFTENO 5 ML,MARZO,0.708033745,31785.06,114546.1364,81102.53,75,0
PHARMA - N2,CHAUCA LOJAS CONSUELO ESTHER,TRAZIDEX O,3,MAR,509.36,10,N2,TRUJILLO,False,False,True,False,40341.0,TRAZIDEX OFTENO 5 ML.,MARZO,0.841410928,99642.69,95524.58531,80375.43,75,13
PHARMA - N2,CHAUCA LOJAS CONSUELO ESTHER,AGGLAD,5,MAY,0.0,18,N2,TRUJILLO,False,False,True,True,40351.0,AGGLAD OFTENO 5 ML,MAYO,0.670022241,26193.67,120891.2407,80999.82,75,0
PHARMA - N2,CHAUCA LOJAS CONSUELO ESTHER,GAAP,5,MAY,0.0,18,N2,TRUJILLO,False,False,True,True,40498.0,GAAP OFTENO 3 ML,MAYO,0.567550546,86214.37,102582.687,58220.86,75,7
PHARMA - N2,CHAUCA LOJAS CONSUELO ESTHER,AGGLAD,6,JUN,825.0,15,N2,TRUJILLO,False,False,True,False,40351.0,AGGLAD OFTENO 5 ML,JUNIO,-0.235301917,20271.95,120891.2407,92445.3,75,0
PHARMA - N2,CHAUCA LOJAS CONSUELO ESTHER,ELIPTIC PF,6,JUN,431.0,10,N2,TRUJILLO,False,False,True,False,41561.0,ELIPTIC OFTENO 5ML PF PERU,JUNIO,-0.431896719,12781.68,74583.69182,42371.24,75,5
PHARMA - Z3,"CHAVEZ ALIAGA,JOSE ALBERTO",FLUMETOL NF,6,JUN,0.0,30,Z3,NORTE CHICO,False,False,True,True,40513.0,FLUMETOL NF OFTENO 5ML,JUNIO,0.071788154,87288.94,107397.8095,115107.7,76,6
PHARMA - Z3,"CHAVEZ ALIAGA,JOSE ALBERTO",LAGRICEL PF,6,JUN,466.0,10,Z3,NORTE CHICO,False,False,True,False,41582.0,LAGRICEL OFTENO LIBRE DE CONSERVADORES (PF) 10 ML,JUNIO,-0.085958779,182516.9,261957.3873,239439.85,76,10
PHARMA - Z3,"CHAVEZ ALIAGA,JOSE ALBERTO",ZEBESTEN,6,JUN,946.0,20,Z3,NORTE CHICO,False,False,True,False,41604.0,ZEBESTEN 5ML PERU,JUNIO,0.156870039,15690.19,29060.89609,33619.68,76,15
PHARMA - Z2,CHISE CALLOAPAZA JHON ALBERTO,LAGRICEL PF,3,MAR,954.32,20,Z2,CALLAO,False,False,True,False,41582.0,LAGRICEL OFTENO LIBRE DE CONSERVADORES (PF) 10 ML,MARZO,1.041573922,244371.43,248182.4906,258500.41,77,10
PHARMA - S,CHURA MAQUERA GIAN FRANCO,AQUADRAN,3,MAR,1522.8,30,S,CADENAS,False,False,True,False,41945.0,AQUADRAN 10G,MARZO,1.286810293,13176.0,33810.57818,43507.8,78,1
PHARMA - S,CHURA MAQUERA GIAN FRANCO,FLUMETOL NF,3,MAR,816.7,20,S,CADENAS,False,False,True,False,40513.0,FLUMETOL NF OFTENO 5ML,MARZO,1.399890715,84540.52,101550.4985,142159.6,78,6
PHARMA - S,CHURA MAQUERA GIAN FRANCO,TRAZIDEX U,3,MAR,841.59,20,S,CADENAS,False,False,True,False,40342.0,TRAZIDEX UNGENA 3.5 G,MARZO,0.890660186,111697.65,148184.091,131981.67,78,14
PHARMA - Z3,CHUZON GUEVARA RICHARD ANDERSON,LAGRICEL PF,3,MAR,4771.62,100,Z3,NORTE CHICO,False,False,True,False,41582.0,LAGRICEL OFTENO LIBRE DE CONSERVADORES (PF) 10 ML,MARZO,1.041573922,244371.43,248182.4906,258500.41,79,10
PHARMA - Z2,CIRUGIA DE RETINA Y MACULA DRA. PATRICIA LIRA E.I.R.L.,AGGLAD,1,ENE,1375.65,25,Z2,CALLAO,False,False,True,False,40351.0,AGGLAD OFTENO 5 ML,ENERO,1.0,22534.35,110094.81,110094.81,80,0
PHARMA - Z2,CIRUGIA DE RETINA Y MACULA DRA. PATRICIA LIRA E.I.R.L.,ELIPTIC PF,1,ENE,979.8,25,Z2,CALLAO,False,False,True,False,41561.0,ELIPTIC OFTENO 5ML PF PERU,ENERO,1.0,16201.95,62857.68,62857.68,80,5
PHARMA - Z2,CIRUGIA DE RETINA Y MACULA DRA. PATRICIA LIRA E.I.R.L.,ZEBESTEN,1,ENE,2365.13,50,Z2,CALLAO,False,False,True,False,41604.0,ZEBESTEN 5ML PERU,ENERO,1.0,31496.43,43862.02,43862.02,80,15
PHARMA - Z1,CIRUGIA DE RETINA Y MACULA DRA. PATRICIA LIRA E.I.R.L.,AGGLAD,3,MAR,1375.65,25,Z1,LIMA,False,False,True,False,40351.0,AGGLAD OFTENO 5 ML,MARZO,0.708033745,31785.06,114546.1364,81102.53,80,0
PHARMA - Z1,CIRUGIA DE RETINA Y MACULA DRA. PATRICIA LIRA E.I.R.L.,ELIPTIC PF,3,MAR,979.8,25,Z1,LIMA,False,False,True,False,41561.0,ELIPTIC OFTENO 5ML PF PERU,MARZO,0.543724406,16081.78,70691.40098,38436.64,80,5
PHARMA - Z1,CIRUGIA DE RETINA Y MACULA DRA. PATRICIA LIRA E.I.R.L.,LANDAX,3,MAR,885.59,25,Z1,LIMA,False,False,True,False,41804.0,LANDAX 5ML,MARZO,0.673401888,4684.31,21117.7311,14220.72,80,11
PHARMA - Z1,CIRUGIA DE RETINA Y MACULA DRA. PATRICIA LIRA E.I.R.L.,SOPHIPREN,3,MAR,889.35,25,Z1,LIMA,False,False,True,False,40338.0,SOPHIPREN OFTENO 5 ML,MARZO,1.018181783,39394.05,56555.62783,57583.91,80,12
PHARMA - Z1,CIRUGIA DE RETINA Y MACULA DRA. PATRICIA LIRA E.I.R.L.,ZEBESTEN,3,MAR,2365.13,50,Z1,LIMA,False,False,True,False,41604.0,ZEBESTEN 5ML PERU,MARZO,1.283372043,24271.56,27459.43408,35240.67,80,15
PHARMA - Z1,CIRUGIA DE RETINA Y MACULA DRA. PATRICIA LIRA E.I.R.L.,LANDAX,5,MAY,0.0,50,Z1,LIMA,False,False,True,True,41804.0,LANDAX 5ML,MAYO,0.638188198,10589.8,22304.8625,14234.7,80,11
PHARMA - Z1,CIRUGIA DE RETINA Y MACULA DRA. PATRICIA LIRA E.I.R.L.,SOPHIPREN,5,MAY,0.0,50,Z1,LIMA,False,False,True,True,40338.0,SOPHIPREN OFTENO 5 ML,MAYO,0.947602386,43314.92,59671.10342,56544.48,80,12
PHARMA - Z1,CIRUGIA DE RETINA Y MACULA DRA. PATRICIA LIRA E.I.R.L.,AGGLAD,6,JUN,0.0,25,Z1,LIMA,False,False,True,True,40351.0,AGGLAD OFTENO 5 ML,JUNIO,-0.235301917,20271.95,120891.2407,92445.3,80,0
PHARMA - Z1,CIRUGIA DE RETINA Y MACULA DRA. PATRICIA LIRA E.I.R.L.,ELIPTIC PF,6,JUN,980.0,25,Z1,LIMA,False,False,True,False,41561.0,ELIPTIC OFTENO 5ML PF PERU,JUNIO,-0.431896719,12781.68,74583.69182,42371.24,80,5
PHARMA - Z1,CIRUGIA DE RETINA Y MACULA DRA. PATRICIA LIRA E.I.R.L.,GAAP PF,6,JUN,0.0,25,Z1,LIMA,False,False,True,True,41567.0,GAAP OFTENO LIBRE DE CONSER PF 3 ML PERU,JUNIO,-0.151410313,75783.27,97315.99528,82581.35,80,8
PHARMA - Z1,CIRUGIA DE RETINA Y MACULA DRA. PATRICIA LIRA E.I.R.L.,ZEBESTEN,6,JUN,0.0,25,Z1,LIMA,False,False,True,True,41604.0,ZEBESTEN 5ML PERU,JUNIO,0.156870039,15690.19,29060.89609,33619.68,80,15
PHARMA - Z3,CLINICA AMAZONICA EIRL,AGGLAD,2,FEB,1100.52,20,Z3,NORTE CHICO,False,False,True,False,40351.0,AGGLAD OFTENO 5 ML,FEBRERO,0.96716156,31785.06,114546.1364,110784.62,81,0
PHARMA - Z3,CLINICA AMAZONICA EIRL,ELIPTIC PF,2,FEB,1640.84,40,Z3,NORTE CHICO,False,False,True,False,41561.0,ELIPTIC OFTENO 5ML PF PERU,FEBRERO,0.876631233,16081.78,70691.40098,61970.29,81,5
PHARMA - Z3,CLINICA AMAZONICA EIRL,FLUMETOL NF,2,FEB,1061.71,20,Z3,NORTE CHICO,False,False,True,False,40513.0,FLUMETOL NF OFTENO 5ML,FEBRERO,1.285457107,84540.52,101550.4985,130538.81,81,6
PHARMA - Z3,CLINICA AMAZONICA EIRL,LAGRICEL,2,FEB,1535.25,30,Z3,NORTE CHICO,False,False,True,False,40515.0,LAGRICEL OFTENO 0.5 ML,FEBRERO,0.970823097,194840.09,165898.7416,161058.33,81,9
PHARMA - Z3,CLINICA AMAZONICA EIRL,TRAZIDEX U,2,FEB,935.1,20,Z3,NORTE CHICO,False,False,True,False,40342.0,TRAZIDEX UNGENA 3.5 G,FEBRERO,0.737379291,111697.65,148184.091,109267.88,81,14
PHARMA - Z3,CLINICA AMAZONICA EIRL,ELAR-B,3,MAR,517.5,10,Z3,NORTE CHICO,False,False,True,False,42098.0,ELAR-B 5 ML,MARZO,0.892513965,0.0,23180.02945,20688.5,81,3
PHARMA - Z3,CLINICA AMAZONICA EIRL,LAGRICEL,3,MAR,511.75,10,Z3,NORTE CHICO,False,False,True,False,40515.0,LAGRICEL OFTENO 0.5 ML,MARZO,1.138987362,194840.09,165898.7416,188956.57,81,9
PHARMA - Z3,CLINICA AMAZONICA EIRL,TRAZIDEX U,3,MAR,467.55,10,Z3,NORTE CHICO,False,False,True,False,40342.0,TRAZIDEX UNGENA 3.5 G,MARZO,0.890660186,111697.65,148184.091,131981.67,81,14
PHARMA - Z3,CLINICA AMAZONICA EIRL,ZEBESTEN,3,MAR,490.88,10,Z3,NORTE CHICO,False,False,True,False,41604.0,ZEBESTEN 5ML PERU,MARZO,1.283372043,24271.56,27459.43408,35240.67,81,15
PHARMA - Z3,CLINICA AMAZONICA EIRL,DUSTALOX,4,ABR,902.0,20,Z3,NORTE CHICO,False,False,True,False,41121.0,DUSTALOX 5ML,ABRIL,0.650326442,9428.91,11675.36719,7592.8,81,2
PHARMA - Z3,CLINICA AMAZONICA EIRL,ELIPTIC PF,4,ABR,596.0,20,Z3,NORTE CHICO,False,False,True,False,41561.0,ELIPTIC OFTENO 5ML PF PERU,ABRIL,0.502083754,28406.63,74583.69182,37447.26,81,5
PHARMA - Z3,CLINICA AMAZONICA EIRL,FLUMETOL NF,4,ABR,0.0,20,Z3,NORTE CHICO,False,False,True,True,40513.0,FLUMETOL NF OFTENO 5ML,ABRIL,1.22328994,97096.28,107397.8095,131378.66,81,6
PHARMA - Z3,CLINICA AMAZONICA EIRL,GAAP PF,4,ABR,0.0,20,Z3,NORTE CHICO,False,False,True,True,41567.0,GAAP OFTENO LIBRE DE CONSER PF 3 ML PERU,ABRIL,0.580041645,82952.14,97315.99528,56447.33,81,8
PHARMA - Z3,CLINICA AMAZONICA EIRL,LAGRICEL PF,4,ABR,0.0,20,Z3,NORTE CHICO,False,False,True,True,41582.0,LAGRICEL OFTENO LIBRE DE CONSERVADORES (PF) 10 ML,ABRIL,1.234011277,222585.45,261957.3873,323258.37,81,10
PHARMA - Z3,CLINICA AMAZONICA EIRL,AQUADRAN,5,MAY,540.0,10,Z3,NORTE CHICO,False,False,True,False,41945.0,AQUADRAN 10G,MAYO,1.308504351,13786.2,35738.51318,46764.0,81,1
PHARMA - Z3,CLINICA AMAZONICA EIRL,LAGRICEL,5,MAY,0.0,20,Z3,NORTE CHICO,False,False,True,True,40515.0,LAGRICEL OFTENO 0.5 ML,MAYO,0.714118093,158816.35,174961.4402,124943.13,81,9
PHARMA - Z3,CLINICA AMAZONICA EIRL,SOPHIPREN,5,MAY,0.0,40,Z3,NORTE CHICO,False,False,True,True,40338.0,SOPHIPREN OFTENO 5 ML,MAYO,0.947602386,43314.92,59671.10342,56544.48,81,12
PHARMA - Z3,CLINICA AMAZONICA EIRL,TRAZIDEX U,5,MAY,0.0,30,Z3,NORTE CHICO,False,False,True,True,40342.0,TRAZIDEX UNGENA 3.5 G,MAYO,0.799544258,131001.94,156358.3363,125015.41,81,14
PHARMA - Z3,CLINICA AMAZONICA EIRL,ELIPTIC PF,6,JUN,596.0,20,Z3,NORTE CHICO,False,False,True,False,41561.0,ELIPTIC OFTENO 5ML PF PERU,JUNIO,-0.431896719,12781.68,74583.69182,42371.24,81,5
PHARMA - Z3,CLINICA AMAZONICA EIRL,GAAP PF,6,JUN,902.0,10,Z3,NORTE CHICO,False,False,True,False,41567.0,GAAP OFTENO LIBRE DE CONSER PF 3 ML PERU,JUNIO,-0.151410313,75783.27,97315.99528,82581.35,81,8
PHARMA - Z3,CLINICA AMAZONICA EIRL,TRAZIDEX U,6,JUN,935.0,20,Z3,NORTE CHICO,False,False,True,False,40342.0,TRAZIDEX UNGENA 3.5 G,JUNIO,-0.144707451,114383.92,156358.3363,133732.12,81,14
PHARMA - S,CLINICA AREQUIPA SA,AGGLAD,1,ENE,660.31,12,S,CADENAS,False,False,True,False,40351.0,AGGLAD OFTENO 5 ML,ENERO,1.0,22534.35,110094.81,110094.81,82,0
PHARMA - S,CLINICA AREQUIPA SA,ELAR-B,1,ENE,690.0,10,S,CADENAS,False,False,True,False,42098.0,ELAR-B 5 ML,ENERO,1.0,0.0,10200.5,10200.5,82,3
PHARMA - S,CLINICA AREQUIPA SA,ELIPTIC PF,1,ENE,407.6,12,S,CADENAS,False,False,True,False,41561.0,ELIPTIC OFTENO 5ML PF PERU,ENERO,1.0,16201.95,62857.68,62857.68,82,5
PHARMA - S,CLINICA AREQUIPA SA,FLUMETOL NF,1,ENE,816.7,20,S,CADENAS,False,False,True,False,40513.0,FLUMETOL NF OFTENO 5ML,ENERO,1.0,106644.0,144656.97,144656.97,82,6
PHARMA - S,CLINICA AREQUIPA SA,GAAP,1,ENE,1181.66,15,S,CADENAS,False,False,True,False,40498.0,GAAP OFTENO 3 ML,ENERO,1.0,101352.36,99775.16,99775.16,82,7
PHARMA - S,CLINICA AREQUIPA SA,LAGRICEL PF,1,ENE,2726.64,40,S,CADENAS,False,False,True,False,41582.0,LAGRICEL OFTENO LIBRE DE CONSERVADORES (PF) 10 ML,ENERO,1.0,241357.65,244552.3,244552.3,82,10
PHARMA - S,CLINICA AREQUIPA SA,SOPHIPREN,1,ENE,254.1,6,S,CADENAS,False,False,True,False,40338.0,SOPHIPREN OFTENO 5 ML,ENERO,1.0,41450.28,50525.9,50525.9,82,12
PHARMA - S,CLINICA AREQUIPA SA,TRAZIDEX O,1,ENE,1458.61,35,S,CADENAS,False,False,True,False,40341.0,TRAZIDEX OFTENO 5 ML.,ENERO,1.0,107782.12,170736.47,170736.47,82,13
PHARMA - S,CLINICA AREQUIPA SA,TRAZIDEX U,1,ENE,1472.78,35,S,CADENAS,False,False,True,False,40342.0,TRAZIDEX UNGENA 3.5 G,ENERO,1.0,127130.48,135275.35,135275.35,82,14
PHARMA - S,CLINICA AREQUIPA SA,AGGLAD,2,FEB,1100.52,20,S,CADENAS,False,False,True,False,40351.0,AGGLAD OFTENO 5 ML,FEBRERO,0.96716156,31785.06,114546.1364,110784.62,82,0
PHARMA - S,CLINICA AREQUIPA SA,ELIPTIC PF,2,FEB,679.33,20,S,CADENAS,False,False,True,False,41561.0,ELIPTIC OFTENO 5ML PF PERU,FEBRERO,0.876631233,16081.78,70691.40098,61970.29,82,5
PHARMA - S,CLINICA AREQUIPA SA,FLUMETOL NF,2,FEB,1633.4,40,S,CADENAS,False,False,True,False,40513.0,FLUMETOL NF OFTENO 5ML,FEBRERO,1.285457107,84540.52,101550.4985,130538.81,82,6
PHARMA - S,CLINICA AREQUIPA SA,GAAP,2,FEB,1575.54,20,S,CADENAS,False,False,True,False,40498.0,GAAP OFTENO 3 ML,FEBRERO,0.873555976,85355.44,97172.18164,84885.34,82,7
PHARMA - S,CLINICA AREQUIPA SA,LAGRICEL,2,FEB,767.63,15,S,CADENAS,False,False,True,False,40515.0,LAGRICEL OFTENO 0.5 ML,FEBRERO,0.970823097,194840.09,165898.7416,161058.33,82,9
PHARMA - S,CLINICA AREQUIPA SA,LAGRICEL PF,2,FEB,2044.98,30,S,CADENAS,False,False,True,False,41582.0,LAGRICEL OFTENO LIBRE DE CONSERVADORES (PF) 10 ML,FEBRERO,1.01762066,244371.43,248182.4906,252555.63,82,10
PHARMA - S,CLINICA AREQUIPA SA,SOPHIPREN,2,FEB,423.5,10,S,CADENAS,False,False,True,False,40338.0,SOPHIPREN OFTENO 5 ML,FEBRERO,1.300787434,39394.05,56555.62783,73566.85,82,12
PHARMA - S,CLINICA AREQUIPA SA,TRAZIDEX O,2,FEB,833.49,20,S,CADENAS,False,False,True,False,40341.0,TRAZIDEX OFTENO 5 ML.,FEBRERO,0.868398954,99642.69,95524.58531,82953.45,82,13
PHARMA - S,CLINICA AREQUIPA SA,AGGLAD,3,MAR,825.39,15,S,CADENAS,False,False,True,False,40351.0,AGGLAD OFTENO 5 ML,MARZO,0.708033745,31785.06,114546.1364,81102.53,82,0
PHARMA - S,CLINICA AREQUIPA SA,DUSTALOX,3,MAR,45.12,1,S,CADENAS,False,False,True,False,41121.0,DUSTALOX 5ML,MARZO,0.887447361,6813.43,11070.27913,9824.29,82,2
PHARMA - S,CLINICA AREQUIPA SA,ELAR-B,3,MAR,828.0,12,S,CADENAS,False,False,True,False,42098.0,ELAR-B 5 ML,MARZO,0.892513965,0.0,23180.02945,20688.5,82,3
PHARMA - S,CLINICA AREQUIPA SA,ELIPTIC PF,3,MAR,509.5,15,S,CADENAS,False,False,True,False,41561.0,ELIPTIC OFTENO 5ML PF PERU,MARZO,0.543724406,16081.78,70691.40098,38436.64,82,5
PHARMA - S,CLINICA AREQUIPA SA,GAAP,3,MAR,787.77,10,S,CADENAS,False,False,True,False,40498.0,GAAP OFTENO 3 ML,MARZO,0.701456825,85355.44,97172.18164,68162.09,82,7
PHARMA - S,CLINICA AREQUIPA SA,GAAP PF,3,MAR,937.62,10,S,CADENAS,False,False,True,False,41567.0,GAAP OFTENO LIBRE DE CONSER PF 3 ML PERU,MARZO,0.894697886,80205.04,92164.06035,82458.99,82,8
PHARMA - S,CLINICA AREQUIPA SA,LAGRICEL,3,MAR,1279.38,25,S,CADENAS,False,False,True,False,40515.0,LAGRICEL OFTENO 0.5 ML,MARZO,1.138987362,194840.09,165898.7416,188956.57,82,9
PHARMA - S,CLINICA AREQUIPA SA,LAGRICEL PF,3,MAR,6816.6,100,S,CADENAS,False,False,True,False,41582.0,LAGRICEL OFTENO LIBRE DE CONSERVADORES (PF) 10 ML,MARZO,1.041573922,244371.43,248182.4906,258500.41,82,10
PHARMA - S,CLINICA AREQUIPA SA,TRAZIDEX O,3,MAR,2500.47,60,S,CADENAS,False,False,True,False,40341.0,TRAZIDEX OFTENO 5 ML.,MARZO,0.841410928,99642.69,95524.58531,80375.43,82,13
PHARMA - S,CLINICA AREQUIPA SA,TRAZIDEX U,3,MAR,841.59,20,S,CADENAS,False,False,True,False,40342.0,TRAZIDEX UNGENA 3.5 G,MARZO,0.890660186,111697.65,148184.091,131981.67,82,14
PHARMA - S,CLINICA AREQUIPA SA,AGGLAD,4,ABR,825.0,15,S,CADENAS,False,False,True,False,40351.0,AGGLAD OFTENO 5 ML,ABRIL,0.757043269,24635.46,120891.2407,91519.9,82,0
PHARMA - S,CLINICA AREQUIPA SA,AQUADRAN,4,ABR,216.0,4,S,CADENAS,False,False,True,False,41945.0,AQUADRAN 10G,ABRIL,1.367885669,18754.2,35738.51318,48886.2,82,1
PHARMA - S,CLINICA AREQUIPA SA,ELAR-B,4,ABR,414.0,6,S,CADENAS,False,False,True,False,42098.0,ELAR-B 5 ML,ABRIL,0.614395812,0.0,24407.71845,14996.0,82,3
PHARMA - S,CLINICA AREQUIPA SA,FLUMETOL NF,4,ABR,817.0,20,S,CADENAS,False,False,True,False,40513.0,FLUMETOL NF OFTENO 5ML,ABRIL,1.22328994,97096.28,107397.8095,131378.66,82,6
PHARMA - S,CLINICA AREQUIPA SA,GAAP,4,ABR,630.0,8,S,CADENAS,False,False,True,False,40498.0,GAAP OFTENO 3 ML,ABRIL,0.475712047,79645.31,102582.687,48799.82,82,7
PHARMA - S,CLINICA AREQUIPA SA,GAAP PF,4,ABR,750.0,8,S,CADENAS,False,False,True,False,41567.0,GAAP OFTENO LIBRE DE CONSER PF 3 ML PERU,ABRIL,0.580041645,82952.14,97315.99528,56447.33,82,8
PHARMA - S,CLINICA AREQUIPA SA,LAGRICEL,4,ABR,512.0,10,S,CADENAS,False,False,True,False,40515.0,LAGRICEL OFTENO 0.5 ML,ABRIL,0.760754197,152829.6,174961.4402,133102.65,82,9
PHARMA - S,CLINICA AREQUIPA SA,LAGRICEL PF,4,ABR,0.0,40,S,CADENAS,False,False,True,True,41582.0,LAGRICEL OFTENO LIBRE DE CONSERVADORES (PF) 10 ML,ABRIL,1.234011277,222585.45,261957.3873,323258.37,82,10
PHARMA - S,CLINICA AREQUIPA SA,TRAZIDEX O,4,ABR,0.0,40,S,CADENAS,False,False,True,True,40341.0,TRAZIDEX OFTENO 5 ML.,ABRIL,0.966120714,91975.94,101185.0264,97756.95,82,13
PHARMA - S,CLINICA AREQUIPA SA,TRAZIDEX U,4,ABR,0.0,40,S,CADENAS,False,False,True,True,40342.0,TRAZIDEX UNGENA 3.5 G,ABRIL,0.810349246,131494.88,156358.3363,126704.86,82,14
PHARMA - S,CLINICA AREQUIPA SA,AGGLAD,5,MAY,0.0,30,S,CADENAS,False,False,True,True,40351.0,AGGLAD OFTENO 5 ML,MAYO,0.670022241,26193.67,120891.2407,80999.82,82,0
PHARMA - S,CLINICA AREQUIPA SA,ELAR-B,5,MAY,0.0,15,S,CADENAS,False,False,True,True,42098.0,ELAR-B 5 ML,MAYO,0.690959707,0.0,24407.71845,16864.75,82,3
PHARMA - S,CLINICA AREQUIPA SA,ELIPTIC PF,5,MAY,0.0,30,S,CADENAS,False,False,True,True,41561.0,ELIPTIC OFTENO 5ML PF PERU,MAYO,0.635068724,11669.87,74583.69182,47365.77,82,5
PHARMA - S,CLINICA AREQUIPA SA,FLUMETOL NF,5,MAY,0.0,25,S,CADENAS,False,False,True,True,40513.0,FLUMETOL NF OFTENO 5ML,MAYO,1.182290501,84208.66,107397.8095,126975.41,82,6
PHARMA - S,CLINICA AREQUIPA SA,GAAP,5,MAY,0.0,15,S,CADENAS,False,False,True,True,40498.0,GAAP OFTENO 3 ML,MAYO,0.567550546,86214.37,102582.687,58220.86,82,7
PHARMA - S,CLINICA AREQUIPA SA,LAGRICEL PF,5,MAY,0.0,40,S,CADENAS,False,False,True,True,41582.0,LAGRICEL OFTENO LIBRE DE CONSERVADORES (PF) 10 ML,MAYO,0.852391423,198666.14,261957.3873,223290.23,82,10
PHARMA - S,CLINICA AREQUIPA SA,TRAZIDEX O,5,MAY,0.0,30,S,CADENAS,False,False,True,True,40341.0,TRAZIDEX OFTENO 5 ML.,MAYO,0.725790194,64098.19,101185.0264,73439.1,82,13
PHARMA - S,CLINICA AREQUIPA SA,TRAZIDEX U,5,MAY,0.0,30,S,CADENAS,False,False,True,True,40342.0,TRAZIDEX UNGENA 3.5 G,MAYO,0.799544258,131001.94,156358.3363,125015.41,82,14
PHARMA - S,CLINICA AREQUIPA SA,AGGLAD,6,JUN,550.0,10,S,CADENAS,False,False,True,False,40351.0,AGGLAD OFTENO 5 ML,JUNIO,-0.235301917,20271.95,120891.2407,92445.3,82,0
PHARMA - S,CLINICA AREQUIPA SA,DUSTALOX,6,JUN,135.0,3,S,CADENAS,False,False,True,False,41121.0,DUSTALOX 5ML,JUNIO,-0.44241925,5938.11,11675.36719,6509.96,82,2
PHARMA - S,CLINICA AREQUIPA SA,ELAR-B,6,JUN,690.0,10,S,CADENAS,False,False,True,False,42098.0,ELAR-B 5 ML,JUNIO,-0.29490542,0.0,24407.71845,17209.75,82,3
PHARMA - S,CLINICA AREQUIPA SA,ELIPTIC PF,6,JUN,340.0,10,S,CADENAS,False,False,True,False,41561.0,ELIPTIC OFTENO 5ML PF PERU,JUNIO,-0.431896719,12781.68,74583.69182,42371.24,82,5
PHARMA - S,CLINICA AREQUIPA SA,GAAP,6,JUN,0.0,20,S,CADENAS,False,False,True,True,40498.0,GAAP OFTENO 3 ML,JUNIO,-0.271295457,79907.03,102582.687,74752.47,82,7
PHARMA - S,CLINICA AREQUIPA SA,LAGRICEL,6,JUN,768.0,15,S,CADENAS,False,False,True,False,40515.0,LAGRICEL OFTENO 0.5 ML,JUNIO,-0.157973323,129483.27,174961.4402,147322.2,82,9
PHARMA - Z3,CLINICA BELLAVISTA SOCIEDAD ANONIMA CERRADA,FLUMETOL NF,1,ENE,471.97,10,Z3,NORTE CHICO,False,False,True,False,40513.0,FLUMETOL NF OFTENO 5ML,ENERO,1.0,106644.0,144656.97,144656.97,83,6
PHARMA - Z3,CLINICA BELLAVISTA SOCIEDAD ANONIMA CERRADA,ELIPTIC PF,2,FEB,86.22,2,Z3,NORTE CHICO,False,False,True,False,41561.0,ELIPTIC OFTENO 5ML PF PERU,FEBRERO,0.876631233,16081.78,70691.40098,61970.29,83,5
PHARMA - Z3,CLINICA BELLAVISTA SOCIEDAD ANONIMA CERRADA,GAAP,2,FEB,172.5,2,Z3,NORTE CHICO,False,False,True,False,40498.0,GAAP OFTENO 3 ML,FEBRERO,0.873555976,85355.44,97172.18164,84885.34,83,7
PHARMA - Z3,CLINICA BELLAVISTA SOCIEDAD ANONIMA CERRADA,LAGRICEL,2,FEB,473.18,8,Z3,NORTE CHICO,False,False,True,False,40515.0,LAGRICEL OFTENO 0.5 ML,FEBRERO,0.970823097,194840.09,165898.7416,161058.33,83,9
PHARMA - Z3,CLINICA BELLAVISTA SOCIEDAD ANONIMA CERRADA,LAGRICEL,3,MAR,2957.4,50,Z3,NORTE CHICO,False,False,True,False,40515.0,LAGRICEL OFTENO 0.5 ML,MARZO,1.138987362,194840.09,165898.7416,188956.57,83,9
PHARMA - Z3,CLINICA BELLAVISTA SOCIEDAD ANONIMA CERRADA,SOPHIPREN,3,MAR,729.92,16,Z3,NORTE CHICO,False,False,True,False,40338.0,SOPHIPREN OFTENO 5 ML,MARZO,1.018181783,39394.05,56555.62783,57583.91,83,12
PHARMA - Z3,CLINICA BELLAVISTA SOCIEDAD ANONIMA CERRADA,AGGLAD,4,ABR,238.0,4,Z3,NORTE CHICO,False,False,True,False,40351.0,AGGLAD OFTENO 5 ML,ABRIL,0.757043269,24635.46,120891.2407,91519.9,83,0
PHARMA - Z3,CLINICA BELLAVISTA SOCIEDAD ANONIMA CERRADA,FLUMETOL NF,4,ABR,472.0,10,Z3,NORTE CHICO,False,False,True,False,40513.0,FLUMETOL NF OFTENO 5ML,ABRIL,1.22328994,97096.28,107397.8095,131378.66,83,6
PHARMA - Z3,CLINICA BELLAVISTA SOCIEDAD ANONIMA CERRADA,LAGRICEL,4,ABR,665.0,13,Z3,NORTE CHICO,False,False,True,False,40515.0,LAGRICEL OFTENO 0.5 ML,ABRIL,0.760754197,152829.6,174961.4402,133102.65,83,9
PHARMA - Z3,CLINICA BELLAVISTA SOCIEDAD ANONIMA CERRADA,TRAZIDEX O,4,ABR,278.0,12,Z3,NORTE CHICO,False,False,True,False,40341.0,TRAZIDEX OFTENO 5 ML.,ABRIL,0.966120714,91975.94,101185.0264,97756.95,83,13
PHARMA - Z3,CLINICA BELLAVISTA SOCIEDAD ANONIMA CERRADA,TRAZIDEX U,4,ABR,703.0,13,Z3,NORTE CHICO,False,False,True,False,40342.0,TRAZIDEX UNGENA 3.5 G,ABRIL,0.810349246,131494.88,156358.3363,126704.86,83,14
PHARMA - Z3,CLINICA BELLAVISTA SOCIEDAD ANONIMA CERRADA,LAGRICEL,5,MAY,716.0,14,Z3,NORTE CHICO,False,False,True,False,40515.0,LAGRICEL OFTENO 0.5 ML,MAYO,0.714118093,158816.35,174961.4402,124943.13,83,9
PHARMA - Z3,CLINICA BELLAVISTA SOCIEDAD ANONIMA CERRADA,TRAZIDEX O,5,MAY,695.0,30,Z3,NORTE CHICO,False,False,True,False,40341.0,TRAZIDEX OFTENO 5 ML.,MAYO,0.725790194,64098.19,101185.0264,73439.1,83,13
PHARMA - Z3,CLINICA BELLAVISTA SOCIEDAD ANONIMA CERRADA,TRAZIDEX U,5,MAY,0.0,41,Z3,NORTE CHICO,False,False,True,True,40342.0,TRAZIDEX UNGENA 3.5 G,MAYO,0.799544258,131001.94,156358.3363,125015.41,83,14
PHARMA - Z3,CLINICA BELLAVISTA SOCIEDAD ANONIMA CERRADA,FLUMETOL NF,6,JUN,384.0,10,Z3,NORTE CHICO,False,False,True,False,40513.0,FLUMETOL NF OFTENO 5ML,JUNIO,0.071788154,87288.94,107397.8095,115107.7,83,6
PHARMA - Z3,CLINICA BELLAVISTA SOCIEDAD ANONIMA CERRADA,TRAZIDEX O,6,JUN,648.0,28,Z3,NORTE CHICO,False,False,True,False,40341.0,TRAZIDEX OFTENO 5 ML.,JUNIO,-0.192738462,70697.29,101185.0264,81682.78,83,13
PHARMA - Z3,CLINICA BELLAVISTA SOCIEDAD ANONIMA CERRADA,TRAZIDEX U,6,JUN,0.0,32,Z3,NORTE CHICO,False,False,True,True,40342.0,TRAZIDEX UNGENA 3.5 G,JUNIO,-0.144707451,114383.92,156358.3363,133732.12,83,14
PHARMA - Z2,CLINICA CAYETANO HEREDIA S.A.,FLUMETOL NF,2,FEB,816.7,20,Z2,CALLAO,False,False,True,False,40513.0,FLUMETOL NF OFTENO 5ML,FEBRERO,1.285457107,84540.52,101550.4985,130538.81,84,6
PHARMA - Z2,CLINICA CAYETANO HEREDIA S.A.,LAGRICEL,2,FEB,153.53,3,Z2,CALLAO,False,False,True,False,40515.0,LAGRICEL OFTENO 0.5 ML,FEBRERO,0.970823097,194840.09,165898.7416,161058.33,84,9
PHARMA - Z2,CLINICA CAYETANO HEREDIA S.A.,LAGRICEL PF,2,FEB,681.66,12,Z2,CALLAO,False,False,True,False,41582.0,LAGRICEL OFTENO LIBRE DE CONSERVADORES (PF) 10 ML,FEBRERO,1.01762066,244371.43,248182.4906,252555.63,84,10
PHARMA - Z2,CLINICA CAYETANO HEREDIA S.A.,TRAZIDEX U,2,FEB,841.59,20,Z2,CALLAO,False,False,True,False,40342.0,TRAZIDEX UNGENA 3.5 G,FEBRERO,0.737379291,111697.65,148184.091,109267.88,84,14
PHARMA - Z2,CLINICA CAYETANO HEREDIA S.A.,SOPHIPREN,3,MAR,42.35,1,Z2,CALLAO,False,False,True,False,40338.0,SOPHIPREN OFTENO 5 ML,MARZO,1.018181783,39394.05,56555.62783,57583.91,84,12
PHARMA - Z2,CLINICA CAYETANO HEREDIA S.A.,TRAZIDEX O,3,MAR,125.02,3,Z2,CALLAO,False,False,True,False,40341.0,TRAZIDEX OFTENO 5 ML.,MARZO,0.841410928,99642.69,95524.58531,80375.43,84,13
PHARMA - Z2,CLINICA CAYETANO HEREDIA S.A.,TRAZIDEX U,3,MAR,1262.39,30,Z2,CALLAO,False,False,True,False,40342.0,TRAZIDEX UNGENA 3.5 G,MARZO,0.890660186,111697.65,148184.091,131981.67,84,14
PHARMA - Z2,CLINICA CAYETANO HEREDIA S.A.,FLUMETOL NF,4,ABR,817.0,20,Z2,CALLAO,False,False,True,False,40513.0,FLUMETOL NF OFTENO 5ML,ABRIL,1.22328994,97096.28,107397.8095,131378.66,84,6
PHARMA - Z2,CLINICA CAYETANO HEREDIA S.A.,LAGRICEL,4,ABR,512.0,10,Z2,CALLAO,False,False,True,False,40515.0,LAGRICEL OFTENO 0.5 ML,ABRIL,0.760754197,152829.6,174961.4402,133102.65,84,9
PHARMA - Z2,CLINICA CAYETANO HEREDIA S.A.,LAGRICEL PF,4,ABR,0.0,22,Z2,CALLAO,False,False,True,True,41582.0,LAGRICEL OFTENO LIBRE DE CONSERVADORES (PF) 10 ML,ABRIL,1.234011277,222585.45,261957.3873,323258.37,84,10
PHARMA - Z2,CLINICA CAYETANO HEREDIA S.A.,FLUMETOL NF,5,MAY,0.0,40,Z2,CALLAO,False,False,True,True,40513.0,FLUMETOL NF OFTENO 5ML,MAYO,1.182290501,84208.66,107397.8095,126975.41,84,6
PHARMA - Z2,CLINICA CAYETANO HEREDIA S.A.,GAAP PF,5,MAY,685.0,10,Z2,CALLAO,False,False,True,False,41567.0,GAAP OFTENO LIBRE DE CONSER PF 3 ML PERU,MAYO,0.695728383,103158.58,97315.99528,67705.5,84,8
PHARMA - Z2,CLINICA CAYETANO HEREDIA S.A.,LAGRICEL PF,5,MAY,613.0,12,Z2,CALLAO,False,False,True,False,41582.0,LAGRICEL OFTENO LIBRE DE CONSERVADORES (PF) 10 ML,MAYO,0.852391423,198666.14,261957.3873,223290.23,84,10
PHARMA - Z2,CLINICA CAYETANO HEREDIA S.A.,TRAZIDEX O,5,MAY,125.0,3,Z2,CALLAO,False,False,True,False,40341.0,TRAZIDEX OFTENO 5 ML.,MAYO,0.725790194,64098.19,101185.0264,73439.1,84,13
PHARMA - Z2,CLINICA CAYETANO HEREDIA S.A.,TRAZIDEX U,5,MAY,0.0,50,Z2,CALLAO,False,False,True,True,40342.0,TRAZIDEX UNGENA 3.5 G,MAYO,0.799544258,131001.94,156358.3363,125015.41,84,14
PHARMA - Z2,CLINICA CAYETANO HEREDIA S.A.,TRAZIDEX U,6,JUN,0.0,50,Z2,CALLAO,False,False,True,True,40342.0,TRAZIDEX UNGENA 3.5 G,JUNIO,-0.144707451,114383.92,156358.3363,133732.12,84,14
PHARMA - Z2,CLINICA CAYETANO HEREDIA S.A.,FLUMETOL NF,7,JUL,613.0,15,Z2,CALLAO,False,False,True,False,40513.0,FLUMETOL NF OFTENO 5ML,JULIO,-0.833324001,99312.38,119092.4315,19849.85,84,6
PHARMA - S,CLINICA CERRO COLORADO S.A.C.,FLUMETOL NF,1,ENE,537.83,19,S,CADENAS,False,False,True,False,40513.0,FLUMETOL NF OFTENO 5ML,ENERO,1.0,106644.0,144656.97,144656.97,85,6
PHARMA - S,CLINICA CERRO COLORADO S.A.C.,LAGRICEL,1,ENE,202.04,6,S,CADENAS,False,False,True,False,40515.0,LAGRICEL OFTENO 0.5 ML,ENERO,1.0,154236.51,132452.04,132452.04,85,9
PHARMA - S,CLINICA CERRO COLORADO S.A.C.,FLUMETOL NF,3,MAR,849.2,30,S,CADENAS,False,False,True,False,40513.0,FLUMETOL NF OFTENO 5ML,MARZO,1.399890715,84540.52,101550.4985,142159.6,85,6
PHARMA - S,CLINICA CERRO COLORADO S.A.C.,LAGRICEL,3,MAR,1010.19,30,S,CADENAS,False,False,True,False,40515.0,LAGRICEL OFTENO 0.5 ML,MARZO,1.138987362,194840.09,165898.7416,188956.57,85,9
PHARMA - S,CLINICA CERRO COLORADO S.A.C.,FLUMETOL NF,5,MAY,510.0,18,S,CADENAS,False,False,True,False,40513.0,FLUMETOL NF OFTENO 5ML,MAYO,1.182290501,84208.66,107397.8095,126975.41,85,6
PHARMA - S,CLINICA CERRO COLORADO S.A.C.,LAGRICEL,5,MAY,673.0,20,S,CADENAS,False,False,True,False,40515.0,LAGRICEL OFTENO 0.5 ML,MAYO,0.714118093,158816.35,174961.4402,124943.13,85,9
PHARMA - S,CLINICA CERRO COLORADO S.A.C.,FLUMETOL NF,7,JUL,226.0,8,S,CADENAS,False,False,True,False,40513.0,FLUMETOL NF OFTENO 5ML,JULIO,-0.833324001,99312.38,119092.4315,19849.85,85,6
PHARMA - Z1,CLINICA CORAZON DE JESUS SAC.,ELIPTIC PF,1,ENE,97.98,3,Z1,LIMA,False,False,True,False,41561.0,ELIPTIC OFTENO 5ML PF PERU,ENERO,1.0,16201.95,62857.68,62857.68,86,5
PHARMA - Z1,CLINICA CORAZON DE JESUS SAC.,GAAP PF,1,ENE,162.28,3,Z1,LIMA,False,False,True,False,41567.0,GAAP OFTENO LIBRE DE CONSER PF 3 ML PERU,ENERO,1.0,67726.3,99013.28,99013.28,86,8
PHARMA - Z1,CLINICA CORAZON DE JESUS SAC.,AGGLAD,3,MAR,183.42,3,Z1,LIMA,False,False,True,False,40351.0,AGGLAD OFTENO 5 ML,MARZO,0.708033745,31785.06,114546.1364,81102.53,86,0
PHARMA - Z1,CLINICA CORAZON DE JESUS SAC.,ELIPTIC PF,3,MAR,32.66,1,Z1,LIMA,False,False,True,False,41561.0,ELIPTIC OFTENO 5ML PF PERU,MARZO,0.543724406,16081.78,70691.40098,38436.64,86,5
PHARMA - Z1,CLINICA CORAZON DE JESUS SAC.,AGGLAD,4,ABR,660.0,12,Z1,LIMA,False,False,True,False,40351.0,AGGLAD OFTENO 5 ML,ABRIL,0.757043269,24635.46,120891.2407,91519.9,86,0
PHARMA - Z1,CLINICA CORAZON DE JESUS SAC.,ELIPTIC PF,4,ABR,408.0,12,Z1,LIMA,False,False,True,False,41561.0,ELIPTIC OFTENO 5ML PF PERU,ABRIL,0.502083754,28406.63,74583.69182,37447.26,86,5
PHARMA - Z1,CLINICA CORAZON DE JESUS SAC.,GAAP PF,4,ABR,325.0,6,Z1,LIMA,False,False,True,False,41567.0,GAAP OFTENO LIBRE DE CONSER PF 3 ML PERU,ABRIL,0.580041645,82952.14,97315.99528,56447.33,86,8
PHARMA - Z3,CLINICA DE OJOS DÏOPELUCE SAC,AGGLAD,1,ENE,2201.04,40,Z3,NORTE CHICO,False,False,True,False,40351.0,AGGLAD OFTENO 5 ML,ENERO,1.0,22534.35,110094.81,110094.81,87,0
PHARMA - Z3,CLINICA DE OJOS DÏOPELUCE SAC,AQUADRAN,1,ENE,324.0,6,Z3,NORTE CHICO,False,False,True,False,41945.0,AQUADRAN 10G,ENERO,1.0,3348.0,44517.6,44517.6,87,1
PHARMA - Z3,CLINICA DE OJOS DÏOPELUCE SAC,DUSTALOX,1,ENE,902.44,20,Z3,NORTE CHICO,False,False,True,False,41121.0,DUSTALOX 5ML,ENERO,1.0,13592.53,8778.28,8778.28,87,2
PHARMA - Z3,CLINICA DE OJOS DÏOPELUCE SAC,ELIPTIC PF,1,ENE,2090.24,40,Z3,NORTE CHICO,False,False,True,False,41561.0,ELIPTIC OFTENO 5ML PF PERU,ENERO,1.0,16201.95,62857.68,62857.68,87,5
PHARMA - Z3,CLINICA DE OJOS DÏOPELUCE SAC,FLUMETOL NF,1,ENE,898.37,20,Z3,NORTE CHICO,False,False,True,False,40513.0,FLUMETOL NF OFTENO 5ML,ENERO,1.0,106644.0,144656.97,144656.97,87,6
PHARMA - Z3,CLINICA DE OJOS DÏOPELUCE SAC,GAAP,1,ENE,2800.96,40,Z3,NORTE CHICO,False,False,True,False,40498.0,GAAP OFTENO 3 ML,ENERO,1.0,101352.36,99775.16,99775.16,87,7
PHARMA - Z3,CLINICA DE OJOS DÏOPELUCE SAC,LAGRICEL,1,ENE,2047.0,40,Z3,NORTE CHICO,False,False,True,False,40515.0,LAGRICEL OFTENO 0.5 ML,ENERO,1.0,154236.51,132452.04,132452.04,87,9
PHARMA - Z3,CLINICA DE OJOS DÏOPELUCE SAC,LAGRICEL PF,1,ENE,8543.47,160,Z3,NORTE CHICO,False,False,True,False,41582.0,LAGRICEL OFTENO LIBRE DE CONSERVADORES (PF) 10 ML,ENERO,1.0,241357.65,244552.3,244552.3,87,10
PHARMA - Z3,CLINICA DE OJOS DÏOPELUCE SAC,SOPHIPREN,1,ENE,931.7,20,Z3,NORTE CHICO,False,False,True,False,40338.0,SOPHIPREN OFTENO 5 ML,ENERO,1.0,41450.28,50525.9,50525.9,87,12
PHARMA - Z3,CLINICA DE OJOS DÏOPELUCE SAC,TRAZIDEX O,1,ENE,3333.96,80,Z3,NORTE CHICO,False,False,True,False,40341.0,TRAZIDEX OFTENO 5 ML.,ENERO,1.0,107782.12,170736.47,170736.47,87,13
PHARMA - Z3,CLINICA DE OJOS DÏOPELUCE SAC,TRAZIDEX U,1,ENE,2945.57,70,Z3,NORTE CHICO,False,False,True,False,40342.0,TRAZIDEX UNGENA 3.5 G,ENERO,1.0,127130.48,135275.35,135275.35,87,14
PHARMA - Z3,CLINICA DE OJOS DÏOPELUCE SAC,ZEBESTEN,1,ENE,1419.08,30,Z3,NORTE CHICO,False,False,True,False,41604.0,ZEBESTEN 5ML PERU,ENERO,1.0,31496.43,43862.02,43862.02,87,15
PHARMA - Z3,CLINICA DE OJOS DÏOPELUCE SAC,AGGLAD,2,FEB,2201.04,40,Z3,NORTE CHICO,False,False,True,False,40351.0,AGGLAD OFTENO 5 ML,FEBRERO,0.96716156,31785.06,114546.1364,110784.62,87,0
PHARMA - Z3,CLINICA DE OJOS DÏOPELUCE SAC,AQUADRAN,2,FEB,648.0,12,Z3,NORTE CHICO,False,False,True,False,41945.0,AQUADRAN 10G,FEBRERO,1.033824379,13176.0,33810.57818,34954.2,87,1
PHARMA - Z3,CLINICA DE OJOS DÏOPELUCE SAC,DUSTALOX,2,FEB,902.44,20,Z3,NORTE CHICO,False,False,True,False,41121.0,DUSTALOX 5ML,FEBRERO,0.568411142,6813.43,11070.27913,6292.47,87,2
PHARMA - Z3,CLINICA DE OJOS DÏOPELUCE SAC,ELIPTIC PF,2,FEB,1567.68,30,Z3,NORTE CHICO,False,False,True,False,41561.0,ELIPTIC OFTENO 5ML PF PERU,FEBRERO,0.876631233,16081.78,70691.40098,61970.29,87,5
PHARMA - Z3,CLINICA DE OJOS DÏOPELUCE SAC,FLUMETOL NF,2,FEB,3593.48,80,Z3,NORTE CHICO,False,False,True,False,40513.0,FLUMETOL NF OFTENO 5ML,FEBRERO,1.285457107,84540.52,101550.4985,130538.81,87,6
PHARMA - Z3,CLINICA DE OJOS DÏOPELUCE SAC,GAAP,2,FEB,5601.92,80,Z3,NORTE CHICO,False,False,True,False,40498.0,GAAP OFTENO 3 ML,FEBRERO,0.873555976,85355.44,97172.18164,84885.34,87,7
PHARMA - Z3,CLINICA DE OJOS DÏOPELUCE SAC,LAGRICEL,2,FEB,3070.5,60,Z3,NORTE CHICO,False,False,True,False,40515.0,LAGRICEL OFTENO 0.5 ML,FEBRERO,0.970823097,194840.09,165898.7416,161058.33,87,9
PHARMA - Z3,CLINICA DE OJOS DÏOPELUCE SAC,LAGRICEL PF,2,FEB,16019.01,300,Z3,NORTE CHICO,False,False,True,False,41582.0,LAGRICEL OFTENO LIBRE DE CONSERVADORES (PF) 10 ML,FEBRERO,1.01762066,244371.43,248182.4906,252555.63,87,10
PHARMA - Z3,CLINICA DE OJOS DÏOPELUCE SAC,SOPHIPREN,2,FEB,931.7,20,Z3,NORTE CHICO,False,False,True,False,40338.0,SOPHIPREN OFTENO 5 ML,FEBRERO,1.300787434,39394.05,56555.62783,73566.85,87,12
PHARMA - Z3,CLINICA DE OJOS DÏOPELUCE SAC,TRAZIDEX O,2,FEB,3333.96,80,Z3,NORTE CHICO,False,False,True,False,40341.0,TRAZIDEX OFTENO 5 ML.,FEBRERO,0.868398954,99642.69,95524.58531,82953.45,87,13
PHARMA - Z3,CLINICA DE OJOS DÏOPELUCE SAC,TRAZIDEX U,2,FEB,2524.77,60,Z3,NORTE CHICO,False,False,True,False,40342.0,TRAZIDEX UNGENA 3.5 G,FEBRERO,0.737379291,111697.65,148184.091,109267.88,87,14
PHARMA - Z3,CLINICA DE OJOS DÏOPELUCE SAC,ZEBESTEN,2,FEB,1419.08,30,Z3,NORTE CHICO,False,False,True,False,41604.0,ZEBESTEN 5ML PERU,FEBRERO,0.998966691,24271.56,27459.43408,27431.06,87,15
PHARMA - Z3,CLINICA DE OJOS DÏOPELUCE SAC,AGGLAD,3,MAR,2201.2,40,Z3,NORTE CHICO,False,False,True,False,40351.0,AGGLAD OFTENO 5 ML,MARZO,0.708033745,31785.06,114546.1364,81102.53,87,0
PHARMA - Z3,CLINICA DE OJOS DÏOPELUCE SAC,AQUADRAN,3,MAR,648.0,12,Z3,NORTE CHICO,False,False,True,False,41945.0,AQUADRAN 10G,MARZO,1.286810293,13176.0,33810.57818,43507.8,87,1
PHARMA - Z3,CLINICA DE OJOS DÏOPELUCE SAC,ELIPTIC PF,3,MAR,1045.2,20,Z3,NORTE CHICO,False,False,True,False,41561.0,ELIPTIC OFTENO 5ML PF PERU,MARZO,0.543724406,16081.78,70691.40098,38436.64,87,5
PHARMA - Z3,CLINICA DE OJOS DÏOPELUCE SAC,FLUMETOL NF,3,MAR,1796.8,40,Z3,NORTE CHICO,False,False,True,False,40513.0,FLUMETOL NF OFTENO 5ML,MARZO,1.399890715,84540.52,101550.4985,142159.6,87,6
PHARMA - Z3,CLINICA DE OJOS DÏOPELUCE SAC,GAAP,3,MAR,1400.48,20,Z3,NORTE CHICO,False,False,True,False,40498.0,GAAP OFTENO 3 ML,MARZO,0.701456825,85355.44,97172.18164,68162.09,87,7
PHARMA - Z3,CLINICA DE OJOS DÏOPELUCE SAC,LAGRICEL,3,MAR,1023.6,20,Z3,NORTE CHICO,False,False,True,False,40515.0,LAGRICEL OFTENO 0.5 ML,MARZO,1.138987362,194840.09,165898.7416,188956.57,87,9
PHARMA - Z3,CLINICA DE OJOS DÏOPELUCE SAC,LAGRICEL PF,3,MAR,10679.67,200,Z3,NORTE CHICO,False,False,True,False,41582.0,LAGRICEL OFTENO LIBRE DE CONSERVADORES (PF) 10 ML,MARZO,1.041573922,244371.43,248182.4906,258500.41,87,10
PHARMA - Z3,CLINICA DE OJOS DÏOPELUCE SAC,SOPHIPREN,3,MAR,1863.6,40,Z3,NORTE CHICO,False,False,True,False,40338.0,SOPHIPREN OFTENO 5 ML,MARZO,1.018181783,39394.05,56555.62783,57583.91,87,12
PHARMA - Z3,CLINICA DE OJOS DÏOPELUCE SAC,TRAZIDEX O,3,MAR,1666.98,40,Z3,NORTE CHICO,False,False,True,False,40341.0,TRAZIDEX OFTENO 5 ML.,MARZO,0.841410928,99642.69,95524.58531,80375.43,87,13
PHARMA - Z3,CLINICA DE OJOS DÏOPELUCE SAC,TRAZIDEX U,3,MAR,1683.18,40,Z3,NORTE CHICO,False,False,True,False,40342.0,TRAZIDEX UNGENA 3.5 G,MARZO,0.890660186,111697.65,148184.091,131981.67,87,14
PHARMA - Z3,CLINICA DE OJOS DÏOPELUCE SAC,ZEBESTEN,3,MAR,1419.3,30,Z3,NORTE CHICO,False,False,True,False,41604.0,ZEBESTEN 5ML PERU,MARZO,1.283372043,24271.56,27459.43408,35240.67,87,15
PHARMA - Z3,CLINICA DE OJOS DÏOPELUCE SAC,AGGLAD,4,ABR,0.0,20,Z3,NORTE CHICO,False,False,True,True,40351.0,AGGLAD OFTENO 5 ML,ABRIL,0.757043269,24635.46,120891.2407,91519.9,87,0
PHARMA - Z3,CLINICA DE OJOS DÏOPELUCE SAC,AQUADRAN,4,ABR,648.0,12,Z3,NORTE CHICO,False,False,True,False,41945.0,AQUADRAN 10G,ABRIL,1.367885669,18754.2,35738.51318,48886.2,87,1
PHARMA - Z3,CLINICA DE OJOS DÏOPELUCE SAC,DUSTALOX,4,ABR,902.0,20,Z3,NORTE CHICO,False,False,True,False,41121.0,DUSTALOX 5ML,ABRIL,0.650326442,9428.91,11675.36719,7592.8,87,2
PHARMA - Z3,CLINICA DE OJOS DÏOPELUCE SAC,ELIPTIC PF,4,ABR,0.0,20,Z3,NORTE CHICO,False,False,True,True,41561.0,ELIPTIC OFTENO 5ML PF PERU,ABRIL,0.502083754,28406.63,74583.69182,37447.26,87,5
PHARMA - Z3,CLINICA DE OJOS DÏOPELUCE SAC,GAAP,4,ABR,0.0,30,Z3,NORTE CHICO,False,False,True,True,40498.0,GAAP OFTENO 3 ML,ABRIL,0.475712047,79645.31,102582.687,48799.82,87,7
PHARMA - Z3,CLINICA DE OJOS DÏOPELUCE SAC,LAGRICEL,4,ABR,0.0,20,Z3,NORTE CHICO,False,False,True,True,40515.0,LAGRICEL OFTENO 0.5 ML,ABRIL,0.760754197,152829.6,174961.4402,133102.65,87,9
PHARMA - Z3,CLINICA DE OJOS DÏOPELUCE SAC,LAGRICEL PF,4,ABR,0.0,200,Z3,NORTE CHICO,False,False,True,True,41582.0,LAGRICEL OFTENO LIBRE DE CONSERVADORES (PF) 10 ML,ABRIL,1.234011277,222585.45,261957.3873,323258.37,87,10
PHARMA - Z3,CLINICA DE OJOS DÏOPELUCE SAC,TRAZIDEX O,4,ABR,0.0,80,Z3,NORTE CHICO,False,False,True,True,40341.0,TRAZIDEX OFTENO 5 ML.,ABRIL,0.966120714,91975.94,101185.0264,97756.95,87,13
PHARMA - Z3,CLINICA DE OJOS DÏOPELUCE SAC,TRAZIDEX U,4,ABR,0.0,30,Z3,NORTE CHICO,False,False,True,True,40342.0,TRAZIDEX UNGENA 3.5 G,ABRIL,0.810349246,131494.88,156358.3363,126704.86,87,14
PHARMA - Z3,CLINICA DE OJOS DÏOPELUCE SAC,AGGLAD,5,MAY,0.0,20,Z3,NORTE CHICO,False,False,True,True,40351.0,AGGLAD OFTENO 5 ML,MAYO,0.670022241,26193.67,120891.2407,80999.82,87,0
PHARMA - Z3,CLINICA DE OJOS DÏOPELUCE SAC,AQUADRAN,5,MAY,0.0,20,Z3,NORTE CHICO,False,False,True,True,41945.0,AQUADRAN 10G,MAYO,1.308504351,13786.2,35738.51318,46764.0,87,1
PHARMA - Z3,CLINICA DE OJOS DÏOPELUCE SAC,ELAR-B,5,MAY,345.0,6,Z3,NORTE CHICO,False,False,True,False,42098.0,ELAR-B 5 ML,MAYO,0.690959707,0.0,24407.71845,16864.75,87,3
PHARMA - Z3,CLINICA DE OJOS DÏOPELUCE SAC,ELIPTIC PF,5,MAY,523.0,10,Z3,NORTE CHICO,False,False,True,False,41561.0,ELIPTIC OFTENO 5ML PF PERU,MAYO,0.635068724,11669.87,74583.69182,47365.77,87,5
PHARMA - Z3,CLINICA DE OJOS DÏOPELUCE SAC,FLUMETOL NF,5,MAY,0.0,40,Z3,NORTE CHICO,False,False,True,True,40513.0,FLUMETOL NF OFTENO 5ML,MAYO,1.182290501,84208.66,107397.8095,126975.41,87,6
PHARMA - Z3,CLINICA DE OJOS DÏOPELUCE SAC,GAAP PF,5,MAY,0.0,30,Z3,NORTE CHICO,False,False,True,True,41567.0,GAAP OFTENO LIBRE DE CONSER PF 3 ML PERU,MAYO,0.695728383,103158.58,97315.99528,67705.5,87,8
PHARMA - Z3,CLINICA DE OJOS DÏOPELUCE SAC,LAGRICEL PF,5,MAY,0.0,100,Z3,NORTE CHICO,False,False,True,True,41582.0,LAGRICEL OFTENO LIBRE DE CONSERVADORES (PF) 10 ML,MAYO,0.852391423,198666.14,261957.3873,223290.23,87,10
PHARMA - Z3,CLINICA DE OJOS DÏOPELUCE SAC,TRAZIDEX O,5,MAY,0.0,40,Z3,NORTE CHICO,False,False,True,True,40341.0,TRAZIDEX OFTENO 5 ML.,MAYO,0.725790194,64098.19,101185.0264,73439.1,87,13
PHARMA - Z3,CLINICA DE OJOS DÏOPELUCE SAC,TRAZIDEX U,5,MAY,0.0,40,Z3,NORTE CHICO,False,False,True,True,40342.0,TRAZIDEX UNGENA 3.5 G,MAYO,0.799544258,131001.94,156358.3363,125015.41,87,14
PHARMA - Z3,CLINICA DE OJOS DÏOPELUCE SAC,AQUADRAN,6,JUN,0.0,20,Z3,NORTE CHICO,False,False,True,True,41945.0,AQUADRAN 10G,JUNIO,0.329694376,15957.0,35738.51318,47521.3,87,1
PHARMA - Z3,CLINICA DE OJOS DÏOPELUCE SAC,DUSTALOX,6,JUN,451.0,10,Z3,NORTE CHICO,False,False,True,False,41121.0,DUSTALOX 5ML,JUNIO,-0.44241925,5938.11,11675.36719,6509.96,87,2
PHARMA - Z3,CLINICA DE OJOS DÏOPELUCE SAC,ELAR-B,6,JUN,0.0,18,Z3,NORTE CHICO,False,False,True,True,42098.0,ELAR-B 5 ML,JUNIO,-0.29490542,0.0,24407.71845,17209.75,87,3
PHARMA - Z3,CLINICA DE OJOS DÏOPELUCE SAC,ELIPTIC PF,6,JUN,523.0,10,Z3,NORTE CHICO,False,False,True,False,41561.0,ELIPTIC OFTENO 5ML PF PERU,JUNIO,-0.431896719,12781.68,74583.69182,42371.24,87,5
PHARMA - Z3,CLINICA DE OJOS DÏOPELUCE SAC,FLUMETOL NF,6,JUN,449.0,10,Z3,NORTE CHICO,False,False,True,False,40513.0,FLUMETOL NF OFTENO 5ML,JUNIO,0.071788154,87288.94,107397.8095,115107.7,87,6
PHARMA - Z3,CLINICA DE OJOS DÏOPELUCE SAC,GAAP PF,6,JUN,0.0,50,Z3,NORTE CHICO,False,False,True,True,41567.0,GAAP OFTENO LIBRE DE CONSER PF 3 ML PERU,JUNIO,-0.151410313,75783.27,97315.99528,82581.35,87,8
PHARMA - Z3,CLINICA DE OJOS DÏOPELUCE SAC,LAGRICEL PF,6,JUN,0.0,200,Z3,NORTE CHICO,False,False,True,True,41582.0,LAGRICEL OFTENO LIBRE DE CONSERVADORES (PF) 10 ML,JUNIO,-0.085958779,182516.9,261957.3873,239439.85,87,10
PHARMA - Z3,CLINICA DE OJOS DÏOPELUCE SAC,TRAZIDEX O,6,JUN,0.0,80,Z3,NORTE CHICO,False,False,True,True,40341.0,TRAZIDEX OFTENO 5 ML.,JUNIO,-0.192738462,70697.29,101185.0264,81682.78,87,13
PHARMA - Z3,CLINICA DE OJOS DÏOPELUCE SAC,TRAZIDEX U,6,JUN,0.0,50,Z3,NORTE CHICO,False,False,True,True,40342.0,TRAZIDEX UNGENA 3.5 G,JUNIO,-0.144707451,114383.92,156358.3363,133732.12,87,14
PHARMA - Z3,CLINICA DE OJOS DÏOPELUCE SAC,ZEBESTEN,6,JUN,946.0,20,Z3,NORTE CHICO,False,False,True,False,41604.0,ZEBESTEN 5ML PERU,JUNIO,0.156870039,15690.19,29060.89609,33619.68,87,15
PHARMA - Z3,CLINICA DE OJOS DÏOPELUCE SAC,AGGLAD,7,JUL,0.0,30,Z3,NORTE CHICO,False,False,True,True,40351.0,AGGLAD OFTENO 5 ML,JULIO,-0.863449228,29784.66,133581.4492,18240.65,87,0
PHARMA - Z3,CLINICA DE OJOS DÏOPELUCE SAC,ELIPTIC PF,7,JUL,0.0,20,Z3,NORTE CHICO,False,False,True,True,41561.0,ELIPTIC OFTENO 5ML PF PERU,JULIO,-0.90997274,15960.78,82368.2735,7415.39,87,5
PHARMA - Z3,CLINICA DE OJOS DÏOPELUCE SAC,ZEBESTEN,7,JUL,946.0,20,Z3,NORTE CHICO,False,False,True,False,41604.0,ZEBESTEN 5ML PERU,JULIO,-0.92254451,24070.81,32263.82012,2499.01,87,15
PHARMA - N1,CLINICA DE OJOS GARCIA EMPRESA INDIVIDUAL DE RESPONSABILIDAD LIMITADA,ELIPTIC PF,1,ENE,389.83,10,N1,CHICLAYO,False,False,True,False,41561.0,ELIPTIC OFTENO 5ML PF PERU,ENERO,1.0,16201.95,62857.68,62857.68,88,5
PHARMA - N1,CLINICA DE OJOS GARCIA EMPRESA INDIVIDUAL DE RESPONSABILIDAD LIMITADA,AGGLAD,2,FEB,256.79,5,N1,CHICLAYO,False,False,True,False,40351.0,AGGLAD OFTENO 5 ML,FEBRERO,0.96716156,31785.06,114546.1364,110784.62,88,0
PHARMA - N1,CLINICA DE OJOS GARCIA EMPRESA INDIVIDUAL DE RESPONSABILIDAD LIMITADA,LAGRICEL PF,2,FEB,1188.82,24,N1,CHICLAYO,False,False,True,False,41582.0,LAGRICEL OFTENO LIBRE DE CONSERVADORES (PF) 10 ML,FEBRERO,1.01762066,244371.43,248182.4906,252555.63,88,10
PHARMA - N1,CLINICA DE OJOS GARCIA EMPRESA INDIVIDUAL DE RESPONSABILIDAD LIMITADA,ZEBESTEN,2,FEB,245.44,5,N1,CHICLAYO,False,False,True,False,41604.0,ZEBESTEN 5ML PERU,FEBRERO,0.998966691,24271.56,27459.43408,27431.06,88,15
PHARMA - N1,CLINICA DE OJOS GARCIA EMPRESA INDIVIDUAL DE RESPONSABILIDAD LIMITADA,LAGRICEL PF,3,MAR,990.68,20,N1,CHICLAYO,False,False,True,False,41582.0,LAGRICEL OFTENO LIBRE DE CONSERVADORES (PF) 10 ML,MARZO,1.041573922,244371.43,248182.4906,258500.41,88,10
PHARMA - N1,CLINICA DE OJOS GARCIA EMPRESA INDIVIDUAL DE RESPONSABILIDAD LIMITADA,ZEBESTEN,3,MAR,294.53,6,N1,CHICLAYO,False,False,True,False,41604.0,ZEBESTEN 5ML PERU,MARZO,1.283372043,24271.56,27459.43408,35240.67,88,15
PHARMA - N1,CLINICA DE OJOS GARCIA EMPRESA INDIVIDUAL DE RESPONSABILIDAD LIMITADA,ELIPTIC PF,4,ABR,468.0,12,N1,CHICLAYO,False,False,True,False,41561.0,ELIPTIC OFTENO 5ML PF PERU,ABRIL,0.502083754,28406.63,74583.69182,37447.26,88,5
PHARMA - N1,CLINICA DE OJOS GARCIA EMPRESA INDIVIDUAL DE RESPONSABILIDAD LIMITADA,LAGRICEL PF,4,ABR,0.0,40,N1,CHICLAYO,False,False,True,True,41582.0,LAGRICEL OFTENO LIBRE DE CONSERVADORES (PF) 10 ML,ABRIL,1.234011277,222585.45,261957.3873,323258.37,88,10
PHARMA - N1,CLINICA DE OJOS GARCIA EMPRESA INDIVIDUAL DE RESPONSABILIDAD LIMITADA,LANDAX,4,ABR,932.0,20,N1,CHICLAYO,False,False,True,False,41804.0,LANDAX 5ML,ABRIL,0.967730243,9326.66,22304.8625,21585.09,88,11
PHARMA - N1,CLINICA DE OJOS GARCIA EMPRESA INDIVIDUAL DE RESPONSABILIDAD LIMITADA,ZEBESTEN,4,ABR,982.0,20,N1,CHICLAYO,False,False,True,False,41604.0,ZEBESTEN 5ML PERU,ABRIL,1.062586642,26953.56,29060.89609,30879.72,88,15
PHARMA - N1,CLINICA DE OJOS GARCIA EMPRESA INDIVIDUAL DE RESPONSABILIDAD LIMITADA,AGGLAD,5,MAY,308.0,6,N1,CHICLAYO,False,False,True,False,40351.0,AGGLAD OFTENO 5 ML,MAYO,0.670022241,26193.67,120891.2407,80999.82,88,0
PHARMA - N1,CLINICA DE OJOS GARCIA EMPRESA INDIVIDUAL DE RESPONSABILIDAD LIMITADA,AQUADRAN,6,JUN,971.0,20,N1,CHICLAYO,False,False,True,False,41945.0,AQUADRAN 10G,JUNIO,0.329694376,15957.0,35738.51318,47521.3,88,1
PHARMA - N1,CLINICA DE OJOS GARCIA EMPRESA INDIVIDUAL DE RESPONSABILIDAD LIMITADA,LAGRICEL PF,6,JUN,0.0,44,N1,CHICLAYO,False,False,True,True,41582.0,LAGRICEL OFTENO LIBRE DE CONSERVADORES (PF) 10 ML,JUNIO,-0.085958779,182516.9,261957.3873,239439.85,88,10
PHARMA - N1,CLINICA DE OJOS GARCIA EMPRESA INDIVIDUAL DE RESPONSABILIDAD LIMITADA,ZEBESTEN,6,JUN,884.0,18,N1,CHICLAYO,False,False,True,False,41604.0,ZEBESTEN 5ML PERU,JUNIO,0.156870039,15690.19,29060.89609,33619.68,88,15
PHARMA - N2,CLINICA DE OJOS LUZ Y VIDA S.A.C.,ELIPTIC PF,1,ENE,127.12,5,N2,TRUJILLO,False,False,True,False,41561.0,ELIPTIC OFTENO 5ML PF PERU,ENERO,1.0,16201.95,62857.68,62857.68,89,5
PHARMA - N2,CLINICA DE OJOS LUZ Y VIDA S.A.C.,FLUMETOL NF,1,ENE,718.7,16,N2,TRUJILLO,False,False,True,False,40513.0,FLUMETOL NF OFTENO 5ML,ENERO,1.0,106644.0,144656.97,144656.97,89,6
PHARMA - N2,CLINICA DE OJOS LUZ Y VIDA S.A.C.,LAGRICEL PF,1,ENE,2499.42,44,N2,TRUJILLO,False,False,True,False,41582.0,LAGRICEL OFTENO LIBRE DE CONSERVADORES (PF) 10 ML,ENERO,1.0,241357.65,244552.3,244552.3,89,10
PHARMA - N2,CLINICA DE OJOS LUZ Y VIDA S.A.C.,TRAZIDEX O,1,ENE,583.45,14,N2,TRUJILLO,False,False,True,False,40341.0,TRAZIDEX OFTENO 5 ML.,ENERO,1.0,107782.12,170736.47,170736.47,89,13
PHARMA - N2,CLINICA DE OJOS LUZ Y VIDA S.A.C.,AGGLAD,2,FEB,807.05,12,N2,TRUJILLO,False,False,True,False,40351.0,AGGLAD OFTENO 5 ML,FEBRERO,0.96716156,31785.06,114546.1364,110784.62,89,0
PHARMA - N2,CLINICA DE OJOS LUZ Y VIDA S.A.C.,AQUADRAN,2,FEB,972.0,18,N2,TRUJILLO,False,False,True,False,41945.0,AQUADRAN 10G,FEBRERO,1.033824379,13176.0,33810.57818,34954.2,89,1
PHARMA - N2,CLINICA DE OJOS LUZ Y VIDA S.A.C.,ELIPTIC PF,2,FEB,305.07,12,N2,TRUJILLO,False,False,True,False,41561.0,ELIPTIC OFTENO 5ML PF PERU,FEBRERO,0.876631233,16081.78,70691.40098,61970.29,89,5
PHARMA - N2,CLINICA DE OJOS LUZ Y VIDA S.A.C.,FLUMETOL NF,2,FEB,628.86,14,N2,TRUJILLO,False,False,True,False,40513.0,FLUMETOL NF OFTENO 5ML,FEBRERO,1.285457107,84540.52,101550.4985,130538.81,89,6
PHARMA - N2,CLINICA DE OJOS LUZ Y VIDA S.A.C.,GAAP PF,2,FEB,1125.13,12,N2,TRUJILLO,False,False,True,False,41567.0,GAAP OFTENO LIBRE DE CONSER PF 3 ML PERU,FEBRERO,0.820494884,80205.04,92164.06035,75620.14,89,8
PHARMA - N2,CLINICA DE OJOS LUZ Y VIDA S.A.C.,LAGRICEL PF,2,FEB,3635.52,64,N2,TRUJILLO,False,False,True,False,41582.0,LAGRICEL OFTENO LIBRE DE CONSERVADORES (PF) 10 ML,FEBRERO,1.01762066,244371.43,248182.4906,252555.63,89,10
PHARMA - N2,CLINICA DE OJOS LUZ Y VIDA S.A.C.,SOPHIPREN,2,FEB,838.53,22,N2,TRUJILLO,False,False,True,False,40338.0,SOPHIPREN OFTENO 5 ML,FEBRERO,1.300787434,39394.05,56555.62783,73566.85,89,12
PHARMA - N2,CLINICA DE OJOS LUZ Y VIDA S.A.C.,TRAZIDEX O,2,FEB,1416.94,34,N2,TRUJILLO,False,False,True,False,40341.0,TRAZIDEX OFTENO 5 ML.,FEBRERO,0.868398954,99642.69,95524.58531,82953.45,89,13
PHARMA - N2,CLINICA DE OJOS LUZ Y VIDA S.A.C.,TRAZIDEX U,2,FEB,168.32,4,N2,TRUJILLO,False,False,True,False,40342.0,TRAZIDEX UNGENA 3.5 G,FEBRERO,0.737379291,111697.65,148184.091,109267.88,89,14
PHARMA - N2,CLINICA DE OJOS LUZ Y VIDA S.A.C.,AGGLAD,3,MAR,134.51,2,N2,TRUJILLO,False,False,True,False,40351.0,AGGLAD OFTENO 5 ML,MARZO,0.708033745,31785.06,114546.1364,81102.53,89,0
PHARMA - N2,CLINICA DE OJOS LUZ Y VIDA S.A.C.,AQUADRAN,3,MAR,1080.0,20,N2,TRUJILLO,False,False,True,False,41945.0,AQUADRAN 10G,MARZO,1.286810293,13176.0,33810.57818,43507.8,89,1
PHARMA - N2,CLINICA DE OJOS LUZ Y VIDA S.A.C.,ELIPTIC PF,3,MAR,330.5,13,N2,TRUJILLO,False,False,True,False,41561.0,ELIPTIC OFTENO 5ML PF PERU,MARZO,0.543724406,16081.78,70691.40098,38436.64,89,5
PHARMA - N2,CLINICA DE OJOS LUZ Y VIDA S.A.C.,FLUMETOL NF,3,MAR,449.19,10,N2,TRUJILLO,False,False,True,False,40513.0,FLUMETOL NF OFTENO 5ML,MARZO,1.399890715,84540.52,101550.4985,142159.6,89,6
PHARMA - N2,CLINICA DE OJOS LUZ Y VIDA S.A.C.,LAGRICEL PF,3,MAR,2556.23,45,N2,TRUJILLO,False,False,True,False,41582.0,LAGRICEL OFTENO LIBRE DE CONSERVADORES (PF) 10 ML,MARZO,1.041573922,244371.43,248182.4906,258500.41,89,10
PHARMA - N2,CLINICA DE OJOS LUZ Y VIDA S.A.C.,TRAZIDEX O,3,MAR,666.8,16,N2,TRUJILLO,False,False,True,False,40341.0,TRAZIDEX OFTENO 5 ML.,MARZO,0.841410928,99642.69,95524.58531,80375.43,89,13
PHARMA - N2,CLINICA DE OJOS LUZ Y VIDA S.A.C.,TRAZIDEX U,3,MAR,420.8,10,N2,TRUJILLO,False,False,True,False,40342.0,TRAZIDEX UNGENA 3.5 G,MARZO,0.890660186,111697.65,148184.091,131981.67,89,14
PHARMA - N2,CLINICA DE OJOS LUZ Y VIDA S.A.C.,AGGLAD,4,ABR,673.0,10,N2,TRUJILLO,False,False,True,False,40351.0,AGGLAD OFTENO 5 ML,ABRIL,0.757043269,24635.46,120891.2407,91519.9,89,0
PHARMA - N2,CLINICA DE OJOS LUZ Y VIDA S.A.C.,AQUADRAN,4,ABR,810.0,15,N2,TRUJILLO,False,False,True,False,41945.0,AQUADRAN 10G,ABRIL,1.367885669,18754.2,35738.51318,48886.2,89,1
PHARMA - N2,CLINICA DE OJOS LUZ Y VIDA S.A.C.,FLUMETOL NF,4,ABR,674.0,15,N2,TRUJILLO,False,False,True,False,40513.0,FLUMETOL NF OFTENO 5ML,ABRIL,1.22328994,97096.28,107397.8095,131378.66,89,6
PHARMA - N2,CLINICA DE OJOS LUZ Y VIDA S.A.C.,LAGRICEL PF,4,ABR,0.0,60,N2,TRUJILLO,False,False,True,True,41582.0,LAGRICEL OFTENO LIBRE DE CONSERVADORES (PF) 10 ML,ABRIL,1.234011277,222585.45,261957.3873,323258.37,89,10
PHARMA - N2,CLINICA DE OJOS LUZ Y VIDA S.A.C.,SOPHIPREN,4,ABR,381.0,10,N2,TRUJILLO,False,False,True,False,40338.0,SOPHIPREN OFTENO 5 ML,ABRIL,1.125758804,51339.43,59671.10342,67175.27,89,12
PHARMA - N2,CLINICA DE OJOS LUZ Y VIDA S.A.C.,TRAZIDEX O,4,ABR,0.0,35,N2,TRUJILLO,False,False,True,True,40341.0,TRAZIDEX OFTENO 5 ML.,ABRIL,0.966120714,91975.94,101185.0264,97756.95,89,13
PHARMA - N2,CLINICA DE OJOS LUZ Y VIDA S.A.C.,TRAZIDEX U,4,ABR,252.0,6,N2,TRUJILLO,False,False,True,False,40342.0,TRAZIDEX UNGENA 3.5 G,ABRIL,0.810349246,131494.88,156358.3363,126704.86,89,14
PHARMA - N2,CLINICA DE OJOS LUZ Y VIDA S.A.C.,AGGLAD,5,MAY,673.0,10,N2,TRUJILLO,False,False,True,False,40351.0,AGGLAD OFTENO 5 ML,MAYO,0.670022241,26193.67,120891.2407,80999.82,89,0
PHARMA - N2,CLINICA DE OJOS LUZ Y VIDA S.A.C.,AQUADRAN,5,MAY,540.0,10,N2,TRUJILLO,False,False,True,False,41945.0,AQUADRAN 10G,MAYO,1.308504351,13786.2,35738.51318,46764.0,89,1
PHARMA - N2,CLINICA DE OJOS LUZ Y VIDA S.A.C.,ELIPTIC PF,5,MAY,508.0,20,N2,TRUJILLO,False,False,True,False,41561.0,ELIPTIC OFTENO 5ML PF PERU,MAYO,0.635068724,11669.87,74583.69182,47365.77,89,5
PHARMA - N2,CLINICA DE OJOS LUZ Y VIDA S.A.C.,FLUMETOL NF,5,MAY,719.0,16,N2,TRUJILLO,False,False,True,False,40513.0,FLUMETOL NF OFTENO 5ML,MAYO,1.182290501,84208.66,107397.8095,126975.41,89,6
PHARMA - N2,CLINICA DE OJOS LUZ Y VIDA S.A.C.,GAAP PF,5,MAY,938.0,10,N2,TRUJILLO,False,False,True,False,41567.0,GAAP OFTENO LIBRE DE CONSER PF 3 ML PERU,MAYO,0.695728383,103158.58,97315.99528,67705.5,89,8
PHARMA - N2,CLINICA DE OJOS LUZ Y VIDA S.A.C.,LAGRICEL PF,5,MAY,0.0,40,N2,TRUJILLO,False,False,True,True,41582.0,LAGRICEL OFTENO LIBRE DE CONSERVADORES (PF) 10 ML,MAYO,0.852391423,198666.14,261957.3873,223290.23,89,10
PHARMA - N2,CLINICA DE OJOS LUZ Y VIDA S.A.C.,SOPHIPREN,5,MAY,381.0,10,N2,TRUJILLO,False,False,True,False,40338.0,SOPHIPREN OFTENO 5 ML,MAYO,0.947602386,43314.92,59671.10342,56544.48,89,12
PHARMA - N2,CLINICA DE OJOS LUZ Y VIDA S.A.C.,TRAZIDEX U,5,MAY,252.0,6,N2,TRUJILLO,False,False,True,False,40342.0,TRAZIDEX UNGENA 3.5 G,MAYO,0.799544258,131001.94,156358.3363,125015.41,89,14
PHARMA - N2,CLINICA DE OJOS LUZ Y VIDA S.A.C.,LAGRICEL PF,6,JUN,0.0,25,N2,TRUJILLO,False,False,True,True,41582.0,LAGRICEL OFTENO LIBRE DE CONSERVADORES (PF) 10 ML,JUNIO,-0.085958779,182516.9,261957.3873,239439.85,89,10
PHARMA - N2,CLINICA DE OJOS LUZ Y VIDA S.A.C.,TRAZIDEX O,6,JUN,625.0,15,N2,TRUJILLO,False,False,True,False,40341.0,TRAZIDEX OFTENO 5 ML.,JUNIO,-0.192738462,70697.29,101185.0264,81682.78,89,13
PHARMA - N2,CLINICA DE OJOS LUZ Y VIDA S.A.C.,TRAZIDEX U,6,JUN,421.0,10,N2,TRUJILLO,False,False,True,False,40342.0,TRAZIDEX UNGENA 3.5 G,JUNIO,-0.144707451,114383.92,156358.3363,133732.12,89,14
PHARMA - N2,CLINICA DE OJOS LUZ Y VIDA S.A.C.,AGGLAD,7,JUL,336.0,5,N2,TRUJILLO,False,False,True,False,40351.0,AGGLAD OFTENO 5 ML,JULIO,-0.863449228,29784.66,133581.4492,18240.65,89,0
PHARMA - N2,CLINICA DE OJOS LUZ Y VIDA S.A.C.,GAAP PF,7,JUL,469.0,5,N2,TRUJILLO,False,False,True,False,41567.0,GAAP OFTENO LIBRE DE CONSER PF 3 ML PERU,JULIO,-0.767903816,96163.14,107619.8651,24978.16,89,8
PHARMA - N2,CLINICA DE OJOS LUZ Y VIDA S.A.C.,LAGRICEL,7,JUL,768.0,15,N2,TRUJILLO,False,False,True,False,40515.0,LAGRICEL OFTENO 0.5 ML,JULIO,-0.84932888,184824.49,193086.8374,29092.61,89,9
PHARMA - N2,CLINICA DE OJOS LUZ Y VIDA S.A.C.,SOPHIPREN,7,JUL,191.0,5,N2,TRUJILLO,False,False,True,False,40338.0,SOPHIPREN OFTENO 5 ML,JULIO,-0.815953083,49954.18,65902.05458,12129.07,89,12
PHARMA - N2,CLINICA DE OJOS LUZ Y VIDA S.A.C.,TRAZIDEX U,7,JUL,168.0,4,N2,TRUJILLO,False,False,True,False,40342.0,TRAZIDEX UNGENA 3.5 G,JULIO,-0.835453002,134186.98,172706.827,28418.39,89,14
PHARMA - N2,CLINICA DE OJOS OFTALMOCENTER S.A.C.,AQUADRAN,1,ENE,486.0,10,N2,TRUJILLO,False,False,True,False,41945.0,AQUADRAN 10G,ENERO,1.0,3348.0,44517.6,44517.6,90,1
PHARMA - N2,CLINICA DE OJOS OFTALMOCENTER S.A.C.,LAGRICEL,1,ENE,2047.0,40,N2,TRUJILLO,False,False,True,False,40515.0,LAGRICEL OFTENO 0.5 ML,ENERO,1.0,154236.51,132452.04,132452.04,90,9
PHARMA - N2,CLINICA DE OJOS OFTALMOCENTER S.A.C.,SOPHIPREN,1,ENE,965.58,20,N2,TRUJILLO,False,False,True,False,40338.0,SOPHIPREN OFTENO 5 ML,ENERO,1.0,41450.28,50525.9,50525.9,90,12
PHARMA - N2,CLINICA DE OJOS OFTALMOCENTER S.A.C.,TRAZIDEX O,1,ENE,833.49,20,N2,TRUJILLO,False,False,True,False,40341.0,TRAZIDEX OFTENO 5 ML.,ENERO,1.0,107782.12,170736.47,170736.47,90,13
PHARMA - N2,CLINICA DE OJOS OFTALMOCENTER S.A.C.,TRAZIDEX U,1,ENE,514.31,10,N2,TRUJILLO,False,False,True,False,40342.0,TRAZIDEX UNGENA 3.5 G,ENERO,1.0,127130.48,135275.35,135275.35,90,14
PHARMA - N2,CLINICA DE OJOS OFTALMOCENTER S.A.C.,FLUMETOL NF,2,FEB,449.19,10,N2,TRUJILLO,False,False,True,False,40513.0,FLUMETOL NF OFTENO 5ML,FEBRERO,1.285457107,84540.52,101550.4985,130538.81,90,6
PHARMA - N2,CLINICA DE OJOS OFTALMOCENTER S.A.C.,SOPHIPREN,2,FEB,1448.37,30,N2,TRUJILLO,False,False,True,False,40338.0,SOPHIPREN OFTENO 5 ML,FEBRERO,1.300787434,39394.05,56555.62783,73566.85,90,12
PHARMA - N2,CLINICA DE OJOS OFTALMOCENTER S.A.C.,AQUADRAN,3,MAR,583.2,12,N2,TRUJILLO,False,False,True,False,41945.0,AQUADRAN 10G,MARZO,1.286810293,13176.0,33810.57818,43507.8,90,1
PHARMA - N2,CLINICA DE OJOS OFTALMOCENTER S.A.C.,FLUMETOL NF,3,MAR,449.19,10,N2,TRUJILLO,False,False,True,False,40513.0,FLUMETOL NF OFTENO 5ML,MARZO,1.399890715,84540.52,101550.4985,142159.6,90,6
PHARMA - N2,CLINICA DE OJOS OFTALMOCENTER S.A.C.,LAGRICEL,3,MAR,3070.5,60,N2,TRUJILLO,False,False,True,False,40515.0,LAGRICEL OFTENO 0.5 ML,MARZO,1.138987362,194840.09,165898.7416,188956.57,90,9
PHARMA - N2,CLINICA DE OJOS OFTALMOCENTER S.A.C.,SOPHIPREN,3,MAR,1931.16,40,N2,TRUJILLO,False,False,True,False,40338.0,SOPHIPREN OFTENO 5 ML,MARZO,1.018181783,39394.05,56555.62783,57583.91,90,12
PHARMA - N2,CLINICA DE OJOS OFTALMOCENTER S.A.C.,AQUADRAN,4,ABR,292.0,6,N2,TRUJILLO,False,False,True,False,41945.0,AQUADRAN 10G,ABRIL,1.367885669,18754.2,35738.51318,48886.2,90,1
PHARMA - N2,CLINICA DE OJOS OFTALMOCENTER S.A.C.,ELIPTIC PF,4,ABR,153.0,6,N2,TRUJILLO,False,False,True,False,41561.0,ELIPTIC OFTENO 5ML PF PERU,ABRIL,0.502083754,28406.63,74583.69182,37447.26,90,5
PHARMA - N2,CLINICA DE OJOS OFTALMOCENTER S.A.C.,FLUMETOL NF,4,ABR,449.0,10,N2,TRUJILLO,False,False,True,False,40513.0,FLUMETOL NF OFTENO 5ML,ABRIL,1.22328994,97096.28,107397.8095,131378.66,90,6
PHARMA - N2,CLINICA DE OJOS OFTALMOCENTER S.A.C.,SOPHIPREN,4,ABR,0.0,24,N2,TRUJILLO,False,False,True,True,40338.0,SOPHIPREN OFTENO 5 ML,ABRIL,1.125758804,51339.43,59671.10342,67175.27,90,12
PHARMA - N2,CLINICA DE OJOS OFTALMOCENTER S.A.C.,TRAZIDEX U,4,ABR,0.0,20,N2,TRUJILLO,False,False,True,True,40342.0,TRAZIDEX UNGENA 3.5 G,ABRIL,0.810349246,131494.88,156358.3363,126704.86,90,14
PHARMA - N2,CLINICA DE OJOS OFTALMOCENTER S.A.C.,LAGRICEL,5,MAY,0.0,20,N2,TRUJILLO,False,False,True,True,40515.0,LAGRICEL OFTENO 0.5 ML,MAYO,0.714118093,158816.35,174961.4402,124943.13,90,9
PHARMA - N2,CLINICA DE OJOS OFTALMOCENTER S.A.C.,SOPHIPREN,5,MAY,966.0,20,N2,TRUJILLO,False,False,True,False,40338.0,SOPHIPREN OFTENO 5 ML,MAYO,0.947602386,43314.92,59671.10342,56544.48,90,12
PHARMA - N2,CLINICA DE OJOS OFTALMOCENTER S.A.C.,LAGRICEL,6,JUN,0.0,20,N2,TRUJILLO,False,False,True,True,40515.0,LAGRICEL OFTENO 0.5 ML,JUNIO,-0.157973323,129483.27,174961.4402,147322.2,90,9
PHARMA - N2,CLINICA DE OJOS OFTALMOCENTER S.A.C.,SOPHIPREN,6,JUN,966.0,20,N2,TRUJILLO,False,False,True,False,40338.0,SOPHIPREN OFTENO 5 ML,JUNIO,0.072135193,48676.87,59671.10342,63975.49,90,12
PHARMA - N1,CLINICA DE OJOS OPHTO SALUD SRL.,AGGLAD,2,FEB,770.36,14,N1,CHICLAYO,False,False,True,False,40351.0,AGGLAD OFTENO 5 ML,FEBRERO,0.96716156,31785.06,114546.1364,110784.62,91,0
PHARMA - N1,CLINICA DE OJOS OPHTO SALUD SRL.,ELIPTIC PF,2,FEB,475.53,14,N1,CHICLAYO,False,False,True,False,41561.0,ELIPTIC OFTENO 5ML PF PERU,FEBRERO,0.876631233,16081.78,70691.40098,61970.29,91,5
PHARMA - N1,CLINICA DE OJOS OPHTO SALUD SRL.,AGGLAD,5,MAY,0.0,20,N1,CHICLAYO,False,False,True,True,40351.0,AGGLAD OFTENO 5 ML,MAYO,0.670022241,26193.67,120891.2407,80999.82,91,0
PHARMA - N1,CLINICA DE OJOS OPHTO SALUD SRL.,ELIPTIC,5,MAY,510.0,20,N1,CHICLAYO,False,False,True,False,41076.0,ELIPTIC OFTENO 5ML,MAYO,0.349092716,2803.71,39043.81097,13629.91,91,4
PHARMA - N1,CLINICA DE OJOS OPHTO SALUD SRL.,LAGRICEL PF,5,MAY,949.0,20,N1,CHICLAYO,False,False,True,False,41582.0,LAGRICEL OFTENO LIBRE DE CONSERVADORES (PF) 10 ML,MAYO,0.852391423,198666.14,261957.3873,223290.23,91,10
PHARMA - S,CLINICA DE OJOS QHALI YAWI SOCIEDAD ANONIMA CERRADA,FLUMETOL NF,3,MAR,4083.5,100,S,CADENAS,False,False,True,False,40513.0,FLUMETOL NF OFTENO 5ML,MARZO,1.399890715,84540.52,101550.4985,142159.6,92,6
PHARMA - S,CLINICA DE OJOS QHALI YAWI SOCIEDAD ANONIMA CERRADA,SOPHIPREN,3,MAR,2117.5,50,S,CADENAS,False,False,True,False,40338.0,SOPHIPREN OFTENO 5 ML,MARZO,1.018181783,39394.05,56555.62783,57583.91,92,12
PHARMA - S,CLINICA DE OJOS QHALI YAWI SOCIEDAD ANONIMA CERRADA,SOPHIPREN,6,JUN,0.0,100,S,CADENAS,False,False,True,True,40338.0,SOPHIPREN OFTENO 5 ML,JUNIO,0.072135193,48676.87,59671.10342,63975.49,92,12
PHARMA - Z2,CLINICA DE OJOS SANTOS SRL,GAAP PF,1,ENE,405.7,5,Z2,CALLAO,False,False,True,False,41567.0,GAAP OFTENO LIBRE DE CONSER PF 3 ML PERU,ENERO,1.0,67726.3,99013.28,99013.28,93,8
PHARMA - Z2,CLINICA DE OJOS SANTOS SRL,LAGRICEL PF,1,ENE,1192.91,25,Z2,CALLAO,False,False,True,False,41582.0,LAGRICEL OFTENO LIBRE DE CONSERVADORES (PF) 10 ML,ENERO,1.0,241357.65,244552.3,244552.3,93,10
PHARMA - Z2,CLINICA DE OJOS SANTOS SRL,TRAZIDEX U,1,ENE,1051.99,25,Z2,CALLAO,False,False,True,False,40342.0,TRAZIDEX UNGENA 3.5 G,ENERO,1.0,127130.48,135275.35,135275.35,93,14
PHARMA - Z2,CLINICA DE OJOS SANTOS SRL,LAGRICEL PF,2,FEB,1192.91,25,Z2,CALLAO,False,False,True,False,41582.0,LAGRICEL OFTENO LIBRE DE CONSERVADORES (PF) 10 ML,FEBRERO,1.01762066,244371.43,248182.4906,252555.63,93,10
PHARMA - Z2,CLINICA DE OJOS SANTOS SRL,SOPHIPREN,2,FEB,952.88,25,Z2,CALLAO,False,False,True,False,40338.0,SOPHIPREN OFTENO 5 ML,FEBRERO,1.300787434,39394.05,56555.62783,73566.85,93,12
PHARMA - Z2,CLINICA DE OJOS SANTOS SRL,TRAZIDEX O,2,FEB,1041.86,25,Z2,CALLAO,False,False,True,False,40341.0,TRAZIDEX OFTENO 5 ML.,FEBRERO,0.868398954,99642.69,95524.58531,82953.45,93,13
PHARMA - Z2,CLINICA DE OJOS SANTOS SRL,GAAP PF,5,MAY,811.0,10,Z2,CALLAO,False,False,True,False,41567.0,GAAP OFTENO LIBRE DE CONSER PF 3 ML PERU,MAYO,0.695728383,103158.58,97315.99528,67705.5,93,8
PHARMA - Z2,CLINICA DE OJOS SANTOS SRL,LAGRICEL PF,5,MAY,477.0,10,Z2,CALLAO,False,False,True,False,41582.0,LAGRICEL OFTENO LIBRE DE CONSERVADORES (PF) 10 ML,MAYO,0.852391423,198666.14,261957.3873,223290.23,93,10
PHARMA - Z2,CLINICA DE OJOS SANTOS SRL,SOPHIPREN,5,MAY,953.0,25,Z2,CALLAO,False,False,True,False,40338.0,SOPHIPREN OFTENO 5 ML,MAYO,0.947602386,43314.92,59671.10342,56544.48,93,12
PHARMA - Z2,CLINICA DE OJOS SANTOS SRL,TRAZIDEX U,5,MAY,421.0,10,Z2,CALLAO,False,False,True,False,40342.0,TRAZIDEX UNGENA 3.5 G,MAYO,0.799544258,131001.94,156358.3363,125015.41,93,14
PHARMA - Z2,CLINICA DE OJOS SELUCE S.A.C.,AGGLAD,1,ENE,1222.8,20,Z2,CALLAO,False,False,True,False,40351.0,AGGLAD OFTENO 5 ML,ENERO,1.0,22534.35,110094.81,110094.81,94,0
PHARMA - Z2,CLINICA DE OJOS SELUCE S.A.C.,AQUADRAN,1,ENE,1080.0,20,Z2,CALLAO,False,False,True,False,41945.0,AQUADRAN 10G,ENERO,1.0,3348.0,44517.6,44517.6,94,1
PHARMA - Z2,CLINICA DE OJOS SELUCE S.A.C.,ELIPTIC PF,1,ENE,1763.64,30,Z2,CALLAO,False,False,True,False,41561.0,ELIPTIC OFTENO 5ML PF PERU,ENERO,1.0,16201.95,62857.68,62857.68,94,5
PHARMA - Z2,CLINICA DE OJOS SELUCE S.A.C.,FLUMETOL NF,1,ENE,2041.75,50,Z2,CALLAO,False,False,True,False,40513.0,FLUMETOL NF OFTENO 5ML,ENERO,1.0,106644.0,144656.97,144656.97,94,6
PHARMA - Z2,CLINICA DE OJOS SELUCE S.A.C.,LAGRICEL PF,1,ENE,2897.06,50,Z2,CALLAO,False,False,True,False,41582.0,LAGRICEL OFTENO LIBRE DE CONSERVADORES (PF) 10 ML,ENERO,1.0,241357.65,244552.3,244552.3,94,10
PHARMA - Z2,CLINICA DE OJOS SELUCE S.A.C.,SOPHIPREN,1,ENE,2117.5,50,Z2,CALLAO,False,False,True,False,40338.0,SOPHIPREN OFTENO 5 ML,ENERO,1.0,41450.28,50525.9,50525.9,94,12
PHARMA - Z2,CLINICA DE OJOS SELUCE S.A.C.,TRAZIDEX O,1,ENE,2083.73,50,Z2,CALLAO,False,False,True,False,40341.0,TRAZIDEX OFTENO 5 ML.,ENERO,1.0,107782.12,170736.47,170736.47,94,13
PHARMA - Z2,CLINICA DE OJOS SELUCE S.A.C.,TRAZIDEX U,1,ENE,841.59,20,Z2,CALLAO,False,False,True,False,40342.0,TRAZIDEX UNGENA 3.5 G,ENERO,1.0,127130.48,135275.35,135275.35,94,14
PHARMA - Z2,CLINICA DE OJOS SELUCE S.A.C.,ZEBESTEN,1,ENE,981.75,20,Z2,CALLAO,False,False,True,False,41604.0,ZEBESTEN 5ML PERU,ENERO,1.0,31496.43,43862.02,43862.02,94,15
PHARMA - Z2,CLINICA DE OJOS SELUCE S.A.C.,AGGLAD,3,MAR,2445.6,40,Z2,CALLAO,False,False,True,False,40351.0,AGGLAD OFTENO 5 ML,MARZO,0.708033745,31785.06,114546.1364,81102.53,94,0
PHARMA - Z2,CLINICA DE OJOS SELUCE S.A.C.,AQUADRAN,3,MAR,1080.0,20,Z2,CALLAO,False,False,True,False,41945.0,AQUADRAN 10G,MARZO,1.286810293,13176.0,33810.57818,43507.8,94,1
PHARMA - Z2,CLINICA DE OJOS SELUCE S.A.C.,DUSTALOX,3,MAR,410.2,10,Z2,CALLAO,False,False,True,False,41121.0,DUSTALOX 5ML,MARZO,0.887447361,6813.43,11070.27913,9824.29,94,2
PHARMA - Z2,CLINICA DE OJOS SELUCE S.A.C.,ELAR-B,3,MAR,862.5,15,Z2,CALLAO,False,False,True,False,42098.0,ELAR-B 5 ML,MARZO,0.892513965,0.0,23180.02945,20688.5,94,3
PHARMA - Z2,CLINICA DE OJOS SELUCE S.A.C.,ELIPTIC PF,3,MAR,1763.64,30,Z2,CALLAO,False,False,True,False,41561.0,ELIPTIC OFTENO 5ML PF PERU,MARZO,0.543724406,16081.78,70691.40098,38436.64,94,5
PHARMA - Z2,CLINICA DE OJOS SELUCE S.A.C.,FLUMETOL NF,3,MAR,1225.05,30,Z2,CALLAO,False,False,True,False,40513.0,FLUMETOL NF OFTENO 5ML,MARZO,1.399890715,84540.52,101550.4985,142159.6,94,6
PHARMA - Z2,CLINICA DE OJOS SELUCE S.A.C.,GAAP PF,3,MAR,2253.88,25,Z2,CALLAO,False,False,True,False,41567.0,GAAP OFTENO LIBRE DE CONSER PF 3 ML PERU,MARZO,0.894697886,80205.04,92164.06035,82458.99,94,8
PHARMA - Z2,CLINICA DE OJOS SELUCE S.A.C.,LAGRICEL PF,3,MAR,3476.47,60,Z2,CALLAO,False,False,True,False,41582.0,LAGRICEL OFTENO LIBRE DE CONSERVADORES (PF) 10 ML,MARZO,1.041573922,244371.43,248182.4906,258500.41,94,10
PHARMA - Z2,CLINICA DE OJOS SELUCE S.A.C.,LANDAX,3,MAR,699.15,15,Z2,CALLAO,False,False,True,False,41804.0,LANDAX 5ML,MARZO,0.673401888,4684.31,21117.7311,14220.72,94,11
PHARMA - Z2,CLINICA DE OJOS SELUCE S.A.C.,SOPHIPREN,3,MAR,1482.25,35,Z2,CALLAO,False,False,True,False,40338.0,SOPHIPREN OFTENO 5 ML,MARZO,1.018181783,39394.05,56555.62783,57583.91,94,12
PHARMA - Z2,CLINICA DE OJOS SELUCE S.A.C.,TRAZIDEX O,3,MAR,1458.61,35,Z2,CALLAO,False,False,True,False,40341.0,TRAZIDEX OFTENO 5 ML.,MARZO,0.841410928,99642.69,95524.58531,80375.43,94,13
PHARMA - Z2,CLINICA DE OJOS SELUCE S.A.C.,TRAZIDEX U,3,MAR,1472.78,35,Z2,CALLAO,False,False,True,False,40342.0,TRAZIDEX UNGENA 3.5 G,MARZO,0.890660186,111697.65,148184.091,131981.67,94,14
PHARMA - Z2,CLINICA DE OJOS SELUCE S.A.C.,ZEBESTEN,3,MAR,981.75,20,Z2,CALLAO,False,False,True,False,41604.0,ZEBESTEN 5ML PERU,MARZO,1.283372043,24271.56,27459.43408,35240.67,94,15
PHARMA - Z2,CLINICA DE OJOS SELUCE S.A.C.,AQUADRAN,4,ABR,0.0,55,Z2,CALLAO,False,False,True,True,41945.0,AQUADRAN 10G,ABRIL,1.367885669,18754.2,35738.51318,48886.2,94,1
PHARMA - Z2,CLINICA DE OJOS SELUCE S.A.C.,DUSTALOX,4,ABR,0.0,32,Z2,CALLAO,False,False,True,True,41121.0,DUSTALOX 5ML,ABRIL,0.650326442,9428.91,11675.36719,7592.8,94,2
PHARMA - Z2,CLINICA DE OJOS SELUCE S.A.C.,ELAR-B,4,ABR,0.0,45,Z2,CALLAO,False,False,True,True,42098.0,ELAR-B 5 ML,ABRIL,0.614395812,0.0,24407.71845,14996.0,94,3
PHARMA - Z2,CLINICA DE OJOS SELUCE S.A.C.,FLUMETOL NF,4,ABR,0.0,45,Z2,CALLAO,False,False,True,True,40513.0,FLUMETOL NF OFTENO 5ML,ABRIL,1.22328994,97096.28,107397.8095,131378.66,94,6
PHARMA - Z2,CLINICA DE OJOS SELUCE S.A.C.,LAGRICEL,4,ABR,0.0,30,Z2,CALLAO,False,False,True,True,40515.0,LAGRICEL OFTENO 0.5 ML,ABRIL,0.760754197,152829.6,174961.4402,133102.65,94,9
PHARMA - Z2,CLINICA DE OJOS SELUCE S.A.C.,LAGRICEL PF,4,ABR,0.0,170,Z2,CALLAO,False,False,True,True,41582.0,LAGRICEL OFTENO LIBRE DE CONSERVADORES (PF) 10 ML,ABRIL,1.234011277,222585.45,261957.3873,323258.37,94,10
PHARMA - Z2,CLINICA DE OJOS SELUCE S.A.C.,LANDAX,4,ABR,0.0,55,Z2,CALLAO,False,False,True,True,41804.0,LANDAX 5ML,ABRIL,0.967730243,9326.66,22304.8625,21585.09,94,11
PHARMA - Z2,CLINICA DE OJOS SELUCE S.A.C.,SOPHIPREN,4,ABR,0.0,65,Z2,CALLAO,False,False,True,True,40338.0,SOPHIPREN OFTENO 5 ML,ABRIL,1.125758804,51339.43,59671.10342,67175.27,94,12
PHARMA - Z2,CLINICA DE OJOS SELUCE S.A.C.,TRAZIDEX O,4,ABR,0.0,25,Z2,CALLAO,False,False,True,True,40341.0,TRAZIDEX OFTENO 5 ML.,ABRIL,0.966120714,91975.94,101185.0264,97756.95,94,13
PHARMA - Z2,CLINICA DE OJOS SELUCE S.A.C.,TRAZIDEX U,4,ABR,0.0,55,Z2,CALLAO,False,False,True,True,40342.0,TRAZIDEX UNGENA 3.5 G,ABRIL,0.810349246,131494.88,156358.3363,126704.86,94,14
PHARMA - Z2,CLINICA DE OJOS SELUCE S.A.C.,ZEBESTEN,4,ABR,0.0,45,Z2,CALLAO,False,False,True,True,41604.0,ZEBESTEN 5ML PERU,ABRIL,1.062586642,26953.56,29060.89609,30879.72,94,15
PHARMA - Z3,CLINICA DE OJOS VISION DEL PERU S.A.C.,AGGLAD,1,ENE,2035.96,37,Z3,NORTE CHICO,False,False,True,False,40351.0,AGGLAD OFTENO 5 ML,ENERO,1.0,22534.35,110094.81,110094.81,95,0
PHARMA - Z3,CLINICA DE OJOS VISION DEL PERU S.A.C.,ELIPTIC PF,1,ENE,1208.42,37,Z3,NORTE CHICO,False,False,True,False,41561.0,ELIPTIC OFTENO 5ML PF PERU,ENERO,1.0,16201.95,62857.68,62857.68,95,5
PHARMA - Z3,CLINICA DE OJOS VISION DEL PERU S.A.C.,FLUMETOL NF,1,ENE,1020.88,25,Z3,NORTE CHICO,False,False,True,False,40513.0,FLUMETOL NF OFTENO 5ML,ENERO,1.0,106644.0,144656.97,144656.97,95,6
PHARMA - Z3,CLINICA DE OJOS VISION DEL PERU S.A.C.,ELIPTIC PF,2,FEB,816.5,25,Z3,NORTE CHICO,False,False,True,False,41561.0,ELIPTIC OFTENO 5ML PF PERU,FEBRERO,0.876631233,16081.78,70691.40098,61970.29,95,5
PHARMA - Z3,CLINICA DE OJOS VISION DEL PERU S.A.C.,GAAP PF,2,FEB,1803.1,20,Z3,NORTE CHICO,False,False,True,False,41567.0,GAAP OFTENO LIBRE DE CONSER PF 3 ML PERU,FEBRERO,0.820494884,80205.04,92164.06035,75620.14,95,8
PHARMA - Z3,CLINICA DE OJOS VISION DEL PERU S.A.C.,LAGRICEL PF,2,FEB,1704.15,30,Z3,NORTE CHICO,False,False,True,False,41582.0,LAGRICEL OFTENO LIBRE DE CONSERVADORES (PF) 10 ML,FEBRERO,1.01762066,244371.43,248182.4906,252555.63,95,10
PHARMA - Z3,CLINICA DE OJOS VISION DEL PERU S.A.C.,SOPHIPREN,2,FEB,1694.0,40,Z3,NORTE CHICO,False,False,True,False,40338.0,SOPHIPREN OFTENO 5 ML,FEBRERO,1.300787434,39394.05,56555.62783,73566.85,95,12
PHARMA - Z3,CLINICA DE OJOS VISION DEL PERU S.A.C.,TRAZIDEX O,2,FEB,416.75,10,Z3,NORTE CHICO,False,False,True,False,40341.0,TRAZIDEX OFTENO 5 ML.,FEBRERO,0.868398954,99642.69,95524.58531,82953.45,95,13
PHARMA - Z3,CLINICA DE OJOS VISION DEL PERU S.A.C.,TRAZIDEX U,2,FEB,1683.18,40,Z3,NORTE CHICO,False,False,True,False,40342.0,TRAZIDEX UNGENA 3.5 G,FEBRERO,0.737379291,111697.65,148184.091,109267.88,95,14
PHARMA - Z3,CLINICA DE OJOS VISION DEL PERU S.A.C.,ELIPTIC PF,3,MAR,653.2,20,Z3,NORTE CHICO,False,False,True,False,41561.0,ELIPTIC OFTENO 5ML PF PERU,MARZO,0.543724406,16081.78,70691.40098,38436.64,95,5
PHARMA - Z3,CLINICA DE OJOS VISION DEL PERU S.A.C.,FLUMETOL NF,3,MAR,2654.28,65,Z3,NORTE CHICO,False,False,True,False,40513.0,FLUMETOL NF OFTENO 5ML,MARZO,1.399890715,84540.52,101550.4985,142159.6,95,6
PHARMA - Z3,CLINICA DE OJOS VISION DEL PERU S.A.C.,GAAP PF,3,MAR,1803.1,20,Z3,NORTE CHICO,False,False,True,False,41567.0,GAAP OFTENO LIBRE DE CONSER PF 3 ML PERU,MARZO,0.894697886,80205.04,92164.06035,82458.99,95,8
PHARMA - Z3,CLINICA DE OJOS VISION DEL PERU S.A.C.,LAGRICEL PF,3,MAR,1704.15,30,Z3,NORTE CHICO,False,False,True,False,41582.0,LAGRICEL OFTENO LIBRE DE CONSERVADORES (PF) 10 ML,MARZO,1.041573922,244371.43,248182.4906,258500.41,95,10
PHARMA - Z3,CLINICA DE OJOS VISION DEL PERU S.A.C.,TRAZIDEX U,3,MAR,841.59,20,Z3,NORTE CHICO,False,False,True,False,40342.0,TRAZIDEX UNGENA 3.5 G,MARZO,0.890660186,111697.65,148184.091,131981.67,95,14
PHARMA - Z3,CLINICA DE OJOS VISION DEL PERU S.A.C.,ZEBESTEN,3,MAR,981.75,20,Z3,NORTE CHICO,False,False,True,False,41604.0,ZEBESTEN 5ML PERU,MARZO,1.283372043,24271.56,27459.43408,35240.67,95,15
PHARMA - Z3,CLINICA DE OJOS VISION DEL PERU S.A.C.,ELIPTIC PF,5,MAY,817.0,25,Z3,NORTE CHICO,False,False,True,False,41561.0,ELIPTIC OFTENO 5ML PF PERU,MAYO,0.635068724,11669.87,74583.69182,47365.77,95,5
PHARMA - Z3,CLINICA DE OJOS VISION DEL PERU S.A.C.,FLUMETOL NF,5,MAY,0.0,25,Z3,NORTE CHICO,False,False,True,True,40513.0,FLUMETOL NF OFTENO 5ML,MAYO,1.182290501,84208.66,107397.8095,126975.41,95,6
PHARMA - Z3,CLINICA DE OJOS VISION DEL PERU S.A.C.,GAAP PF,5,MAY,0.0,20,Z3,NORTE CHICO,False,False,True,True,41567.0,GAAP OFTENO LIBRE DE CONSER PF 3 ML PERU,MAYO,0.695728383,103158.58,97315.99528,67705.5,95,8
PHARMA - Z3,CLINICA DE OJOS VISION DEL PERU S.A.C.,TRAZIDEX O,5,MAY,417.0,10,Z3,NORTE CHICO,False,False,True,False,40341.0,TRAZIDEX OFTENO 5 ML.,MAYO,0.725790194,64098.19,101185.0264,73439.1,95,13
PHARMA - Z3,CLINICA DE OJOS VISION DEL PERU S.A.C.,TRAZIDEX U,5,MAY,842.0,20,Z3,NORTE CHICO,False,False,True,False,40342.0,TRAZIDEX UNGENA 3.5 G,MAYO,0.799544258,131001.94,156358.3363,125015.41,95,14
PHARMA - Z3,CLINICA DE OJOS VISION DEL PERU S.A.C.,SOPHIPREN,6,JUN,0.0,40,Z3,NORTE CHICO,False,False,True,True,40338.0,SOPHIPREN OFTENO 5 ML,JUNIO,0.072135193,48676.87,59671.10342,63975.49,95,12
PHARMA - Z3,CLINICA DE OJOS VISION DEL PERU S.A.C.,TRAZIDEX O,6,JUN,833.0,20,Z3,NORTE CHICO,False,False,True,False,40341.0,TRAZIDEX OFTENO 5 ML.,JUNIO,-0.192738462,70697.29,101185.0264,81682.78,95,13
PHARMA - Z3,CLINICA DE OJOS VISION DEL PERU S.A.C.,TRAZIDEX U,6,JUN,842.0,20,Z3,NORTE CHICO,False,False,True,False,40342.0,TRAZIDEX UNGENA 3.5 G,JUNIO,-0.144707451,114383.92,156358.3363,133732.12,95,14
PHARMA - Z2,CLINICA DE OJOS VISION LASER E.I.R.L.,ELIPTIC PF,1,ENE,195.96,5,Z2,CALLAO,False,False,True,False,41561.0,ELIPTIC OFTENO 5ML PF PERU,ENERO,1.0,16201.95,62857.68,62857.68,96,5
PHARMA - Z2,CLINICA DE OJOS VISION LASER E.I.R.L.,LAGRICEL,1,ENE,255.88,5,Z2,CALLAO,False,False,True,False,40515.0,LAGRICEL OFTENO 0.5 ML,ENERO,1.0,154236.51,132452.04,132452.04,96,9
PHARMA - Z2,CLINICA DE OJOS VISION LASER E.I.R.L.,TRAZIDEX U,1,ENE,280.53,6,Z2,CALLAO,False,False,True,False,40342.0,TRAZIDEX UNGENA 3.5 G,ENERO,1.0,127130.48,135275.35,135275.35,96,14
PHARMA - Z2,CLINICA DE OJOS VISION LASER E.I.R.L.,SOPHIPREN,2,FEB,508.2,12,Z2,CALLAO,False,False,True,False,40338.0,SOPHIPREN OFTENO 5 ML,FEBRERO,1.300787434,39394.05,56555.62783,73566.85,96,12
PHARMA - Z2,CLINICA DE OJOS VISION LASER E.I.R.L.,LAGRICEL,3,MAR,511.75,10,Z2,CALLAO,False,False,True,False,40515.0,LAGRICEL OFTENO 0.5 ML,MARZO,1.138987362,194840.09,165898.7416,188956.57,96,9
PHARMA - Z2,CLINICA DE OJOS VISION LASER E.I.R.L.,TRAZIDEX U,3,MAR,280.53,6,Z2,CALLAO,False,False,True,False,40342.0,TRAZIDEX UNGENA 3.5 G,MARZO,0.890660186,111697.65,148184.091,131981.67,96,14
PHARMA - Z2,CLINICA DE OJOS VISION LASER E.I.R.L.,SOPHIPREN,4,ABR,424.0,10,Z2,CALLAO,False,False,True,False,40338.0,SOPHIPREN OFTENO 5 ML,ABRIL,1.125758804,51339.43,59671.10342,67175.27,96,12
PHARMA - Z2,CLINICA DE OJOS VISION LASER E.I.R.L.,SOPHIPREN,6,JUN,508.0,12,Z2,CALLAO,False,False,True,False,40338.0,SOPHIPREN OFTENO 5 ML,JUNIO,0.072135193,48676.87,59671.10342,63975.49,96,12
PHARMA - N1,CLINICA DERMATOLOGICA DEL NORTE SOCIEDAD ANONIMA CERRADA,LAGRICEL,2,FEB,675.51,12,N1,CHICLAYO,False,False,True,False,40515.0,LAGRICEL OFTENO 0.5 ML,FEBRERO,0.970823097,194840.09,165898.7416,161058.33,97,9
PHARMA - Z1,CLINICA HERNANI S.A.C.,TRAZIDEX U,1,ENE,467.55,10,Z1,LIMA,False,False,True,False,40342.0,TRAZIDEX UNGENA 3.5 G,ENERO,1.0,127130.48,135275.35,135275.35,98,14
PHARMA - Z1,CLINICA HERNANI S.A.C.,TRAZIDEX U,2,FEB,561.06,12,Z1,LIMA,False,False,True,False,40342.0,TRAZIDEX UNGENA 3.5 G,FEBRERO,0.737379291,111697.65,148184.091,109267.88,98,14
PHARMA - Z1,CLINICA HERNANI S.A.C.,TRAZIDEX U,6,JUN,561.0,12,Z1,LIMA,False,False,True,False,40342.0,TRAZIDEX UNGENA 3.5 G,JUNIO,-0.144707451,114383.92,156358.3363,133732.12,98,14
PHARMA - Z2,CLINICA INTERNACIONAL S A,AGGLAD,1,ENE,4795.33,120,Z2,CALLAO,False,False,True,False,40351.0,AGGLAD OFTENO 5 ML,ENERO,1.0,22534.35,110094.81,110094.81,99,0
PHARMA - Z2,CLINICA INTERNACIONAL S A,ELIPTIC PF,1,ENE,4010.75,104,Z2,CALLAO,False,False,True,False,41561.0,ELIPTIC OFTENO 5ML PF PERU,ENERO,1.0,16201.95,62857.68,62857.68,99,5
PHARMA - Z2,CLINICA INTERNACIONAL S A,FLUMETOL NF,1,ENE,10514.52,380,Z2,CALLAO,False,False,True,False,40513.0,FLUMETOL NF OFTENO 5ML,ENERO,1.0,106644.0,144656.97,144656.97,99,6
PHARMA - Z2,CLINICA INTERNACIONAL S A,GAAP,1,ENE,5234.29,130,Z2,CALLAO,False,False,True,False,40498.0,GAAP OFTENO 3 ML,ENERO,1.0,101352.36,99775.16,99775.16,99,7
PHARMA - Z2,CLINICA INTERNACIONAL S A,GAAP PF,1,ENE,1362.0,33,Z2,CALLAO,False,False,True,False,41567.0,GAAP OFTENO LIBRE DE CONSER PF 3 ML PERU,ENERO,1.0,67726.3,99013.28,99013.28,99,8
PHARMA - Z2,CLINICA INTERNACIONAL S A,LAGRICEL,1,ENE,11878.45,362,Z2,CALLAO,False,False,True,False,40515.0,LAGRICEL OFTENO 0.5 ML,ENERO,1.0,154236.51,132452.04,132452.04,99,9
PHARMA - Z2,CLINICA INTERNACIONAL S A,SOPHIPREN,1,ENE,3720.21,137,Z2,CALLAO,False,False,True,False,40338.0,SOPHIPREN OFTENO 5 ML,ENERO,1.0,41450.28,50525.9,50525.9,99,12
PHARMA - Z2,CLINICA INTERNACIONAL S A,TRAZIDEX U,1,ENE,3451.17,130,Z2,CALLAO,False,False,True,False,40342.0,TRAZIDEX UNGENA 3.5 G,ENERO,1.0,127130.48,135275.35,135275.35,99,14
PHARMA - Z2,CLINICA INTERNACIONAL S A,AGGLAD,2,FEB,6513.66,163,Z2,CALLAO,False,False,True,False,40351.0,AGGLAD OFTENO 5 ML,FEBRERO,0.96716156,31785.06,114546.1364,110784.62,99,0
PHARMA - Z2,CLINICA INTERNACIONAL S A,FLUMETOL NF,2,FEB,2960.67,107,Z2,CALLAO,False,False,True,False,40513.0,FLUMETOL NF OFTENO 5ML,FEBRERO,1.285457107,84540.52,101550.4985,130538.81,99,6
PHARMA - Z2,CLINICA INTERNACIONAL S A,GAAP,2,FEB,3301.63,82,Z2,CALLAO,False,False,True,False,40498.0,GAAP OFTENO 3 ML,FEBRERO,0.873555976,85355.44,97172.18164,84885.34,99,7
PHARMA - Z2,CLINICA INTERNACIONAL S A,GAAP PF,2,FEB,3508.19,85,Z2,CALLAO,False,False,True,False,41567.0,GAAP OFTENO LIBRE DE CONSER PF 3 ML PERU,FEBRERO,0.820494884,80205.04,92164.06035,75620.14,99,8
PHARMA - Z2,CLINICA INTERNACIONAL S A,LAGRICEL,2,FEB,15356.67,468,Z2,CALLAO,False,False,True,False,40515.0,LAGRICEL OFTENO 0.5 ML,FEBRERO,0.970823097,194840.09,165898.7416,161058.33,99,9
PHARMA - Z2,CLINICA INTERNACIONAL S A,SOPHIPREN,2,FEB,5322.35,196,Z2,CALLAO,False,False,True,False,40338.0,SOPHIPREN OFTENO 5 ML,FEBRERO,1.300787434,39394.05,56555.62783,73566.85,99,12
PHARMA - Z2,CLINICA INTERNACIONAL S A,TRAZIDEX U,2,FEB,9716.38,366,Z2,CALLAO,False,False,True,False,40342.0,TRAZIDEX UNGENA 3.5 G,FEBRERO,0.737379291,111697.65,148184.091,109267.88,99,14
PHARMA - Z2,CLINICA INTERNACIONAL S A,AGGLAD,3,MAR,5874.28,147,Z2,CALLAO,False,False,True,False,40351.0,AGGLAD OFTENO 5 ML,MARZO,0.708033745,31785.06,114546.1364,81102.53,99,0
PHARMA - Z2,CLINICA INTERNACIONAL S A,FLUMETOL NF,3,MAR,5423.28,196,Z2,CALLAO,False,False,True,False,40513.0,FLUMETOL NF OFTENO 5ML,MARZO,1.399890715,84540.52,101550.4985,142159.6,99,6
PHARMA - Z2,CLINICA INTERNACIONAL S A,GAAP,3,MAR,4227.7,105,Z2,CALLAO,False,False,True,False,40498.0,GAAP OFTENO 3 ML,MARZO,0.701456825,85355.44,97172.18164,68162.09,99,7
PHARMA - Z2,CLINICA INTERNACIONAL S A,GAAP PF,3,MAR,3466.93,84,Z2,CALLAO,False,False,True,False,41567.0,GAAP OFTENO LIBRE DE CONSER PF 3 ML PERU,MARZO,0.894697886,80205.04,92164.06035,82458.99,99,8
PHARMA - Z2,CLINICA INTERNACIONAL S A,LAGRICEL,3,MAR,9515.89,290,Z2,CALLAO,False,False,True,False,40515.0,LAGRICEL OFTENO 0.5 ML,MARZO,1.138987362,194840.09,165898.7416,188956.57,99,9
PHARMA - Z2,CLINICA INTERNACIONAL S A,SOPHIPREN,3,MAR,4752.1,175,Z2,CALLAO,False,False,True,False,40338.0,SOPHIPREN OFTENO 5 ML,MARZO,1.018181783,39394.05,56555.62783,57583.91,99,12
PHARMA - Z2,CLINICA INTERNACIONAL S A,TRAZIDEX U,3,MAR,12318.04,464,Z2,CALLAO,False,False,True,False,40342.0,TRAZIDEX UNGENA 3.5 G,MARZO,0.890660186,111697.65,148184.091,131981.67,99,14
PHARMA - Z2,CLINICA INTERNACIONAL S A,AGGLAD,4,ABR,0.0,139,Z2,CALLAO,False,False,True,True,40351.0,AGGLAD OFTENO 5 ML,ABRIL,0.757043269,24635.46,120891.2407,91519.9,99,0
PHARMA - Z2,CLINICA INTERNACIONAL S A,FLUMETOL NF,4,ABR,0.0,180,Z2,CALLAO,False,False,True,True,40513.0,FLUMETOL NF OFTENO 5ML,ABRIL,1.22328994,97096.28,107397.8095,131378.66,99,6
PHARMA - Z2,CLINICA INTERNACIONAL S A,GAAP,4,ABR,0.0,32,Z2,CALLAO,False,False,True,True,40498.0,GAAP OFTENO 3 ML,ABRIL,0.475712047,79645.31,102582.687,48799.82,99,7
PHARMA - Z2,CLINICA INTERNACIONAL S A,GAAP PF,4,ABR,619.0,15,Z2,CALLAO,False,False,True,False,41567.0,GAAP OFTENO LIBRE DE CONSER PF 3 ML PERU,ABRIL,0.580041645,82952.14,97315.99528,56447.33,99,8
PHARMA - Z2,CLINICA INTERNACIONAL S A,LAGRICEL,4,ABR,0.0,550,Z2,CALLAO,False,False,True,True,40515.0,LAGRICEL OFTENO 0.5 ML,ABRIL,0.760754197,152829.6,174961.4402,133102.65,99,9
PHARMA - Z2,CLINICA INTERNACIONAL S A,SOPHIPREN,4,ABR,0.0,110,Z2,CALLAO,False,False,True,True,40338.0,SOPHIPREN OFTENO 5 ML,ABRIL,1.125758804,51339.43,59671.10342,67175.27,99,12
PHARMA - Z2,CLINICA INTERNACIONAL S A,TRAZIDEX U,4,ABR,0.0,630,Z2,CALLAO,False,False,True,True,40342.0,TRAZIDEX UNGENA 3.5 G,ABRIL,0.810349246,131494.88,156358.3363,126704.86,99,14
PHARMA - Z2,CLINICA INTERNACIONAL S A,AGGLAD,5,MAY,0.0,75,Z2,CALLAO,False,False,True,True,40351.0,AGGLAD OFTENO 5 ML,MAYO,0.670022241,26193.67,120891.2407,80999.82,99,0
PHARMA - Z2,CLINICA INTERNACIONAL S A,ELIPTIC PF,5,MAY,617.0,16,Z2,CALLAO,False,False,True,False,41561.0,ELIPTIC OFTENO 5ML PF PERU,MAYO,0.635068724,11669.87,74583.69182,47365.77,99,5
PHARMA - Z2,CLINICA INTERNACIONAL S A,FLUMETOL NF,5,MAY,0.0,145,Z2,CALLAO,False,False,True,True,40513.0,FLUMETOL NF OFTENO 5ML,MAYO,1.182290501,84208.66,107397.8095,126975.41,99,6
PHARMA - Z2,CLINICA INTERNACIONAL S A,GAAP,5,MAY,0.0,60,Z2,CALLAO,False,False,True,True,40498.0,GAAP OFTENO 3 ML,MAYO,0.567550546,86214.37,102582.687,58220.86,99,7
PHARMA - Z2,CLINICA INTERNACIONAL S A,GAAP PF,5,MAY,0.0,47,Z2,CALLAO,False,False,True,True,41567.0,GAAP OFTENO LIBRE DE CONSER PF 3 ML PERU,MAYO,0.695728383,103158.58,97315.99528,67705.5,99,8
PHARMA - Z2,CLINICA INTERNACIONAL S A,LAGRICEL,5,MAY,0.0,100,Z2,CALLAO,False,False,True,True,40515.0,LAGRICEL OFTENO 0.5 ML,MAYO,0.714118093,158816.35,174961.4402,124943.13,99,9
PHARMA - Z2,CLINICA INTERNACIONAL S A,SOPHIPREN,5,MAY,0.0,50,Z2,CALLAO,False,False,True,True,40338.0,SOPHIPREN OFTENO 5 ML,MAYO,0.947602386,43314.92,59671.10342,56544.48,99,12
PHARMA - Z2,CLINICA INTERNACIONAL S A,TRAZIDEX U,5,MAY,0.0,258,Z2,CALLAO,False,False,True,True,40342.0,TRAZIDEX UNGENA 3.5 G,MAYO,0.799544258,131001.94,156358.3363,125015.41,99,14
PHARMA - Z2,CLINICA INTERNACIONAL S A,AGGLAD,6,JUN,0.0,240,Z2,CALLAO,False,False,True,True,40351.0,AGGLAD OFTENO 5 ML,JUNIO,-0.235301917,20271.95,120891.2407,92445.3,99,0
PHARMA - Z2,CLINICA INTERNACIONAL S A,ELAR-B,6,JUN,0.0,35,Z2,CALLAO,False,False,True,True,42098.0,ELAR-B 5 ML,JUNIO,-0.29490542,0.0,24407.71845,17209.75,99,3
PHARMA - Z2,CLINICA INTERNACIONAL S A,ELIPTIC PF,6,JUN,0.0,43,Z2,CALLAO,False,False,True,True,41561.0,ELIPTIC OFTENO 5ML PF PERU,JUNIO,-0.431896719,12781.68,74583.69182,42371.24,99,5
PHARMA - Z2,CLINICA INTERNACIONAL S A,FLUMETOL NF,6,JUN,0.0,195,Z2,CALLAO,False,False,True,True,40513.0,FLUMETOL NF OFTENO 5ML,JUNIO,0.071788154,87288.94,107397.8095,115107.7,99,6
PHARMA - Z2,CLINICA INTERNACIONAL S A,GAAP,6,JUN,0.0,140,Z2,CALLAO,False,False,True,True,40498.0,GAAP OFTENO 3 ML,JUNIO,-0.271295457,79907.03,102582.687,74752.47,99,7
PHARMA - Z2,CLINICA INTERNACIONAL S A,GAAP PF,6,JUN,0.0,66,Z2,CALLAO,False,False,True,True,41567.0,GAAP OFTENO LIBRE DE CONSER PF 3 ML PERU,JUNIO,-0.151410313,75783.27,97315.99528,82581.35,99,8
PHARMA - Z2,CLINICA INTERNACIONAL S A,LAGRICEL,6,JUN,0.0,710,Z2,CALLAO,False,False,True,True,40515.0,LAGRICEL OFTENO 0.5 ML,JUNIO,-0.157973323,129483.27,174961.4402,147322.2,99,9
PHARMA - Z2,CLINICA INTERNACIONAL S A,SOPHIPREN,6,JUN,0.0,190,Z2,CALLAO,False,False,True,True,40338.0,SOPHIPREN OFTENO 5 ML,JUNIO,0.072135193,48676.87,59671.10342,63975.49,99,12
PHARMA - Z2,CLINICA INTERNACIONAL S A,TRAZIDEX U,6,JUN,0.0,832,Z2,CALLAO,False,False,True,True,40342.0,TRAZIDEX UNGENA 3.5 G,JUNIO,-0.144707451,114383.92,156358.3363,133732.12,99,14
PHARMA - Z2,CLINICA INTERNACIONAL S A,AGGLAD,7,JUL,0.0,100,Z2,CALLAO,False,False,True,True,40351.0,AGGLAD OFTENO 5 ML,JULIO,-0.863449228,29784.66,133581.4492,18240.65,99,0
PHARMA - Z2,CLINICA INTERNACIONAL S A,FLUMETOL NF,7,JUL,0.0,50,Z2,CALLAO,False,False,True,True,40513.0,FLUMETOL NF OFTENO 5ML,JULIO,-0.833324001,99312.38,119092.4315,19849.85,99,6
PHARMA - Z2,CLINICA INTERNACIONAL S A,GAAP,7,JUL,0.0,50,Z2,CALLAO,False,False,True,True,40498.0,GAAP OFTENO 3 ML,JULIO,-0.93275572,98357.17,113403.6977,7625.75,99,7
PHARMA - Z2,CLINICA INTERNACIONAL S A,GAAP PF,7,JUL,413.0,10,Z2,CALLAO,False,False,True,False,41567.0,GAAP OFTENO LIBRE DE CONSER PF 3 ML PERU,JULIO,-0.767903816,96163.14,107619.8651,24978.16,99,8
PHARMA - Z2,CLINICA INTERNACIONAL S A,LAGRICEL,7,JUL,0.0,190,Z2,CALLAO,False,False,True,True,40515.0,LAGRICEL OFTENO 0.5 ML,JULIO,-0.84932888,184824.49,193086.8374,29092.61,99,9
PHARMA - Z2,CLINICA INTERNACIONAL S A,SOPHIPREN,7,JUL,0.0,40,Z2,CALLAO,False,False,True,True,40338.0,SOPHIPREN OFTENO 5 ML,JULIO,-0.815953083,49954.18,65902.05458,12129.07,99,12
PHARMA - Z2,CLINICA INTERNACIONAL S A,TRAZIDEX U,7,JUL,0.0,200,Z2,CALLAO,False,False,True,True,40342.0,TRAZIDEX UNGENA 3.5 G,JULIO,-0.835453002,134186.98,172706.827,28418.39,99,14
PHARMA - Z1,CLINICA JAVIER PRADO S A,FLUMETOL NF,3,MAR,449.19,10,Z1,LIMA,False,False,True,False,40513.0,FLUMETOL NF OFTENO 5ML,MARZO,1.399890715,84540.52,101550.4985,142159.6,100,6
PHARMA - Z1,CLINICA JAVIER PRADO S A,FLUMETOL NF,5,MAY,449.0,10,Z1,LIMA,False,False,True,False,40513.0,FLUMETOL NF OFTENO 5ML,MAYO,1.182290501,84208.66,107397.8095,126975.41,100,6
PHARMA - Z3,CLINICA JESUS DEL NORTE SOCIEDAD ANONIMA CERRADA,FLUMETOL NF,1,ENE,226.45,8,Z3,NORTE CHICO,False,False,True,False,40513.0,FLUMETOL NF OFTENO 5ML,ENERO,1.0,106644.0,144656.97,144656.97,101,6
PHARMA - Z3,CLINICA JESUS DEL NORTE SOCIEDAD ANONIMA CERRADA,GAAP,1,ENE,67.33,1,Z3,NORTE CHICO,False,False,True,False,40498.0,GAAP OFTENO 3 ML,ENERO,1.0,101352.36,99775.16,99775.16,101,7
PHARMA - Z3,CLINICA JESUS DEL NORTE SOCIEDAD ANONIMA CERRADA,GAAP,2,FEB,336.64,5,Z3,NORTE CHICO,False,False,True,False,40498.0,GAAP OFTENO 3 ML,FEBRERO,0.873555976,85355.44,97172.18164,84885.34,101,7
PHARMA - Z3,CLINICA JESUS DEL NORTE SOCIEDAD ANONIMA CERRADA,LAGRICEL,2,FEB,336.73,10,Z3,NORTE CHICO,False,False,True,False,40515.0,LAGRICEL OFTENO 0.5 ML,FEBRERO,0.970823097,194840.09,165898.7416,161058.33,101,9
PHARMA - Z3,CLINICA JESUS DEL NORTE SOCIEDAD ANONIMA CERRADA,GAAP,3,MAR,201.98,3,Z3,NORTE CHICO,False,False,True,False,40498.0,GAAP OFTENO 3 ML,MARZO,0.701456825,85355.44,97172.18164,68162.09,101,7
PHARMA - Z3,CLINICA JESUS DEL NORTE SOCIEDAD ANONIMA CERRADA,FLUMETOL NF,4,ABR,113.0,4,Z3,NORTE CHICO,False,False,True,False,40513.0,FLUMETOL NF OFTENO 5ML,ABRIL,1.22328994,97096.28,107397.8095,131378.66,101,6
PHARMA - Z3,CLINICA JESUS DEL NORTE SOCIEDAD ANONIMA CERRADA,GAAP,5,MAY,0.0,15,Z3,NORTE CHICO,False,False,True,True,40498.0,GAAP OFTENO 3 ML,MAYO,0.567550546,86214.37,102582.687,58220.86,101,7
PHARMA - Z3,CLINICA JESUS DEL NORTE SOCIEDAD ANONIMA CERRADA,LAGRICEL,5,MAY,337.0,10,Z3,NORTE CHICO,False,False,True,False,40515.0,LAGRICEL OFTENO 0.5 ML,MAYO,0.714118093,158816.35,174961.4402,124943.13,101,9
PHARMA - Z3,CLINICA JESUS DEL NORTE SOCIEDAD ANONIMA CERRADA,FLUMETOL NF,6,JUN,283.0,10,Z3,NORTE CHICO,False,False,True,False,40513.0,FLUMETOL NF OFTENO 5ML,JUNIO,0.071788154,87288.94,107397.8095,115107.7,101,6
PHARMA - Z3,CLINICA JESUS DEL NORTE SOCIEDAD ANONIMA CERRADA,LAGRICEL,6,JUN,337.0,10,Z3,NORTE CHICO,False,False,True,False,40515.0,LAGRICEL OFTENO 0.5 ML,JUNIO,-0.157973323,129483.27,174961.4402,147322.2,101,9
PHARMA - Z3,CLINICA JESUS DEL NORTE SOCIEDAD ANONIMA CERRADA,FLUMETOL NF,7,JUL,566.0,20,Z3,NORTE CHICO,False,False,True,False,40513.0,FLUMETOL NF OFTENO 5ML,JULIO,-0.833324001,99312.38,119092.4315,19849.85,101,6
PHARMA - Z3,CLINICA JESUS DEL NORTE SOCIEDAD ANONIMA CERRADA,GAAP,7,JUL,539.0,8,Z3,NORTE CHICO,False,False,True,False,40498.0,GAAP OFTENO 3 ML,JULIO,-0.93275572,98357.17,113403.6977,7625.75,101,7
PHARMA - S,CLINICA LA LUZ TACNA S.A.C.,AGGLAD,1,ENE,611.4,10,S,CADENAS,False,False,True,False,40351.0,AGGLAD OFTENO 5 ML,ENERO,1.0,22534.35,110094.81,110094.81,102,0
PHARMA - S,CLINICA LA LUZ TACNA S.A.C.,FLUMETOL NF,1,ENE,816.7,20,S,CADENAS,False,False,True,False,40513.0,FLUMETOL NF OFTENO 5ML,ENERO,1.0,106644.0,144656.97,144656.97,102,6
PHARMA - S,CLINICA LA LUZ TACNA S.A.C.,LAGRICEL,1,ENE,307.05,6,S,CADENAS,False,False,True,False,40515.0,LAGRICEL OFTENO 0.5 ML,ENERO,1.0,154236.51,132452.04,132452.04,102,9
PHARMA - S,CLINICA LA LUZ TACNA S.A.C.,LAGRICEL PF,1,ENE,1363.32,20,S,CADENAS,False,False,True,False,41582.0,LAGRICEL OFTENO LIBRE DE CONSERVADORES (PF) 10 ML,ENERO,1.0,241357.65,244552.3,244552.3,102,10
PHARMA - S,CLINICA LA LUZ TACNA S.A.C.,TRAZIDEX O,1,ENE,500.09,12,S,CADENAS,False,False,True,False,40341.0,TRAZIDEX OFTENO 5 ML.,ENERO,1.0,107782.12,170736.47,170736.47,102,13
PHARMA - S,CLINICA LA LUZ TACNA S.A.C.,TRAZIDEX U,1,ENE,841.59,20,S,CADENAS,False,False,True,False,40342.0,TRAZIDEX UNGENA 3.5 G,ENERO,1.0,127130.48,135275.35,135275.35,102,14
PHARMA - S,CLINICA LA LUZ TACNA S.A.C.,ELIPTIC PF,3,MAR,261.28,5,S,CADENAS,False,False,True,False,41561.0,ELIPTIC OFTENO 5ML PF PERU,MARZO,0.543724406,16081.78,70691.40098,38436.64,102,5
PHARMA - S,CLINICA LA LUZ TACNA S.A.C.,GAAP PF,3,MAR,468.81,5,S,CADENAS,False,False,True,False,41567.0,GAAP OFTENO LIBRE DE CONSER PF 3 ML PERU,MARZO,0.894697886,80205.04,92164.06035,82458.99,102,8
PHARMA - S,CLINICA LA LUZ TACNA S.A.C.,LAGRICEL PF,3,MAR,1363.32,20,S,CADENAS,False,False,True,False,41582.0,LAGRICEL OFTENO LIBRE DE CONSERVADORES (PF) 10 ML,MARZO,1.041573922,244371.43,248182.4906,258500.41,102,10
PHARMA - S,CLINICA LA LUZ TACNA S.A.C.,SOPHIPREN,3,MAR,847.0,20,S,CADENAS,False,False,True,False,40338.0,SOPHIPREN OFTENO 5 ML,MARZO,1.018181783,39394.05,56555.62783,57583.91,102,12
PHARMA - S,CLINICA LA LUZ TACNA S.A.C.,TRAZIDEX O,3,MAR,416.75,10,S,CADENAS,False,False,True,False,40341.0,TRAZIDEX OFTENO 5 ML.,MARZO,0.841410928,99642.69,95524.58531,80375.43,102,13
PHARMA - S,CLINICA LA LUZ TACNA S.A.C.,TRAZIDEX U,3,MAR,841.59,20,S,CADENAS,False,False,True,False,40342.0,TRAZIDEX UNGENA 3.5 G,MARZO,0.890660186,111697.65,148184.091,131981.67,102,14
PHARMA - S,CLINICA LA LUZ TACNA S.A.C.,AGGLAD,4,ABR,611.0,10,S,CADENAS,False,False,True,False,40351.0,AGGLAD OFTENO 5 ML,ABRIL,0.757043269,24635.46,120891.2407,91519.9,102,0
PHARMA - S,CLINICA LA LUZ TACNA S.A.C.,ELAR-B,4,ABR,173.0,3,S,CADENAS,False,False,True,False,42098.0,ELAR-B 5 ML,ABRIL,0.614395812,0.0,24407.71845,14996.0,102,3
PHARMA - S,CLINICA LA LUZ TACNA S.A.C.,ELIPTIC PF,4,ABR,523.0,10,S,CADENAS,False,False,True,False,41561.0,ELIPTIC OFTENO 5ML PF PERU,ABRIL,0.502083754,28406.63,74583.69182,37447.26,102,5
PHARMA - S,CLINICA LA LUZ TACNA S.A.C.,FLUMETOL NF,4,ABR,817.0,20,S,CADENAS,False,False,True,False,40513.0,FLUMETOL NF OFTENO 5ML,ABRIL,1.22328994,97096.28,107397.8095,131378.66,102,6
PHARMA - S,CLINICA LA LUZ TACNA S.A.C.,GAAP,4,ABR,945.0,12,S,CADENAS,False,False,True,False,40498.0,GAAP OFTENO 3 ML,ABRIL,0.475712047,79645.31,102582.687,48799.82,102,7
PHARMA - S,CLINICA LA LUZ TACNA S.A.C.,AGGLAD,6,JUN,428.0,7,S,CADENAS,False,False,True,False,40351.0,AGGLAD OFTENO 5 ML,JUNIO,-0.235301917,20271.95,120891.2407,92445.3,102,0
PHARMA - S,CLINICA LA LUZ TACNA S.A.C.,LAGRICEL,6,JUN,512.0,10,S,CADENAS,False,False,True,False,40515.0,LAGRICEL OFTENO 0.5 ML,JUNIO,-0.157973323,129483.27,174961.4402,147322.2,102,9
PHARMA - S,CLINICA LA LUZ TACNA S.A.C.,LAGRICEL PF,6,JUN,0.0,15,S,CADENAS,False,False,True,True,41582.0,LAGRICEL OFTENO LIBRE DE CONSERVADORES (PF) 10 ML,JUNIO,-0.085958779,182516.9,261957.3873,239439.85,102,10
PHARMA - S,CLINICA LA LUZ TACNA S.A.C.,TRAZIDEX O,6,JUN,833.0,20,S,CADENAS,False,False,True,False,40341.0,TRAZIDEX OFTENO 5 ML.,JUNIO,-0.192738462,70697.29,101185.0264,81682.78,102,13
PHARMA - S,CLINICA LA LUZ TACNA S.A.C.,TRAZIDEX U,6,JUN,0.0,24,S,CADENAS,False,False,True,True,40342.0,TRAZIDEX UNGENA 3.5 G,JUNIO,-0.144707451,114383.92,156358.3363,133732.12,102,14
PHARMA - Z1,CLINICA LA MERCED S.A.C.,LAGRICEL,1,ENE,336.73,10,Z1,LIMA,False,False,True,False,40515.0,LAGRICEL OFTENO 0.5 ML,ENERO,1.0,154236.51,132452.04,132452.04,103,9
PHARMA - Z1,CLINICA LA MERCED S.A.C.,LAGRICEL,2,FEB,673.46,20,Z1,LIMA,False,False,True,False,40515.0,LAGRICEL OFTENO 0.5 ML,FEBRERO,0.970823097,194840.09,165898.7416,161058.33,103,9
PHARMA - Z1,CLINICA LA MERCED S.A.C.,FLUMETOL NF,7,JUL,113.0,4,Z1,LIMA,False,False,True,False,40513.0,FLUMETOL NF OFTENO 5ML,JULIO,-0.833324001,99312.38,119092.4315,19849.85,103,6
PHARMA - Z1,CLINICA LA MERCED S.A.C.,LAGRICEL,7,JUL,135.0,4,Z1,LIMA,False,False,True,False,40515.0,LAGRICEL OFTENO 0.5 ML,JULIO,-0.84932888,184824.49,193086.8374,29092.61,103,9
PHARMA - N2,CLINICA LIMATAMBO CAJAMARCA S.A.C.,FLUMETOL NF,2,FEB,898.37,20,N2,TRUJILLO,False,False,True,False,40513.0,FLUMETOL NF OFTENO 5ML,FEBRERO,1.285457107,84540.52,101550.4985,130538.81,104,6
PHARMA - N2,CLINICA LIMATAMBO CAJAMARCA S.A.C.,LAGRICEL,2,FEB,2047.0,40,N2,TRUJILLO,False,False,True,False,40515.0,LAGRICEL OFTENO 0.5 ML,FEBRERO,0.970823097,194840.09,165898.7416,161058.33,104,9
PHARMA - N2,CLINICA LIMATAMBO CAJAMARCA S.A.C.,FLUMETOL NF,4,ABR,539.0,12,N2,TRUJILLO,False,False,True,False,40513.0,FLUMETOL NF OFTENO 5ML,ABRIL,1.22328994,97096.28,107397.8095,131378.66,104,6
PHARMA - N2,CLINICA LIMATAMBO CAJAMARCA S.A.C.,LAGRICEL,4,ABR,0.0,40,N2,TRUJILLO,False,False,True,True,40515.0,LAGRICEL OFTENO 0.5 ML,ABRIL,0.760754197,152829.6,174961.4402,133102.65,104,9
PHARMA - N2,CLINICA LIMATAMBO CAJAMARCA S.A.C.,FLUMETOL NF,5,MAY,449.0,10,N2,TRUJILLO,False,False,True,False,40513.0,FLUMETOL NF OFTENO 5ML,MAYO,1.182290501,84208.66,107397.8095,126975.41,104,6
PHARMA - N2,CLINICA LIMATAMBO CAJAMARCA S.A.C.,LAGRICEL,5,MAY,0.0,30,N2,TRUJILLO,False,False,True,True,40515.0,LAGRICEL OFTENO 0.5 ML,MAYO,0.714118093,158816.35,174961.4402,124943.13,104,9
PHARMA - N2,CLINICA LIMATAMBO CAJAMARCA S.A.C.,TRAZIDEX U,5,MAY,0.0,20,N2,TRUJILLO,False,False,True,True,40342.0,TRAZIDEX UNGENA 3.5 G,MAYO,0.799544258,131001.94,156358.3363,125015.41,104,14
PHARMA - N2,CLINICA LIMATAMBO CAJAMARCA S.A.C.,TRAZIDEX O,6,JUN,0.0,20,N2,TRUJILLO,False,False,True,True,40341.0,TRAZIDEX OFTENO 5 ML.,JUNIO,-0.192738462,70697.29,101185.0264,81682.78,104,13
PHARMA - N1,CLINICA MIRAFLORES SA,FLUMETOL NF,2,FEB,943.94,20,N1,CHICLAYO,False,False,True,False,40513.0,FLUMETOL NF OFTENO 5ML,FEBRERO,1.285457107,84540.52,101550.4985,130538.81,105,6
PHARMA - N1,CLINICA MIRAFLORES SA,GAAP,2,FEB,1725.04,20,N1,CHICLAYO,False,False,True,False,40498.0,GAAP OFTENO 3 ML,FEBRERO,0.873555976,85355.44,97172.18164,84885.34,105,7
PHARMA - N1,CLINICA MIRAFLORES SA,GAAP,3,MAR,3795.09,44,N1,CHICLAYO,False,False,True,False,40498.0,GAAP OFTENO 3 ML,MARZO,0.701456825,85355.44,97172.18164,68162.09,105,7
PHARMA - N1,CLINICA MIRAFLORES SA,SOPHIPREN,3,MAR,547.43,12,N1,CHICLAYO,False,False,True,False,40338.0,SOPHIPREN OFTENO 5 ML,MARZO,1.018181783,39394.05,56555.62783,57583.91,105,12
PHARMA - N1,CLINICA MIRAFLORES SA,FLUMETOL NF,5,MAY,768.0,20,N1,CHICLAYO,False,False,True,False,40513.0,FLUMETOL NF OFTENO 5ML,MAYO,1.182290501,84208.66,107397.8095,126975.41,105,6
PHARMA - N1,CLINICA MIRAFLORES SA,LAGRICEL,5,MAY,768.0,15,N1,CHICLAYO,False,False,True,False,40515.0,LAGRICEL OFTENO 0.5 ML,MAYO,0.714118093,158816.35,174961.4402,124943.13,105,9
PHARMA - N1,CLINICA MIRAFLORES SA,TRAZIDEX O,5,MAY,0.0,57,N1,CHICLAYO,False,False,True,True,40341.0,TRAZIDEX OFTENO 5 ML.,MAYO,0.725790194,64098.19,101185.0264,73439.1,105,13
PHARMA - N1,CLINICA MIRAFLORES SA,FLUMETOL NF,6,JUN,422.0,11,N1,CHICLAYO,False,False,True,False,40513.0,FLUMETOL NF OFTENO 5ML,JUNIO,0.071788154,87288.94,107397.8095,115107.7,105,6
PHARMA - N1,CLINICA MIRAFLORES SA,LAGRICEL,6,JUN,563.0,11,N1,CHICLAYO,False,False,True,False,40515.0,LAGRICEL OFTENO 0.5 ML,JUNIO,-0.157973323,129483.27,174961.4402,147322.2,105,9
PHARMA - N1,CLINICA MIRAFLORES SA,TRAZIDEX U,6,JUN,505.0,12,N1,CHICLAYO,False,False,True,False,40342.0,TRAZIDEX UNGENA 3.5 G,JUNIO,-0.144707451,114383.92,156358.3363,133732.12,105,14
PHARMA - N1,CLINICA MIRAFLORES SA,GAAP,7,JUL,441.0,6,N1,CHICLAYO,False,False,True,False,40498.0,GAAP OFTENO 3 ML,JULIO,-0.93275572,98357.17,113403.6977,7625.75,105,7
PHARMA - Z2,CLINICA NUEVO SAN JUAN SOCIEDAD ANONIMA CERRADA,FLUMETOL NF,1,ENE,254.76,9,Z2,CALLAO,False,False,True,False,40513.0,FLUMETOL NF OFTENO 5ML,ENERO,1.0,106644.0,144656.97,144656.97,106,6
PHARMA - Z2,CLINICA NUEVO SAN JUAN SOCIEDAD ANONIMA CERRADA,ELIPTIC,2,FEB,71.03,2,Z2,CALLAO,False,False,True,False,41076.0,ELIPTIC OFTENO 5ML,FEBRERO,0.601609541,3462.73,37097.88238,22318.44,106,4
PHARMA - Z2,CLINICA NUEVO SAN JUAN SOCIEDAD ANONIMA CERRADA,FLUMETOL NF,4,ABR,340.0,12,Z2,CALLAO,False,False,True,False,40513.0,FLUMETOL NF OFTENO 5ML,ABRIL,1.22328994,97096.28,107397.8095,131378.66,106,6
PHARMA - Z2,CLINICA NUEVO SAN JUAN SOCIEDAD ANONIMA CERRADA,ELIPTIC,5,MAY,107.0,3,Z2,CALLAO,False,False,True,False,41076.0,ELIPTIC OFTENO 5ML,MAYO,0.349092716,2803.71,39043.81097,13629.91,106,4
PHARMA - Z2,CLINICA NUEVO SAN JUAN SOCIEDAD ANONIMA CERRADA,FLUMETOL NF,5,MAY,170.0,6,Z2,CALLAO,False,False,True,False,40513.0,FLUMETOL NF OFTENO 5ML,MAYO,1.182290501,84208.66,107397.8095,126975.41,106,6
PHARMA - Z2,CLINICA NUEVO SAN JUAN SOCIEDAD ANONIMA CERRADA,ELIPTIC,6,JUN,36.0,1,Z2,CALLAO,False,False,True,False,41076.0,ELIPTIC OFTENO 5ML,JUNIO,-0.521091319,5789.48,39043.81097,18698.42,106,4
PHARMA - Z2,CLINICA NUEVO SAN JUAN SOCIEDAD ANONIMA CERRADA,FLUMETOL NF,6,JUN,255.0,9,Z2,CALLAO,False,False,True,False,40513.0,FLUMETOL NF OFTENO 5ML,JUNIO,0.071788154,87288.94,107397.8095,115107.7,106,6
PHARMA - Z1,CLINICA OFTALMO VIDA S.A.C.,ELIPTIC PF,1,ENE,391.92,10,Z1,LIMA,False,False,True,False,41561.0,ELIPTIC OFTENO 5ML PF PERU,ENERO,1.0,16201.95,62857.68,62857.68,107,5
PHARMA - Z1,CLINICA OFTALMO VIDA S.A.C.,GAAP PF,1,ENE,1081.86,15,Z1,LIMA,False,False,True,False,41567.0,GAAP OFTENO LIBRE DE CONSER PF 3 ML PERU,ENERO,1.0,67726.3,99013.28,99013.28,107,8
PHARMA - Z1,CLINICA OFTALMO VIDA S.A.C.,ELIPTIC PF,2,FEB,587.88,15,Z1,LIMA,False,False,True,False,41561.0,ELIPTIC OFTENO 5ML PF PERU,FEBRERO,0.876631233,16081.78,70691.40098,61970.29,107,5
PHARMA - Z1,CLINICA OFTALMO VIDA S.A.C.,AQUADRAN,4,ABR,270.0,5,Z1,LIMA,False,False,True,False,41945.0,AQUADRAN 10G,ABRIL,1.367885669,18754.2,35738.51318,48886.2,107,1
PHARMA - Z1,CLINICA OFTALMO VIDA S.A.C.,ELIPTIC PF,6,JUN,392.0,10,Z1,LIMA,False,False,True,False,41561.0,ELIPTIC OFTENO 5ML PF PERU,JUNIO,-0.431896719,12781.68,74583.69182,42371.24,107,5
PHARMA - Z1,CLINICA OFTALMO VIDA S.A.C.,GAAP PF,6,JUN,361.0,5,Z1,LIMA,False,False,True,False,41567.0,GAAP OFTENO LIBRE DE CONSER PF 3 ML PERU,JUNIO,-0.151410313,75783.27,97315.99528,82581.35,107,8
PHARMA - N1,CLINICA OFTALMOLOGICA DR.PONGO S.R.L,GAAP PF,1,ENE,37.87,1,N1,CHICLAYO,False,False,True,False,41567.0,GAAP OFTENO LIBRE DE CONSER PF 3 ML PERU,ENERO,1.0,67726.3,99013.28,99013.28,108,8
PHARMA - N1,CLINICA OFTALMOLOGICA DR.PONGO S.R.L,FLUMETOL NF,2,FEB,98.01,3,N1,CHICLAYO,False,False,True,False,40513.0,FLUMETOL NF OFTENO 5ML,FEBRERO,1.285457107,84540.52,101550.4985,130538.81,108,6
PHARMA - N1,CLINICA OFTALMOLOGICA DR.PONGO S.R.L,LAGRICEL PF,2,FEB,119.29,3,N1,CHICLAYO,False,False,True,False,41582.0,LAGRICEL OFTENO LIBRE DE CONSERVADORES (PF) 10 ML,FEBRERO,1.01762066,244371.43,248182.4906,252555.63,108,10
PHARMA - N1,CLINICA OFTALMOLOGICA DR.PONGO S.R.L,LANDAX,2,FEB,293.64,9,N1,CHICLAYO,False,False,True,False,41804.0,LANDAX 5ML,FEBRERO,0.765660853,4684.31,21117.7311,16169.02,108,11
PHARMA - N1,CLINICA OFTALMOLOGICA DR.PONGO S.R.L,SOPHIPREN,2,FEB,31.34,1,N1,CHICLAYO,False,False,True,False,40338.0,SOPHIPREN OFTENO 5 ML,FEBRERO,1.300787434,39394.05,56555.62783,73566.85,108,12
PHARMA - Z1,CLINICA OFTALMOLOGICA ESPECIALIZADA LUMINUS S.R.L.,TRAZIDEX U,1,ENE,1009.91,24,Z1,LIMA,False,False,True,False,40342.0,TRAZIDEX UNGENA 3.5 G,ENERO,1.0,127130.48,135275.35,135275.35,109,14
PHARMA - Z1,CLINICA OFTALMOLOGICA ESPECIALIZADA LUMINUS S.R.L.,FLUMETOL NF,2,FEB,539.02,12,Z1,LIMA,False,False,True,False,40513.0,FLUMETOL NF OFTENO 5ML,FEBRERO,1.285457107,84540.52,101550.4985,130538.81,109,6
PHARMA - Z1,CLINICA OFTALMOLOGICA ESPECIALIZADA LUMINUS S.R.L.,GAAP PF,2,FEB,811.4,15,Z1,LIMA,False,False,True,False,41567.0,GAAP OFTENO LIBRE DE CONSER PF 3 ML PERU,FEBRERO,0.820494884,80205.04,92164.06035,75620.14,109,8
PHARMA - Z1,CLINICA OFTALMOLOGICA ESPECIALIZADA LUMINUS S.R.L.,TRAZIDEX U,2,FEB,1009.91,24,Z1,LIMA,False,False,True,False,40342.0,TRAZIDEX UNGENA 3.5 G,FEBRERO,0.737379291,111697.65,148184.091,109267.88,109,14
PHARMA - Z1,CLINICA OFTALMOLOGICA ESPECIALIZADA LUMINUS S.R.L.,ELAR-B,3,MAR,310.5,6,Z1,LIMA,False,False,True,False,42098.0,ELAR-B 5 ML,MARZO,0.892513965,0.0,23180.02945,20688.5,109,3
PHARMA - Z1,CLINICA OFTALMOLOGICA ESPECIALIZADA LUMINUS S.R.L.,FLUMETOL NF,3,MAR,2654.28,65,Z1,LIMA,False,False,True,False,40513.0,FLUMETOL NF OFTENO 5ML,MARZO,1.399890715,84540.52,101550.4985,142159.6,109,6
PHARMA - Z1,CLINICA OFTALMOLOGICA ESPECIALIZADA LUMINUS S.R.L.,LAGRICEL PF,3,MAR,2958.4,62,Z1,LIMA,False,False,True,False,41582.0,LAGRICEL OFTENO LIBRE DE CONSERVADORES (PF) 10 ML,MARZO,1.041573922,244371.43,248182.4906,258500.41,109,10
PHARMA - Z1,CLINICA OFTALMOLOGICA ESPECIALIZADA LUMINUS S.R.L.,LANDAX,3,MAR,1048.73,25,Z1,LIMA,False,False,True,False,41804.0,LANDAX 5ML,MARZO,0.673401888,4684.31,21117.7311,14220.72,109,11
PHARMA - Z1,CLINICA OFTALMOLOGICA ESPECIALIZADA LUMINUS S.R.L.,TRAZIDEX U,3,MAR,2608.93,62,Z1,LIMA,False,False,True,False,40342.0,TRAZIDEX UNGENA 3.5 G,MARZO,0.890660186,111697.65,148184.091,131981.67,109,14
PHARMA - Z1,CLINICA OFTALMOLOGICA ESPECIALIZADA LUMINUS S.R.L.,FLUMETOL NF,5,MAY,0.0,50,Z1,LIMA,False,False,True,True,40513.0,FLUMETOL NF OFTENO 5ML,MAYO,1.182290501,84208.66,107397.8095,126975.41,109,6
PHARMA - Z2,CLINICA OFTALMOLOGICA REGIONAL SAC,FLUMETOL NF,1,ENE,204.18,5,Z2,CALLAO,False,False,True,False,40513.0,FLUMETOL NF OFTENO 5ML,ENERO,1.0,106644.0,144656.97,144656.97,110,6
PHARMA - Z2,CLINICA OFTALMOLOGICA REGIONAL SAC,GAAP,1,ENE,175.06,2,Z2,CALLAO,False,False,True,False,40498.0,GAAP OFTENO 3 ML,ENERO,1.0,101352.36,99775.16,99775.16,110,7
PHARMA - Z2,CLINICA OFTALMOLOGICA REGIONAL SAC,TRAZIDEX U,1,ENE,471.29,12,Z2,CALLAO,False,False,True,False,40342.0,TRAZIDEX UNGENA 3.5 G,ENERO,1.0,127130.48,135275.35,135275.35,110,14
PHARMA - Z2,CLINICA OFTALMOLOGICA REGIONAL SAC,AQUADRAN,3,MAR,540.0,10,Z2,CALLAO,False,False,True,False,41945.0,AQUADRAN 10G,MARZO,1.286810293,13176.0,33810.57818,43507.8,110,1
PHARMA - Z2,CLINICA OFTALMOLOGICA REGIONAL SAC,LAGRICEL PF,3,MAR,568.05,10,Z2,CALLAO,False,False,True,False,41582.0,LAGRICEL OFTENO LIBRE DE CONSERVADORES (PF) 10 ML,MARZO,1.041573922,244371.43,248182.4906,258500.41,110,10
PHARMA - Z2,CLINICA OFTALMOLOGICA REGIONAL SAC,FLUMETOL NF,4,ABR,204.0,5,Z2,CALLAO,False,False,True,False,40513.0,FLUMETOL NF OFTENO 5ML,ABRIL,1.22328994,97096.28,107397.8095,131378.66,110,6
PHARMA - Z2,CLINICA OFTALMOLOGICA REGIONAL SAC,GAAP PF,4,ABR,162.0,3,Z2,CALLAO,False,False,True,False,41567.0,GAAP OFTENO LIBRE DE CONSER PF 3 ML PERU,ABRIL,0.580041645,82952.14,97315.99528,56447.33,110,8
PHARMA - N1,CLINICA OFTALMOLOGICA VIDAVAÏS,ZEBESTEN,1,ENE,6497.4,140,N1,CHICLAYO,False,False,True,False,41604.0,ZEBESTEN 5ML PERU,ENERO,1.0,31496.43,43862.02,43862.02,111,15
PHARMA - N1,CLINICA OFTALMOLOGICA VIDAVAÏS,AGGLAD,2,FEB,4406.97,80,N1,CHICLAYO,False,False,True,False,40351.0,AGGLAD OFTENO 5 ML,FEBRERO,0.96716156,31785.06,114546.1364,110784.62,111,0
PHARMA - N1,CLINICA OFTALMOLOGICA VIDAVAÏS,AQUADRAN,2,FEB,4320.0,80,N1,CHICLAYO,False,False,True,False,41945.0,AQUADRAN 10G,FEBRERO,1.033824379,13176.0,33810.57818,34954.2,111,1
PHARMA - N1,CLINICA OFTALMOLOGICA VIDAVAÏS,ELIPTIC PF,2,FEB,2717.31,80,N1,CHICLAYO,False,False,True,False,41561.0,ELIPTIC OFTENO 5ML PF PERU,FEBRERO,0.876631233,16081.78,70691.40098,61970.29,111,5
PHARMA - N1,CLINICA OFTALMOLOGICA VIDAVAÏS,GAAP,2,FEB,7002.4,80,N1,CHICLAYO,False,False,True,False,40498.0,GAAP OFTENO 3 ML,FEBRERO,0.873555976,85355.44,97172.18164,84885.34,111,7
PHARMA - N1,CLINICA OFTALMOLOGICA VIDAVAÏS,SOPHIPREN,2,FEB,3388.0,80,N1,CHICLAYO,False,False,True,False,40338.0,SOPHIPREN OFTENO 5 ML,FEBRERO,1.300787434,39394.05,56555.62783,73566.85,111,12
PHARMA - N1,CLINICA OFTALMOLOGICA VIDAVAÏS,TRAZIDEX O,2,FEB,2963.52,80,N1,CHICLAYO,False,False,True,False,40341.0,TRAZIDEX OFTENO 5 ML.,FEBRERO,0.868398954,99642.69,95524.58531,82953.45,111,13
PHARMA - N1,CLINICA OFTALMOLOGICA VIDAVAÏS,ZEBESTEN,2,FEB,3712.8,80,N1,CHICLAYO,False,False,True,False,41604.0,ZEBESTEN 5ML PERU,FEBRERO,0.998966691,24271.56,27459.43408,27431.06,111,15
PHARMA - N1,CLINICA OFTALMOLOGICA VIDAVAÏS,FLUMETOL NF,3,MAR,2450.1,60,N1,CHICLAYO,False,False,True,False,40513.0,FLUMETOL NF OFTENO 5ML,MARZO,1.399890715,84540.52,101550.4985,142159.6,111,6
PHARMA - N1,CLINICA OFTALMOLOGICA VIDAVAÏS,LAGRICEL PF,3,MAR,5453.28,80,N1,CHICLAYO,False,False,True,False,41582.0,LAGRICEL OFTENO LIBRE DE CONSERVADORES (PF) 10 ML,MARZO,1.041573922,244371.43,248182.4906,258500.41,111,10
PHARMA - N1,CLINICA OFTALMOLOGICA VIDAVAÏS,ZEBESTEN,3,MAR,2784.6,60,N1,CHICLAYO,False,False,True,False,41604.0,ZEBESTEN 5ML PERU,MARZO,1.283372043,24271.56,27459.43408,35240.67,111,15
PHARMA - N1,CLINICA OFTALMOLOGICA VIDAVAÏS,LAGRICEL PF,4,ABR,0.0,80,N1,CHICLAYO,False,False,True,True,41582.0,LAGRICEL OFTENO LIBRE DE CONSERVADORES (PF) 10 ML,ABRIL,1.234011277,222585.45,261957.3873,323258.37,111,10
PHARMA - N1,CLINICA OFTALMOLOGICA VIDAVAÏS,SOPHIPREN,4,ABR,0.0,60,N1,CHICLAYO,False,False,True,True,40338.0,SOPHIPREN OFTENO 5 ML,ABRIL,1.125758804,51339.43,59671.10342,67175.27,111,12
PHARMA - N1,CLINICA OFTALMOLOGICA VIDAVAÏS,ZEBESTEN,4,ABR,0.0,60,N1,CHICLAYO,False,False,True,True,41604.0,ZEBESTEN 5ML PERU,ABRIL,1.062586642,26953.56,29060.89609,30879.72,111,15
PHARMA - N1,CLINICA OFTALMOLOGICA VIDAVAÏS,GAAP,5,MAY,0.0,80,N1,CHICLAYO,False,False,True,True,40498.0,GAAP OFTENO 3 ML,MAYO,0.567550546,86214.37,102582.687,58220.86,111,7
PHARMA - N1,CLINICA OFTALMOLOGICA VIDAVAÏS,TRAZIDEX U,6,JUN,0.0,60,N1,CHICLAYO,False,False,True,True,40342.0,TRAZIDEX UNGENA 3.5 G,JUNIO,-0.144707451,114383.92,156358.3363,133732.12,111,14
PHARMA - N1,CLINICA OFTALMOLOGICA VIDAVAÏS,ZEBESTEN,6,JUN,0.0,80,N1,CHICLAYO,False,False,True,True,41604.0,ZEBESTEN 5ML PERU,JUNIO,0.156870039,15690.19,29060.89609,33619.68,111,15
PHARMA - N1,CLINICA OFTALMOLOGICA VIDAVAÏS,LAGRICEL PF,7,JUL,0.0,80,N1,CHICLAYO,False,False,True,True,41582.0,LAGRICEL OFTENO LIBRE DE CONSERVADORES (PF) 10 ML,JULIO,-0.871300153,205886.66,289507.1807,37259.53,111,10
PHARMA - Z3,CLINICA OFTALMOLOGICA VIRGEN DEL CARMEN E.I.R.L.,FLUMETOL NF,2,FEB,449.19,10,Z3,NORTE CHICO,False,False,True,False,40513.0,FLUMETOL NF OFTENO 5ML,FEBRERO,1.285457107,84540.52,101550.4985,130538.81,112,6
PHARMA - Z3,CLINICA OFTALMOLOGICA VIRGEN DEL CARMEN E.I.R.L.,LAGRICEL PF,2,FEB,568.05,10,Z3,NORTE CHICO,False,False,True,False,41582.0,LAGRICEL OFTENO LIBRE DE CONSERVADORES (PF) 10 ML,FEBRERO,1.01762066,244371.43,248182.4906,252555.63,112,10
PHARMA - Z2,CLINICA ORTEGA SRL,FLUMETOL NF,1,ENE,1470.06,36,Z2,CALLAO,False,False,True,False,40513.0,FLUMETOL NF OFTENO 5ML,ENERO,1.0,106644.0,144656.97,144656.97,113,6
PHARMA - Z2,CLINICA ORTEGA SRL,TRAZIDEX U,1,ENE,1346.54,32,Z2,CALLAO,False,False,True,False,40342.0,TRAZIDEX UNGENA 3.5 G,ENERO,1.0,127130.48,135275.35,135275.35,113,14
PHARMA - Z2,CLINICA ORTEGA SRL,FLUMETOL NF,2,FEB,816.7,20,Z2,CALLAO,False,False,True,False,40513.0,FLUMETOL NF OFTENO 5ML,FEBRERO,1.285457107,84540.52,101550.4985,130538.81,113,6
PHARMA - Z2,CLINICA ORTEGA SRL,GAAP,2,FEB,393.89,5,Z2,CALLAO,False,False,True,False,40498.0,GAAP OFTENO 3 ML,FEBRERO,0.873555976,85355.44,97172.18164,84885.34,113,7
PHARMA - Z2,CLINICA ORTEGA SRL,FLUMETOL NF,3,MAR,980.04,24,Z2,CALLAO,False,False,True,False,40513.0,FLUMETOL NF OFTENO 5ML,MARZO,1.399890715,84540.52,101550.4985,142159.6,113,6
PHARMA - Z2,CLINICA ORTEGA SRL,FLUMETOL NF,4,ABR,0.0,54,Z2,CALLAO,False,False,True,True,40513.0,FLUMETOL NF OFTENO 5ML,ABRIL,1.22328994,97096.28,107397.8095,131378.66,113,6
PHARMA - Z2,CLINICA ORTEGA SRL,GAAP PF,4,ABR,487.0,6,Z2,CALLAO,False,False,True,False,41567.0,GAAP OFTENO LIBRE DE CONSER PF 3 ML PERU,ABRIL,0.580041645,82952.14,97315.99528,56447.33,113,8
PHARMA - Z2,CLINICA ORTEGA SRL,TRAZIDEX U,4,ABR,0.0,24,Z2,CALLAO,False,False,True,True,40342.0,TRAZIDEX UNGENA 3.5 G,ABRIL,0.810349246,131494.88,156358.3363,126704.86,113,14
PHARMA - Z2,CLINICA ORTEGA SRL,FLUMETOL NF,6,JUN,0.0,54,Z2,CALLAO,False,False,True,True,40513.0,FLUMETOL NF OFTENO 5ML,JUNIO,0.071788154,87288.94,107397.8095,115107.7,113,6
PHARMA - Z2,CLINICA ORTEGA SRL,GAAP PF,6,JUN,487.0,6,Z2,CALLAO,False,False,True,False,41567.0,GAAP OFTENO LIBRE DE CONSER PF 3 ML PERU,JUNIO,-0.151410313,75783.27,97315.99528,82581.35,113,8
PHARMA - Z2,CLINICA ORTEGA SRL,TRAZIDEX U,6,JUN,0.0,32,Z2,CALLAO,False,False,True,True,40342.0,TRAZIDEX UNGENA 3.5 G,JUNIO,-0.144707451,114383.92,156358.3363,133732.12,113,14
PHARMA - N2,CLINICA PERUANO AMERICANA S.A.,LAGRICEL,1,ENE,767.63,15,N2,TRUJILLO,False,False,True,False,40515.0,LAGRICEL OFTENO 0.5 ML,ENERO,1.0,154236.51,132452.04,132452.04,114,9
PHARMA - N2,CLINICA PERUANO AMERICANA S.A.,GAAP PF,2,FEB,198.34,2,N2,TRUJILLO,False,False,True,False,41567.0,GAAP OFTENO LIBRE DE CONSER PF 3 ML PERU,FEBRERO,0.820494884,80205.04,92164.06035,75620.14,114,8
PHARMA - N2,CLINICA PERUANO AMERICANA S.A.,LAGRICEL,2,FEB,1279.38,25,N2,TRUJILLO,False,False,True,False,40515.0,LAGRICEL OFTENO 0.5 ML,FEBRERO,0.970823097,194840.09,165898.7416,161058.33,114,9
PHARMA - N2,CLINICA PERUANO AMERICANA S.A.,GAAP PF,3,MAR,99.17,1,N2,TRUJILLO,False,False,True,False,41567.0,GAAP OFTENO LIBRE DE CONSER PF 3 ML PERU,MARZO,0.894697886,80205.04,92164.06035,82458.99,114,8
PHARMA - N2,CLINICA PERUANO AMERICANA S.A.,LAGRICEL,3,MAR,1023.5,20,N2,TRUJILLO,False,False,True,False,40515.0,LAGRICEL OFTENO 0.5 ML,MARZO,1.138987362,194840.09,165898.7416,188956.57,114,9
PHARMA - N2,CLINICA PERUANO AMERICANA S.A.,FLUMETOL NF,4,ABR,90.0,2,N2,TRUJILLO,False,False,True,False,40513.0,FLUMETOL NF OFTENO 5ML,ABRIL,1.22328994,97096.28,107397.8095,131378.66,114,6
PHARMA - N2,CLINICA PERUANO AMERICANA S.A.,LAGRICEL,4,ABR,0.0,20,N2,TRUJILLO,False,False,True,True,40515.0,LAGRICEL OFTENO 0.5 ML,ABRIL,0.760754197,152829.6,174961.4402,133102.65,114,9
PHARMA - N2,CLINICA PERUANO AMERICANA S.A.,GAAP PF,5,MAY,397.0,4,N2,TRUJILLO,False,False,True,False,41567.0,GAAP OFTENO LIBRE DE CONSER PF 3 ML PERU,MAYO,0.695728383,103158.58,97315.99528,67705.5,114,8
PHARMA - N2,CLINICA PERUANO AMERICANA S.A.,LAGRICEL,5,MAY,0.0,25,N2,TRUJILLO,False,False,True,True,40515.0,LAGRICEL OFTENO 0.5 ML,MAYO,0.714118093,158816.35,174961.4402,124943.13,114,9
PHARMA - Z3,CLINICA SAN FELIPE S A,FLUMETOL NF,1,ENE,295.56,10,Z3,NORTE CHICO,False,False,True,False,40513.0,FLUMETOL NF OFTENO 5ML,ENERO,1.0,106644.0,144656.97,144656.97,115,6
PHARMA - Z3,CLINICA SAN FELIPE S A,LAGRICEL,1,ENE,2722.31,78,Z3,NORTE CHICO,False,False,True,False,40515.0,LAGRICEL OFTENO 0.5 ML,ENERO,1.0,154236.51,132452.04,132452.04,115,9
PHARMA - Z3,CLINICA SAN FELIPE S A,TRAZIDEX U,1,ENE,1738.61,61,Z3,NORTE CHICO,False,False,True,False,40342.0,TRAZIDEX UNGENA 3.5 G,ENERO,1.0,127130.48,135275.35,135275.35,115,14
PHARMA - Z3,CLINICA SAN FELIPE S A,GAAP PF,2,FEB,206.09,3,Z3,NORTE CHICO,False,False,True,False,41567.0,GAAP OFTENO LIBRE DE CONSER PF 3 ML PERU,FEBRERO,0.820494884,80205.04,92164.06035,75620.14,115,8
PHARMA - Z3,CLINICA SAN FELIPE S A,LAGRICEL,2,FEB,3594.84,103,Z3,NORTE CHICO,False,False,True,False,40515.0,LAGRICEL OFTENO 0.5 ML,FEBRERO,0.970823097,194840.09,165898.7416,161058.33,115,9
PHARMA - Z3,CLINICA SAN FELIPE S A,TRAZIDEX U,2,FEB,3534.23,124,Z3,NORTE CHICO,False,False,True,False,40342.0,TRAZIDEX UNGENA 3.5 G,FEBRERO,0.737379291,111697.65,148184.091,109267.88,115,14
PHARMA - Z3,CLINICA SAN FELIPE S A,FLUMETOL NF,3,MAR,266.01,9,Z3,NORTE CHICO,False,False,True,False,40513.0,FLUMETOL NF OFTENO 5ML,MARZO,1.399890715,84540.52,101550.4985,142159.6,115,6
PHARMA - Z3,CLINICA SAN FELIPE S A,GAAP,3,MAR,137.39,2,Z3,NORTE CHICO,False,False,True,False,40498.0,GAAP OFTENO 3 ML,MARZO,0.701456825,85355.44,97172.18164,68162.09,115,7
PHARMA - Z3,CLINICA SAN FELIPE S A,TRAZIDEX O,3,MAR,3427.31,144,Z3,NORTE CHICO,False,False,True,False,40341.0,TRAZIDEX OFTENO 5 ML.,MARZO,0.841410928,99642.69,95524.58531,80375.43,115,13
PHARMA - Z3,CLINICA SAN FELIPE S A,AGGLAD,4,ABR,163.0,4,Z3,NORTE CHICO,False,False,True,False,40351.0,AGGLAD OFTENO 5 ML,ABRIL,0.757043269,24635.46,120891.2407,91519.9,115,0
PHARMA - Z3,CLINICA SAN FELIPE S A,GAAP PF,4,ABR,687.0,10,Z3,NORTE CHICO,False,False,True,False,41567.0,GAAP OFTENO LIBRE DE CONSER PF 3 ML PERU,ABRIL,0.580041645,82952.14,97315.99528,56447.33,115,8
PHARMA - Z3,CLINICA SAN FELIPE S A,LAGRICEL,4,ABR,698.0,20,Z3,NORTE CHICO,False,False,True,False,40515.0,LAGRICEL OFTENO 0.5 ML,ABRIL,0.760754197,152829.6,174961.4402,133102.65,115,9
PHARMA - Z3,CLINICA SAN FELIPE S A,LAGRICEL PF,4,ABR,249.0,3,Z3,NORTE CHICO,False,False,True,False,41582.0,LAGRICEL OFTENO LIBRE DE CONSERVADORES (PF) 10 ML,ABRIL,1.234011277,222585.45,261957.3873,323258.37,115,10
PHARMA - Z3,CLINICA SAN FELIPE S A,TRAZIDEX O,4,ABR,714.0,30,Z3,NORTE CHICO,False,False,True,False,40341.0,TRAZIDEX OFTENO 5 ML.,ABRIL,0.966120714,91975.94,101185.0264,97756.95,115,13
PHARMA - Z3,CLINICA SAN FELIPE S A,TRAZIDEX U,4,ABR,0.0,107,Z3,NORTE CHICO,False,False,True,True,40342.0,TRAZIDEX UNGENA 3.5 G,ABRIL,0.810349246,131494.88,156358.3363,126704.86,115,14
PHARMA - Z3,CLINICA SAN FELIPE S A,AGGLAD,5,MAY,408.0,10,Z3,NORTE CHICO,False,False,True,False,40351.0,AGGLAD OFTENO 5 ML,MAYO,0.670022241,26193.67,120891.2407,80999.82,115,0
PHARMA - Z3,CLINICA SAN FELIPE S A,FLUMETOL NF,5,MAY,296.0,10,Z3,NORTE CHICO,False,False,True,False,40513.0,FLUMETOL NF OFTENO 5ML,MAYO,1.182290501,84208.66,107397.8095,126975.41,115,6
PHARMA - Z3,CLINICA SAN FELIPE S A,GAAP,5,MAY,618.0,9,Z3,NORTE CHICO,False,False,True,False,40498.0,GAAP OFTENO 3 ML,MAYO,0.567550546,86214.37,102582.687,58220.86,115,7
PHARMA - Z3,CLINICA SAN FELIPE S A,LAGRICEL,5,MAY,0.0,125,Z3,NORTE CHICO,False,False,True,True,40515.0,LAGRICEL OFTENO 0.5 ML,MAYO,0.714118093,158816.35,174961.4402,124943.13,115,9
PHARMA - Z3,CLINICA SAN FELIPE S A,TRAZIDEX O,5,MAY,0.0,126,Z3,NORTE CHICO,False,False,True,True,40341.0,TRAZIDEX OFTENO 5 ML.,MAYO,0.725790194,64098.19,101185.0264,73439.1,115,13
PHARMA - Z3,CLINICA SAN FELIPE S A,FLUMETOL NF,6,JUN,591.0,20,Z3,NORTE CHICO,False,False,True,False,40513.0,FLUMETOL NF OFTENO 5ML,JUNIO,0.071788154,87288.94,107397.8095,115107.7,115,6
PHARMA - Z3,CLINICA SAN FELIPE S A,TRAZIDEX O,6,JUN,952.0,40,Z3,NORTE CHICO,False,False,True,False,40341.0,TRAZIDEX OFTENO 5 ML.,JUNIO,-0.192738462,70697.29,101185.0264,81682.78,115,13
PHARMA - Z3,CLINICA SAN FELIPE S A,TRAZIDEX U,6,JUN,0.0,92,Z3,NORTE CHICO,False,False,True,True,40342.0,TRAZIDEX UNGENA 3.5 G,JUNIO,-0.144707451,114383.92,156358.3363,133732.12,115,14
PHARMA - Z3,CLINICA SAN FELIPE S A,GAAP,7,JUL,687.0,10,Z3,NORTE CHICO,False,False,True,False,40498.0,GAAP OFTENO 3 ML,JULIO,-0.93275572,98357.17,113403.6977,7625.75,115,7
PHARMA - Z3,CLINICA SAN GABRIEL S A C,AQUADRAN,1,ENE,54.0,1,Z3,NORTE CHICO,False,False,True,False,41945.0,AQUADRAN 10G,ENERO,1.0,3348.0,44517.6,44517.6,116,1
PHARMA - Z3,CLINICA SAN GABRIEL S A C,ELAR-B,1,ENE,517.5,10,Z3,NORTE CHICO,False,False,True,False,42098.0,ELAR-B 5 ML,ENERO,1.0,0.0,10200.5,10200.5,116,3
PHARMA - Z3,CLINICA SAN GABRIEL S A C,FLUMETOL NF,1,ENE,2858.99,101,Z3,NORTE CHICO,False,False,True,False,40513.0,FLUMETOL NF OFTENO 5ML,ENERO,1.0,106644.0,144656.97,144656.97,116,6
PHARMA - Z3,CLINICA SAN GABRIEL S A C,LAGRICEL PF,1,ENE,74.76,2,Z3,NORTE CHICO,False,False,True,False,41582.0,LAGRICEL OFTENO LIBRE DE CONSERVADORES (PF) 10 ML,ENERO,1.0,241357.65,244552.3,244552.3,116,10
PHARMA - Z3,CLINICA SAN GABRIEL S A C,LANDAX,1,ENE,149.15,4,Z3,NORTE CHICO,False,False,True,False,41804.0,LANDAX 5ML,ENERO,1.0,2843.21,23761.78,23761.78,116,11
PHARMA - Z3,CLINICA SAN GABRIEL S A C,ELAR-B,2,FEB,310.5,6,Z3,NORTE CHICO,False,False,True,False,42098.0,ELAR-B 5 ML,FEBRERO,0.622378415,0.0,23180.02945,14426.75,116,3
PHARMA - Z3,CLINICA SAN GABRIEL S A C,FLUMETOL NF,2,FEB,735.98,26,Z3,NORTE CHICO,False,False,True,False,40513.0,FLUMETOL NF OFTENO 5ML,FEBRERO,1.285457107,84540.52,101550.4985,130538.81,116,6
PHARMA - Z3,CLINICA SAN GABRIEL S A C,AGGLAD,3,MAR,42.13,1,Z3,NORTE CHICO,False,False,True,False,40351.0,AGGLAD OFTENO 5 ML,MARZO,0.708033745,31785.06,114546.1364,81102.53,116,0
PHARMA - Z3,CLINICA SAN GABRIEL S A C,AQUADRAN,3,MAR,270.0,5,Z3,NORTE CHICO,False,False,True,False,41945.0,AQUADRAN 10G,MARZO,1.286810293,13176.0,33810.57818,43507.8,116,1
PHARMA - Z3,CLINICA SAN GABRIEL S A C,FLUMETOL NF,3,MAR,2377.77,84,Z3,NORTE CHICO,False,False,True,False,40513.0,FLUMETOL NF OFTENO 5ML,MARZO,1.399890715,84540.52,101550.4985,142159.6,116,6
PHARMA - Z3,CLINICA SAN GABRIEL S A C,LAGRICEL,3,MAR,202.04,6,Z3,NORTE CHICO,False,False,True,False,40515.0,LAGRICEL OFTENO 0.5 ML,MARZO,1.138987362,194840.09,165898.7416,188956.57,116,9
PHARMA - Z3,CLINICA SAN GABRIEL S A C,ELAR-B,4,ABR,621.0,12,Z3,NORTE CHICO,False,False,True,False,42098.0,ELAR-B 5 ML,ABRIL,0.614395812,0.0,24407.71845,14996.0,116,3
PHARMA - Z3,CLINICA SAN GABRIEL S A C,FLUMETOL NF,4,ABR,0.0,65,Z3,NORTE CHICO,False,False,True,True,40513.0,FLUMETOL NF OFTENO 5ML,ABRIL,1.22328994,97096.28,107397.8095,131378.66,116,6
PHARMA - Z3,CLINICA SAN GABRIEL S A C,AQUADRAN,5,MAY,216.0,4,Z3,NORTE CHICO,False,False,True,False,41945.0,AQUADRAN 10G,MAYO,1.308504351,13786.2,35738.51318,46764.0,116,1
PHARMA - Z3,CLINICA SAN GABRIEL S A C,ELAR-B,5,MAY,0.0,22,Z3,NORTE CHICO,False,False,True,True,42098.0,ELAR-B 5 ML,MAYO,0.690959707,0.0,24407.71845,16864.75,116,3
PHARMA - Z3,CLINICA SAN GABRIEL S A C,FLUMETOL NF,5,MAY,0.0,98,Z3,NORTE CHICO,False,False,True,True,40513.0,FLUMETOL NF OFTENO 5ML,MAYO,1.182290501,84208.66,107397.8095,126975.41,116,6
PHARMA - Z3,CLINICA SAN GABRIEL S A C,LAGRICEL,5,MAY,505.0,15,Z3,NORTE CHICO,False,False,True,False,40515.0,LAGRICEL OFTENO 0.5 ML,MAYO,0.714118093,158816.35,174961.4402,124943.13,116,9
PHARMA - Z3,CLINICA SAN GABRIEL S A C,LAGRICEL PF,5,MAY,75.0,2,Z3,NORTE CHICO,False,False,True,False,41582.0,LAGRICEL OFTENO LIBRE DE CONSERVADORES (PF) 10 ML,MAYO,0.852391423,198666.14,261957.3873,223290.23,116,10
PHARMA - Z3,CLINICA SAN GABRIEL S A C,AQUADRAN,6,JUN,756.0,14,Z3,NORTE CHICO,False,False,True,False,41945.0,AQUADRAN 10G,JUNIO,0.329694376,15957.0,35738.51318,47521.3,116,1
PHARMA - Z3,CLINICA SAN GABRIEL S A C,ELAR-B,6,JUN,569.0,11,Z3,NORTE CHICO,False,False,True,False,42098.0,ELAR-B 5 ML,JUNIO,-0.29490542,0.0,24407.71845,17209.75,116,3
PHARMA - Z3,CLINICA SAN GABRIEL S A C,FLUMETOL NF,6,JUN,0.0,109,Z3,NORTE CHICO,False,False,True,True,40513.0,FLUMETOL NF OFTENO 5ML,JUNIO,0.071788154,87288.94,107397.8095,115107.7,116,6
PHARMA - Z1,CLINICA SAN PABLO S.A.C.,AGGLAD,1,ENE,168.51,4,Z1,LIMA,False,False,True,False,40351.0,AGGLAD OFTENO 5 ML,ENERO,1.0,22534.35,110094.81,110094.81,117,0
PHARMA - Z1,CLINICA SAN PABLO S.A.C.,AQUADRAN,1,ENE,54.0,1,Z1,LIMA,False,False,True,False,41945.0,AQUADRAN 10G,ENERO,1.0,3348.0,44517.6,44517.6,117,1
PHARMA - Z1,CLINICA SAN PABLO S.A.C.,FLUMETOL NF,1,ENE,594.43,21,Z1,LIMA,False,False,True,False,40513.0,FLUMETOL NF OFTENO 5ML,ENERO,1.0,106644.0,144656.97,144656.97,117,6
PHARMA - Z1,CLINICA SAN PABLO S.A.C.,GAAP,1,ENE,336.64,5,Z1,LIMA,False,False,True,False,40498.0,GAAP OFTENO 3 ML,ENERO,1.0,101352.36,99775.16,99775.16,117,7
PHARMA - Z1,CLINICA SAN PABLO S.A.C.,LAGRICEL,1,ENE,336.74,10,Z1,LIMA,False,False,True,False,40515.0,LAGRICEL OFTENO 0.5 ML,ENERO,1.0,154236.51,132452.04,132452.04,117,9
PHARMA - Z1,CLINICA SAN PABLO S.A.C.,FLUMETOL NF,2,FEB,481.22,17,Z1,LIMA,False,False,True,False,40513.0,FLUMETOL NF OFTENO 5ML,FEBRERO,1.285457107,84540.52,101550.4985,130538.81,117,6
PHARMA - Z1,CLINICA SAN PABLO S.A.C.,GAAP,2,FEB,134.66,2,Z1,LIMA,False,False,True,False,40498.0,GAAP OFTENO 3 ML,FEBRERO,0.873555976,85355.44,97172.18164,84885.34,117,7
PHARMA - Z1,CLINICA SAN PABLO S.A.C.,AQUADRAN,3,MAR,108.0,2,Z1,LIMA,False,False,True,False,41945.0,AQUADRAN 10G,MARZO,1.286810293,13176.0,33810.57818,43507.8,117,1
PHARMA - Z1,CLINICA SAN PABLO S.A.C.,GAAP,3,MAR,134.66,2,Z1,LIMA,False,False,True,False,40498.0,GAAP OFTENO 3 ML,MARZO,0.701456825,85355.44,97172.18164,68162.09,117,7
PHARMA - Z1,CLINICA SAN PABLO S.A.C.,LAGRICEL,3,MAR,538.78,16,Z1,LIMA,False,False,True,False,40515.0,LAGRICEL OFTENO 0.5 ML,MARZO,1.138987362,194840.09,165898.7416,188956.57,117,9
PHARMA - Z1,CLINICA SAN PABLO S.A.C.,AQUADRAN,4,ABR,54.0,1,Z1,LIMA,False,False,True,False,41945.0,AQUADRAN 10G,ABRIL,1.367885669,18754.2,35738.51318,48886.2,117,1
PHARMA - Z1,CLINICA SAN PABLO S.A.C.,FLUMETOL NF,4,ABR,255.0,9,Z1,LIMA,False,False,True,False,40513.0,FLUMETOL NF OFTENO 5ML,ABRIL,1.22328994,97096.28,107397.8095,131378.66,117,6
PHARMA - Z1,CLINICA SAN PABLO S.A.C.,GAAP,4,ABR,404.0,6,Z1,LIMA,False,False,True,False,40498.0,GAAP OFTENO 3 ML,ABRIL,0.475712047,79645.31,102582.687,48799.82,117,7
PHARMA - Z1,CLINICA SAN PABLO S.A.C.,LAGRICEL,4,ABR,0.0,50,Z1,LIMA,False,False,True,True,40515.0,LAGRICEL OFTENO 0.5 ML,ABRIL,0.760754197,152829.6,174961.4402,133102.65,117,9
PHARMA - Z1,CLINICA SAN PABLO S.A.C.,AQUADRAN,5,MAY,162.0,3,Z1,LIMA,False,False,True,False,41945.0,AQUADRAN 10G,MAYO,1.308504351,13786.2,35738.51318,46764.0,117,1
PHARMA - Z1,CLINICA SAN PABLO S.A.C.,FLUMETOL NF,5,MAY,170.0,6,Z1,LIMA,False,False,True,False,40513.0,FLUMETOL NF OFTENO 5ML,MAYO,1.182290501,84208.66,107397.8095,126975.41,117,6
PHARMA - Z1,CLINICA SAN PABLO S.A.C.,GAAP,5,MAY,404.0,6,Z1,LIMA,False,False,True,False,40498.0,GAAP OFTENO 3 ML,MAYO,0.567550546,86214.37,102582.687,58220.86,117,7
PHARMA - Z1,CLINICA SAN PABLO S.A.C.,LAGRICEL,5,MAY,337.0,10,Z1,LIMA,False,False,True,False,40515.0,LAGRICEL OFTENO 0.5 ML,MAYO,0.714118093,158816.35,174961.4402,124943.13,117,9
PHARMA - Z1,CLINICA SAN PABLO S.A.C.,AQUADRAN,6,JUN,216.0,4,Z1,LIMA,False,False,True,False,41945.0,AQUADRAN 10G,JUNIO,0.329694376,15957.0,35738.51318,47521.3,117,1
PHARMA - Z1,CLINICA SAN PABLO S.A.C.,FLUMETOL NF,6,JUN,142.0,5,Z1,LIMA,False,False,True,False,40513.0,FLUMETOL NF OFTENO 5ML,JUNIO,0.071788154,87288.94,107397.8095,115107.7,117,6
PHARMA - Z1,CLINICA SAN PABLO S.A.C.,GAAP,6,JUN,269.0,4,Z1,LIMA,False,False,True,False,40498.0,GAAP OFTENO 3 ML,JUNIO,-0.271295457,79907.03,102582.687,74752.47,117,7
PHARMA - N2,CLINICA SANCHEZ FERRER S A,ELIPTIC,1,ENE,608.83,20,N2,TRUJILLO,False,False,True,False,41076.0,ELIPTIC OFTENO 5ML,ENERO,1.0,1539.11,12243.87,12243.87,118,4
PHARMA - N2,CLINICA SANCHEZ FERRER S A,ELIPTIC PF,1,ENE,1254.14,40,N2,TRUJILLO,False,False,True,False,41561.0,ELIPTIC OFTENO 5ML PF PERU,ENERO,1.0,16201.95,62857.68,62857.68,118,5
PHARMA - N2,CLINICA SANCHEZ FERRER S A,LAGRICEL,1,ENE,174.0,5,N2,TRUJILLO,False,False,True,False,40515.0,LAGRICEL OFTENO 0.5 ML,ENERO,1.0,154236.51,132452.04,132452.04,118,9
PHARMA - N2,CLINICA SANCHEZ FERRER S A,LAGRICEL PF,1,ENE,9543.24,250,N2,TRUJILLO,False,False,True,False,41582.0,LAGRICEL OFTENO LIBRE DE CONSERVADORES (PF) 10 ML,ENERO,1.0,241357.65,244552.3,244552.3,118,10
PHARMA - N2,CLINICA SANCHEZ FERRER S A,TRAZIDEX O,1,ENE,571.22,24,N2,TRUJILLO,False,False,True,False,40341.0,TRAZIDEX OFTENO 5 ML.,ENERO,1.0,107782.12,170736.47,170736.47,118,13
PHARMA - N2,CLINICA SANCHEZ FERRER S A,FLUMETOL NF,2,FEB,591.29,20,N2,TRUJILLO,False,False,True,False,40513.0,FLUMETOL NF OFTENO 5ML,FEBRERO,1.285457107,84540.52,101550.4985,130538.81,118,6
PHARMA - N2,CLINICA SANCHEZ FERRER S A,LAGRICEL,2,FEB,278.39,8,N2,TRUJILLO,False,False,True,False,40515.0,LAGRICEL OFTENO 0.5 ML,FEBRERO,0.970823097,194840.09,165898.7416,161058.33,118,9
PHARMA - N2,CLINICA SANCHEZ FERRER S A,LAGRICEL PF,2,FEB,2290.38,60,N2,TRUJILLO,False,False,True,False,41582.0,LAGRICEL OFTENO LIBRE DE CONSERVADORES (PF) 10 ML,FEBRERO,1.01762066,244371.43,248182.4906,252555.63,118,10
PHARMA - N2,CLINICA SANCHEZ FERRER S A,TRAZIDEX O,2,FEB,714.02,30,N2,TRUJILLO,False,False,True,False,40341.0,TRAZIDEX OFTENO 5 ML.,FEBRERO,0.868398954,99642.69,95524.58531,82953.45,118,13
PHARMA - N2,CLINICA SANCHEZ FERRER S A,ELIPTIC,3,MAR,507.36,20,N2,TRUJILLO,False,False,True,False,41076.0,ELIPTIC OFTENO 5ML,MARZO,0.61397952,3462.73,37097.88238,22777.34,118,4
PHARMA - N2,CLINICA SANCHEZ FERRER S A,LAGRICEL PF,3,MAR,2908.42,80,N2,TRUJILLO,False,False,True,False,41582.0,LAGRICEL OFTENO LIBRE DE CONSERVADORES (PF) 10 ML,MARZO,1.041573922,244371.43,248182.4906,258500.41,118,10
PHARMA - N2,CLINICA SANCHEZ FERRER S A,TRAZIDEX U,3,MAR,855.06,30,N2,TRUJILLO,False,False,True,False,40342.0,TRAZIDEX UNGENA 3.5 G,MARZO,0.890660186,111697.65,148184.091,131981.67,118,14
PHARMA - N2,CLINICA SANCHEZ FERRER S A,ELIPTIC,4,ABR,507.0,20,N2,TRUJILLO,False,False,True,False,41076.0,ELIPTIC OFTENO 5ML,ABRIL,0.367779928,4871.41,39043.81097,14359.53,118,4
PHARMA - N2,CLINICA SANCHEZ FERRER S A,FLUMETOL NF,4,ABR,591.0,20,N2,TRUJILLO,False,False,True,False,40513.0,FLUMETOL NF OFTENO 5ML,ABRIL,1.22328994,97096.28,107397.8095,131378.66,118,6
PHARMA - N2,CLINICA SANCHEZ FERRER S A,LAGRICEL,4,ABR,676.0,20,N2,TRUJILLO,False,False,True,False,40515.0,LAGRICEL OFTENO 0.5 ML,ABRIL,0.760754197,152829.6,174961.4402,133102.65,118,9
PHARMA - N2,CLINICA SANCHEZ FERRER S A,LAGRICEL PF,4,ABR,0.0,400,N2,TRUJILLO,False,False,True,True,41582.0,LAGRICEL OFTENO LIBRE DE CONSERVADORES (PF) 10 ML,ABRIL,1.234011277,222585.45,261957.3873,323258.37,118,10
PHARMA - N2,CLINICA SANCHEZ FERRER S A,TRAZIDEX O,4,ABR,690.0,29,N2,TRUJILLO,False,False,True,False,40341.0,TRAZIDEX OFTENO 5 ML.,ABRIL,0.966120714,91975.94,101185.0264,97756.95,118,13
PHARMA - N2,CLINICA SANCHEZ FERRER S A,TRAZIDEX U,4,ABR,0.0,50,N2,TRUJILLO,False,False,True,True,40342.0,TRAZIDEX UNGENA 3.5 G,ABRIL,0.810349246,131494.88,156358.3363,126704.86,118,14
PHARMA - N2,CLINICA SANCHEZ FERRER S A,ELIPTIC,5,MAY,507.0,20,N2,TRUJILLO,False,False,True,False,41076.0,ELIPTIC OFTENO 5ML,MAYO,0.349092716,2803.71,39043.81097,13629.91,118,4
PHARMA - N2,CLINICA SANCHEZ FERRER S A,LAGRICEL PF,5,MAY,0.0,300,N2,TRUJILLO,False,False,True,True,41582.0,LAGRICEL OFTENO LIBRE DE CONSERVADORES (PF) 10 ML,MAYO,0.852391423,198666.14,261957.3873,223290.23,118,10
PHARMA - N2,CLINICA SANCHEZ FERRER S A,TRAZIDEX O,5,MAY,714.0,30,N2,TRUJILLO,False,False,True,False,40341.0,TRAZIDEX OFTENO 5 ML.,MAYO,0.725790194,64098.19,101185.0264,73439.1,118,13
PHARMA - N2,CLINICA SANCHEZ FERRER S A,TRAZIDEX U,5,MAY,855.0,30,N2,TRUJILLO,False,False,True,False,40342.0,TRAZIDEX UNGENA 3.5 G,MAYO,0.799544258,131001.94,156358.3363,125015.41,118,14
PHARMA - N2,CLINICA SANCHEZ FERRER S A,ELIPTIC,6,JUN,888.0,35,N2,TRUJILLO,False,False,True,False,41076.0,ELIPTIC OFTENO 5ML,JUNIO,-0.521091319,5789.48,39043.81097,18698.42,118,4
PHARMA - N2,CLINICA SANCHEZ FERRER S A,FLUMETOL NF,6,JUN,591.0,20,N2,TRUJILLO,False,False,True,False,40513.0,FLUMETOL NF OFTENO 5ML,JUNIO,0.071788154,87288.94,107397.8095,115107.7,118,6
PHARMA - N2,CLINICA SANCHEZ FERRER S A,LAGRICEL PF,6,JUN,0.0,150,N2,TRUJILLO,False,False,True,True,41582.0,LAGRICEL OFTENO LIBRE DE CONSERVADORES (PF) 10 ML,JUNIO,-0.085958779,182516.9,261957.3873,239439.85,118,10
PHARMA - N2,CLINICA SANCHEZ FERRER S A,TRAZIDEX U,6,JUN,0.0,50,N2,TRUJILLO,False,False,True,True,40342.0,TRAZIDEX UNGENA 3.5 G,JUNIO,-0.144707451,114383.92,156358.3363,133732.12,118,14
PHARMA - N2,CLINICA SANCHEZ FERRER S A,AGGLAD,7,JUL,582.0,15,N2,TRUJILLO,False,False,True,False,40351.0,AGGLAD OFTENO 5 ML,JULIO,-0.863449228,29784.66,133581.4492,18240.65,118,0
PHARMA - N2,CLINICA SANCHEZ FERRER S A,LAGRICEL PF,7,JUL,0.0,130,N2,TRUJILLO,False,False,True,True,41582.0,LAGRICEL OFTENO LIBRE DE CONSERVADORES (PF) 10 ML,JULIO,-0.871300153,205886.66,289507.1807,37259.53,118,10
PHARMA - N2,CLINICA SANCHEZ FERRER S A,TRAZIDEX O,7,JUL,714.0,30,N2,TRUJILLO,False,False,True,False,40341.0,TRAZIDEX OFTENO 5 ML.,JULIO,-0.912844311,118392.28,112505.9086,9805.53,118,13
PHARMA - N2,CLINICA SANCHEZ FERRER S A,TRAZIDEX U,7,JUL,770.0,27,N2,TRUJILLO,False,False,True,False,40342.0,TRAZIDEX UNGENA 3.5 G,JULIO,-0.835453002,134186.98,172706.827,28418.39,118,14
PHARMA - N1,CLINICA SOTOMAYOR S.A.C.,AGGLAD,2,FEB,1100.52,20,N1,CHICLAYO,False,False,True,False,40351.0,AGGLAD OFTENO 5 ML,FEBRERO,0.96716156,31785.06,114546.1364,110784.62,119,0
PHARMA - N1,CLINICA SOTOMAYOR S.A.C.,FLUMETOL NF,2,FEB,898.37,20,N1,CHICLAYO,False,False,True,False,40513.0,FLUMETOL NF OFTENO 5ML,FEBRERO,1.285457107,84540.52,101550.4985,130538.81,119,6
PHARMA - N1,CLINICA SOTOMAYOR S.A.C.,GAAP PF,2,FEB,1803.1,20,N1,CHICLAYO,False,False,True,False,41567.0,GAAP OFTENO LIBRE DE CONSER PF 3 ML PERU,FEBRERO,0.820494884,80205.04,92164.06035,75620.14,119,8
PHARMA - N1,CLINICA SOTOMAYOR S.A.C.,LAGRICEL,2,FEB,1023.5,20,N1,CHICLAYO,False,False,True,False,40515.0,LAGRICEL OFTENO 0.5 ML,FEBRERO,0.970823097,194840.09,165898.7416,161058.33,119,9
PHARMA - N1,CLINICA SOTOMAYOR S.A.C.,SOPHIPREN,2,FEB,931.7,20,N1,CHICLAYO,False,False,True,False,40338.0,SOPHIPREN OFTENO 5 ML,FEBRERO,1.300787434,39394.05,56555.62783,73566.85,119,12
PHARMA - N1,CLINICA SOTOMAYOR S.A.C.,ZEBESTEN,2,FEB,928.2,20,N1,CHICLAYO,False,False,True,False,41604.0,ZEBESTEN 5ML PERU,FEBRERO,0.998966691,24271.56,27459.43408,27431.06,119,15
PHARMA - N1,CLINICA SOTOMAYOR S.A.C.,FLUMETOL NF,3,MAR,898.37,20,N1,CHICLAYO,False,False,True,False,40513.0,FLUMETOL NF OFTENO 5ML,MARZO,1.399890715,84540.52,101550.4985,142159.6,119,6
PHARMA - N1,CLINICA SOTOMAYOR S.A.C.,GAAP PF,4,ABR,0.0,20,N1,CHICLAYO,False,False,True,True,41567.0,GAAP OFTENO LIBRE DE CONSER PF 3 ML PERU,ABRIL,0.580041645,82952.14,97315.99528,56447.33,119,8
PHARMA - N1,CLINICA SOTOMAYOR S.A.C.,ZEBESTEN,4,ABR,557.0,12,N1,CHICLAYO,False,False,True,False,41604.0,ZEBESTEN 5ML PERU,ABRIL,1.062586642,26953.56,29060.89609,30879.72,119,15
PHARMA - N1,CLINICA SOTOMAYOR S.A.C.,AGGLAD,5,MAY,551.0,10,N1,CHICLAYO,False,False,True,False,40351.0,AGGLAD OFTENO 5 ML,MAYO,0.670022241,26193.67,120891.2407,80999.82,119,0
PHARMA - N1,CLINICA SOTOMAYOR S.A.C.,FLUMETOL NF,5,MAY,898.0,20,N1,CHICLAYO,False,False,True,False,40513.0,FLUMETOL NF OFTENO 5ML,MAYO,1.182290501,84208.66,107397.8095,126975.41,119,6
PHARMA - N1,CLINICA SOTOMAYOR S.A.C.,LAGRICEL,5,MAY,614.0,12,N1,CHICLAYO,False,False,True,False,40515.0,LAGRICEL OFTENO 0.5 ML,MAYO,0.714118093,158816.35,174961.4402,124943.13,119,9
PHARMA - N1,CLINICA SOTOMAYOR S.A.C.,ZEBESTEN,5,MAY,928.0,20,N1,CHICLAYO,False,False,True,False,41604.0,ZEBESTEN 5ML PERU,MAYO,0.825216123,27515.83,29060.89609,23981.52,119,15
PHARMA - N1,CLINICA SOTOMAYOR S.A.C.,AGGLAD,6,JUN,0.0,20,N1,CHICLAYO,False,False,True,True,40351.0,AGGLAD OFTENO 5 ML,JUNIO,-0.235301917,20271.95,120891.2407,92445.3,119,0
PHARMA - N1,CLINICA SOTOMAYOR S.A.C.,FLUMETOL NF,6,JUN,898.0,20,N1,CHICLAYO,False,False,True,False,40513.0,FLUMETOL NF OFTENO 5ML,JUNIO,0.071788154,87288.94,107397.8095,115107.7,119,6
PHARMA - N1,CLINICA SOTOMAYOR S.A.C.,GAAP PF,6,JUN,0.0,20,N1,CHICLAYO,False,False,True,True,41567.0,GAAP OFTENO LIBRE DE CONSER PF 3 ML PERU,JUNIO,-0.151410313,75783.27,97315.99528,82581.35,119,8
PHARMA - N1,CLINICA SOTOMAYOR S.A.C.,SOPHIPREN,6,JUN,932.0,20,N1,CHICLAYO,False,False,True,False,40338.0,SOPHIPREN OFTENO 5 ML,JUNIO,0.072135193,48676.87,59671.10342,63975.49,119,12
PHARMA - N1,CLINICA SOTOMAYOR S.A.C.,ZEBESTEN,6,JUN,928.0,20,N1,CHICLAYO,False,False,True,False,41604.0,ZEBESTEN 5ML PERU,JUNIO,0.156870039,15690.19,29060.89609,33619.68,119,15
PHARMA - S,CLINICA VALLESUR S.A.,GAAP,1,ENE,690.02,8,S,CADENAS,False,False,True,False,40498.0,GAAP OFTENO 3 ML,ENERO,1.0,101352.36,99775.16,99775.16,120,7
PHARMA - S,CLINICA VALLESUR S.A.,SOPHIPREN,1,ENE,912.39,20,S,CADENAS,False,False,True,False,40338.0,SOPHIPREN OFTENO 5 ML,ENERO,1.0,41450.28,50525.9,50525.9,120,12
PHARMA - S,CLINICA VALLESUR S.A.,FLUMETOL NF,2,FEB,2359.85,50,S,CADENAS,False,False,True,False,40513.0,FLUMETOL NF OFTENO 5ML,FEBRERO,1.285457107,84540.52,101550.4985,130538.81,120,6
PHARMA - S,CLINICA VALLESUR S.A.,LAGRICEL,2,FEB,1774.44,30,S,CADENAS,False,False,True,False,40515.0,LAGRICEL OFTENO 0.5 ML,FEBRERO,0.970823097,194840.09,165898.7416,161058.33,120,9
PHARMA - S,CLINICA VALLESUR S.A.,AGGLAD,3,MAR,178.54,3,S,CADENAS,False,False,True,False,40351.0,AGGLAD OFTENO 5 ML,MARZO,0.708033745,31785.06,114546.1364,81102.53,120,0
PHARMA - S,CLINICA VALLESUR S.A.,FLUMETOL NF,3,MAR,5427.66,115,S,CADENAS,False,False,True,False,40513.0,FLUMETOL NF OFTENO 5ML,MARZO,1.399890715,84540.52,101550.4985,142159.6,120,6
PHARMA - S,CLINICA VALLESUR S.A.,GAAP,3,MAR,1035.02,12,S,CADENAS,False,False,True,False,40498.0,GAAP OFTENO 3 ML,MARZO,0.701456825,85355.44,97172.18164,68162.09,120,7
PHARMA - S,CLINICA VALLESUR S.A.,LAGRICEL,3,MAR,4140.36,70,S,CADENAS,False,False,True,False,40515.0,LAGRICEL OFTENO 0.5 ML,MARZO,1.138987362,194840.09,165898.7416,188956.57,120,9
PHARMA - S,CLINICA VALLESUR S.A.,LAGRICEL PF,3,MAR,5653.35,95,S,CADENAS,False,False,True,False,41582.0,LAGRICEL OFTENO LIBRE DE CONSERVADORES (PF) 10 ML,MARZO,1.041573922,244371.43,248182.4906,258500.41,120,10
PHARMA - S,CLINICA VALLESUR S.A.,TRAZIDEX O,3,MAR,375.9,10,S,CADENAS,False,False,True,False,40341.0,TRAZIDEX OFTENO 5 ML.,MARZO,0.841410928,99642.69,95524.58531,80375.43,120,13
PHARMA - S,CLINICA VALLESUR S.A.,TRAZIDEX U,3,MAR,2701.97,50,S,CADENAS,False,False,True,False,40342.0,TRAZIDEX UNGENA 3.5 G,MARZO,0.890660186,111697.65,148184.091,131981.67,120,14
PHARMA - S,CLINICA VALLESUR S.A.,FLUMETOL NF,4,ABR,0.0,75,S,CADENAS,False,False,True,True,40513.0,FLUMETOL NF OFTENO 5ML,ABRIL,1.22328994,97096.28,107397.8095,131378.66,120,6
PHARMA - S,CLINICA VALLESUR S.A.,GAAP,4,ABR,368.0,5,S,CADENAS,False,False,True,False,40498.0,GAAP OFTENO 3 ML,ABRIL,0.475712047,79645.31,102582.687,48799.82,120,7
PHARMA - S,CLINICA VALLESUR S.A.,LAGRICEL,4,ABR,0.0,50,S,CADENAS,False,False,True,True,40515.0,LAGRICEL OFTENO 0.5 ML,ABRIL,0.760754197,152829.6,174961.4402,133102.65,120,9
PHARMA - S,CLINICA VALLESUR S.A.,LAGRICEL PF,4,ABR,0.0,100,S,CADENAS,False,False,True,True,41582.0,LAGRICEL OFTENO LIBRE DE CONSERVADORES (PF) 10 ML,ABRIL,1.234011277,222585.45,261957.3873,323258.37,120,10
PHARMA - S,CLINICA VALLESUR S.A.,SOPHIPREN,4,ABR,291.0,8,S,CADENAS,False,False,True,False,40338.0,SOPHIPREN OFTENO 5 ML,ABRIL,1.125758804,51339.43,59671.10342,67175.27,120,12
PHARMA - S,CLINICA VALLESUR S.A.,TRAZIDEX O,4,ABR,0.0,183,S,CADENAS,False,False,True,True,40341.0,TRAZIDEX OFTENO 5 ML.,ABRIL,0.966120714,91975.94,101185.0264,97756.95,120,13
PHARMA - S,CLINICA VALLESUR S.A.,TRAZIDEX U,4,ABR,0.0,96,S,CADENAS,False,False,True,True,40342.0,TRAZIDEX UNGENA 3.5 G,ABRIL,0.810349246,131494.88,156358.3363,126704.86,120,14
PHARMA - S,CLINICA VALLESUR S.A.,AGGLAD,5,MAY,201.0,4,S,CADENAS,False,False,True,False,40351.0,AGGLAD OFTENO 5 ML,MAYO,0.670022241,26193.67,120891.2407,80999.82,120,0
PHARMA - S,CLINICA VALLESUR S.A.,FLUMETOL NF,5,MAY,0.0,60,S,CADENAS,False,False,True,True,40513.0,FLUMETOL NF OFTENO 5ML,MAYO,1.182290501,84208.66,107397.8095,126975.41,120,6
PHARMA - S,CLINICA VALLESUR S.A.,LAGRICEL,5,MAY,0.0,50,S,CADENAS,False,False,True,True,40515.0,LAGRICEL OFTENO 0.5 ML,MAYO,0.714118093,158816.35,174961.4402,124943.13,120,9
PHARMA - S,CLINICA VALLESUR S.A.,LAGRICEL PF,5,MAY,0.0,75,S,CADENAS,False,False,True,True,41582.0,LAGRICEL OFTENO LIBRE DE CONSERVADORES (PF) 10 ML,MAYO,0.852391423,198666.14,261957.3873,223290.23,120,10
PHARMA - S,CLINICA VALLESUR S.A.,SOPHIPREN,5,MAY,840.0,20,S,CADENAS,False,False,True,False,40338.0,SOPHIPREN OFTENO 5 ML,MAYO,0.947602386,43314.92,59671.10342,56544.48,120,12
PHARMA - S,CLINICA VALLESUR S.A.,TRAZIDEX U,5,MAY,0.0,125,S,CADENAS,False,False,True,True,40342.0,TRAZIDEX UNGENA 3.5 G,MAYO,0.799544258,131001.94,156358.3363,125015.41,120,14
PHARMA - S,CLINICA VALLESUR S.A.,AGGLAD,6,JUN,251.0,5,S,CADENAS,False,False,True,False,40351.0,AGGLAD OFTENO 5 ML,JUNIO,-0.235301917,20271.95,120891.2407,92445.3,120,0
PHARMA - S,CLINICA VALLESUR S.A.,FLUMETOL NF,6,JUN,768.0,20,S,CADENAS,False,False,True,False,40513.0,FLUMETOL NF OFTENO 5ML,JUNIO,0.071788154,87288.94,107397.8095,115107.7,120,6
PHARMA - S,CLINICA VALLESUR S.A.,LAGRICEL,6,JUN,0.0,70,S,CADENAS,False,False,True,True,40515.0,LAGRICEL OFTENO 0.5 ML,JUNIO,-0.157973323,129483.27,174961.4402,147322.2,120,9
PHARMA - S,CLINICA VALLESUR S.A.,LAGRICEL PF,6,JUN,0.0,40,S,CADENAS,False,False,True,True,41582.0,LAGRICEL OFTENO LIBRE DE CONSERVADORES (PF) 10 ML,JUNIO,-0.085958779,182516.9,261957.3873,239439.85,120,10
PHARMA - S,CLINICA VALLESUR S.A.,SOPHIPREN,6,JUN,726.0,23,S,CADENAS,False,False,True,False,40338.0,SOPHIPREN OFTENO 5 ML,JUNIO,0.072135193,48676.87,59671.10342,63975.49,120,12
PHARMA - S,CLINICA VALLESUR S.A.,TRAZIDEX O,6,JUN,0.0,255,S,CADENAS,False,False,True,True,40341.0,TRAZIDEX OFTENO 5 ML.,JUNIO,-0.192738462,70697.29,101185.0264,81682.78,120,13
PHARMA - S,CLINICA VALLESUR S.A.,TRAZIDEX U,6,JUN,0.0,68,S,CADENAS,False,False,True,True,40342.0,TRAZIDEX UNGENA 3.5 G,JUNIO,-0.144707451,114383.92,156358.3363,133732.12,120,14
PHARMA - S,CLINICA VALLESUR S.A.,SOPHIPREN,7,JUL,473.0,13,S,CADENAS,False,False,True,False,40338.0,SOPHIPREN OFTENO 5 ML,JULIO,-0.815953083,49954.18,65902.05458,12129.07,120,12
PHARMA - Z3,CLINICA Y BOTICAS LA AMISTAD S.A.C.,AQUADRAN,4,ABR,486.0,10,Z3,NORTE CHICO,False,False,True,False,41945.0,AQUADRAN 10G,ABRIL,1.367885669,18754.2,35738.51318,48886.2,121,1
PHARMA - Z3,CLINICA Y BOTICAS LA AMISTAD S.A.C.,ELAR-B,4,ABR,518.0,10,Z3,NORTE CHICO,False,False,True,False,42098.0,ELAR-B 5 ML,ABRIL,0.614395812,0.0,24407.71845,14996.0,121,3
PHARMA - Z3,CLINICA Y BOTICAS LA AMISTAD S.A.C.,ELIPTIC,4,ABR,495.0,15,Z3,NORTE CHICO,False,False,True,False,41076.0,ELIPTIC OFTENO 5ML,ABRIL,0.367779928,4871.41,39043.81097,14359.53,121,4
PHARMA - Z3,CLINICA Y BOTICAS LA AMISTAD S.A.C.,FLUMETOL NF,4,ABR,408.0,10,Z3,NORTE CHICO,False,False,True,False,40513.0,FLUMETOL NF OFTENO 5ML,ABRIL,1.22328994,97096.28,107397.8095,131378.66,121,6
PHARMA - Z3,CLINICA Y BOTICAS LA AMISTAD S.A.C.,GAAP PF,4,ABR,631.0,10,Z3,NORTE CHICO,False,False,True,False,41567.0,GAAP OFTENO LIBRE DE CONSER PF 3 ML PERU,ABRIL,0.580041645,82952.14,97315.99528,56447.33,121,8
PHARMA - Z3,CLINICA Y BOTICAS LA AMISTAD S.A.C.,LAGRICEL PF,4,ABR,477.0,10,Z3,NORTE CHICO,False,False,True,False,41582.0,LAGRICEL OFTENO LIBRE DE CONSERVADORES (PF) 10 ML,ABRIL,1.234011277,222585.45,261957.3873,323258.37,121,10
PHARMA - Z3,CLINICA Y BOTICAS LA AMISTAD S.A.C.,TRAZIDEX U,4,ABR,468.0,10,Z3,NORTE CHICO,False,False,True,False,40342.0,TRAZIDEX UNGENA 3.5 G,ABRIL,0.810349246,131494.88,156358.3363,126704.86,121,14
PHARMA - Z3,CLINICA Y BOTICAS LA AMISTAD S.A.C.,AQUADRAN,6,JUN,583.0,12,Z3,NORTE CHICO,False,False,True,False,41945.0,AQUADRAN 10G,JUNIO,0.329694376,15957.0,35738.51318,47521.3,121,1
PHARMA - Z3,CLINICA Y BOTICAS LA AMISTAD S.A.C.,ELIPTIC,6,JUN,330.0,10,Z3,NORTE CHICO,False,False,True,False,41076.0,ELIPTIC OFTENO 5ML,JUNIO,-0.521091319,5789.48,39043.81097,18698.42,121,4
PHARMA - Z3,CLINICA Y BOTICAS LA AMISTAD S.A.C.,FLUMETOL NF,6,JUN,408.0,10,Z3,NORTE CHICO,False,False,True,False,40513.0,FLUMETOL NF OFTENO 5ML,JUNIO,0.071788154,87288.94,107397.8095,115107.7,121,6
PHARMA - Z3,CLINICA Y BOTICAS LA AMISTAD S.A.C.,GAAP PF,6,JUN,631.0,10,Z3,NORTE CHICO,False,False,True,False,41567.0,GAAP OFTENO LIBRE DE CONSER PF 3 ML PERU,JUNIO,-0.151410313,75783.27,97315.99528,82581.35,121,8
PHARMA - Z3,CLINICA Y BOTICAS LA AMISTAD S.A.C.,TRAZIDEX U,6,JUN,935.0,20,Z3,NORTE CHICO,False,False,True,False,40342.0,TRAZIDEX UNGENA 3.5 G,JUNIO,-0.144707451,114383.92,156358.3363,133732.12,121,14
PHARMA - Z2,CONGREGACION HIJAS DE SAN CAMILO,SOPHIPREN,1,ENE,1334.03,35,Z2,CALLAO,False,False,True,False,40338.0,SOPHIPREN OFTENO 5 ML,ENERO,1.0,41450.28,50525.9,50525.9,122,12
PHARMA - Z1,CONGREGACION HIJAS DE SAN CAMILO,SOPHIPREN,3,MAR,952.88,25,Z1,LIMA,False,False,True,False,40338.0,SOPHIPREN OFTENO 5 ML,MARZO,1.018181783,39394.05,56555.62783,57583.91,122,12
PHARMA - Z1,CONGREGACION HIJAS DE SAN CAMILO,TRAZIDEX O,3,MAR,796.45,20,Z1,LIMA,False,False,True,False,40341.0,TRAZIDEX OFTENO 5 ML.,MARZO,0.841410928,99642.69,95524.58531,80375.43,122,13
PHARMA - Z1,CONGREGACION HIJAS DE SAN CAMILO,TRAZIDEX U,3,MAR,804.19,20,Z1,LIMA,False,False,True,False,40342.0,TRAZIDEX UNGENA 3.5 G,MARZO,0.890660186,111697.65,148184.091,131981.67,122,14
PHARMA - Z1,CONGREGACION HIJAS DE SAN CAMILO,SOPHIPREN,4,ABR,953.0,25,Z1,LIMA,False,False,True,False,40338.0,SOPHIPREN OFTENO 5 ML,ABRIL,1.125758804,51339.43,59671.10342,67175.27,122,12
PHARMA - Z1,CONGREGACION HIJAS DE SAN CAMILO,TRAZIDEX O,4,ABR,796.0,20,Z1,LIMA,False,False,True,False,40341.0,TRAZIDEX OFTENO 5 ML.,ABRIL,0.966120714,91975.94,101185.0264,97756.95,122,13
PHARMA - Z1,CONGREGACION HIJAS DE SAN CAMILO,TRAZIDEX U,4,ABR,804.0,20,Z1,LIMA,False,False,True,False,40342.0,TRAZIDEX UNGENA 3.5 G,ABRIL,0.810349246,131494.88,156358.3363,126704.86,122,14
PHARMA - Z1,CONGREGACION HIJAS DE SAN CAMILO,SOPHIPREN,5,MAY,0.0,30,Z1,LIMA,False,False,True,True,40338.0,SOPHIPREN OFTENO 5 ML,MAYO,0.947602386,43314.92,59671.10342,56544.48,122,12
PHARMA - Z1,CONGREGACION HIJAS DE SAN CAMILO,TRAZIDEX O,5,MAY,0.0,30,Z1,LIMA,False,False,True,True,40341.0,TRAZIDEX OFTENO 5 ML.,MAYO,0.725790194,64098.19,101185.0264,73439.1,122,13
PHARMA - Z1,CONGREGACION HIJAS DE SAN CAMILO,TRAZIDEX U,5,MAY,804.0,20,Z1,LIMA,False,False,True,False,40342.0,TRAZIDEX UNGENA 3.5 G,MAYO,0.799544258,131001.94,156358.3363,125015.41,122,14
PHARMA - S,CONSORCIO MEDICO ANVAMA S.R.L.,AGGLAD,3,MAR,550.26,10,S,CADENAS,False,False,True,False,40351.0,AGGLAD OFTENO 5 ML,MARZO,0.708033745,31785.06,114546.1364,81102.53,123,0
PHARMA - S,CONSORCIO MEDICO ANVAMA S.R.L.,ELIPTIC PF,3,MAR,339.66,10,S,CADENAS,False,False,True,False,41561.0,ELIPTIC OFTENO 5ML PF PERU,MARZO,0.543724406,16081.78,70691.40098,38436.64,123,5
PHARMA - S,CONSORCIO MEDICO ANVAMA S.R.L.,FLUMETOL NF,3,MAR,816.7,20,S,CADENAS,False,False,True,False,40513.0,FLUMETOL NF OFTENO 5ML,MARZO,1.399890715,84540.52,101550.4985,142159.6,123,6
PHARMA - S,CONSORCIO MEDICO ANVAMA S.R.L.,GAAP,3,MAR,875.3,10,S,CADENAS,False,False,True,False,40498.0,GAAP OFTENO 3 ML,MARZO,0.701456825,85355.44,97172.18164,68162.09,123,7
PHARMA - S,CONSORCIO MEDICO ANVAMA S.R.L.,GAAP PF,3,MAR,1081.86,20,S,CADENAS,False,False,True,False,41567.0,GAAP OFTENO LIBRE DE CONSER PF 3 ML PERU,MARZO,0.894697886,80205.04,92164.06035,82458.99,123,8
PHARMA - S,CONSORCIO MEDICO ANVAMA S.R.L.,LAGRICEL,3,MAR,511.75,10,S,CADENAS,False,False,True,False,40515.0,LAGRICEL OFTENO 0.5 ML,MARZO,1.138987362,194840.09,165898.7416,188956.57,123,9
PHARMA - S,CONSORCIO MEDICO ANVAMA S.R.L.,LAGRICEL PF,3,MAR,954.32,20,S,CADENAS,False,False,True,False,41582.0,LAGRICEL OFTENO LIBRE DE CONSERVADORES (PF) 10 ML,MARZO,1.041573922,244371.43,248182.4906,258500.41,123,10
PHARMA - S,CONSORCIO MEDICO ANVAMA S.R.L.,SOPHIPREN,3,MAR,465.85,10,S,CADENAS,False,False,True,False,40338.0,SOPHIPREN OFTENO 5 ML,MARZO,1.018181783,39394.05,56555.62783,57583.91,123,12
PHARMA - S,CONSORCIO MEDICO ANVAMA S.R.L.,TRAZIDEX O,3,MAR,463.05,10,S,CADENAS,False,False,True,False,40341.0,TRAZIDEX OFTENO 5 ML.,MARZO,0.841410928,99642.69,95524.58531,80375.43,123,13
PHARMA - S,CONSORCIO MEDICO ANVAMA S.R.L.,TRAZIDEX U,3,MAR,467.55,10,S,CADENAS,False,False,True,False,40342.0,TRAZIDEX UNGENA 3.5 G,MARZO,0.890660186,111697.65,148184.091,131981.67,123,14
PHARMA - S,CONSORCIO MEDICO ANVAMA S.R.L.,ZEBESTEN,3,MAR,490.88,10,S,CADENAS,False,False,True,False,41604.0,ZEBESTEN 5ML PERU,MARZO,1.283372043,24271.56,27459.43408,35240.67,123,15
PHARMA - S,CONSORCIO QORITAQQUE B Y T S.R.L.,FLUMETOL NF,2,FEB,718.7,16,S,CADENAS,False,False,True,False,40513.0,FLUMETOL NF OFTENO 5ML,FEBRERO,1.285457107,84540.52,101550.4985,130538.81,124,6
PHARMA - S,CONSORCIO QORITAQQUE B Y T S.R.L.,LAGRICEL PF,2,FEB,454.44,8,S,CADENAS,False,False,True,False,41582.0,LAGRICEL OFTENO LIBRE DE CONSERVADORES (PF) 10 ML,FEBRERO,1.01762066,244371.43,248182.4906,252555.63,124,10
PHARMA - S,CONSORCIO QORITAQQUE B Y T S.R.L.,TRAZIDEX O,2,FEB,254.68,5,S,CADENAS,False,False,True,False,40341.0,TRAZIDEX OFTENO 5 ML.,FEBRERO,0.868398954,99642.69,95524.58531,82953.45,124,13
PHARMA - N1,CONSULTORIO DE OFTALMOLOGIA Y OPTICA: DR. TEODORO SANCHEZ ROMERO E.I.R.L. - COFOPTESA E.I.R.L.,LAGRICEL PF,6,JUN,716.0,15,N1,CHICLAYO,False,False,True,False,41582.0,LAGRICEL OFTENO LIBRE DE CONSERVADORES (PF) 10 ML,JUNIO,-0.085958779,182516.9,261957.3873,239439.85,125,10
PHARMA - N2,CONSULTORIO OFTALMOLOGICO VISION DEL NORTE E.I.R.L.,FLUMETOL NF,6,JUN,613.0,15,N2,TRUJILLO,False,False,True,False,40513.0,FLUMETOL NF OFTENO 5ML,JUNIO,0.071788154,87288.94,107397.8095,115107.7,126,6
PHARMA - N2,CONSULTORIO OFTALMOLOGICO VISION DEL NORTE E.I.R.L.,SOPHIPREN,6,JUN,0.0,15,N2,TRUJILLO,False,False,True,True,40338.0,SOPHIPREN OFTENO 5 ML,JUNIO,0.072135193,48676.87,59671.10342,63975.49,126,12
PHARMA - Z3,CONSULTORIO OPTICA BELLAVISTA E.I.R.L,AQUADRAN,1,ENE,162.0,3,Z3,NORTE CHICO,False,False,True,False,41945.0,AQUADRAN 10G,ENERO,1.0,3348.0,44517.6,44517.6,127,1
PHARMA - Z3,CONSULTORIO OPTICA BELLAVISTA E.I.R.L,ELIPTIC PF,1,ENE,424.58,20,Z3,NORTE CHICO,False,False,True,False,41561.0,ELIPTIC OFTENO 5ML PF PERU,ENERO,1.0,16201.95,62857.68,62857.68,127,5
PHARMA - Z3,CONSULTORIO OPTICA BELLAVISTA E.I.R.L,FLUMETOL NF,1,ENE,326.68,8,Z3,NORTE CHICO,False,False,True,False,40513.0,FLUMETOL NF OFTENO 5ML,ENERO,1.0,106644.0,144656.97,144656.97,127,6
PHARMA - Z3,CONSULTORIO OPTICA BELLAVISTA E.I.R.L,SOPHIPREN,1,ENE,254.1,6,Z3,NORTE CHICO,False,False,True,False,40338.0,SOPHIPREN OFTENO 5 ML,ENERO,1.0,41450.28,50525.9,50525.9,127,12
PHARMA - Z3,CONSULTORIO OPTICA BELLAVISTA E.I.R.L,TRAZIDEX U,1,ENE,187.02,4,Z3,NORTE CHICO,False,False,True,False,40342.0,TRAZIDEX UNGENA 3.5 G,ENERO,1.0,127130.48,135275.35,135275.35,127,14
PHARMA - Z3,CONSULTORIO OPTICA BELLAVISTA E.I.R.L,ZEBESTEN,1,ENE,294.53,6,Z3,NORTE CHICO,False,False,True,False,41604.0,ZEBESTEN 5ML PERU,ENERO,1.0,31496.43,43862.02,43862.02,127,15
PHARMA - Z3,CONSULTORIO OPTICA BELLAVISTA E.I.R.L,AGGLAD,2,FEB,366.84,6,Z3,NORTE CHICO,False,False,True,False,40351.0,AGGLAD OFTENO 5 ML,FEBRERO,0.96716156,31785.06,114546.1364,110784.62,127,0
PHARMA - Z3,CONSULTORIO OPTICA BELLAVISTA E.I.R.L,AQUADRAN,2,FEB,324.0,6,Z3,NORTE CHICO,False,False,True,False,41945.0,AQUADRAN 10G,FEBRERO,1.033824379,13176.0,33810.57818,34954.2,127,1
PHARMA - Z3,CONSULTORIO OPTICA BELLAVISTA E.I.R.L,FLUMETOL NF,2,FEB,245.01,6,Z3,NORTE CHICO,False,False,True,False,40513.0,FLUMETOL NF OFTENO 5ML,FEBRERO,1.285457107,84540.52,101550.4985,130538.81,127,6
PHARMA - Z3,CONSULTORIO OPTICA BELLAVISTA E.I.R.L,LANDAX,2,FEB,932.2,20,Z3,NORTE CHICO,False,False,True,False,41804.0,LANDAX 5ML,FEBRERO,0.765660853,4684.31,21117.7311,16169.02,127,11
PHARMA - Z3,CONSULTORIO OPTICA BELLAVISTA E.I.R.L,SOPHIPREN,2,FEB,1101.1,26,Z3,NORTE CHICO,False,False,True,False,40338.0,SOPHIPREN OFTENO 5 ML,FEBRERO,1.300787434,39394.05,56555.62783,73566.85,127,12
PHARMA - Z3,CONSULTORIO OPTICA BELLAVISTA E.I.R.L,ZEBESTEN,2,FEB,294.53,6,Z3,NORTE CHICO,False,False,True,False,41604.0,ZEBESTEN 5ML PERU,FEBRERO,0.998966691,24271.56,27459.43408,27431.06,127,15
PHARMA - Z3,CONSULTORIO OPTICA BELLAVISTA E.I.R.L,AQUADRAN,3,MAR,324.0,6,Z3,NORTE CHICO,False,False,True,False,41945.0,AQUADRAN 10G,MARZO,1.286810293,13176.0,33810.57818,43507.8,127,1
PHARMA - Z3,CONSULTORIO OPTICA BELLAVISTA E.I.R.L,FLUMETOL NF,3,MAR,326.68,8,Z3,NORTE CHICO,False,False,True,False,40513.0,FLUMETOL NF OFTENO 5ML,MARZO,1.399890715,84540.52,101550.4985,142159.6,127,6
PHARMA - Z3,CONSULTORIO OPTICA BELLAVISTA E.I.R.L,ZEBESTEN,3,MAR,196.35,4,Z3,NORTE CHICO,False,False,True,False,41604.0,ZEBESTEN 5ML PERU,MARZO,1.283372043,24271.56,27459.43408,35240.67,127,15
PHARMA - Z3,CONSULTORIO OPTICA BELLAVISTA E.I.R.L,ELIPTIC PF,4,ABR,212.0,10,Z3,NORTE CHICO,False,False,True,False,41561.0,ELIPTIC OFTENO 5ML PF PERU,ABRIL,0.502083754,28406.63,74583.69182,37447.26,127,5
PHARMA - Z3,CONSULTORIO OPTICA BELLAVISTA E.I.R.L,FLUMETOL NF,4,ABR,327.0,8,Z3,NORTE CHICO,False,False,True,False,40513.0,FLUMETOL NF OFTENO 5ML,ABRIL,1.22328994,97096.28,107397.8095,131378.66,127,6
PHARMA - Z3,CONSULTORIO OPTICA BELLAVISTA E.I.R.L,ZEBESTEN,4,ABR,295.0,6,Z3,NORTE CHICO,False,False,True,False,41604.0,ZEBESTEN 5ML PERU,ABRIL,1.062586642,26953.56,29060.89609,30879.72,127,15
PHARMA - Z3,CONSULTORIO OPTICA BELLAVISTA E.I.R.L,AQUADRAN,6,JUN,324.0,6,Z3,NORTE CHICO,False,False,True,False,41945.0,AQUADRAN 10G,JUNIO,0.329694376,15957.0,35738.51318,47521.3,127,1
PHARMA - Z3,CONSULTORIO OPTICA BELLAVISTA E.I.R.L,ELIPTIC PF,6,JUN,170.0,8,Z3,NORTE CHICO,False,False,True,False,41561.0,ELIPTIC OFTENO 5ML PF PERU,JUNIO,-0.431896719,12781.68,74583.69182,42371.24,127,5
PHARMA - Z3,CONSULTORIO OPTICA BELLAVISTA E.I.R.L,FLUMETOL NF,6,JUN,245.0,6,Z3,NORTE CHICO,False,False,True,False,40513.0,FLUMETOL NF OFTENO 5ML,JUNIO,0.071788154,87288.94,107397.8095,115107.7,127,6
PHARMA - Z3,CONSULTORIO OPTICA BELLAVISTA E.I.R.L,GAAP PF,6,JUN,216.0,4,Z3,NORTE CHICO,False,False,True,False,41567.0,GAAP OFTENO LIBRE DE CONSER PF 3 ML PERU,JUNIO,-0.151410313,75783.27,97315.99528,82581.35,127,8
PHARMA - Z3,CONSULTORIO OPTICA BELLAVISTA E.I.R.L,LANDAX,6,JUN,0.0,26,Z3,NORTE CHICO,False,False,True,True,41804.0,LANDAX 5ML,JUNIO,-0.340308868,5574.56,22304.8625,14714.32,127,11
PHARMA - Z3,CONSULTORIO OPTICA BELLAVISTA E.I.R.L,SOPHIPREN,6,JUN,0.0,26,Z3,NORTE CHICO,False,False,True,True,40338.0,SOPHIPREN OFTENO 5 ML,JUNIO,0.072135193,48676.87,59671.10342,63975.49,127,12
PHARMA - Z3,CONSULTORIO OPTICA BELLAVISTA E.I.R.L,TRAZIDEX U,6,JUN,234.0,5,Z3,NORTE CHICO,False,False,True,False,40342.0,TRAZIDEX UNGENA 3.5 G,JUNIO,-0.144707451,114383.92,156358.3363,133732.12,127,14
PHARMA - Z3,CONSULTORIO OPTICA BELLAVISTA E.I.R.L,ZEBESTEN,6,JUN,393.0,8,Z3,NORTE CHICO,False,False,True,False,41604.0,ZEBESTEN 5ML PERU,JUNIO,0.156870039,15690.19,29060.89609,33619.68,127,15
PHARMA - Z3,CONSULTORIOS OFTALMOLOGICOS DEL PERU S.A.C.,LAGRICEL PF,1,ENE,1175.86,30,Z3,NORTE CHICO,False,False,True,False,41582.0,LAGRICEL OFTENO LIBRE DE CONSERVADORES (PF) 10 ML,ENERO,1.0,241357.65,244552.3,244552.3,128,10
PHARMA - Z3,CONSULTORIOS OFTALMOLOGICOS DEL PERU S.A.C.,TRAZIDEX U,1,ENE,420.8,10,Z3,NORTE CHICO,False,False,True,False,40342.0,TRAZIDEX UNGENA 3.5 G,ENERO,1.0,127130.48,135275.35,135275.35,128,14
PHARMA - Z3,CONSULTORIOS OFTALMOLOGICOS DEL PERU S.A.C.,FLUMETOL NF,2,FEB,735.03,20,Z3,NORTE CHICO,False,False,True,False,40513.0,FLUMETOL NF OFTENO 5ML,FEBRERO,1.285457107,84540.52,101550.4985,130538.81,128,6
PHARMA - Z3,CONSULTORIOS OFTALMOLOGICOS DEL PERU S.A.C.,TRAZIDEX U,2,FEB,1262.39,30,Z3,NORTE CHICO,False,False,True,False,40342.0,TRAZIDEX UNGENA 3.5 G,FEBRERO,0.737379291,111697.65,148184.091,109267.88,128,14
PHARMA - Z3,CONSULTORIOS OFTALMOLOGICOS DEL PERU S.A.C.,AQUADRAN,5,MAY,972.0,20,Z3,NORTE CHICO,False,False,True,False,41945.0,AQUADRAN 10G,MAYO,1.308504351,13786.2,35738.51318,46764.0,128,1
PHARMA - Z3,CONSULTORIOS OFTALMOLOGICOS DEL PERU S.A.C.,FLUMETOL NF,5,MAY,551.0,15,Z3,NORTE CHICO,False,False,True,False,40513.0,FLUMETOL NF OFTENO 5ML,MAYO,1.182290501,84208.66,107397.8095,126975.41,128,6
PHARMA - Z3,CONSULTORIOS OFTALMOLOGICOS DEL PERU S.A.C.,TRAZIDEX U,5,MAY,0.0,30,Z3,NORTE CHICO,False,False,True,True,40342.0,TRAZIDEX UNGENA 3.5 G,MAYO,0.799544258,131001.94,156358.3363,125015.41,128,14
PHARMA - Z1,CORPORACION IBEROAMERICANA DE SALUD E.I.R.L.,LAGRICEL PF,2,FEB,1226.99,18,Z1,LIMA,False,False,True,False,41582.0,LAGRICEL OFTENO LIBRE DE CONSERVADORES (PF) 10 ML,FEBRERO,1.01762066,244371.43,248182.4906,252555.63,129,10
PHARMA - Z1,CORPORACION IBEROAMERICANA DE SALUD E.I.R.L.,LAGRICEL PF,4,ABR,818.0,12,Z1,LIMA,False,False,True,False,41582.0,LAGRICEL OFTENO LIBRE DE CONSERVADORES (PF) 10 ML,ABRIL,1.234011277,222585.45,261957.3873,323258.37,129,10
PHARMA - Z1,CORPORACION IBEROAMERICANA DE SALUD E.I.R.L.,LAGRICEL PF,5,MAY,0.0,24,Z1,LIMA,False,False,True,True,41582.0,LAGRICEL OFTENO LIBRE DE CONSERVADORES (PF) 10 ML,MAYO,0.852391423,198666.14,261957.3873,223290.23,129,10
PHARMA - Z1,CORPORACION PHARMA FABIAN S.A.C.,AGGLAD,2,FEB,67.25,1,Z1,LIMA,False,False,True,False,40351.0,AGGLAD OFTENO 5 ML,FEBRERO,0.96716156,31785.06,114546.1364,110784.62,130,0
PHARMA - Z1,CORPORACION PHARMA FABIAN S.A.C.,FLUMETOL NF,2,FEB,106.17,2,Z1,LIMA,False,False,True,False,40513.0,FLUMETOL NF OFTENO 5ML,FEBRERO,1.285457107,84540.52,101550.4985,130538.81,130,6
PHARMA - Z1,CORPORACION PHARMA FABIAN S.A.C.,LAGRICEL PF,2,FEB,73.85,1,Z1,LIMA,False,False,True,False,41582.0,LAGRICEL OFTENO LIBRE DE CONSERVADORES (PF) 10 ML,FEBRERO,1.01762066,244371.43,248182.4906,252555.63,130,10
PHARMA - Z1,CORPORACION PHARMA FABIAN S.A.C.,TRAZIDEX O,2,FEB,60.2,1,Z1,LIMA,False,False,True,False,40341.0,TRAZIDEX OFTENO 5 ML.,FEBRERO,0.868398954,99642.69,95524.58531,82953.45,130,13
PHARMA - Z1,CORPORACION PHARMA FABIAN S.A.C.,FLUMETOL NF,3,MAR,265.43,5,Z1,LIMA,False,False,True,False,40513.0,FLUMETOL NF OFTENO 5ML,MARZO,1.399890715,84540.52,101550.4985,142159.6,130,6
PHARMA - Z1,CORPORACION PHARMA FABIAN S.A.C.,GAAP,3,MAR,113.79,1,Z1,LIMA,False,False,True,False,40498.0,GAAP OFTENO 3 ML,MARZO,0.701456825,85355.44,97172.18164,68162.09,130,7
PHARMA - Z1,CORPORACION PHARMA FABIAN S.A.C.,LAGRICEL PF,3,MAR,147.69,2,Z1,LIMA,False,False,True,False,41582.0,LAGRICEL OFTENO LIBRE DE CONSERVADORES (PF) 10 ML,MARZO,1.041573922,244371.43,248182.4906,258500.41,130,10
PHARMA - Z1,CORPORACION PHARMA FABIAN S.A.C.,SOPHIPREN,3,MAR,110.11,2,Z1,LIMA,False,False,True,False,40338.0,SOPHIPREN OFTENO 5 ML,MARZO,1.018181783,39394.05,56555.62783,57583.91,130,12
PHARMA - Z1,CORPORACION PHARMA FABIAN S.A.C.,TRAZIDEX O,3,MAR,120.39,2,Z1,LIMA,False,False,True,False,40341.0,TRAZIDEX OFTENO 5 ML.,MARZO,0.841410928,99642.69,95524.58531,80375.43,130,13
PHARMA - Z1,CORPORACION PHARMA FABIAN S.A.C.,TRAZIDEX U,3,MAR,60.78,1,Z1,LIMA,False,False,True,False,40342.0,TRAZIDEX UNGENA 3.5 G,MARZO,0.890660186,111697.65,148184.091,131981.67,130,14
PHARMA - Z1,CORPORACION SURCO SALUD E.I.R.L.,AQUADRAN,1,ENE,1080.0,20,Z1,LIMA,False,False,True,False,41945.0,AQUADRAN 10G,ENERO,1.0,3348.0,44517.6,44517.6,131,1
PHARMA - Z1,CORPORACION SURCO SALUD E.I.R.L.,LAGRICEL PF,1,ENE,1533.74,30,Z1,LIMA,False,False,True,False,41582.0,LAGRICEL OFTENO LIBRE DE CONSERVADORES (PF) 10 ML,ENERO,1.0,241357.65,244552.3,244552.3,131,10
PHARMA - Z1,CORPORACION SURCO SALUD E.I.R.L.,LANDAX,1,ENE,2097.45,50,Z1,LIMA,False,False,True,False,41804.0,LANDAX 5ML,ENERO,1.0,2843.21,23761.78,23761.78,131,11
PHARMA - Z1,CORPORACION SURCO SALUD E.I.R.L.,TRAZIDEX O,1,ENE,2546.78,50,Z1,LIMA,False,False,True,False,40341.0,TRAZIDEX OFTENO 5 ML.,ENERO,1.0,107782.12,170736.47,170736.47,131,13
PHARMA - Z1,CORPORACION SURCO SALUD E.I.R.L.,TRAZIDEX U,1,ENE,1542.92,30,Z1,LIMA,False,False,True,False,40342.0,TRAZIDEX UNGENA 3.5 G,ENERO,1.0,127130.48,135275.35,135275.35,131,14
PHARMA - Z1,CORPORACION SURCO SALUD E.I.R.L.,AQUADRAN,2,FEB,1350.0,25,Z1,LIMA,False,False,True,False,41945.0,AQUADRAN 10G,FEBRERO,1.033824379,13176.0,33810.57818,34954.2,131,1
PHARMA - Z1,CORPORACION SURCO SALUD E.I.R.L.,LAGRICEL PF,2,FEB,1533.74,30,Z1,LIMA,False,False,True,False,41582.0,LAGRICEL OFTENO LIBRE DE CONSERVADORES (PF) 10 ML,FEBRERO,1.01762066,244371.43,248182.4906,252555.63,131,10
PHARMA - Z1,CORPORACION SURCO SALUD E.I.R.L.,AQUADRAN,4,ABR,0.0,40,Z1,LIMA,False,False,True,True,41945.0,AQUADRAN 10G,ABRIL,1.367885669,18754.2,35738.51318,48886.2,131,1
PHARMA - Z1,CORPORACION SURCO SALUD E.I.R.L.,LAGRICEL PF,4,ABR,0.0,50,Z1,LIMA,False,False,True,True,41582.0,LAGRICEL OFTENO LIBRE DE CONSERVADORES (PF) 10 ML,ABRIL,1.234011277,222585.45,261957.3873,323258.37,131,10
PHARMA - Z1,CORPORACION SURCO SALUD E.I.R.L.,LANDAX,4,ABR,0.0,50,Z1,LIMA,False,False,True,True,41804.0,LANDAX 5ML,ABRIL,0.967730243,9326.66,22304.8625,21585.09,131,11
PHARMA - Z1,CORPORACION SURCO SALUD E.I.R.L.,TRAZIDEX U,4,ABR,0.0,30,Z1,LIMA,False,False,True,True,40342.0,TRAZIDEX UNGENA 3.5 G,ABRIL,0.810349246,131494.88,156358.3363,126704.86,131,14
PHARMA - Z3,CORPORACIONES R & M FARMA S.A.C.,FLUMETOL NF,3,MAR,81.67,2,Z3,NORTE CHICO,False,False,True,False,40513.0,FLUMETOL NF OFTENO 5ML,MARZO,1.399890715,84540.52,101550.4985,142159.6,132,6
PHARMA - Z3,CORPORACIONES R & M FARMA S.A.C.,LAGRICEL PF,3,MAR,170.42,3,Z3,NORTE CHICO,False,False,True,False,41582.0,LAGRICEL OFTENO LIBRE DE CONSERVADORES (PF) 10 ML,MARZO,1.041573922,244371.43,248182.4906,258500.41,132,10
PHARMA - Z3,CORPORACIONES R & M FARMA S.A.C.,TRAZIDEX O,3,MAR,92.61,2,Z3,NORTE CHICO,False,False,True,False,40341.0,TRAZIDEX OFTENO 5 ML.,MARZO,0.841410928,99642.69,95524.58531,80375.43,132,13
PHARMA - Z3,CORPORACIONES R & M FARMA S.A.C.,TRAZIDEX U,3,MAR,93.51,2,Z3,NORTE CHICO,False,False,True,False,40342.0,TRAZIDEX UNGENA 3.5 G,MARZO,0.890660186,111697.65,148184.091,131981.67,132,14
PHARMA - Z3,CORRALES SANTOS JOSUE SOCRATES,LAGRICEL PF,4,ABR,477.0,10,Z3,NORTE CHICO,False,False,True,False,41582.0,LAGRICEL OFTENO LIBRE DE CONSERVADORES (PF) 10 ML,ABRIL,1.234011277,222585.45,261957.3873,323258.37,133,10
PHARMA - Z3,CORRALES SANTOS JOSUE SOCRATES,TRAZIDEX O,4,ABR,463.0,10,Z3,NORTE CHICO,False,False,True,False,40341.0,TRAZIDEX OFTENO 5 ML.,ABRIL,0.966120714,91975.94,101185.0264,97756.95,133,13
PHARMA - Z2,CUIDA DIGITAL S.A.C.,AGGLAD,1,ENE,10051.41,137,Z2,CALLAO,False,False,True,False,40351.0,AGGLAD OFTENO 5 ML,ENERO,1.0,22534.35,110094.81,110094.81,134,0
PHARMA - Z2,CUIDA DIGITAL S.A.C.,ELIPTIC,1,ENE,3932.04,62,Z2,CALLAO,False,False,True,False,41076.0,ELIPTIC OFTENO 5ML,ENERO,1.0,1539.11,12243.87,12243.87,134,4
PHARMA - Z2,CUIDA DIGITAL S.A.C.,ELIPTIC PF,1,ENE,2377.65,52,Z2,CALLAO,False,False,True,False,41561.0,ELIPTIC OFTENO 5ML PF PERU,ENERO,1.0,16201.95,62857.68,62857.68,134,5
PHARMA - Z2,CUIDA DIGITAL S.A.C.,FLUMETOL NF,1,ENE,588.02,12,Z2,CALLAO,False,False,True,False,40513.0,FLUMETOL NF OFTENO 5ML,ENERO,1.0,106644.0,144656.97,144656.97,134,6
PHARMA - Z2,CUIDA DIGITAL S.A.C.,GAAP,1,ENE,28902.4,254,Z2,CALLAO,False,False,True,False,40498.0,GAAP OFTENO 3 ML,ENERO,1.0,101352.36,99775.16,99775.16,134,7
PHARMA - Z2,CUIDA DIGITAL S.A.C.,GAAP PF,1,ENE,14958.52,122,Z2,CALLAO,False,False,True,False,41567.0,GAAP OFTENO LIBRE DE CONSER PF 3 ML PERU,ENERO,1.0,67726.3,99013.28,99013.28,134,8
PHARMA - Z2,CUIDA DIGITAL S.A.C.,LAGRICEL,1,ENE,2128.88,32,Z2,CALLAO,False,False,True,False,40515.0,LAGRICEL OFTENO 0.5 ML,ENERO,1.0,154236.51,132452.04,132452.04,134,9
PHARMA - Z2,CUIDA DIGITAL S.A.C.,LAGRICEL PF,1,ENE,4403.53,57,Z2,CALLAO,False,False,True,False,41582.0,LAGRICEL OFTENO LIBRE DE CONSERVADORES (PF) 10 ML,ENERO,1.0,241357.65,244552.3,244552.3,134,10
PHARMA - Z2,CUIDA DIGITAL S.A.C.,SOPHIPREN,1,ENE,609.84,12,Z2,CALLAO,False,False,True,False,40338.0,SOPHIPREN OFTENO 5 ML,ENERO,1.0,41450.28,50525.9,50525.9,134,12
PHARMA - Z2,CUIDA DIGITAL S.A.C.,TRAZIDEX O,1,ENE,764.03,15,Z2,CALLAO,False,False,True,False,40341.0,TRAZIDEX OFTENO 5 ML.,ENERO,1.0,107782.12,170736.47,170736.47,134,13
PHARMA - Z2,CUIDA DIGITAL S.A.C.,TRAZIDEX U,1,ENE,729.38,13,Z2,CALLAO,False,False,True,False,40342.0,TRAZIDEX UNGENA 3.5 G,ENERO,1.0,127130.48,135275.35,135275.35,134,14
PHARMA - Z2,CUIDA DIGITAL S.A.C.,ZEBESTEN,1,ENE,522.11,9,Z2,CALLAO,False,False,True,False,41604.0,ZEBESTEN 5ML PERU,ENERO,1.0,31496.43,43862.02,43862.02,134,15
PHARMA - Z2,CUIDA DIGITAL S.A.C.,AGGLAD,2,FEB,12912.77,176,Z2,CALLAO,False,False,True,False,40351.0,AGGLAD OFTENO 5 ML,FEBRERO,0.96716156,31785.06,114546.1364,110784.62,134,0
PHARMA - Z2,CUIDA DIGITAL S.A.C.,AQUADRAN,2,FEB,453.6,6,Z2,CALLAO,False,False,True,False,41945.0,AQUADRAN 10G,FEBRERO,1.033824379,13176.0,33810.57818,34954.2,134,1
PHARMA - Z2,CUIDA DIGITAL S.A.C.,ELIPTIC,2,FEB,6595.68,104,Z2,CALLAO,False,False,True,False,41076.0,ELIPTIC OFTENO 5ML,FEBRERO,0.601609541,3462.73,37097.88238,22318.44,134,4
PHARMA - Z2,CUIDA DIGITAL S.A.C.,ELIPTIC PF,2,FEB,2194.75,48,Z2,CALLAO,False,False,True,False,41561.0,ELIPTIC OFTENO 5ML PF PERU,FEBRERO,0.876631233,16081.78,70691.40098,61970.29,134,5
PHARMA - Z2,CUIDA DIGITAL S.A.C.,GAAP,2,FEB,22075.07,194,Z2,CALLAO,False,False,True,False,40498.0,GAAP OFTENO 3 ML,FEBRERO,0.873555976,85355.44,97172.18164,84885.34,134,7
PHARMA - Z2,CUIDA DIGITAL S.A.C.,GAAP PF,2,FEB,7356.64,60,Z2,CALLAO,False,False,True,False,41567.0,GAAP OFTENO LIBRE DE CONSER PF 3 ML PERU,FEBRERO,0.820494884,80205.04,92164.06035,75620.14,134,8
PHARMA - Z2,CUIDA DIGITAL S.A.C.,LAGRICEL,2,FEB,4656.92,70,Z2,CALLAO,False,False,True,False,40515.0,LAGRICEL OFTENO 0.5 ML,FEBRERO,0.970823097,194840.09,165898.7416,161058.33,134,9
PHARMA - Z2,CUIDA DIGITAL S.A.C.,LAGRICEL PF,2,FEB,7725.48,100,Z2,CALLAO,False,False,True,False,41582.0,LAGRICEL OFTENO LIBRE DE CONSERVADORES (PF) 10 ML,FEBRERO,1.01762066,244371.43,248182.4906,252555.63,134,10
PHARMA - Z2,CUIDA DIGITAL S.A.C.,AGGLAD,3,MAR,10858.46,148,Z2,CALLAO,False,False,True,False,40351.0,AGGLAD OFTENO 5 ML,MARZO,0.708033745,31785.06,114546.1364,81102.53,134,0
PHARMA - Z2,CUIDA DIGITAL S.A.C.,AQUADRAN,3,MAR,1058.4,14,Z2,CALLAO,False,False,True,False,41945.0,AQUADRAN 10G,MARZO,1.286810293,13176.0,33810.57818,43507.8,134,1
PHARMA - Z2,CUIDA DIGITAL S.A.C.,ELIPTIC,3,MAR,5644.38,89,Z2,CALLAO,False,False,True,False,41076.0,ELIPTIC OFTENO 5ML,MARZO,0.61397952,3462.73,37097.88238,22777.34,134,4
PHARMA - Z2,CUIDA DIGITAL S.A.C.,ELIPTIC PF,3,MAR,2103.3,46,Z2,CALLAO,False,False,True,False,41561.0,ELIPTIC OFTENO 5ML PF PERU,MARZO,0.543724406,16081.78,70691.40098,38436.64,134,5
PHARMA - Z2,CUIDA DIGITAL S.A.C.,FLUMETOL NF,3,MAR,245.01,5,Z2,CALLAO,False,False,True,False,40513.0,FLUMETOL NF OFTENO 5ML,MARZO,1.399890715,84540.52,101550.4985,142159.6,134,6
PHARMA - Z2,CUIDA DIGITAL S.A.C.,GAAP,3,MAR,9558.28,84,Z2,CALLAO,False,False,True,False,40498.0,GAAP OFTENO 3 ML,MARZO,0.701456825,85355.44,97172.18164,68162.09,134,7
PHARMA - Z2,CUIDA DIGITAL S.A.C.,GAAP PF,3,MAR,12751.52,104,Z2,CALLAO,False,False,True,False,41567.0,GAAP OFTENO LIBRE DE CONSER PF 3 ML PERU,MARZO,0.894697886,80205.04,92164.06035,82458.99,134,8
PHARMA - Z2,CUIDA DIGITAL S.A.C.,LAGRICEL,3,MAR,27076.87,407,Z2,CALLAO,False,False,True,False,40515.0,LAGRICEL OFTENO 0.5 ML,MARZO,1.138987362,194840.09,165898.7416,188956.57,134,9
PHARMA - Z2,CUIDA DIGITAL S.A.C.,LAGRICEL PF,3,MAR,22558.4,292,Z2,CALLAO,False,False,True,False,41582.0,LAGRICEL OFTENO LIBRE DE CONSERVADORES (PF) 10 ML,MARZO,1.041573922,244371.43,248182.4906,258500.41,134,10
PHARMA - Z2,CUIDA DIGITAL S.A.C.,TRAZIDEX U,3,MAR,280.55,5,Z2,CALLAO,False,False,True,False,40342.0,TRAZIDEX UNGENA 3.5 G,MARZO,0.890660186,111697.65,148184.091,131981.67,134,14
PHARMA - Z2,CUIDA DIGITAL S.A.C.,AGGLAD,4,ABR,0.0,28,Z2,CALLAO,False,False,True,True,40351.0,AGGLAD OFTENO 5 ML,ABRIL,0.757043269,24635.46,120891.2407,91519.9,134,0
PHARMA - Z2,CUIDA DIGITAL S.A.C.,ELIPTIC,4,ABR,634.0,10,Z2,CALLAO,False,False,True,False,41076.0,ELIPTIC OFTENO 5ML,ABRIL,0.367779928,4871.41,39043.81097,14359.53,134,4
PHARMA - Z2,CUIDA DIGITAL S.A.C.,ELIPTIC PF,4,ABR,457.0,10,Z2,CALLAO,False,False,True,False,41561.0,ELIPTIC OFTENO 5ML PF PERU,ABRIL,0.502083754,28406.63,74583.69182,37447.26,134,5
PHARMA - Z2,CUIDA DIGITAL S.A.C.,FLUMETOL NF,4,ABR,392.0,8,Z2,CALLAO,False,False,True,False,40513.0,FLUMETOL NF OFTENO 5ML,ABRIL,1.22328994,97096.28,107397.8095,131378.66,134,6
PHARMA - Z2,CUIDA DIGITAL S.A.C.,GAAP,4,ABR,0.0,10,Z2,CALLAO,False,False,True,True,40498.0,GAAP OFTENO 3 ML,ABRIL,0.475712047,79645.31,102582.687,48799.82,134,7
PHARMA - Z2,CUIDA DIGITAL S.A.C.,AGGLAD,5,MAY,440.0,6,Z2,CALLAO,False,False,True,False,40351.0,AGGLAD OFTENO 5 ML,MAYO,0.670022241,26193.67,120891.2407,80999.82,134,0
PHARMA - Z2,CUIDA DIGITAL S.A.C.,ELIPTIC PF,5,MAY,229.0,5,Z2,CALLAO,False,False,True,False,41561.0,ELIPTIC OFTENO 5ML PF PERU,MAYO,0.635068724,11669.87,74583.69182,47365.77,134,5
PHARMA - Z2,CUIDA DIGITAL S.A.C.,FLUMETOL NF,5,MAY,147.0,3,Z2,CALLAO,False,False,True,False,40513.0,FLUMETOL NF OFTENO 5ML,MAYO,1.182290501,84208.66,107397.8095,126975.41,134,6
PHARMA - Z2,CUIDA DIGITAL S.A.C.,AGGLAD,6,JUN,0.0,182,Z2,CALLAO,False,False,True,True,40351.0,AGGLAD OFTENO 5 ML,JUNIO,-0.235301917,20271.95,120891.2407,92445.3,134,0
PHARMA - Z2,CUIDA DIGITAL S.A.C.,ELIPTIC,6,JUN,0.0,73,Z2,CALLAO,False,False,True,True,41076.0,ELIPTIC OFTENO 5ML,JUNIO,-0.521091319,5789.48,39043.81097,18698.42,134,4
PHARMA - Z2,CUIDA DIGITAL S.A.C.,ELIPTIC PF,6,JUN,0.0,25,Z2,CALLAO,False,False,True,True,41561.0,ELIPTIC OFTENO 5ML PF PERU,JUNIO,-0.431896719,12781.68,74583.69182,42371.24,134,5
PHARMA - Z2,CUIDA DIGITAL S.A.C.,FLUMETOL NF,6,JUN,588.0,12,Z2,CALLAO,False,False,True,False,40513.0,FLUMETOL NF OFTENO 5ML,JUNIO,0.071788154,87288.94,107397.8095,115107.7,134,6
PHARMA - Z2,CUIDA DIGITAL S.A.C.,GAAP,6,JUN,0.0,155,Z2,CALLAO,False,False,True,True,40498.0,GAAP OFTENO 3 ML,JUNIO,-0.271295457,79907.03,102582.687,74752.47,134,7
PHARMA - Z2,CUIDA DIGITAL S.A.C.,GAAP PF,6,JUN,0.0,84,Z2,CALLAO,False,False,True,True,41567.0,GAAP OFTENO LIBRE DE CONSER PF 3 ML PERU,JUNIO,-0.151410313,75783.27,97315.99528,82581.35,134,8
PHARMA - Z2,CUIDA DIGITAL S.A.C.,LAGRICEL,6,JUN,0.0,119,Z2,CALLAO,False,False,True,True,40515.0,LAGRICEL OFTENO 0.5 ML,JUNIO,-0.157973323,129483.27,174961.4402,147322.2,134,9
PHARMA - Z2,CUIDA DIGITAL S.A.C.,LAGRICEL PF,6,JUN,0.0,65,Z2,CALLAO,False,False,True,True,41582.0,LAGRICEL OFTENO LIBRE DE CONSERVADORES (PF) 10 ML,JUNIO,-0.085958779,182516.9,261957.3873,239439.85,134,10
PHARMA - Z2,CUIDA DIGITAL S.A.C.,ZEBESTEN,6,JUN,174.0,3,Z2,CALLAO,False,False,True,False,41604.0,ZEBESTEN 5ML PERU,JUNIO,0.156870039,15690.19,29060.89609,33619.68,134,15
PHARMA - N1,DAFER VISION E.I.R.L.,TRAZIDEX O,1,ENE,1528.07,30,N1,CHICLAYO,False,False,True,False,40341.0,TRAZIDEX OFTENO 5 ML.,ENERO,1.0,107782.12,170736.47,170736.47,135,13
PHARMA - N1,DAFER VISION E.I.R.L.,AGGLAD,2,FEB,1100.52,20,N1,CHICLAYO,False,False,True,False,40351.0,AGGLAD OFTENO 5 ML,FEBRERO,0.96716156,31785.06,114546.1364,110784.62,135,0
PHARMA - N1,DAFER VISION E.I.R.L.,ELIPTIC PF,2,FEB,679.33,20,N1,CHICLAYO,False,False,True,False,41561.0,ELIPTIC OFTENO 5ML PF PERU,FEBRERO,0.876631233,16081.78,70691.40098,61970.29,135,5
PHARMA - N1,DAFER VISION E.I.R.L.,LAGRICEL PF,2,FEB,954.32,20,N1,CHICLAYO,False,False,True,False,41582.0,LAGRICEL OFTENO LIBRE DE CONSERVADORES (PF) 10 ML,FEBRERO,1.01762066,244371.43,248182.4906,252555.63,135,10
PHARMA - N1,DAFER VISION E.I.R.L.,TRAZIDEX O,2,FEB,1528.07,30,N1,CHICLAYO,False,False,True,False,40341.0,TRAZIDEX OFTENO 5 ML.,FEBRERO,0.868398954,99642.69,95524.58531,82953.45,135,13
PHARMA - N1,DAFER VISION E.I.R.L.,TRAZIDEX O,4,ABR,0.0,30,N1,CHICLAYO,False,False,True,True,40341.0,TRAZIDEX OFTENO 5 ML.,ABRIL,0.966120714,91975.94,101185.0264,97756.95,135,13
PHARMA - N1,DAFER VISION E.I.R.L.,TRAZIDEX U,4,ABR,514.0,10,N1,CHICLAYO,False,False,True,False,40342.0,TRAZIDEX UNGENA 3.5 G,ABRIL,0.810349246,131494.88,156358.3363,126704.86,135,14
PHARMA - N1,DAFER VISION E.I.R.L.,AQUADRAN,5,MAY,540.0,10,N1,CHICLAYO,False,False,True,False,41945.0,AQUADRAN 10G,MAYO,1.308504351,13786.2,35738.51318,46764.0,135,1
PHARMA - N1,DAFER VISION E.I.R.L.,DUSTALOX,5,MAY,677.0,15,N1,CHICLAYO,False,False,True,False,41121.0,DUSTALOX 5ML,MAYO,0.508953586,12191.14,11675.36719,5942.22,135,2
PHARMA - N1,DAFER VISION E.I.R.L.,FLUMETOL NF,5,MAY,898.0,20,N1,CHICLAYO,False,False,True,False,40513.0,FLUMETOL NF OFTENO 5ML,MAYO,1.182290501,84208.66,107397.8095,126975.41,135,6
PHARMA - N1,DAFER VISION E.I.R.L.,LAGRICEL PF,5,MAY,477.0,10,N1,CHICLAYO,False,False,True,False,41582.0,LAGRICEL OFTENO LIBRE DE CONSERVADORES (PF) 10 ML,MAYO,0.852391423,198666.14,261957.3873,223290.23,135,10
PHARMA - N1,DAFER VISION E.I.R.L.,TRAZIDEX O,5,MAY,0.0,20,N1,CHICLAYO,False,False,True,True,40341.0,TRAZIDEX OFTENO 5 ML.,MAYO,0.725790194,64098.19,101185.0264,73439.1,135,13
PHARMA - N1,DAFER VISION E.I.R.L.,AQUADRAN,6,JUN,0.0,20,N1,CHICLAYO,False,False,True,True,41945.0,AQUADRAN 10G,JUNIO,0.329694376,15957.0,35738.51318,47521.3,135,1
PHARMA - N1,DAFER VISION E.I.R.L.,FLUMETOL NF,6,JUN,539.0,12,N1,CHICLAYO,False,False,True,False,40513.0,FLUMETOL NF OFTENO 5ML,JUNIO,0.071788154,87288.94,107397.8095,115107.7,135,6
PHARMA - N1,DAFER VISION E.I.R.L.,LAGRICEL PF,6,JUN,954.0,20,N1,CHICLAYO,False,False,True,False,41582.0,LAGRICEL OFTENO LIBRE DE CONSERVADORES (PF) 10 ML,JUNIO,-0.085958779,182516.9,261957.3873,239439.85,135,10
PHARMA - N1,DAFER VISION E.I.R.L.,TRAZIDEX O,6,JUN,0.0,20,N1,CHICLAYO,False,False,True,True,40341.0,TRAZIDEX OFTENO 5 ML.,JUNIO,-0.192738462,70697.29,101185.0264,81682.78,135,13
PHARMA - N1,DAFER VISION E.I.R.L.,TRAZIDEX U,6,JUN,0.0,20,N1,CHICLAYO,False,False,True,True,40342.0,TRAZIDEX UNGENA 3.5 G,JUNIO,-0.144707451,114383.92,156358.3363,133732.12,135,14
PHARMA - Z1,DELGADILLO MURIEL DAVID,ELAR-B,7,JUL,575.0,10,Z1,LIMA,False,False,True,False,42098.0,ELAR-B 5 ML,JULIO,-0.748065157,0.0,26863.09645,6767.75,136,3
PHARMA - Z1,DELGADILLO MURIEL DAVID,LAGRICEL PF,7,JUL,477.0,10,Z1,LIMA,False,False,True,False,41582.0,LAGRICEL OFTENO LIBRE DE CONSERVADORES (PF) 10 ML,JULIO,-0.871300153,205886.66,289507.1807,37259.53,136,10
PHARMA - Z1,DELGADILLO MURIEL DAVID,TRAZIDEX U,7,JUL,468.0,10,Z1,LIMA,False,False,True,False,40342.0,TRAZIDEX UNGENA 3.5 G,JULIO,-0.835453002,134186.98,172706.827,28418.39,136,14
PHARMA - Z3,DERMATOLOGICA PERU E.I.R.L.,LAGRICEL PF,1,ENE,568.05,10,Z3,NORTE CHICO,False,False,True,False,41582.0,LAGRICEL OFTENO LIBRE DE CONSERVADORES (PF) 10 ML,ENERO,1.0,241357.65,244552.3,244552.3,137,10
PHARMA - Z3,DERMATOLOGICA PERU E.I.R.L.,TRAZIDEX O,1,ENE,1111.32,24,Z3,NORTE CHICO,False,False,True,False,40341.0,TRAZIDEX OFTENO 5 ML.,ENERO,1.0,107782.12,170736.47,170736.47,137,13
PHARMA - Z3,DERMATOLOGICA PERU E.I.R.L.,TRAZIDEX U,1,ENE,561.06,12,Z3,NORTE CHICO,False,False,True,False,40342.0,TRAZIDEX UNGENA 3.5 G,ENERO,1.0,127130.48,135275.35,135275.35,137,14
PHARMA - Z3,DERMATOLOGICA PERU E.I.R.L.,LAGRICEL PF,2,FEB,1363.32,24,Z3,NORTE CHICO,False,False,True,False,41582.0,LAGRICEL OFTENO LIBRE DE CONSERVADORES (PF) 10 ML,FEBRERO,1.01762066,244371.43,248182.4906,252555.63,137,10
PHARMA - Z3,DERMATOLOGICA PERU E.I.R.L.,TRAZIDEX O,2,FEB,463.05,10,Z3,NORTE CHICO,False,False,True,False,40341.0,TRAZIDEX OFTENO 5 ML.,FEBRERO,0.868398954,99642.69,95524.58531,82953.45,137,13
PHARMA - Z3,DERMATOLOGICA PERU E.I.R.L.,TRAZIDEX U,2,FEB,935.1,20,Z3,NORTE CHICO,False,False,True,False,40342.0,TRAZIDEX UNGENA 3.5 G,FEBRERO,0.737379291,111697.65,148184.091,109267.88,137,14
PHARMA - Z3,DERMATOLOGICA PERU E.I.R.L.,LAGRICEL PF,3,MAR,1363.32,24,Z3,NORTE CHICO,False,False,True,False,41582.0,LAGRICEL OFTENO LIBRE DE CONSERVADORES (PF) 10 ML,MARZO,1.041573922,244371.43,248182.4906,258500.41,137,10
PHARMA - Z3,DERMATOLOGICA PERU E.I.R.L.,TRAZIDEX U,3,MAR,561.06,12,Z3,NORTE CHICO,False,False,True,False,40342.0,TRAZIDEX UNGENA 3.5 G,MARZO,0.890660186,111697.65,148184.091,131981.67,137,14
PHARMA - Z3,DERMATOLOGICA PERU E.I.R.L.,LAGRICEL PF,4,ABR,682.0,12,Z3,NORTE CHICO,False,False,True,False,41582.0,LAGRICEL OFTENO LIBRE DE CONSERVADORES (PF) 10 ML,ABRIL,1.234011277,222585.45,261957.3873,323258.37,137,10
PHARMA - Z3,DERMATOLOGICA PERU E.I.R.L.,TRAZIDEX O,4,ABR,926.0,20,Z3,NORTE CHICO,False,False,True,False,40341.0,TRAZIDEX OFTENO 5 ML.,ABRIL,0.966120714,91975.94,101185.0264,97756.95,137,13
PHARMA - Z3,DERMATOLOGICA PERU E.I.R.L.,LAGRICEL PF,5,MAY,682.0,12,Z3,NORTE CHICO,False,False,True,False,41582.0,LAGRICEL OFTENO LIBRE DE CONSERVADORES (PF) 10 ML,MAYO,0.852391423,198666.14,261957.3873,223290.23,137,10
PHARMA - Z3,DERMATOLOGICA PERU E.I.R.L.,SOPHIPREN,5,MAY,508.0,12,Z3,NORTE CHICO,False,False,True,False,40338.0,SOPHIPREN OFTENO 5 ML,MAYO,0.947602386,43314.92,59671.10342,56544.48,137,12
PHARMA - Z3,DERMATOLOGICA PERU E.I.R.L.,TRAZIDEX O,5,MAY,556.0,12,Z3,NORTE CHICO,False,False,True,False,40341.0,TRAZIDEX OFTENO 5 ML.,MAYO,0.725790194,64098.19,101185.0264,73439.1,137,13
PHARMA - Z3,DERMATOLOGICA PERU E.I.R.L.,TRAZIDEX U,5,MAY,561.0,12,Z3,NORTE CHICO,False,False,True,False,40342.0,TRAZIDEX UNGENA 3.5 G,MAYO,0.799544258,131001.94,156358.3363,125015.41,137,14
PHARMA - Z3,DERMATOLOGICA PERU E.I.R.L.,LAGRICEL PF,6,JUN,0.0,24,Z3,NORTE CHICO,False,False,True,True,41582.0,LAGRICEL OFTENO LIBRE DE CONSERVADORES (PF) 10 ML,JUNIO,-0.085958779,182516.9,261957.3873,239439.85,137,10
PHARMA - Z3,DERMATOLOGICA PERU E.I.R.L.,TRAZIDEX O,6,JUN,463.0,10,Z3,NORTE CHICO,False,False,True,False,40341.0,TRAZIDEX OFTENO 5 ML.,JUNIO,-0.192738462,70697.29,101185.0264,81682.78,137,13
PHARMA - Z3,DERMATOLOGICA PERU E.I.R.L.,TRAZIDEX U,6,JUN,468.0,10,Z3,NORTE CHICO,False,False,True,False,40342.0,TRAZIDEX UNGENA 3.5 G,JUNIO,-0.144707451,114383.92,156358.3363,133732.12,137,14
PHARMA - Z2,DOCTOR + S.A.C.,AGGLAD,1,ENE,621.19,16,Z2,CALLAO,False,False,True,False,40351.0,AGGLAD OFTENO 5 ML,ENERO,1.0,22534.35,110094.81,110094.81,138,0
PHARMA - Z2,DOCTOR + S.A.C.,ELIPTIC PF,1,ENE,282.18,9,Z2,CALLAO,False,False,True,False,41561.0,ELIPTIC OFTENO 5ML PF PERU,ENERO,1.0,16201.95,62857.68,62857.68,138,5
PHARMA - Z2,DOCTOR + S.A.C.,GAAP,1,ENE,4142.67,71,Z2,CALLAO,False,False,True,False,40498.0,GAAP OFTENO 3 ML,ENERO,1.0,101352.36,99775.16,99775.16,138,7
PHARMA - Z2,DOCTOR + S.A.C.,GAAP PF,1,ENE,1703.93,27,Z2,CALLAO,False,False,True,False,41567.0,GAAP OFTENO LIBRE DE CONSER PF 3 ML PERU,ENERO,1.0,67726.3,99013.28,99013.28,138,8
PHARMA - Z2,DOCTOR + S.A.C.,LAGRICEL,1,ENE,730.78,21,Z2,CALLAO,False,False,True,False,40515.0,LAGRICEL OFTENO 0.5 ML,ENERO,1.0,154236.51,132452.04,132452.04,138,9
PHARMA - Z2,DOCTOR + S.A.C.,LAGRICEL PF,1,ENE,1336.06,35,Z2,CALLAO,False,False,True,False,41582.0,LAGRICEL OFTENO LIBRE DE CONSERVADORES (PF) 10 ML,ENERO,1.0,241357.65,244552.3,244552.3,138,10
PHARMA - Z2,DOCTOR + S.A.C.,ELIPTIC PF,2,FEB,344.89,11,Z2,CALLAO,False,False,True,False,41561.0,ELIPTIC OFTENO 5ML PF PERU,FEBRERO,0.876631233,16081.78,70691.40098,61970.29,138,5
PHARMA - Z2,DOCTOR + S.A.C.,GAAP,2,FEB,2100.51,36,Z2,CALLAO,False,False,True,False,40498.0,GAAP OFTENO 3 ML,FEBRERO,0.873555976,85355.44,97172.18164,84885.34,138,7
PHARMA - Z2,DOCTOR + S.A.C.,GAAP PF,2,FEB,694.19,11,Z2,CALLAO,False,False,True,False,41567.0,GAAP OFTENO LIBRE DE CONSER PF 3 ML PERU,FEBRERO,0.820494884,80205.04,92164.06035,75620.14,138,8
PHARMA - Z2,DOCTOR + S.A.C.,LAGRICEL,2,FEB,869.98,25,Z2,CALLAO,False,False,True,False,40515.0,LAGRICEL OFTENO 0.5 ML,FEBRERO,0.970823097,194840.09,165898.7416,161058.33,138,9
PHARMA - Z2,DOCTOR + S.A.C.,LAGRICEL PF,2,FEB,687.11,18,Z2,CALLAO,False,False,True,False,41582.0,LAGRICEL OFTENO LIBRE DE CONSERVADORES (PF) 10 ML,FEBRERO,1.01762066,244371.43,248182.4906,252555.63,138,10
PHARMA - Z2,DOCTOR + S.A.C.,AGGLAD,3,MAR,465.89,12,Z2,CALLAO,False,False,True,False,40351.0,AGGLAD OFTENO 5 ML,MARZO,0.708033745,31785.06,114546.1364,81102.53,138,0
PHARMA - Z2,DOCTOR + S.A.C.,ELIPTIC PF,3,MAR,235.15,9,Z2,CALLAO,False,False,True,False,41561.0,ELIPTIC OFTENO 5ML PF PERU,MARZO,0.543724406,16081.78,70691.40098,38436.64,138,5
PHARMA - Z2,DOCTOR + S.A.C.,GAAP,3,MAR,952.33,17,Z2,CALLAO,False,False,True,False,40498.0,GAAP OFTENO 3 ML,MARZO,0.701456825,85355.44,97172.18164,68162.09,138,7
PHARMA - Z2,DOCTOR + S.A.C.,LAGRICEL,3,MAR,439.08,13,Z2,CALLAO,False,False,True,False,40515.0,LAGRICEL OFTENO 0.5 ML,MARZO,1.138987362,194840.09,165898.7416,188956.57,138,9
PHARMA - Z2,DOCTOR + S.A.C.,LAGRICEL PF,3,MAR,267.21,7,Z2,CALLAO,False,False,True,False,41582.0,LAGRICEL OFTENO LIBRE DE CONSERVADORES (PF) 10 ML,MARZO,1.041573922,244371.43,248182.4906,258500.41,138,10
PHARMA - Z2,DOCTOR + S.A.C.,AGGLAD,4,ABR,233.0,6,Z2,CALLAO,False,False,True,False,40351.0,AGGLAD OFTENO 5 ML,ABRIL,0.757043269,24635.46,120891.2407,91519.9,138,0
PHARMA - Z2,DOCTOR + S.A.C.,ELIPTIC PF,4,ABR,209.0,8,Z2,CALLAO,False,False,True,False,41561.0,ELIPTIC OFTENO 5ML PF PERU,ABRIL,0.502083754,28406.63,74583.69182,37447.26,138,5
PHARMA - Z2,DOCTOR + S.A.C.,GAAP,4,ABR,0.0,27,Z2,CALLAO,False,False,True,True,40498.0,GAAP OFTENO 3 ML,ABRIL,0.475712047,79645.31,102582.687,48799.82,138,7
PHARMA - Z2,DOCTOR + S.A.C.,GAAP PF,4,ABR,415.0,10,Z2,CALLAO,False,False,True,False,41567.0,GAAP OFTENO LIBRE DE CONSER PF 3 ML PERU,ABRIL,0.580041645,82952.14,97315.99528,56447.33,138,8
PHARMA - Z2,DOCTOR + S.A.C.,LAGRICEL,4,ABR,0.0,75,Z2,CALLAO,False,False,True,True,40515.0,LAGRICEL OFTENO 0.5 ML,ABRIL,0.760754197,152829.6,174961.4402,133102.65,138,9
PHARMA - Z2,DOCTOR + S.A.C.,LAGRICEL PF,4,ABR,873.0,24,Z2,CALLAO,False,False,True,False,41582.0,LAGRICEL OFTENO LIBRE DE CONSERVADORES (PF) 10 ML,ABRIL,1.234011277,222585.45,261957.3873,323258.37,138,10
PHARMA - Z2,DOCTOR + S.A.C.,AGGLAD,5,MAY,854.0,22,Z2,CALLAO,False,False,True,False,40351.0,AGGLAD OFTENO 5 ML,MAYO,0.670022241,26193.67,120891.2407,80999.82,138,0
PHARMA - Z2,DOCTOR + S.A.C.,ELIPTIC PF,5,MAY,366.0,14,Z2,CALLAO,False,False,True,False,41561.0,ELIPTIC OFTENO 5ML PF PERU,MAYO,0.635068724,11669.87,74583.69182,47365.77,138,5
PHARMA - Z2,DOCTOR + S.A.C.,GAAP,5,MAY,0.0,90,Z2,CALLAO,False,False,True,True,40498.0,GAAP OFTENO 3 ML,MAYO,0.567550546,86214.37,102582.687,58220.86,138,7
PHARMA - Z2,DOCTOR + S.A.C.,GAAP PF,5,MAY,0.0,44,Z2,CALLAO,False,False,True,True,41567.0,GAAP OFTENO LIBRE DE CONSER PF 3 ML PERU,MAYO,0.695728383,103158.58,97315.99528,67705.5,138,8
PHARMA - Z2,DOCTOR + S.A.C.,LAGRICEL,5,MAY,946.0,28,Z2,CALLAO,False,False,True,False,40515.0,LAGRICEL OFTENO 0.5 ML,MAYO,0.714118093,158816.35,174961.4402,124943.13,138,9
PHARMA - Z2,DOCTOR + S.A.C.,LAGRICEL PF,5,MAY,0.0,72,Z2,CALLAO,False,False,True,True,41582.0,LAGRICEL OFTENO LIBRE DE CONSERVADORES (PF) 10 ML,MAYO,0.852391423,198666.14,261957.3873,223290.23,138,10
PHARMA - Z2,DOCTOR + S.A.C.,AGGLAD,6,JUN,0.0,27,Z2,CALLAO,False,False,True,True,40351.0,AGGLAD OFTENO 5 ML,JUNIO,-0.235301917,20271.95,120891.2407,92445.3,138,0
PHARMA - Z2,DOCTOR + S.A.C.,ELIPTIC PF,6,JUN,78.0,3,Z2,CALLAO,False,False,True,False,41561.0,ELIPTIC OFTENO 5ML PF PERU,JUNIO,-0.431896719,12781.68,74583.69182,42371.24,138,5
PHARMA - Z2,DOCTOR + S.A.C.,GAAP PF,6,JUN,124.0,3,Z2,CALLAO,False,False,True,False,41567.0,GAAP OFTENO LIBRE DE CONSER PF 3 ML PERU,JUNIO,-0.151410313,75783.27,97315.99528,82581.35,138,8
PHARMA - Z2,DOCTOR + S.A.C.,LAGRICEL,6,JUN,608.0,18,Z2,CALLAO,False,False,True,False,40515.0,LAGRICEL OFTENO 0.5 ML,JUNIO,-0.157973323,129483.27,174961.4402,147322.2,138,9
PHARMA - Z2,DOCTOR + S.A.C.,LAGRICEL PF,6,JUN,0.0,68,Z2,CALLAO,False,False,True,True,41582.0,LAGRICEL OFTENO LIBRE DE CONSERVADORES (PF) 10 ML,JUNIO,-0.085958779,182516.9,261957.3873,239439.85,138,10
PHARMA - Z1,DR CASTRO VISION E.I.R.L.,FLUMETOL NF,2,FEB,441.02,12,Z1,LIMA,False,False,True,False,40513.0,FLUMETOL NF OFTENO 5ML,FEBRERO,1.285457107,84540.52,101550.4985,130538.81,139,6
PHARMA - Z1,DR CASTRO VISION E.I.R.L.,LAGRICEL PF,2,FEB,572.59,12,Z1,LIMA,False,False,True,False,41582.0,LAGRICEL OFTENO LIBRE DE CONSERVADORES (PF) 10 ML,FEBRERO,1.01762066,244371.43,248182.4906,252555.63,139,10
PHARMA - Z1,DR CASTRO VISION E.I.R.L.,FLUMETOL NF,7,JUL,551.0,15,Z1,LIMA,False,False,True,False,40513.0,FLUMETOL NF OFTENO 5ML,JULIO,-0.833324001,99312.38,119092.4315,19849.85,139,6
PHARMA - Z1,DR CASTRO VISION E.I.R.L.,LAGRICEL PF,7,JUL,716.0,15,Z1,LIMA,False,False,True,False,41582.0,LAGRICEL OFTENO LIBRE DE CONSERVADORES (PF) 10 ML,JULIO,-0.871300153,205886.66,289507.1807,37259.53,139,10
PHARMA - Z1,DROGUERIA ANGLOAMERICANA S.A.C.,LAGRICEL,1,ENE,2272.17,37,Z1,LIMA,False,False,True,False,40515.0,LAGRICEL OFTENO 0.5 ML,ENERO,1.0,154236.51,132452.04,132452.04,140,9
PHARMA - Z1,DROGUERIA ANGLOAMERICANA S.A.C.,TRAZIDEX O,1,ENE,722.36,12,Z1,LIMA,False,False,True,False,40341.0,TRAZIDEX OFTENO 5 ML.,ENERO,1.0,107782.12,170736.47,170736.47,140,13
PHARMA - Z1,DROGUERIA ANGLOAMERICANA S.A.C.,FLUMETOL NF,2,FEB,1911.08,39,Z1,LIMA,False,False,True,False,40513.0,FLUMETOL NF OFTENO 5ML,FEBRERO,1.285457107,84540.52,101550.4985,130538.81,140,6
PHARMA - Z1,DROGUERIA ANGLOAMERICANA S.A.C.,GAAP,2,FEB,840.29,8,Z1,LIMA,False,False,True,False,40498.0,GAAP OFTENO 3 ML,FEBRERO,0.873555976,85355.44,97172.18164,84885.34,140,7
PHARMA - Z1,DROGUERIA ANGLOAMERICANA S.A.C.,LAGRICEL,2,FEB,7430.61,121,Z1,LIMA,False,False,True,False,40515.0,LAGRICEL OFTENO 0.5 ML,FEBRERO,0.970823097,194840.09,165898.7416,161058.33,140,9
PHARMA - Z1,DROGUERIA ANGLOAMERICANA S.A.C.,TRAZIDEX O,2,FEB,300.98,5,Z1,LIMA,False,False,True,False,40341.0,TRAZIDEX OFTENO 5 ML.,FEBRERO,0.868398954,99642.69,95524.58531,82953.45,140,13
PHARMA - Z1,DROGUERIA ANGLOAMERICANA S.A.C.,AGGLAD,3,MAR,1528.5,25,Z1,LIMA,False,False,True,False,40351.0,AGGLAD OFTENO 5 ML,MARZO,0.708033745,31785.06,114546.1364,81102.53,140,0
PHARMA - Z1,DROGUERIA ANGLOAMERICANA S.A.C.,FLUMETOL NF,3,MAR,784.03,16,Z1,LIMA,False,False,True,False,40513.0,FLUMETOL NF OFTENO 5ML,MARZO,1.399890715,84540.52,101550.4985,142159.6,140,6
PHARMA - Z1,DROGUERIA ANGLOAMERICANA S.A.C.,GAAP,3,MAR,2730.93,26,Z1,LIMA,False,False,True,False,40498.0,GAAP OFTENO 3 ML,MARZO,0.701456825,85355.44,97172.18164,68162.09,140,7
PHARMA - Z1,DROGUERIA ANGLOAMERICANA S.A.C.,LAGRICEL,3,MAR,2210.76,36,Z1,LIMA,False,False,True,False,40515.0,LAGRICEL OFTENO 0.5 ML,MARZO,1.138987362,194840.09,165898.7416,188956.57,140,9
PHARMA - Z1,DROGUERIA ANGLOAMERICANA S.A.C.,TRAZIDEX O,3,MAR,4213.76,70,Z1,LIMA,False,False,True,False,40341.0,TRAZIDEX OFTENO 5 ML.,MARZO,0.841410928,99642.69,95524.58531,80375.43,140,13
PHARMA - Z1,DROGUERIA ANGLOAMERICANA S.A.C.,AGGLAD,4,ABR,611.0,10,Z1,LIMA,False,False,True,False,40351.0,AGGLAD OFTENO 5 ML,ABRIL,0.757043269,24635.46,120891.2407,91519.9,140,0
PHARMA - Z1,DROGUERIA ANGLOAMERICANA S.A.C.,FLUMETOL NF,4,ABR,0.0,28,Z1,LIMA,False,False,True,True,40513.0,FLUMETOL NF OFTENO 5ML,ABRIL,1.22328994,97096.28,107397.8095,131378.66,140,6
PHARMA - Z1,DROGUERIA ANGLOAMERICANA S.A.C.,GAAP,4,ABR,0.0,25,Z1,LIMA,False,False,True,True,40498.0,GAAP OFTENO 3 ML,ABRIL,0.475712047,79645.31,102582.687,48799.82,140,7
PHARMA - Z1,DROGUERIA ANGLOAMERICANA S.A.C.,GAAP PF,4,ABR,0.0,20,Z1,LIMA,False,False,True,True,41567.0,GAAP OFTENO LIBRE DE CONSER PF 3 ML PERU,ABRIL,0.580041645,82952.14,97315.99528,56447.33,140,8
PHARMA - Z1,DROGUERIA ANGLOAMERICANA S.A.C.,LAGRICEL,4,ABR,0.0,45,Z1,LIMA,False,False,True,True,40515.0,LAGRICEL OFTENO 0.5 ML,ABRIL,0.760754197,152829.6,174961.4402,133102.65,140,9
PHARMA - Z1,DROGUERIA ANGLOAMERICANA S.A.C.,TRAZIDEX O,4,ABR,0.0,31,Z1,LIMA,False,False,True,True,40341.0,TRAZIDEX OFTENO 5 ML.,ABRIL,0.966120714,91975.94,101185.0264,97756.95,140,13
PHARMA - Z1,DROGUERIA ANGLOAMERICANA S.A.C.,AGGLAD,5,MAY,856.0,14,Z1,LIMA,False,False,True,False,40351.0,AGGLAD OFTENO 5 ML,MAYO,0.670022241,26193.67,120891.2407,80999.82,140,0
PHARMA - Z1,DROGUERIA ANGLOAMERICANA S.A.C.,FLUMETOL NF,5,MAY,0.0,31,Z1,LIMA,False,False,True,True,40513.0,FLUMETOL NF OFTENO 5ML,MAYO,1.182290501,84208.66,107397.8095,126975.41,140,6
PHARMA - Z1,DROGUERIA ANGLOAMERICANA S.A.C.,GAAP PF,5,MAY,0.0,11,Z1,LIMA,False,False,True,True,41567.0,GAAP OFTENO LIBRE DE CONSER PF 3 ML PERU,MAYO,0.695728383,103158.58,97315.99528,67705.5,140,8
PHARMA - Z1,DROGUERIA ANGLOAMERICANA S.A.C.,LAGRICEL,5,MAY,0.0,53,Z1,LIMA,False,False,True,True,40515.0,LAGRICEL OFTENO 0.5 ML,MAYO,0.714118093,158816.35,174961.4402,124943.13,140,9
PHARMA - Z1,DROGUERIA ANGLOAMERICANA S.A.C.,TRAZIDEX O,5,MAY,0.0,110,Z1,LIMA,False,False,True,True,40341.0,TRAZIDEX OFTENO 5 ML.,MAYO,0.725790194,64098.19,101185.0264,73439.1,140,13
PHARMA - Z1,DROGUERIA ANGLOAMERICANA S.A.C.,FLUMETOL NF,6,JUN,196.0,4,Z1,LIMA,False,False,True,False,40513.0,FLUMETOL NF OFTENO 5ML,JUNIO,0.071788154,87288.94,107397.8095,115107.7,140,6
PHARMA - Z1,DROGUERIA ANGLOAMERICANA S.A.C.,GAAP,6,JUN,0.0,15,Z1,LIMA,False,False,True,True,40498.0,GAAP OFTENO 3 ML,JUNIO,-0.271295457,79907.03,102582.687,74752.47,140,7
PHARMA - Z1,DROGUERIA ANGLOAMERICANA S.A.C.,GAAP PF,6,JUN,0.0,17,Z1,LIMA,False,False,True,True,41567.0,GAAP OFTENO LIBRE DE CONSER PF 3 ML PERU,JUNIO,-0.151410313,75783.27,97315.99528,82581.35,140,8
PHARMA - Z1,DROGUERIA ANGLOAMERICANA S.A.C.,LAGRICEL,6,JUN,0.0,40,Z1,LIMA,False,False,True,True,40515.0,LAGRICEL OFTENO 0.5 ML,JUNIO,-0.157973323,129483.27,174961.4402,147322.2,140,9
PHARMA - Z1,DROGUERIA ANGLOAMERICANA S.A.C.,TRAZIDEX O,6,JUN,0.0,70,Z1,LIMA,False,False,True,True,40341.0,TRAZIDEX OFTENO 5 ML.,JUNIO,-0.192738462,70697.29,101185.0264,81682.78,140,13
PHARMA - Z3,EP OFTALMOLOGOS ASOCIADOS S.A.C.,AQUADRAN,1,ENE,1080.0,20,Z3,NORTE CHICO,False,False,True,False,41945.0,AQUADRAN 10G,ENERO,1.0,3348.0,44517.6,44517.6,141,1
PHARMA - Z3,EP OFTALMOLOGOS ASOCIADOS S.A.C.,GAAP PF,1,ENE,1803.1,20,Z3,NORTE CHICO,False,False,True,False,41567.0,GAAP OFTENO LIBRE DE CONSER PF 3 ML PERU,ENERO,1.0,67726.3,99013.28,99013.28,141,8
PHARMA - Z3,EP OFTALMOLOGOS ASOCIADOS S.A.C.,LAGRICEL PF,1,ENE,1136.1,20,Z3,NORTE CHICO,False,False,True,False,41582.0,LAGRICEL OFTENO LIBRE DE CONSERVADORES (PF) 10 ML,ENERO,1.0,241357.65,244552.3,244552.3,141,10
PHARMA - Z3,EP OFTALMOLOGOS ASOCIADOS S.A.C.,SOPHIPREN,1,ENE,847.0,20,Z3,NORTE CHICO,False,False,True,False,40338.0,SOPHIPREN OFTENO 5 ML,ENERO,1.0,41450.28,50525.9,50525.9,141,12
PHARMA - Z3,EP OFTALMOLOGOS ASOCIADOS S.A.C.,ZEBESTEN,1,ENE,981.75,20,Z3,NORTE CHICO,False,False,True,False,41604.0,ZEBESTEN 5ML PERU,ENERO,1.0,31496.43,43862.02,43862.02,141,15
PHARMA - Z3,EP OFTALMOLOGOS ASOCIADOS S.A.C.,LAGRICEL PF,3,MAR,1136.1,20,Z3,NORTE CHICO,False,False,True,False,41582.0,LAGRICEL OFTENO LIBRE DE CONSERVADORES (PF) 10 ML,MARZO,1.041573922,244371.43,248182.4906,258500.41,141,10
PHARMA - Z3,EP OFTALMOLOGOS ASOCIADOS S.A.C.,AGGLAD,4,ABR,0.0,20,Z3,NORTE CHICO,False,False,True,True,40351.0,AGGLAD OFTENO 5 ML,ABRIL,0.757043269,24635.46,120891.2407,91519.9,141,0
PHARMA - Z3,EP OFTALMOLOGOS ASOCIADOS S.A.C.,GAAP PF,4,ABR,0.0,20,Z3,NORTE CHICO,False,False,True,True,41567.0,GAAP OFTENO LIBRE DE CONSER PF 3 ML PERU,ABRIL,0.580041645,82952.14,97315.99528,56447.33,141,8
PHARMA - Z3,EP OFTALMOLOGOS ASOCIADOS S.A.C.,SOPHIPREN,4,ABR,847.0,20,Z3,NORTE CHICO,False,False,True,False,40338.0,SOPHIPREN OFTENO 5 ML,ABRIL,1.125758804,51339.43,59671.10342,67175.27,141,12
PHARMA - Z3,EP OFTALMOLOGOS ASOCIADOS S.A.C.,TRAZIDEX U,4,ABR,842.0,20,Z3,NORTE CHICO,False,False,True,False,40342.0,TRAZIDEX UNGENA 3.5 G,ABRIL,0.810349246,131494.88,156358.3363,126704.86,141,14
PHARMA - Z3,EP OFTALMOLOGOS ASOCIADOS S.A.C.,LAGRICEL PF,5,MAY,0.0,20,Z3,NORTE CHICO,False,False,True,True,41582.0,LAGRICEL OFTENO LIBRE DE CONSERVADORES (PF) 10 ML,MAYO,0.852391423,198666.14,261957.3873,223290.23,141,10
PHARMA - Z3,EP OFTALMOLOGOS ASOCIADOS S.A.C.,ELIPTIC PF,6,JUN,0.0,30,Z3,NORTE CHICO,False,False,True,True,41561.0,ELIPTIC OFTENO 5ML PF PERU,JUNIO,-0.431896719,12781.68,74583.69182,42371.24,141,5
PHARMA - Z3,EP OFTALMOLOGOS ASOCIADOS S.A.C.,GAAP PF,6,JUN,0.0,30,Z3,NORTE CHICO,False,False,True,True,41567.0,GAAP OFTENO LIBRE DE CONSER PF 3 ML PERU,JUNIO,-0.151410313,75783.27,97315.99528,82581.35,141,8
PHARMA - Z3,EP OFTALMOLOGOS ASOCIADOS S.A.C.,LAGRICEL PF,6,JUN,0.0,20,Z3,NORTE CHICO,False,False,True,True,41582.0,LAGRICEL OFTENO LIBRE DE CONSERVADORES (PF) 10 ML,JUNIO,-0.085958779,182516.9,261957.3873,239439.85,141,10
PHARMA - Z3,EP OFTALMOLOGOS ASOCIADOS S.A.C.,SOPHIPREN,6,JUN,847.0,20,Z3,NORTE CHICO,False,False,True,False,40338.0,SOPHIPREN OFTENO 5 ML,JUNIO,0.072135193,48676.87,59671.10342,63975.49,141,12
PHARMA - Z3,EP OFTALMOLOGOS ASOCIADOS S.A.C.,ZEBESTEN,6,JUN,982.0,20,Z3,NORTE CHICO,False,False,True,False,41604.0,ZEBESTEN 5ML PERU,JUNIO,0.156870039,15690.19,29060.89609,33619.68,141,15
PHARMA - Z1,ESPECIALIDADES MEDICAS UNIVERSAL S.A.,AGGLAD,1,ENE,183.42,3,Z1,LIMA,False,False,True,False,40351.0,AGGLAD OFTENO 5 ML,ENERO,1.0,22534.35,110094.81,110094.81,142,0
PHARMA - Z1,ESPECIALIDADES MEDICAS UNIVERSAL S.A.,LAGRICEL,1,ENE,168.88,3,Z1,LIMA,False,False,True,False,40515.0,LAGRICEL OFTENO 0.5 ML,ENERO,1.0,154236.51,132452.04,132452.04,142,9
PHARMA - Z1,ESPECIALIDADES MEDICAS UNIVERSAL S.A.,AGGLAD,2,FEB,305.7,5,Z1,LIMA,False,False,True,False,40351.0,AGGLAD OFTENO 5 ML,FEBRERO,0.96716156,31785.06,114546.1364,110784.62,142,0
PHARMA - Z1,ESPECIALIDADES MEDICAS UNIVERSAL S.A.,GAAP PF,2,FEB,360.62,4,Z1,LIMA,False,False,True,False,41567.0,GAAP OFTENO LIBRE DE CONSER PF 3 ML PERU,FEBRERO,0.820494884,80205.04,92164.06035,75620.14,142,8
PHARMA - Z1,ESPECIALIDADES MEDICAS UNIVERSAL S.A.,LAGRICEL PF,2,FEB,454.44,8,Z1,LIMA,False,False,True,False,41582.0,LAGRICEL OFTENO LIBRE DE CONSERVADORES (PF) 10 ML,FEBRERO,1.01762066,244371.43,248182.4906,252555.63,142,10
PHARMA - Z1,ESPECIALIDADES MEDICAS UNIVERSAL S.A.,TRAZIDEX U,2,FEB,654.57,14,Z1,LIMA,False,False,True,False,40342.0,TRAZIDEX UNGENA 3.5 G,FEBRERO,0.737379291,111697.65,148184.091,109267.88,142,14
PHARMA - Z1,ESPECIALIDADES MEDICAS UNIVERSAL S.A.,AGGLAD,3,MAR,244.56,4,Z1,LIMA,False,False,True,False,40351.0,AGGLAD OFTENO 5 ML,MARZO,0.708033745,31785.06,114546.1364,81102.53,142,0
PHARMA - Z1,ESPECIALIDADES MEDICAS UNIVERSAL S.A.,GAAP PF,3,MAR,901.55,10,Z1,LIMA,False,False,True,False,41567.0,GAAP OFTENO LIBRE DE CONSER PF 3 ML PERU,MARZO,0.894697886,80205.04,92164.06035,82458.99,142,8
PHARMA - Z1,ESPECIALIDADES MEDICAS UNIVERSAL S.A.,LAGRICEL,3,MAR,562.93,10,Z1,LIMA,False,False,True,False,40515.0,LAGRICEL OFTENO 0.5 ML,MARZO,1.138987362,194840.09,165898.7416,188956.57,142,9
PHARMA - Z1,ESPECIALIDADES MEDICAS UNIVERSAL S.A.,LAGRICEL PF,3,MAR,397.64,7,Z1,LIMA,False,False,True,False,41582.0,LAGRICEL OFTENO LIBRE DE CONSERVADORES (PF) 10 ML,MARZO,1.041573922,244371.43,248182.4906,258500.41,142,10
PHARMA - Z1,ESPECIALIDADES MEDICAS UNIVERSAL S.A.,TRAZIDEX U,3,MAR,1168.88,25,Z1,LIMA,False,False,True,False,40342.0,TRAZIDEX UNGENA 3.5 G,MARZO,0.890660186,111697.65,148184.091,131981.67,142,14
PHARMA - Z1,ESPECIALIDADES MEDICAS UNIVERSAL S.A.,AGGLAD,4,ABR,245.0,4,Z1,LIMA,False,False,True,False,40351.0,AGGLAD OFTENO 5 ML,ABRIL,0.757043269,24635.46,120891.2407,91519.9,142,0
PHARMA - Z1,ESPECIALIDADES MEDICAS UNIVERSAL S.A.,GAAP PF,4,ABR,361.0,4,Z1,LIMA,False,False,True,False,41567.0,GAAP OFTENO LIBRE DE CONSER PF 3 ML PERU,ABRIL,0.580041645,82952.14,97315.99528,56447.33,142,8
PHARMA - Z1,ESPECIALIDADES MEDICAS UNIVERSAL S.A.,AGGLAD,5,MAY,183.0,3,Z1,LIMA,False,False,True,False,40351.0,AGGLAD OFTENO 5 ML,MAYO,0.670022241,26193.67,120891.2407,80999.82,142,0
PHARMA - Z1,ESPECIALIDADES MEDICAS UNIVERSAL S.A.,GAAP PF,5,MAY,541.0,6,Z1,LIMA,False,False,True,False,41567.0,GAAP OFTENO LIBRE DE CONSER PF 3 ML PERU,MAYO,0.695728383,103158.58,97315.99528,67705.5,142,8
PHARMA - Z1,ESPECIALIDADES MEDICAS UNIVERSAL S.A.,LAGRICEL PF,5,MAY,170.0,3,Z1,LIMA,False,False,True,False,41582.0,LAGRICEL OFTENO LIBRE DE CONSERVADORES (PF) 10 ML,MAYO,0.852391423,198666.14,261957.3873,223290.23,142,10
PHARMA - Z1,ESPECIALIDADES MEDICAS UNIVERSAL S.A.,TRAZIDEX U,5,MAY,468.0,10,Z1,LIMA,False,False,True,False,40342.0,TRAZIDEX UNGENA 3.5 G,MAYO,0.799544258,131001.94,156358.3363,125015.41,142,14
PHARMA - Z1,ESPECIALIDADES MEDICAS UNIVERSAL S.A.,GAAP PF,6,JUN,270.0,3,Z1,LIMA,False,False,True,False,41567.0,GAAP OFTENO LIBRE DE CONSER PF 3 ML PERU,JUNIO,-0.151410313,75783.27,97315.99528,82581.35,142,8
PHARMA - Z1,ESPECIALIDADES MEDICAS UNIVERSAL S.A.,LAGRICEL,6,JUN,281.0,5,Z1,LIMA,False,False,True,False,40515.0,LAGRICEL OFTENO 0.5 ML,JUNIO,-0.157973323,129483.27,174961.4402,147322.2,142,9
PHARMA - Z1,ESPECIALIDADES MEDICAS UNIVERSAL S.A.,LAGRICEL PF,6,JUN,57.0,1,Z1,LIMA,False,False,True,False,41582.0,LAGRICEL OFTENO LIBRE DE CONSERVADORES (PF) 10 ML,JUNIO,-0.085958779,182516.9,261957.3873,239439.85,142,10
PHARMA - Z1,ESPECIALIDADES MEDICAS UNIVERSAL S.A.,TRAZIDEX U,6,JUN,234.0,5,Z1,LIMA,False,False,True,False,40342.0,TRAZIDEX UNGENA 3.5 G,JUNIO,-0.144707451,114383.92,156358.3363,133732.12,142,14
PHARMA - S,ESPECIALIDADES OFTALMOLOGICAS CUSCO SOCIEDAD ANONIMA CERRADA,DUSTALOX,1,ENE,902.44,20,S,CADENAS,False,False,True,False,41121.0,DUSTALOX 5ML,ENERO,1.0,13592.53,8778.28,8778.28,143,2
PHARMA - Z2,ESPINOZA OSTOS MEIDA ANA,GAAP,1,ENE,1575.54,20,Z2,CALLAO,False,False,True,False,40498.0,GAAP OFTENO 3 ML,ENERO,1.0,101352.36,99775.16,99775.16,144,7
PHARMA - Z2,ESPINOZA OSTOS MEIDA ANA,LANDAX,4,ABR,0.0,40,Z2,CALLAO,False,False,True,True,41804.0,LANDAX 5ML,ABRIL,0.967730243,9326.66,22304.8625,21585.09,144,11
PHARMA - Z2,ESPINOZA OSTOS MEIDA ANA,ZEBESTEN,4,ABR,0.0,40,Z2,CALLAO,False,False,True,True,41604.0,ZEBESTEN 5ML PERU,ABRIL,1.062586642,26953.56,29060.89609,30879.72,144,15
PHARMA - N1,"ESPINOZA QUIROGA,ROCIO",LAGRICEL,2,FEB,1351.02,24,N1,CHICLAYO,False,False,True,False,40515.0,LAGRICEL OFTENO 0.5 ML,FEBRERO,0.970823097,194840.09,165898.7416,161058.33,145,9
PHARMA - N2,ETHIC FARMACIA SAC,LAGRICEL,3,MAR,71.65,1,N2,TRUJILLO,False,False,True,False,40515.0,LAGRICEL OFTENO 0.5 ML,MARZO,1.138987362,194840.09,165898.7416,188956.57,146,9
PHARMA - N2,ETHIC FARMACIA SAC,LAGRICEL PF,3,MAR,238.58,3,N2,TRUJILLO,False,False,True,False,41582.0,LAGRICEL OFTENO LIBRE DE CONSERVADORES (PF) 10 ML,MARZO,1.041573922,244371.43,248182.4906,258500.41,146,10
PHARMA - N2,ETHIC FARMACIA SAC,TRAZIDEX O,3,MAR,129.65,2,N2,TRUJILLO,False,False,True,False,40341.0,TRAZIDEX OFTENO 5 ML.,MARZO,0.841410928,99642.69,95524.58531,80375.43,146,13
PHARMA - Z3,EVP. CORPORACION PERUVIAN S.A.C.,AGGLAD,1,ENE,550.26,10,Z3,NORTE CHICO,False,False,True,False,40351.0,AGGLAD OFTENO 5 ML,ENERO,1.0,22534.35,110094.81,110094.81,147,0
PHARMA - Z3,EVP. CORPORACION PERUVIAN S.A.C.,GAAP PF,1,ENE,901.55,10,Z3,NORTE CHICO,False,False,True,False,41567.0,GAAP OFTENO LIBRE DE CONSER PF 3 ML PERU,ENERO,1.0,67726.3,99013.28,99013.28,147,8
PHARMA - Z3,EVP. CORPORACION PERUVIAN S.A.C.,LAGRICEL PF,1,ENE,2044.98,40,Z3,NORTE CHICO,False,False,True,False,41582.0,LAGRICEL OFTENO LIBRE DE CONSERVADORES (PF) 10 ML,ENERO,1.0,241357.65,244552.3,244552.3,147,10
PHARMA - Z3,EVP. CORPORACION PERUVIAN S.A.C.,SOPHIPREN,1,ENE,1143.45,30,Z3,NORTE CHICO,False,False,True,False,40338.0,SOPHIPREN OFTENO 5 ML,ENERO,1.0,41450.28,50525.9,50525.9,147,12
PHARMA - Z3,EVP. CORPORACION PERUVIAN S.A.C.,TRAZIDEX O,1,ENE,1055.75,30,Z3,NORTE CHICO,False,False,True,False,40341.0,TRAZIDEX OFTENO 5 ML.,ENERO,1.0,107782.12,170736.47,170736.47,147,13
PHARMA - Z3,EVP. CORPORACION PERUVIAN S.A.C.,TRAZIDEX U,1,ENE,710.68,20,Z3,NORTE CHICO,False,False,True,False,40342.0,TRAZIDEX UNGENA 3.5 G,ENERO,1.0,127130.48,135275.35,135275.35,147,14
PHARMA - Z3,EVP. CORPORACION PERUVIAN S.A.C.,AGGLAD,2,FEB,1100.52,20,Z3,NORTE CHICO,False,False,True,False,40351.0,AGGLAD OFTENO 5 ML,FEBRERO,0.96716156,31785.06,114546.1364,110784.62,147,0
PHARMA - Z3,EVP. CORPORACION PERUVIAN S.A.C.,FLUMETOL NF,2,FEB,408.35,10,Z3,NORTE CHICO,False,False,True,False,40513.0,FLUMETOL NF OFTENO 5ML,FEBRERO,1.285457107,84540.52,101550.4985,130538.81,147,6
PHARMA - Z3,EVP. CORPORACION PERUVIAN S.A.C.,GAAP PF,2,FEB,901.55,10,Z3,NORTE CHICO,False,False,True,False,41567.0,GAAP OFTENO LIBRE DE CONSER PF 3 ML PERU,FEBRERO,0.820494884,80205.04,92164.06035,75620.14,147,8
PHARMA - Z3,EVP. CORPORACION PERUVIAN S.A.C.,LAGRICEL PF,2,FEB,4089.96,80,Z3,NORTE CHICO,False,False,True,False,41582.0,LAGRICEL OFTENO LIBRE DE CONSERVADORES (PF) 10 ML,FEBRERO,1.01762066,244371.43,248182.4906,252555.63,147,10
PHARMA - Z3,EVP. CORPORACION PERUVIAN S.A.C.,SOPHIPREN,2,FEB,1905.75,50,Z3,NORTE CHICO,False,False,True,False,40338.0,SOPHIPREN OFTENO 5 ML,FEBRERO,1.300787434,39394.05,56555.62783,73566.85,147,12
PHARMA - Z3,EVP. CORPORACION PERUVIAN S.A.C.,TRAZIDEX O,2,FEB,1055.76,30,Z3,NORTE CHICO,False,False,True,False,40341.0,TRAZIDEX OFTENO 5 ML.,FEBRERO,0.868398954,99642.69,95524.58531,82953.45,147,13
PHARMA - Z3,EVP. CORPORACION PERUVIAN S.A.C.,TRAZIDEX U,2,FEB,1421.36,40,Z3,NORTE CHICO,False,False,True,False,40342.0,TRAZIDEX UNGENA 3.5 G,FEBRERO,0.737379291,111697.65,148184.091,109267.88,147,14
PHARMA - Z3,EVP. CORPORACION PERUVIAN S.A.C.,AQUADRAN,3,MAR,777.6,16,Z3,NORTE CHICO,False,False,True,False,41945.0,AQUADRAN 10G,MARZO,1.286810293,13176.0,33810.57818,43507.8,147,1
PHARMA - Z3,EVP. CORPORACION PERUVIAN S.A.C.,DUSTALOX,3,MAR,246.12,6,Z3,NORTE CHICO,False,False,True,False,41121.0,DUSTALOX 5ML,MARZO,0.887447361,6813.43,11070.27913,9824.29,147,2
PHARMA - Z3,EVP. CORPORACION PERUVIAN S.A.C.,LAGRICEL PF,3,MAR,3578.72,70,Z3,NORTE CHICO,False,False,True,False,41582.0,LAGRICEL OFTENO LIBRE DE CONSERVADORES (PF) 10 ML,MARZO,1.041573922,244371.43,248182.4906,258500.41,147,10
PHARMA - Z3,EVP. CORPORACION PERUVIAN S.A.C.,SOPHIPREN,3,MAR,1524.6,40,Z3,NORTE CHICO,False,False,True,False,40338.0,SOPHIPREN OFTENO 5 ML,MARZO,1.018181783,39394.05,56555.62783,57583.91,147,12
PHARMA - Z3,EVP. CORPORACION PERUVIAN S.A.C.,TRAZIDEX O,3,MAR,1407.67,40,Z3,NORTE CHICO,False,False,True,False,40341.0,TRAZIDEX OFTENO 5 ML.,MARZO,0.841410928,99642.69,95524.58531,80375.43,147,13
PHARMA - Z3,EVP. CORPORACION PERUVIAN S.A.C.,TRAZIDEX U,3,MAR,1421.36,40,Z3,NORTE CHICO,False,False,True,False,40342.0,TRAZIDEX UNGENA 3.5 G,MARZO,0.890660186,111697.65,148184.091,131981.67,147,14
PHARMA - Z3,EVP. CORPORACION PERUVIAN S.A.C.,GAAP PF,4,ABR,902.0,10,Z3,NORTE CHICO,False,False,True,False,41567.0,GAAP OFTENO LIBRE DE CONSER PF 3 ML PERU,ABRIL,0.580041645,82952.14,97315.99528,56447.33,147,8
PHARMA - Z3,EVP. CORPORACION PERUVIAN S.A.C.,LAGRICEL PF,4,ABR,0.0,60,Z3,NORTE CHICO,False,False,True,True,41582.0,LAGRICEL OFTENO LIBRE DE CONSERVADORES (PF) 10 ML,ABRIL,1.234011277,222585.45,261957.3873,323258.37,147,10
PHARMA - Z3,EVP. CORPORACION PERUVIAN S.A.C.,SOPHIPREN,4,ABR,0.0,60,Z3,NORTE CHICO,False,False,True,True,40338.0,SOPHIPREN OFTENO 5 ML,ABRIL,1.125758804,51339.43,59671.10342,67175.27,147,12
PHARMA - Z3,EVP. CORPORACION PERUVIAN S.A.C.,TRAZIDEX O,4,ABR,0.0,30,Z3,NORTE CHICO,False,False,True,True,40341.0,TRAZIDEX OFTENO 5 ML.,ABRIL,0.966120714,91975.94,101185.0264,97756.95,147,13
PHARMA - Z3,EVP. CORPORACION PERUVIAN S.A.C.,AQUADRAN,5,MAY,0.0,25,Z3,NORTE CHICO,False,False,True,True,41945.0,AQUADRAN 10G,MAYO,1.308504351,13786.2,35738.51318,46764.0,147,1
PHARMA - Z3,EVP. CORPORACION PERUVIAN S.A.C.,ELIPTIC PF,5,MAY,170.0,5,Z3,NORTE CHICO,False,False,True,False,41561.0,ELIPTIC OFTENO 5ML PF PERU,MAYO,0.635068724,11669.87,74583.69182,47365.77,147,5
PHARMA - Z3,EVP. CORPORACION PERUVIAN S.A.C.,FLUMETOL NF,5,MAY,817.0,20,Z3,NORTE CHICO,False,False,True,False,40513.0,FLUMETOL NF OFTENO 5ML,MAYO,1.182290501,84208.66,107397.8095,126975.41,147,6
PHARMA - Z3,EVP. CORPORACION PERUVIAN S.A.C.,LAGRICEL PF,5,MAY,0.0,70,Z3,NORTE CHICO,False,False,True,True,41582.0,LAGRICEL OFTENO LIBRE DE CONSERVADORES (PF) 10 ML,MAYO,0.852391423,198666.14,261957.3873,223290.23,147,10
PHARMA - Z3,EVP. CORPORACION PERUVIAN S.A.C.,SOPHIPREN,5,MAY,0.0,40,Z3,NORTE CHICO,False,False,True,True,40338.0,SOPHIPREN OFTENO 5 ML,MAYO,0.947602386,43314.92,59671.10342,56544.48,147,12
PHARMA - Z3,EVP. CORPORACION PERUVIAN S.A.C.,TRAZIDEX O,5,MAY,0.0,60,Z3,NORTE CHICO,False,False,True,True,40341.0,TRAZIDEX OFTENO 5 ML.,MAYO,0.725790194,64098.19,101185.0264,73439.1,147,13
PHARMA - Z3,EVP. CORPORACION PERUVIAN S.A.C.,TRAZIDEX U,5,MAY,0.0,30,Z3,NORTE CHICO,False,False,True,True,40342.0,TRAZIDEX UNGENA 3.5 G,MAYO,0.799544258,131001.94,156358.3363,125015.41,147,14
PHARMA - Z3,EVP. CORPORACION PERUVIAN S.A.C.,AQUADRAN,6,JUN,443.0,10,Z3,NORTE CHICO,False,False,True,False,41945.0,AQUADRAN 10G,JUNIO,0.329694376,15957.0,35738.51318,47521.3,147,1
PHARMA - Z3,EVP. CORPORACION PERUVIAN S.A.C.,DUSTALOX,6,JUN,410.0,10,Z3,NORTE CHICO,False,False,True,False,41121.0,DUSTALOX 5ML,JUNIO,-0.44241925,5938.11,11675.36719,6509.96,147,2
PHARMA - Z3,EVP. CORPORACION PERUVIAN S.A.C.,ELIPTIC PF,6,JUN,170.0,5,Z3,NORTE CHICO,False,False,True,False,41561.0,ELIPTIC OFTENO 5ML PF PERU,JUNIO,-0.431896719,12781.68,74583.69182,42371.24,147,5
PHARMA - Z3,EVP. CORPORACION PERUVIAN S.A.C.,FLUMETOL NF,6,JUN,0.0,30,Z3,NORTE CHICO,False,False,True,True,40513.0,FLUMETOL NF OFTENO 5ML,JUNIO,0.071788154,87288.94,107397.8095,115107.7,147,6
PHARMA - Z3,EVP. CORPORACION PERUVIAN S.A.C.,GAAP PF,6,JUN,902.0,10,Z3,NORTE CHICO,False,False,True,False,41567.0,GAAP OFTENO LIBRE DE CONSER PF 3 ML PERU,JUNIO,-0.151410313,75783.27,97315.99528,82581.35,147,8
PHARMA - Z3,EVP. CORPORACION PERUVIAN S.A.C.,LAGRICEL PF,6,JUN,0.0,70,Z3,NORTE CHICO,False,False,True,True,41582.0,LAGRICEL OFTENO LIBRE DE CONSERVADORES (PF) 10 ML,JUNIO,-0.085958779,182516.9,261957.3873,239439.85,147,10
PHARMA - Z3,EVP. CORPORACION PERUVIAN S.A.C.,SOPHIPREN,6,JUN,0.0,70,Z3,NORTE CHICO,False,False,True,True,40338.0,SOPHIPREN OFTENO 5 ML,JUNIO,0.072135193,48676.87,59671.10342,63975.49,147,12
PHARMA - Z3,EVP. CORPORACION PERUVIAN S.A.C.,TRAZIDEX O,6,JUN,0.0,50,Z3,NORTE CHICO,False,False,True,True,40341.0,TRAZIDEX OFTENO 5 ML.,JUNIO,-0.192738462,70697.29,101185.0264,81682.78,147,13
PHARMA - Z3,EVP. CORPORACION PERUVIAN S.A.C.,TRAZIDEX U,6,JUN,711.0,20,Z3,NORTE CHICO,False,False,True,False,40342.0,TRAZIDEX UNGENA 3.5 G,JUNIO,-0.144707451,114383.92,156358.3363,133732.12,147,14
PHARMA - Z1,EXILASER S.A.C.,TRAZIDEX O,1,ENE,740.88,16,Z1,LIMA,False,False,True,False,40341.0,TRAZIDEX OFTENO 5 ML.,ENERO,1.0,107782.12,170736.47,170736.47,148,13
PHARMA - Z1,EXILASER S.A.C.,TRAZIDEX O,2,FEB,463.05,10,Z1,LIMA,False,False,True,False,40341.0,TRAZIDEX OFTENO 5 ML.,FEBRERO,0.868398954,99642.69,95524.58531,82953.45,148,13
PHARMA - Z1,EXILASER S.A.C.,TRAZIDEX O,3,MAR,926.1,20,Z1,LIMA,False,False,True,False,40341.0,TRAZIDEX OFTENO 5 ML.,MARZO,0.841410928,99642.69,95524.58531,80375.43,148,13
PHARMA - Z1,EXILASER S.A.C.,TRAZIDEX O,5,MAY,463.0,10,Z1,LIMA,False,False,True,False,40341.0,TRAZIDEX OFTENO 5 ML.,MAYO,0.725790194,64098.19,101185.0264,73439.1,148,13
PHARMA - Z1,EXILASER S.A.C.,TRAZIDEX O,6,JUN,463.0,10,Z1,LIMA,False,False,True,False,40341.0,TRAZIDEX OFTENO 5 ML.,JUNIO,-0.192738462,70697.29,101185.0264,81682.78,148,13
PHARMA - Z1,EXPERT VISION OFTALMOLOGIA ESPECIALIZADA S.A.C.,ELIPTIC PF,1,ENE,163.3,5,Z1,LIMA,False,False,True,False,41561.0,ELIPTIC OFTENO 5ML PF PERU,ENERO,1.0,16201.95,62857.68,62857.68,149,5
PHARMA - Z1,EXPERT VISION OFTALMOLOGIA ESPECIALIZADA S.A.C.,GAAP PF,1,ENE,360.62,5,Z1,LIMA,False,False,True,False,41567.0,GAAP OFTENO LIBRE DE CONSER PF 3 ML PERU,ENERO,1.0,67726.3,99013.28,99013.28,149,8
PHARMA - Z1,EXPERT VISION OFTALMOLOGIA ESPECIALIZADA S.A.C.,LAGRICEL PF,1,ENE,238.58,5,Z1,LIMA,False,False,True,False,41582.0,LAGRICEL OFTENO LIBRE DE CONSERVADORES (PF) 10 ML,ENERO,1.0,241357.65,244552.3,244552.3,149,10
PHARMA - Z1,EXPERT VISION OFTALMOLOGIA ESPECIALIZADA S.A.C.,GAAP PF,4,ABR,822.0,12,Z1,LIMA,False,False,True,False,41567.0,GAAP OFTENO LIBRE DE CONSER PF 3 ML PERU,ABRIL,0.580041645,82952.14,97315.99528,56447.33,149,8
PHARMA - S,EYE MEDICAL E.I.R.L.,SOPHIPREN,5,MAY,847.0,20,S,CADENAS,False,False,True,False,40338.0,SOPHIPREN OFTENO 5 ML,MAYO,0.947602386,43314.92,59671.10342,56544.48,150,12
PHARMA - S,EYE MEDICAL E.I.R.L.,TRAZIDEX U,5,MAY,842.0,20,S,CADENAS,False,False,True,False,40342.0,TRAZIDEX UNGENA 3.5 G,MAYO,0.799544258,131001.94,156358.3363,125015.41,150,14
PHARMA - N2,EYE VISION E.I.R.L.,LAGRICEL PF,6,JUN,0.0,24,N2,TRUJILLO,False,False,True,True,41582.0,LAGRICEL OFTENO LIBRE DE CONSERVADORES (PF) 10 ML,JUNIO,-0.085958779,182516.9,261957.3873,239439.85,151,10
PHARMA - Z3,EYES SOLUTION E.I.R.L,TRAZIDEX O,1,ENE,926.1,20,Z3,NORTE CHICO,False,False,True,False,40341.0,TRAZIDEX OFTENO 5 ML.,ENERO,1.0,107782.12,170736.47,170736.47,152,13
PHARMA - Z3,EYES SOLUTION E.I.R.L,TRAZIDEX U,1,ENE,935.1,20,Z3,NORTE CHICO,False,False,True,False,40342.0,TRAZIDEX UNGENA 3.5 G,ENERO,1.0,127130.48,135275.35,135275.35,152,14
PHARMA - Z3,EYES SOLUTION E.I.R.L,AGGLAD,3,MAR,660.31,12,Z3,NORTE CHICO,False,False,True,False,40351.0,AGGLAD OFTENO 5 ML,MARZO,0.708033745,31785.06,114546.1364,81102.53,152,0
PHARMA - Z3,EYES SOLUTION E.I.R.L,AQUADRAN,3,MAR,291.6,6,Z3,NORTE CHICO,False,False,True,False,41945.0,AQUADRAN 10G,MARZO,1.286810293,13176.0,33810.57818,43507.8,152,1
PHARMA - Z3,EYES SOLUTION E.I.R.L,ELAR-B,3,MAR,690.0,12,Z3,NORTE CHICO,False,False,True,False,42098.0,ELAR-B 5 ML,MARZO,0.892513965,0.0,23180.02945,20688.5,152,3
PHARMA - Z3,EYES SOLUTION E.I.R.L,ELIPTIC PF,3,MAR,360.57,12,Z3,NORTE CHICO,False,False,True,False,41561.0,ELIPTIC OFTENO 5ML PF PERU,MARZO,0.543724406,16081.78,70691.40098,38436.64,152,5
PHARMA - Z3,EYES SOLUTION E.I.R.L,FLUMETOL NF,3,MAR,490.02,12,Z3,NORTE CHICO,False,False,True,False,40513.0,FLUMETOL NF OFTENO 5ML,MARZO,1.399890715,84540.52,101550.4985,142159.6,152,6
PHARMA - Z3,EYES SOLUTION E.I.R.L,LAGRICEL PF,3,MAR,565.78,12,Z3,NORTE CHICO,False,False,True,False,41582.0,LAGRICEL OFTENO LIBRE DE CONSERVADORES (PF) 10 ML,MARZO,1.041573922,244371.43,248182.4906,258500.41,152,10
PHARMA - Z3,EYES SOLUTION E.I.R.L,TRAZIDEX U,3,MAR,701.33,15,Z3,NORTE CHICO,False,False,True,False,40342.0,TRAZIDEX UNGENA 3.5 G,MARZO,0.890660186,111697.65,148184.091,131981.67,152,14
PHARMA - Z3,EYES SOLUTION E.I.R.L,AQUADRAN,4,ABR,583.0,12,Z3,NORTE CHICO,False,False,True,False,41945.0,AQUADRAN 10G,ABRIL,1.367885669,18754.2,35738.51318,48886.2,152,1
PHARMA - Z3,EYES SOLUTION E.I.R.L,ELIPTIC PF,4,ABR,361.0,12,Z3,NORTE CHICO,False,False,True,False,41561.0,ELIPTIC OFTENO 5ML PF PERU,ABRIL,0.502083754,28406.63,74583.69182,37447.26,152,5
PHARMA - Z3,EYES SOLUTION E.I.R.L,LAGRICEL PF,4,ABR,566.0,12,Z3,NORTE CHICO,False,False,True,False,41582.0,LAGRICEL OFTENO LIBRE DE CONSERVADORES (PF) 10 ML,ABRIL,1.234011277,222585.45,261957.3873,323258.37,152,10
PHARMA - Z3,EYES SOLUTION E.I.R.L,TRAZIDEX O,4,ABR,556.0,12,Z3,NORTE CHICO,False,False,True,False,40341.0,TRAZIDEX OFTENO 5 ML.,ABRIL,0.966120714,91975.94,101185.0264,97756.95,152,13
PHARMA - Z3,EYES SOLUTION E.I.R.L,TRAZIDEX U,4,ABR,935.0,20,Z3,NORTE CHICO,False,False,True,False,40342.0,TRAZIDEX UNGENA 3.5 G,ABRIL,0.810349246,131494.88,156358.3363,126704.86,152,14
PHARMA - Z3,EYES SOLUTION E.I.R.L,ZEBESTEN,4,ABR,589.0,12,Z3,NORTE CHICO,False,False,True,False,41604.0,ZEBESTEN 5ML PERU,ABRIL,1.062586642,26953.56,29060.89609,30879.72,152,15
PHARMA - Z3,EYES SOLUTION E.I.R.L,ELIPTIC PF,5,MAY,361.0,12,Z3,NORTE CHICO,False,False,True,False,41561.0,ELIPTIC OFTENO 5ML PF PERU,MAYO,0.635068724,11669.87,74583.69182,47365.77,152,5
PHARMA - Z3,EYES SOLUTION E.I.R.L,FLUMETOL NF,5,MAY,980.0,24,Z3,NORTE CHICO,False,False,True,False,40513.0,FLUMETOL NF OFTENO 5ML,MAYO,1.182290501,84208.66,107397.8095,126975.41,152,6
PHARMA - Z3,EYES SOLUTION E.I.R.L,SOPHIPREN,5,MAY,0.0,24,Z3,NORTE CHICO,False,False,True,True,40338.0,SOPHIPREN OFTENO 5 ML,MAYO,0.947602386,43314.92,59671.10342,56544.48,152,12
PHARMA - Z3,EYES SOLUTION E.I.R.L,TRAZIDEX O,5,MAY,0.0,36,Z3,NORTE CHICO,False,False,True,True,40341.0,TRAZIDEX OFTENO 5 ML.,MAYO,0.725790194,64098.19,101185.0264,73439.1,152,13
PHARMA - Z3,EYES SOLUTION E.I.R.L,TRAZIDEX U,5,MAY,0.0,36,Z3,NORTE CHICO,False,False,True,True,40342.0,TRAZIDEX UNGENA 3.5 G,MAYO,0.799544258,131001.94,156358.3363,125015.41,152,14
PHARMA - Z3,EYES SOLUTION E.I.R.L,ZEBESTEN,5,MAY,0.0,24,Z3,NORTE CHICO,False,False,True,True,41604.0,ZEBESTEN 5ML PERU,MAYO,0.825216123,27515.83,29060.89609,23981.52,152,15
PHARMA - Z1,FARMA SOLUTIONS E.I.R.L.,AGGLAD,1,ENE,146.74,2,Z1,LIMA,False,False,True,False,40351.0,AGGLAD OFTENO 5 ML,ENERO,1.0,22534.35,110094.81,110094.81,153,0
PHARMA - Z1,FARMA SOLUTIONS E.I.R.L.,AQUADRAN,1,ENE,216.0,4,Z1,LIMA,False,False,True,False,41945.0,AQUADRAN 10G,ENERO,1.0,3348.0,44517.6,44517.6,153,1
PHARMA - Z1,FARMA SOLUTIONS E.I.R.L.,LAGRICEL,1,ENE,225.17,4,Z1,LIMA,False,False,True,False,40515.0,LAGRICEL OFTENO 0.5 ML,ENERO,1.0,154236.51,132452.04,132452.04,153,9
PHARMA - Z1,FARMA SOLUTIONS E.I.R.L.,LAGRICEL PF,1,ENE,499.88,8,Z1,LIMA,False,False,True,False,41582.0,LAGRICEL OFTENO LIBRE DE CONSERVADORES (PF) 10 ML,ENERO,1.0,241357.65,244552.3,244552.3,153,10
PHARMA - Z1,FARMA SOLUTIONS E.I.R.L.,LANDAX,1,ENE,745.76,16,Z1,LIMA,False,False,True,False,41804.0,LANDAX 5ML,ENERO,1.0,2843.21,23761.78,23761.78,153,11
PHARMA - Z1,FARMA SOLUTIONS E.I.R.L.,TRAZIDEX O,1,ENE,1083.55,26,Z1,LIMA,False,False,True,False,40341.0,TRAZIDEX OFTENO 5 ML.,ENERO,1.0,107782.12,170736.47,170736.47,153,13
PHARMA - Z1,FARMA SOLUTIONS E.I.R.L.,TRAZIDEX U,1,ENE,504.96,12,Z1,LIMA,False,False,True,False,40342.0,TRAZIDEX UNGENA 3.5 G,ENERO,1.0,127130.48,135275.35,135275.35,153,14
PHARMA - Z1,FARMA SOLUTIONS E.I.R.L.,AQUADRAN,2,FEB,216.0,4,Z1,LIMA,False,False,True,False,41945.0,AQUADRAN 10G,FEBRERO,1.033824379,13176.0,33810.57818,34954.2,153,1
PHARMA - Z1,FARMA SOLUTIONS E.I.R.L.,DUSTALOX,2,FEB,180.49,4,Z1,LIMA,False,False,True,False,41121.0,DUSTALOX 5ML,FEBRERO,0.568411142,6813.43,11070.27913,6292.47,153,2
PHARMA - Z1,FARMA SOLUTIONS E.I.R.L.,FLUMETOL NF,2,FEB,89.84,2,Z1,LIMA,False,False,True,False,40513.0,FLUMETOL NF OFTENO 5ML,FEBRERO,1.285457107,84540.52,101550.4985,130538.81,153,6
PHARMA - Z1,FARMA SOLUTIONS E.I.R.L.,LAGRICEL,2,FEB,337.76,6,Z1,LIMA,False,False,True,False,40515.0,LAGRICEL OFTENO 0.5 ML,FEBRERO,0.970823097,194840.09,165898.7416,161058.33,153,9
PHARMA - Z1,FARMA SOLUTIONS E.I.R.L.,LAGRICEL PF,2,FEB,749.82,12,Z1,LIMA,False,False,True,False,41582.0,LAGRICEL OFTENO LIBRE DE CONSERVADORES (PF) 10 ML,FEBRERO,1.01762066,244371.43,248182.4906,252555.63,153,10
PHARMA - Z1,FARMA SOLUTIONS E.I.R.L.,LANDAX,2,FEB,279.66,6,Z1,LIMA,False,False,True,False,41804.0,LANDAX 5ML,FEBRERO,0.765660853,4684.31,21117.7311,16169.02,153,11
PHARMA - Z1,FARMA SOLUTIONS E.I.R.L.,SOPHIPREN,2,FEB,84.7,2,Z1,LIMA,False,False,True,False,40338.0,SOPHIPREN OFTENO 5 ML,FEBRERO,1.300787434,39394.05,56555.62783,73566.85,153,12
PHARMA - Z1,FARMA SOLUTIONS E.I.R.L.,TRAZIDEX O,2,FEB,1250.25,30,Z1,LIMA,False,False,True,False,40341.0,TRAZIDEX OFTENO 5 ML.,FEBRERO,0.868398954,99642.69,95524.58531,82953.45,153,13
PHARMA - Z1,FARMA SOLUTIONS E.I.R.L.,TRAZIDEX U,2,FEB,420.8,10,Z1,LIMA,False,False,True,False,40342.0,TRAZIDEX UNGENA 3.5 G,FEBRERO,0.737379291,111697.65,148184.091,109267.88,153,14
PHARMA - Z1,FARMA SOLUTIONS E.I.R.L.,AQUADRAN,3,MAR,432.0,8,Z1,LIMA,False,False,True,False,41945.0,AQUADRAN 10G,MARZO,1.286810293,13176.0,33810.57818,43507.8,153,1
PHARMA - Z1,FARMA SOLUTIONS E.I.R.L.,DUSTALOX,3,MAR,451.22,10,Z1,LIMA,False,False,True,False,41121.0,DUSTALOX 5ML,MARZO,0.887447361,6813.43,11070.27913,9824.29,153,2
PHARMA - Z1,FARMA SOLUTIONS E.I.R.L.,LAGRICEL PF,3,MAR,624.86,10,Z1,LIMA,False,False,True,False,41582.0,LAGRICEL OFTENO LIBRE DE CONSERVADORES (PF) 10 ML,MARZO,1.041573922,244371.43,248182.4906,258500.41,153,10
PHARMA - Z1,FARMA SOLUTIONS E.I.R.L.,LANDAX,3,MAR,699.15,15,Z1,LIMA,False,False,True,False,41804.0,LANDAX 5ML,MARZO,0.673401888,4684.31,21117.7311,14220.72,153,11
PHARMA - Z1,FARMA SOLUTIONS E.I.R.L.,TRAZIDEX O,3,MAR,1250.24,30,Z1,LIMA,False,False,True,False,40341.0,TRAZIDEX OFTENO 5 ML.,MARZO,0.841410928,99642.69,95524.58531,80375.43,153,13
PHARMA - Z1,FARMA SOLUTIONS E.I.R.L.,TRAZIDEX U,3,MAR,420.8,10,Z1,LIMA,False,False,True,False,40342.0,TRAZIDEX UNGENA 3.5 G,MARZO,0.890660186,111697.65,148184.091,131981.67,153,14
PHARMA - Z1,FARMA SOLUTIONS E.I.R.L.,AQUADRAN,4,ABR,432.0,8,Z1,LIMA,False,False,True,False,41945.0,AQUADRAN 10G,ABRIL,1.367885669,18754.2,35738.51318,48886.2,153,1
PHARMA - Z1,FARMA SOLUTIONS E.I.R.L.,LAGRICEL PF,4,ABR,625.0,10,Z1,LIMA,False,False,True,False,41582.0,LAGRICEL OFTENO LIBRE DE CONSERVADORES (PF) 10 ML,ABRIL,1.234011277,222585.45,261957.3873,323258.37,153,10
PHARMA - Z1,FARMA SOLUTIONS E.I.R.L.,LANDAX,4,ABR,0.0,30,Z1,LIMA,False,False,True,True,41804.0,LANDAX 5ML,ABRIL,0.967730243,9326.66,22304.8625,21585.09,153,11
PHARMA - Z1,FARMA SOLUTIONS E.I.R.L.,TRAZIDEX O,4,ABR,0.0,30,Z1,LIMA,False,False,True,True,40341.0,TRAZIDEX OFTENO 5 ML.,ABRIL,0.966120714,91975.94,101185.0264,97756.95,153,13
PHARMA - Z1,FARMA SOLUTIONS E.I.R.L.,TRAZIDEX U,4,ABR,421.0,10,Z1,LIMA,False,False,True,False,40342.0,TRAZIDEX UNGENA 3.5 G,ABRIL,0.810349246,131494.88,156358.3363,126704.86,153,14
PHARMA - Z3,FARMACIAS MUNDIALES Y PERFUMERIA S.A.C,FLUMETOL NF,1,ENE,106.17,2,Z3,NORTE CHICO,False,False,True,False,40513.0,FLUMETOL NF OFTENO 5ML,ENERO,1.0,106644.0,144656.97,144656.97,154,6
PHARMA - Z3,FARMACIAS MUNDIALES Y PERFUMERIA S.A.C,LAGRICEL,1,ENE,399.17,6,Z3,NORTE CHICO,False,False,True,False,40515.0,LAGRICEL OFTENO 0.5 ML,ENERO,1.0,154236.51,132452.04,132452.04,154,9
PHARMA - Z3,FARMACIAS MUNDIALES Y PERFUMERIA S.A.C,TRAZIDEX O,1,ENE,120.39,2,Z3,NORTE CHICO,False,False,True,False,40341.0,TRAZIDEX OFTENO 5 ML.,ENERO,1.0,107782.12,170736.47,170736.47,154,13
PHARMA - Z3,FARMACIAS MUNDIALES Y PERFUMERIA S.A.C,LAGRICEL,2,FEB,199.58,3,Z3,NORTE CHICO,False,False,True,False,40515.0,LAGRICEL OFTENO 0.5 ML,FEBRERO,0.970823097,194840.09,165898.7416,161058.33,154,9
PHARMA - Z3,FARMACIAS MUNDIALES Y PERFUMERIA S.A.C,TRAZIDEX O,2,FEB,180.59,3,Z3,NORTE CHICO,False,False,True,False,40341.0,TRAZIDEX OFTENO 5 ML.,FEBRERO,0.868398954,99642.69,95524.58531,82953.45,154,13
PHARMA - Z3,FARMACIAS MUNDIALES Y PERFUMERIA S.A.C,LAGRICEL,3,MAR,266.11,4,Z3,NORTE CHICO,False,False,True,False,40515.0,LAGRICEL OFTENO 0.5 ML,MARZO,1.138987362,194840.09,165898.7416,188956.57,154,9
PHARMA - Z2,FARMAVISION SOCIEDAD ANONIMA CERRADA,AGGLAD,1,ENE,2201.04,36,Z2,CALLAO,False,False,True,False,40351.0,AGGLAD OFTENO 5 ML,ENERO,1.0,22534.35,110094.81,110094.81,155,0
PHARMA - Z2,FARMAVISION SOCIEDAD ANONIMA CERRADA,AQUADRAN,1,ENE,648.0,12,Z2,CALLAO,False,False,True,False,41945.0,AQUADRAN 10G,ENERO,1.0,3348.0,44517.6,44517.6,155,1
PHARMA - Z2,FARMAVISION SOCIEDAD ANONIMA CERRADA,FLUMETOL NF,1,ENE,490.02,12,Z2,CALLAO,False,False,True,False,40513.0,FLUMETOL NF OFTENO 5ML,ENERO,1.0,106644.0,144656.97,144656.97,155,6
PHARMA - Z2,FARMAVISION SOCIEDAD ANONIMA CERRADA,GAAP,1,ENE,945.32,12,Z2,CALLAO,False,False,True,False,40498.0,GAAP OFTENO 3 ML,ENERO,1.0,101352.36,99775.16,99775.16,155,7
PHARMA - Z2,FARMAVISION SOCIEDAD ANONIMA CERRADA,AGGLAD,2,FEB,1467.36,24,Z2,CALLAO,False,False,True,False,40351.0,AGGLAD OFTENO 5 ML,FEBRERO,0.96716156,31785.06,114546.1364,110784.62,155,0
PHARMA - Z2,FARMAVISION SOCIEDAD ANONIMA CERRADA,FLUMETOL NF,2,FEB,490.02,12,Z2,CALLAO,False,False,True,False,40513.0,FLUMETOL NF OFTENO 5ML,FEBRERO,1.285457107,84540.52,101550.4985,130538.81,155,6
PHARMA - Z2,FARMAVISION SOCIEDAD ANONIMA CERRADA,GAAP,2,FEB,1890.65,24,Z2,CALLAO,False,False,True,False,40498.0,GAAP OFTENO 3 ML,FEBRERO,0.873555976,85355.44,97172.18164,84885.34,155,7
PHARMA - Z3,FARMAVISION SOCIEDAD ANONIMA CERRADA,AGGLAD,3,MAR,733.68,12,Z3,NORTE CHICO,False,False,True,False,40351.0,AGGLAD OFTENO 5 ML,MARZO,0.708033745,31785.06,114546.1364,81102.53,155,0
PHARMA - Z3,FARMAVISION SOCIEDAD ANONIMA CERRADA,FLUMETOL NF,3,MAR,980.04,24,Z3,NORTE CHICO,False,False,True,False,40513.0,FLUMETOL NF OFTENO 5ML,MARZO,1.399890715,84540.52,101550.4985,142159.6,155,6
PHARMA - Z3,FARMAVISION SOCIEDAD ANONIMA CERRADA,LAGRICEL,3,MAR,614.1,12,Z3,NORTE CHICO,False,False,True,False,40515.0,LAGRICEL OFTENO 0.5 ML,MARZO,1.138987362,194840.09,165898.7416,188956.57,155,9
PHARMA - Z3,FARMAVISION SOCIEDAD ANONIMA CERRADA,AGGLAD,4,ABR,0.0,24,Z3,NORTE CHICO,False,False,True,True,40351.0,AGGLAD OFTENO 5 ML,ABRIL,0.757043269,24635.46,120891.2407,91519.9,155,0
PHARMA - Z3,FARMAVISION SOCIEDAD ANONIMA CERRADA,AQUADRAN,4,ABR,648.0,12,Z3,NORTE CHICO,False,False,True,False,41945.0,AQUADRAN 10G,ABRIL,1.367885669,18754.2,35738.51318,48886.2,155,1
PHARMA - Z3,FARMAVISION SOCIEDAD ANONIMA CERRADA,LAGRICEL,4,ABR,0.0,100,Z3,NORTE CHICO,False,False,True,True,40515.0,LAGRICEL OFTENO 0.5 ML,ABRIL,0.760754197,152829.6,174961.4402,133102.65,155,9
PHARMA - Z3,FARMAVISION SOCIEDAD ANONIMA CERRADA,LAGRICEL PF,4,ABR,0.0,112,Z3,NORTE CHICO,False,False,True,True,41582.0,LAGRICEL OFTENO LIBRE DE CONSERVADORES (PF) 10 ML,ABRIL,1.234011277,222585.45,261957.3873,323258.37,155,10
PHARMA - Z3,FARMAVISION SOCIEDAD ANONIMA CERRADA,SOPHIPREN,4,ABR,508.0,12,Z3,NORTE CHICO,False,False,True,False,40338.0,SOPHIPREN OFTENO 5 ML,ABRIL,1.125758804,51339.43,59671.10342,67175.27,155,12
PHARMA - Z3,FARMAVISION SOCIEDAD ANONIMA CERRADA,ZEBESTEN,4,ABR,589.0,12,Z3,NORTE CHICO,False,False,True,False,41604.0,ZEBESTEN 5ML PERU,ABRIL,1.062586642,26953.56,29060.89609,30879.72,155,15
PHARMA - Z3,FARMAVISION SOCIEDAD ANONIMA CERRADA,AGGLAD,5,MAY,734.0,12,Z3,NORTE CHICO,False,False,True,False,40351.0,AGGLAD OFTENO 5 ML,MAYO,0.670022241,26193.67,120891.2407,80999.82,155,0
PHARMA - Z3,FARMAVISION SOCIEDAD ANONIMA CERRADA,AQUADRAN,5,MAY,648.0,12,Z3,NORTE CHICO,False,False,True,False,41945.0,AQUADRAN 10G,MAYO,1.308504351,13786.2,35738.51318,46764.0,155,1
PHARMA - Z3,FARMAVISION SOCIEDAD ANONIMA CERRADA,GAAP,5,MAY,945.0,12,Z3,NORTE CHICO,False,False,True,False,40498.0,GAAP OFTENO 3 ML,MAYO,0.567550546,86214.37,102582.687,58220.86,155,7
PHARMA - Z3,FARMAVISION SOCIEDAD ANONIMA CERRADA,AGGLAD,6,JUN,0.0,54,Z3,NORTE CHICO,False,False,True,True,40351.0,AGGLAD OFTENO 5 ML,JUNIO,-0.235301917,20271.95,120891.2407,92445.3,155,0
PHARMA - Z3,FARMAVISION SOCIEDAD ANONIMA CERRADA,AQUADRAN,6,JUN,648.0,12,Z3,NORTE CHICO,False,False,True,False,41945.0,AQUADRAN 10G,JUNIO,0.329694376,15957.0,35738.51318,47521.3,155,1
PHARMA - Z3,FARMAVISION SOCIEDAD ANONIMA CERRADA,ELIPTIC,6,JUN,890.0,30,Z3,NORTE CHICO,False,False,True,False,41076.0,ELIPTIC OFTENO 5ML,JUNIO,-0.521091319,5789.48,39043.81097,18698.42,155,4
PHARMA - Z3,FARMAVISION SOCIEDAD ANONIMA CERRADA,GAAP,6,JUN,945.0,12,Z3,NORTE CHICO,False,False,True,False,40498.0,GAAP OFTENO 3 ML,JUNIO,-0.271295457,79907.03,102582.687,74752.47,155,7
PHARMA - Z3,FARMAVISION SOCIEDAD ANONIMA CERRADA,TRAZIDEX U,6,JUN,449.0,12,Z3,NORTE CHICO,False,False,True,False,40342.0,TRAZIDEX UNGENA 3.5 G,JUNIO,-0.144707451,114383.92,156358.3363,133732.12,155,14
PHARMA - Z3,FARMAVISION SOCIEDAD ANONIMA CERRADA,ZEBESTEN,6,JUN,589.0,12,Z3,NORTE CHICO,False,False,True,False,41604.0,ZEBESTEN 5ML PERU,JUNIO,0.156870039,15690.19,29060.89609,33619.68,155,15
PHARMA - N1,FERNANDEZ CHUNG ROGGER GUSTAVO,ZEBESTEN,4,ABR,0.0,30,N1,CHICLAYO,False,False,True,True,41604.0,ZEBESTEN 5ML PERU,ABRIL,1.062586642,26953.56,29060.89609,30879.72,156,15
PHARMA - N1,FERNANDEZ CHUNG ROGGER GUSTAVO,AGGLAD,5,MAY,0.0,30,N1,CHICLAYO,False,False,True,True,40351.0,AGGLAD OFTENO 5 ML,MAYO,0.670022241,26193.67,120891.2407,80999.82,156,0
PHARMA - N1,FERNANDEZ CHUNG ROGGER GUSTAVO,ELIPTIC PF,5,MAY,0.0,30,N1,CHICLAYO,False,False,True,True,41561.0,ELIPTIC OFTENO 5ML PF PERU,MAYO,0.635068724,11669.87,74583.69182,47365.77,156,5
PHARMA - N1,FERNANDEZ CHUNG ROGGER GUSTAVO,TRAZIDEX U,5,MAY,0.0,30,N1,CHICLAYO,False,False,True,True,40342.0,TRAZIDEX UNGENA 3.5 G,MAYO,0.799544258,131001.94,156358.3363,125015.41,156,14
PHARMA - N2,FLORES JAUREGUI PEDRO,AGGLAD,1,ENE,3362.7,50,N2,TRUJILLO,False,False,True,False,40351.0,AGGLAD OFTENO 5 ML,ENERO,1.0,22534.35,110094.81,110094.81,157,0
PHARMA - N2,FLORES JAUREGUI PEDRO,ELIPTIC PF,1,ENE,2253.81,76,N2,TRUJILLO,False,False,True,False,41561.0,ELIPTIC OFTENO 5ML PF PERU,ENERO,1.0,16201.95,62857.68,62857.68,157,5
PHARMA - N2,FLORES JAUREGUI PEDRO,FLUMETOL NF,1,ENE,539.02,12,N2,TRUJILLO,False,False,True,False,40513.0,FLUMETOL NF OFTENO 5ML,ENERO,1.0,106644.0,144656.97,144656.97,157,6
PHARMA - N2,FLORES JAUREGUI PEDRO,GAAP PF,1,ENE,2434.19,30,N2,TRUJILLO,False,False,True,False,41567.0,GAAP OFTENO LIBRE DE CONSER PF 3 ML PERU,ENERO,1.0,67726.3,99013.28,99013.28,157,8
PHARMA - N2,FLORES JAUREGUI PEDRO,LAGRICEL,1,ENE,4605.76,100,N2,TRUJILLO,False,False,True,False,40515.0,LAGRICEL OFTENO 0.5 ML,ENERO,1.0,154236.51,132452.04,132452.04,157,9
PHARMA - N2,FLORES JAUREGUI PEDRO,TRAZIDEX U,1,ENE,617.17,12,N2,TRUJILLO,False,False,True,False,40342.0,TRAZIDEX UNGENA 3.5 G,ENERO,1.0,127130.48,135275.35,135275.35,157,14
PHARMA - N2,FLORES JAUREGUI PEDRO,AGGLAD,2,FEB,3362.7,50,N2,TRUJILLO,False,False,True,False,40351.0,AGGLAD OFTENO 5 ML,FEBRERO,0.96716156,31785.06,114546.1364,110784.62,157,0
PHARMA - N2,FLORES JAUREGUI PEDRO,ELIPTIC PF,2,FEB,1186.21,40,N2,TRUJILLO,False,False,True,False,41561.0,ELIPTIC OFTENO 5ML PF PERU,FEBRERO,0.876631233,16081.78,70691.40098,61970.29,157,5
PHARMA - N2,FLORES JAUREGUI PEDRO,FLUMETOL NF,2,FEB,2245.93,50,N2,TRUJILLO,False,False,True,False,40513.0,FLUMETOL NF OFTENO 5ML,FEBRERO,1.285457107,84540.52,101550.4985,130538.81,157,6
PHARMA - N2,FLORES JAUREGUI PEDRO,GAAP PF,2,FEB,2434.19,30,N2,TRUJILLO,False,False,True,False,41567.0,GAAP OFTENO LIBRE DE CONSER PF 3 ML PERU,FEBRERO,0.820494884,80205.04,92164.06035,75620.14,157,8
PHARMA - N2,FLORES JAUREGUI PEDRO,LAGRICEL,2,FEB,3684.61,80,N2,TRUJILLO,False,False,True,False,40515.0,LAGRICEL OFTENO 0.5 ML,FEBRERO,0.970823097,194840.09,165898.7416,161058.33,157,9
PHARMA - N2,FLORES JAUREGUI PEDRO,GAAP PF,3,MAR,1217.09,15,N2,TRUJILLO,False,False,True,False,41567.0,GAAP OFTENO LIBRE DE CONSER PF 3 ML PERU,MARZO,0.894697886,80205.04,92164.06035,82458.99,157,8
PHARMA - N2,FLORES JAUREGUI PEDRO,LAGRICEL,3,MAR,1381.73,30,N2,TRUJILLO,False,False,True,False,40515.0,LAGRICEL OFTENO 0.5 ML,MARZO,1.138987362,194840.09,165898.7416,188956.57,157,9
PHARMA - N2,FLORES JAUREGUI PEDRO,TRAZIDEX U,3,MAR,617.17,12,N2,TRUJILLO,False,False,True,False,40342.0,TRAZIDEX UNGENA 3.5 G,MARZO,0.890660186,111697.65,148184.091,131981.67,157,14
PHARMA - Z2,FONDO DE EMPLEADOS DEL BANCO DE LA NACION,GAAP PF,3,MAR,6456.9,144,Z2,CALLAO,False,False,True,False,41567.0,GAAP OFTENO LIBRE DE CONSER PF 3 ML PERU,MARZO,0.894697886,80205.04,92164.06035,82458.99,158,8
PHARMA - Z2,FONDO DE EMPLEADOS DEL BANCO DE LA NACION,TRAZIDEX O,3,MAR,2139.29,77,Z2,CALLAO,False,False,True,False,40341.0,TRAZIDEX OFTENO 5 ML.,MARZO,0.841410928,99642.69,95524.58531,80375.43,158,13
PHARMA - Z2,FONDO DE EMPLEADOS DEL BANCO DE LA NACION,TRAZIDEX U,3,MAR,276.79,8,Z2,CALLAO,False,False,True,False,40342.0,TRAZIDEX UNGENA 3.5 G,MARZO,0.890660186,111697.65,148184.091,131981.67,158,14
PHARMA - S,FUENTES VEGA JOSE ANTONIO,DUSTALOX,5,MAY,451.0,10,S,CADENAS,False,False,True,False,41121.0,DUSTALOX 5ML,MAYO,0.508953586,12191.14,11675.36719,5942.22,159,2
PHARMA - S,FUENTES VEGA JOSE ANTONIO,FLUMETOL NF,5,MAY,0.0,25,S,CADENAS,False,False,True,True,40513.0,FLUMETOL NF OFTENO 5ML,MAYO,1.182290501,84208.66,107397.8095,126975.41,159,6
PHARMA - S,FUENTES VEGA JOSE ANTONIO,SOPHIPREN,5,MAY,932.0,20,S,CADENAS,False,False,True,False,40338.0,SOPHIPREN OFTENO 5 ML,MAYO,0.947602386,43314.92,59671.10342,56544.48,159,12
PHARMA - S,FUENTES VEGA JOSE ANTONIO,TRAZIDEX U,5,MAY,842.0,20,S,CADENAS,False,False,True,False,40342.0,TRAZIDEX UNGENA 3.5 G,MAYO,0.799544258,131001.94,156358.3363,125015.41,159,14
PHARMA - Z3,FUNDACION PARA EL TRATAMIENTO DE GLAUCOMA Y CATARATA SAC,ZEBESTEN,2,FEB,490.88,10,Z3,NORTE CHICO,False,False,True,False,41604.0,ZEBESTEN 5ML PERU,FEBRERO,0.998966691,24271.56,27459.43408,27431.06,160,15
PHARMA - Z3,FUNDACION PARA EL TRATAMIENTO DE GLAUCOMA Y CATARATA SAC,LAGRICEL PF,4,ABR,625.0,10,Z3,NORTE CHICO,False,False,True,False,41582.0,LAGRICEL OFTENO LIBRE DE CONSERVADORES (PF) 10 ML,ABRIL,1.234011277,222585.45,261957.3873,323258.37,160,10
PHARMA - Z3,FUNDACION PARA EL TRATAMIENTO DE GLAUCOMA Y CATARATA SAC,ZEBESTEN,4,ABR,491.0,10,Z3,NORTE CHICO,False,False,True,False,41604.0,ZEBESTEN 5ML PERU,ABRIL,1.062586642,26953.56,29060.89609,30879.72,160,15
PHARMA - Z3,FUNDACION PARA EL TRATAMIENTO DE GLAUCOMA Y CATARATA SAC,LAGRICEL PF,5,MAY,0.0,20,Z3,NORTE CHICO,False,False,True,True,41582.0,LAGRICEL OFTENO LIBRE DE CONSERVADORES (PF) 10 ML,MAYO,0.852391423,198666.14,261957.3873,223290.23,160,10
PHARMA - Z3,FUNDACION PARA EL TRATAMIENTO DE GLAUCOMA Y CATARATA SAC,ZEBESTEN,5,MAY,491.0,10,Z3,NORTE CHICO,False,False,True,False,41604.0,ZEBESTEN 5ML PERU,MAYO,0.825216123,27515.83,29060.89609,23981.52,160,15
PHARMA - S,FUNDAR CLINICA DE OJOS Y LA VISTA E.I.R.L.,LAGRICEL,2,FEB,767.63,15,S,CADENAS,False,False,True,False,40515.0,LAGRICEL OFTENO 0.5 ML,FEBRERO,0.970823097,194840.09,165898.7416,161058.33,161,9
PHARMA - S,FUNDAR CLINICA DE OJOS Y LA VISTA E.I.R.L.,TRAZIDEX U,2,FEB,631.19,15,S,CADENAS,False,False,True,False,40342.0,TRAZIDEX UNGENA 3.5 G,FEBRERO,0.737379291,111697.65,148184.091,109267.88,161,14
PHARMA - S,FUNDAR CLINICA DE OJOS Y LA VISTA E.I.R.L.,LAGRICEL,6,JUN,0.0,20,S,CADENAS,False,False,True,True,40515.0,LAGRICEL OFTENO 0.5 ML,JUNIO,-0.157973323,129483.27,174961.4402,147322.2,161,9
PHARMA - Z2,GAMARRA HEALTHCARE CENTER S.A.C.,TRAZIDEX U,1,ENE,280.53,6,Z2,CALLAO,False,False,True,False,40342.0,TRAZIDEX UNGENA 3.5 G,ENERO,1.0,127130.48,135275.35,135275.35,162,14
PHARMA - Z2,GAMARRA HEALTHCARE CENTER S.A.C.,FLUMETOL NF,3,MAR,245.01,6,Z2,CALLAO,False,False,True,False,40513.0,FLUMETOL NF OFTENO 5ML,MARZO,1.399890715,84540.52,101550.4985,142159.6,162,6
PHARMA - Z2,GAMARRA HEALTHCARE CENTER S.A.C.,TRAZIDEX U,3,MAR,280.53,6,Z2,CALLAO,False,False,True,False,40342.0,TRAZIDEX UNGENA 3.5 G,MARZO,0.890660186,111697.65,148184.091,131981.67,162,14
PHARMA - Z2,GAMARRA HEALTHCARE CENTER S.A.C.,FLUMETOL NF,4,ABR,245.0,6,Z2,CALLAO,False,False,True,False,40513.0,FLUMETOL NF OFTENO 5ML,ABRIL,1.22328994,97096.28,107397.8095,131378.66,162,6
PHARMA - Z2,GAMARRA HEALTHCARE CENTER S.A.C.,AQUADRAN,6,JUN,270.0,5,Z2,CALLAO,False,False,True,False,41945.0,AQUADRAN 10G,JUNIO,0.329694376,15957.0,35738.51318,47521.3,162,1
PHARMA - Z2,GAMARRA HEALTHCARE CENTER S.A.C.,ELIPTIC PF,6,JUN,114.0,3,Z2,CALLAO,False,False,True,False,41561.0,ELIPTIC OFTENO 5ML PF PERU,JUNIO,-0.431896719,12781.68,74583.69182,42371.24,162,5
PHARMA - Z2,GAMARRA HEALTHCARE CENTER S.A.C.,FLUMETOL NF,6,JUN,408.0,10,Z2,CALLAO,False,False,True,False,40513.0,FLUMETOL NF OFTENO 5ML,JUNIO,0.071788154,87288.94,107397.8095,115107.7,162,6
PHARMA - Z2,GAMARRA HEALTHCARE CENTER S.A.C.,GAAP PF,6,JUN,270.0,5,Z2,CALLAO,False,False,True,False,41567.0,GAAP OFTENO LIBRE DE CONSER PF 3 ML PERU,JUNIO,-0.151410313,75783.27,97315.99528,82581.35,162,8
PHARMA - Z2,GAMARRA HEALTHCARE CENTER S.A.C.,TRAZIDEX U,6,JUN,281.0,6,Z2,CALLAO,False,False,True,False,40342.0,TRAZIDEX UNGENA 3.5 G,JUNIO,-0.144707451,114383.92,156358.3363,133732.12,162,14
PHARMA - N2,"GAMARRA VASQUEZ,ELVIA",LAGRICEL PF,6,JUN,954.0,20,N2,TRUJILLO,False,False,True,False,41582.0,LAGRICEL OFTENO LIBRE DE CONSERVADORES (PF) 10 ML,JUNIO,-0.085958779,182516.9,261957.3873,239439.85,163,10
PHARMA - N2,"GAMARRA VASQUEZ,ELVIA",TRAZIDEX O,6,JUN,926.0,20,N2,TRUJILLO,False,False,True,False,40341.0,TRAZIDEX OFTENO 5 ML.,JUNIO,-0.192738462,70697.29,101185.0264,81682.78,163,13
PHARMA - N2,GOOD VISION E.I.R.L.,LAGRICEL PF,3,MAR,572.59,12,N2,TRUJILLO,False,False,True,False,41582.0,LAGRICEL OFTENO LIBRE DE CONSERVADORES (PF) 10 ML,MARZO,1.041573922,244371.43,248182.4906,258500.41,164,10
PHARMA - Z2,GRUPO LARRAURIZ SOCIEDAD ANONIMA CERRADA,AGGLAD,5,MAY,550.0,10,Z2,CALLAO,False,False,True,False,40351.0,AGGLAD OFTENO 5 ML,MAYO,0.670022241,26193.67,120891.2407,80999.82,165,0
PHARMA - Z2,GRUPO LARRAURIZ SOCIEDAD ANONIMA CERRADA,ELAR-B,5,MAY,518.0,10,Z2,CALLAO,False,False,True,False,42098.0,ELAR-B 5 ML,MAYO,0.690959707,0.0,24407.71845,16864.75,165,3
PHARMA - Z2,GRUPO LARRAURIZ SOCIEDAD ANONIMA CERRADA,ELIPTIC PF,5,MAY,340.0,10,Z2,CALLAO,False,False,True,False,41561.0,ELIPTIC OFTENO 5ML PF PERU,MAYO,0.635068724,11669.87,74583.69182,47365.77,165,5
PHARMA - Z2,GRUPO LARRAURIZ SOCIEDAD ANONIMA CERRADA,LAGRICEL PF,5,MAY,0.0,50,Z2,CALLAO,False,False,True,True,41582.0,LAGRICEL OFTENO LIBRE DE CONSERVADORES (PF) 10 ML,MAYO,0.852391423,198666.14,261957.3873,223290.23,165,10
PHARMA - Z2,GRUPO LARRAURIZ SOCIEDAD ANONIMA CERRADA,ZEBESTEN,5,MAY,0.0,50,Z2,CALLAO,False,False,True,True,41604.0,ZEBESTEN 5ML PERU,MAYO,0.825216123,27515.83,29060.89609,23981.52,165,15
PHARMA - Z3,GRUPO MEDICO INTEGRAL SOCIEDAD ANONIMA CERRADA,FLUMETOL NF,4,ABR,817.0,20,Z3,NORTE CHICO,False,False,True,False,40513.0,FLUMETOL NF OFTENO 5ML,ABRIL,1.22328994,97096.28,107397.8095,131378.66,166,6
PHARMA - Z3,GRUPO MEDICO INTEGRAL SOCIEDAD ANONIMA CERRADA,LAGRICEL PF,4,ABR,954.0,20,Z3,NORTE CHICO,False,False,True,False,41582.0,LAGRICEL OFTENO LIBRE DE CONSERVADORES (PF) 10 ML,ABRIL,1.234011277,222585.45,261957.3873,323258.37,166,10
PHARMA - Z3,GRUPO MEDICO INTEGRAL SOCIEDAD ANONIMA CERRADA,SOPHIPREN,4,ABR,424.0,10,Z3,NORTE CHICO,False,False,True,False,40338.0,SOPHIPREN OFTENO 5 ML,ABRIL,1.125758804,51339.43,59671.10342,67175.27,166,12
PHARMA - Z3,GRUPO MEDICO INTEGRAL SOCIEDAD ANONIMA CERRADA,TRAZIDEX U,4,ABR,421.0,10,Z3,NORTE CHICO,False,False,True,False,40342.0,TRAZIDEX UNGENA 3.5 G,ABRIL,0.810349246,131494.88,156358.3363,126704.86,166,14
PHARMA - N1,GSP TRUJILLO S.A.C.,TRAZIDEX U,1,ENE,540.39,10,N1,CHICLAYO,False,False,True,False,40342.0,TRAZIDEX UNGENA 3.5 G,ENERO,1.0,127130.48,135275.35,135275.35,167,14
PHARMA - N1,GSP TRUJILLO S.A.C.,FLUMETOL NF,2,FEB,188.79,4,N1,CHICLAYO,False,False,True,False,40513.0,FLUMETOL NF OFTENO 5ML,FEBRERO,1.285457107,84540.52,101550.4985,130538.81,167,6
PHARMA - N1,GSP TRUJILLO S.A.C.,LAGRICEL,2,FEB,473.18,8,N1,CHICLAYO,False,False,True,False,40515.0,LAGRICEL OFTENO 0.5 ML,FEBRERO,0.970823097,194840.09,165898.7416,161058.33,167,9
PHARMA - N1,GSP TRUJILLO S.A.C.,LAGRICEL PF,2,FEB,6129.42,103,N1,CHICLAYO,False,False,True,False,41582.0,LAGRICEL OFTENO LIBRE DE CONSERVADORES (PF) 10 ML,FEBRERO,1.01762066,244371.43,248182.4906,252555.63,167,10
PHARMA - N1,GSP TRUJILLO S.A.C.,TRAZIDEX U,2,FEB,540.39,10,N1,CHICLAYO,False,False,True,False,40342.0,TRAZIDEX UNGENA 3.5 G,FEBRERO,0.737379291,111697.65,148184.091,109267.88,167,14
PHARMA - N1,GSP TRUJILLO S.A.C.,GAAP,3,MAR,431.26,5,N1,CHICLAYO,False,False,True,False,40498.0,GAAP OFTENO 3 ML,MARZO,0.701456825,85355.44,97172.18164,68162.09,167,7
PHARMA - N1,GSP TRUJILLO S.A.C.,LAGRICEL PF,3,MAR,4820.22,81,N1,CHICLAYO,False,False,True,False,41582.0,LAGRICEL OFTENO LIBRE DE CONSERVADORES (PF) 10 ML,MARZO,1.041573922,244371.43,248182.4906,258500.41,167,10
PHARMA - N1,GSP TRUJILLO S.A.C.,SOPHIPREN,3,MAR,182.48,4,N1,CHICLAYO,False,False,True,False,40338.0,SOPHIPREN OFTENO 5 ML,MARZO,1.018181783,39394.05,56555.62783,57583.91,167,12
PHARMA - N1,GSP TRUJILLO S.A.C.,AGGLAD,4,ABR,401.0,5,N1,CHICLAYO,False,False,True,False,40351.0,AGGLAD OFTENO 5 ML,ABRIL,0.757043269,24635.46,120891.2407,91519.9,167,0
PHARMA - N1,GSP TRUJILLO S.A.C.,FLUMETOL NF,4,ABR,189.0,4,N1,CHICLAYO,False,False,True,False,40513.0,FLUMETOL NF OFTENO 5ML,ABRIL,1.22328994,97096.28,107397.8095,131378.66,167,6
PHARMA - N1,GSP TRUJILLO S.A.C.,LAGRICEL PF,4,ABR,0.0,222,N1,CHICLAYO,False,False,True,True,41582.0,LAGRICEL OFTENO LIBRE DE CONSERVADORES (PF) 10 ML,ABRIL,1.234011277,222585.45,261957.3873,323258.37,167,10
PHARMA - N1,GSP TRUJILLO S.A.C.,TRAZIDEX O,4,ABR,601.0,16,N1,CHICLAYO,False,False,True,False,40341.0,TRAZIDEX OFTENO 5 ML.,ABRIL,0.966120714,91975.94,101185.0264,97756.95,167,13
PHARMA - N1,GSP TRUJILLO S.A.C.,TRAZIDEX U,4,ABR,829.0,18,N1,CHICLAYO,False,False,True,False,40342.0,TRAZIDEX UNGENA 3.5 G,ABRIL,0.810349246,131494.88,156358.3363,126704.86,167,14
PHARMA - N1,GSP TRUJILLO S.A.C.,GAAP,5,MAY,0.0,20,N1,CHICLAYO,False,False,True,True,40498.0,GAAP OFTENO 3 ML,MAYO,0.567550546,86214.37,102582.687,58220.86,167,7
PHARMA - N1,GSP TRUJILLO S.A.C.,LAGRICEL PF,5,MAY,0.0,87,N1,CHICLAYO,False,False,True,True,41582.0,LAGRICEL OFTENO LIBRE DE CONSERVADORES (PF) 10 ML,MAYO,0.852391423,198666.14,261957.3873,223290.23,167,10
PHARMA - N1,GSP TRUJILLO S.A.C.,GAAP,6,JUN,0.0,17,N1,CHICLAYO,False,False,True,True,40498.0,GAAP OFTENO 3 ML,JUNIO,-0.271295457,79907.03,102582.687,74752.47,167,7
PHARMA - N1,GSP TRUJILLO S.A.C.,LAGRICEL PF,6,JUN,0.0,181,N1,CHICLAYO,False,False,True,True,41582.0,LAGRICEL OFTENO LIBRE DE CONSERVADORES (PF) 10 ML,JUNIO,-0.085958779,182516.9,261957.3873,239439.85,167,10
PHARMA - N1,GSP TRUJILLO S.A.C.,SOPHIPREN,6,JUN,146.0,4,N1,CHICLAYO,False,False,True,False,40338.0,SOPHIPREN OFTENO 5 ML,JUNIO,0.072135193,48676.87,59671.10342,63975.49,167,12
PHARMA - N1,GSP TRUJILLO S.A.C.,TRAZIDEX O,6,JUN,162.0,7,N1,CHICLAYO,False,False,True,False,40341.0,TRAZIDEX OFTENO 5 ML.,JUNIO,-0.192738462,70697.29,101185.0264,81682.78,167,13
PHARMA - N1,GSP TRUJILLO S.A.C.,TRAZIDEX U,6,JUN,0.0,41,N1,CHICLAYO,False,False,True,True,40342.0,TRAZIDEX UNGENA 3.5 G,JUNIO,-0.144707451,114383.92,156358.3363,133732.12,167,14
PHARMA - Z2,GUTIERREZ CARDENAS JAVIER HORACIO,AQUADRAN,4,ABR,270.0,5,Z2,CALLAO,False,False,True,False,41945.0,AQUADRAN 10G,ABRIL,1.367885669,18754.2,35738.51318,48886.2,168,1
PHARMA - Z2,GUTIERREZ CARDENAS JAVIER HORACIO,LAGRICEL PF,4,ABR,573.0,12,Z2,CALLAO,False,False,True,False,41582.0,LAGRICEL OFTENO LIBRE DE CONSERVADORES (PF) 10 ML,ABRIL,1.234011277,222585.45,261957.3873,323258.37,168,10
PHARMA - N1,GUTIERREZ LEAL LEIDY MARLEN,LAGRICEL PF,5,MAY,285.0,6,N1,CHICLAYO,False,False,True,False,41582.0,LAGRICEL OFTENO LIBRE DE CONSERVADORES (PF) 10 ML,MAYO,0.852391423,198666.14,261957.3873,223290.23,169,10
PHARMA - N1,GUTIERREZ LEAL LEIDY MARLEN,TRAZIDEX O,5,MAY,153.0,3,N1,CHICLAYO,False,False,True,False,40341.0,TRAZIDEX OFTENO 5 ML.,MAYO,0.725790194,64098.19,101185.0264,73439.1,169,13
PHARMA - N1,GUTIERREZ LEAL LEIDY MARLEN,TRAZIDEX U,5,MAY,154.0,3,N1,CHICLAYO,False,False,True,False,40342.0,TRAZIDEX UNGENA 3.5 G,MAYO,0.799544258,131001.94,156358.3363,125015.41,169,14
PHARMA - Z1,H & G VISION MEDICAL ASOCIADOS S.R.L.,LAGRICEL PF,1,ENE,286.3,6,Z1,LIMA,False,False,True,False,41582.0,LAGRICEL OFTENO LIBRE DE CONSERVADORES (PF) 10 ML,ENERO,1.0,241357.65,244552.3,244552.3,170,10
PHARMA - Z1,H & G VISION MEDICAL ASOCIADOS S.R.L.,LANDAX,1,ENE,279.66,6,Z1,LIMA,False,False,True,False,41804.0,LANDAX 5ML,ENERO,1.0,2843.21,23761.78,23761.78,170,11
PHARMA - Z1,H & G VISION MEDICAL ASOCIADOS S.R.L.,AGGLAD,2,FEB,165.08,3,Z1,LIMA,False,False,True,False,40351.0,AGGLAD OFTENO 5 ML,FEBRERO,0.96716156,31785.06,114546.1364,110784.62,170,0
PHARMA - Z1,H & G VISION MEDICAL ASOCIADOS S.R.L.,ELAR-B,2,FEB,517.5,10,Z1,LIMA,False,False,True,False,42098.0,ELAR-B 5 ML,FEBRERO,0.622378415,0.0,23180.02945,14426.75,170,3
PHARMA - Z1,H & G VISION MEDICAL ASOCIADOS S.R.L.,ELIPTIC PF,2,FEB,113.66,3,Z1,LIMA,False,False,True,False,41561.0,ELIPTIC OFTENO 5ML PF PERU,FEBRERO,0.876631233,16081.78,70691.40098,61970.29,170,5
PHARMA - Z1,H & G VISION MEDICAL ASOCIADOS S.R.L.,LAGRICEL PF,2,FEB,143.15,3,Z1,LIMA,False,False,True,False,41582.0,LAGRICEL OFTENO LIBRE DE CONSERVADORES (PF) 10 ML,FEBRERO,1.01762066,244371.43,248182.4906,252555.63,170,10
PHARMA - Z1,H & G VISION MEDICAL ASOCIADOS S.R.L.,LANDAX,2,FEB,139.83,3,Z1,LIMA,False,False,True,False,41804.0,LANDAX 5ML,FEBRERO,0.765660853,4684.31,21117.7311,16169.02,170,11
PHARMA - Z1,H & G VISION MEDICAL ASOCIADOS S.R.L.,LANDAX,4,ABR,140.0,3,Z1,LIMA,False,False,True,False,41804.0,LANDAX 5ML,ABRIL,0.967730243,9326.66,22304.8625,21585.09,170,11
PHARMA - Z1,H & G VISION MEDICAL ASOCIADOS S.R.L.,TRAZIDEX O,4,ABR,139.0,3,Z1,LIMA,False,False,True,False,40341.0,TRAZIDEX OFTENO 5 ML.,ABRIL,0.966120714,91975.94,101185.0264,97756.95,170,13
PHARMA - Z1,H & G VISION MEDICAL ASOCIADOS S.R.L.,TRAZIDEX U,4,ABR,281.0,6,Z1,LIMA,False,False,True,False,40342.0,TRAZIDEX UNGENA 3.5 G,ABRIL,0.810349246,131494.88,156358.3363,126704.86,170,14
PHARMA - Z1,H & G VISION MEDICAL ASOCIADOS S.R.L.,TRAZIDEX U,5,MAY,561.0,12,Z1,LIMA,False,False,True,False,40342.0,TRAZIDEX UNGENA 3.5 G,MAYO,0.799544258,131001.94,156358.3363,125015.41,170,14
PHARMA - Z1,H & G VISION MEDICAL ASOCIADOS S.R.L.,AGGLAD,6,JUN,165.0,3,Z1,LIMA,False,False,True,False,40351.0,AGGLAD OFTENO 5 ML,JUNIO,-0.235301917,20271.95,120891.2407,92445.3,170,0
PHARMA - Z1,H & G VISION MEDICAL ASOCIADOS S.R.L.,ELIPTIC PF,6,JUN,114.0,3,Z1,LIMA,False,False,True,False,41561.0,ELIPTIC OFTENO 5ML PF PERU,JUNIO,-0.431896719,12781.68,74583.69182,42371.24,170,5
PHARMA - Z1,H & G VISION MEDICAL ASOCIADOS S.R.L.,TRAZIDEX U,6,JUN,561.0,12,Z1,LIMA,False,False,True,False,40342.0,TRAZIDEX UNGENA 3.5 G,JUNIO,-0.144707451,114383.92,156358.3363,133732.12,170,14
PHARMA - Z1,HC MEDICAL GROUP S.A.C.,LAGRICEL PF,1,ENE,715.74,15,Z1,LIMA,False,False,True,False,41582.0,LAGRICEL OFTENO LIBRE DE CONSERVADORES (PF) 10 ML,ENERO,1.0,241357.65,244552.3,244552.3,171,10
PHARMA - Z1,HC MEDICAL GROUP S.A.C.,LANDAX,1,ENE,745.76,20,Z1,LIMA,False,False,True,False,41804.0,LANDAX 5ML,ENERO,1.0,2843.21,23761.78,23761.78,171,11
PHARMA - Z1,HC MEDICAL GROUP S.A.C.,SOPHIPREN,1,ENE,762.3,20,Z1,LIMA,False,False,True,False,40338.0,SOPHIPREN OFTENO 5 ML,ENERO,1.0,41450.28,50525.9,50525.9,171,12
PHARMA - Z1,HC MEDICAL GROUP S.A.C.,TRAZIDEX O,1,ENE,416.75,10,Z1,LIMA,False,False,True,False,40341.0,TRAZIDEX OFTENO 5 ML.,ENERO,1.0,107782.12,170736.47,170736.47,171,13
PHARMA - Z1,HC MEDICAL GROUP S.A.C.,ZEBESTEN,1,ENE,981.75,20,Z1,LIMA,False,False,True,False,41604.0,ZEBESTEN 5ML PERU,ENERO,1.0,31496.43,43862.02,43862.02,171,15
PHARMA - Z1,HC MEDICAL GROUP S.A.C.,LAGRICEL PF,2,FEB,954.32,20,Z1,LIMA,False,False,True,False,41582.0,LAGRICEL OFTENO LIBRE DE CONSERVADORES (PF) 10 ML,FEBRERO,1.01762066,244371.43,248182.4906,252555.63,171,10
PHARMA - Z1,HC MEDICAL GROUP S.A.C.,TRAZIDEX O,3,MAR,416.75,10,Z1,LIMA,False,False,True,False,40341.0,TRAZIDEX OFTENO 5 ML.,MARZO,0.841410928,99642.69,95524.58531,80375.43,171,13
PHARMA - Z1,HC MEDICAL GROUP S.A.C.,TRAZIDEX U,4,ABR,561.0,15,Z1,LIMA,False,False,True,False,40342.0,TRAZIDEX UNGENA 3.5 G,ABRIL,0.810349246,131494.88,156358.3363,126704.86,171,14
PHARMA - Z1,HC MEDICAL GROUP S.A.C.,LANDAX,5,MAY,746.0,20,Z1,LIMA,False,False,True,False,41804.0,LANDAX 5ML,MAYO,0.638188198,10589.8,22304.8625,14234.7,171,11
PHARMA - Z1,HC MEDICAL GROUP S.A.C.,SOPHIPREN,5,MAY,762.0,20,Z1,LIMA,False,False,True,False,40338.0,SOPHIPREN OFTENO 5 ML,MAYO,0.947602386,43314.92,59671.10342,56544.48,171,12
PHARMA - Z1,HC MEDICAL GROUP S.A.C.,TRAZIDEX O,5,MAY,833.0,20,Z1,LIMA,False,False,True,False,40341.0,TRAZIDEX OFTENO 5 ML.,MAYO,0.725790194,64098.19,101185.0264,73439.1,171,13
PHARMA - Z1,HC MEDICAL GROUP S.A.C.,ZEBESTEN,5,MAY,982.0,20,Z1,LIMA,False,False,True,False,41604.0,ZEBESTEN 5ML PERU,MAYO,0.825216123,27515.83,29060.89609,23981.52,171,15
PHARMA - Z3,HC SOLUCIONES INTEGRALES SOCIEDAD ANONIMA CERRADA,FLUMETOL NF,1,ENE,1960.08,50,Z3,NORTE CHICO,False,False,True,False,40513.0,FLUMETOL NF OFTENO 5ML,ENERO,1.0,106644.0,144656.97,144656.97,172,6
PHARMA - Z3,HC SOLUCIONES INTEGRALES SOCIEDAD ANONIMA CERRADA,SOPHIPREN,1,ENE,847.0,20,Z3,NORTE CHICO,False,False,True,False,40338.0,SOPHIPREN OFTENO 5 ML,ENERO,1.0,41450.28,50525.9,50525.9,172,12
PHARMA - Z3,HC SOLUCIONES INTEGRALES SOCIEDAD ANONIMA CERRADA,AGGLAD,4,ABR,660.0,12,Z3,NORTE CHICO,False,False,True,False,40351.0,AGGLAD OFTENO 5 ML,ABRIL,0.757043269,24635.46,120891.2407,91519.9,172,0
PHARMA - Z3,HC SOLUCIONES INTEGRALES SOCIEDAD ANONIMA CERRADA,ELIPTIC PF,4,ABR,361.0,12,Z3,NORTE CHICO,False,False,True,False,41561.0,ELIPTIC OFTENO 5ML PF PERU,ABRIL,0.502083754,28406.63,74583.69182,37447.26,172,5
PHARMA - Z3,HC SOLUCIONES INTEGRALES SOCIEDAD ANONIMA CERRADA,SOPHIPREN,4,ABR,847.0,20,Z3,NORTE CHICO,False,False,True,False,40338.0,SOPHIPREN OFTENO 5 ML,ABRIL,1.125758804,51339.43,59671.10342,67175.27,172,12
PHARMA - Z3,HERRERA LOPEZ NORMA FRANCISCA,TRAZIDEX O,1,ENE,926.1,20,Z3,NORTE CHICO,False,False,True,False,40341.0,TRAZIDEX OFTENO 5 ML.,ENERO,1.0,107782.12,170736.47,170736.47,173,13
PHARMA - Z3,HERRERA LOPEZ NORMA FRANCISCA,ELIPTIC PF,2,FEB,254.75,10,Z3,NORTE CHICO,False,False,True,False,41561.0,ELIPTIC OFTENO 5ML PF PERU,FEBRERO,0.876631233,16081.78,70691.40098,61970.29,173,5
PHARMA - Z3,HERRERA LOPEZ NORMA FRANCISCA,FLUMETOL NF,2,FEB,449.19,10,Z3,NORTE CHICO,False,False,True,False,40513.0,FLUMETOL NF OFTENO 5ML,FEBRERO,1.285457107,84540.52,101550.4985,130538.81,173,6
PHARMA - Z3,HERRERA LOPEZ NORMA FRANCISCA,LAGRICEL,2,FEB,562.93,10,Z3,NORTE CHICO,False,False,True,False,40515.0,LAGRICEL OFTENO 0.5 ML,FEBRERO,0.970823097,194840.09,165898.7416,161058.33,173,9
PHARMA - Z3,HERRERA LOPEZ NORMA FRANCISCA,SOPHIPREN,2,FEB,423.5,10,Z3,NORTE CHICO,False,False,True,False,40338.0,SOPHIPREN OFTENO 5 ML,FEBRERO,1.300787434,39394.05,56555.62783,73566.85,173,12
PHARMA - Z3,HERRERA LOPEZ NORMA FRANCISCA,TRAZIDEX O,2,FEB,463.05,10,Z3,NORTE CHICO,False,False,True,False,40341.0,TRAZIDEX OFTENO 5 ML.,FEBRERO,0.868398954,99642.69,95524.58531,82953.45,173,13
PHARMA - Z3,HERRERA LOPEZ NORMA FRANCISCA,ELIPTIC PF,3,MAR,254.75,10,Z3,NORTE CHICO,False,False,True,False,41561.0,ELIPTIC OFTENO 5ML PF PERU,MARZO,0.543724406,16081.78,70691.40098,38436.64,173,5
PHARMA - Z3,HERRERA LOPEZ NORMA FRANCISCA,LAGRICEL,3,MAR,562.93,10,Z3,NORTE CHICO,False,False,True,False,40515.0,LAGRICEL OFTENO 0.5 ML,MARZO,1.138987362,194840.09,165898.7416,188956.57,173,9
PHARMA - Z3,HERRERA LOPEZ NORMA FRANCISCA,SOPHIPREN,3,MAR,423.5,10,Z3,NORTE CHICO,False,False,True,False,40338.0,SOPHIPREN OFTENO 5 ML,MARZO,1.018181783,39394.05,56555.62783,57583.91,173,12
PHARMA - Z3,HERRERA LOPEZ NORMA FRANCISCA,TRAZIDEX O,3,MAR,926.1,20,Z3,NORTE CHICO,False,False,True,False,40341.0,TRAZIDEX OFTENO 5 ML.,MARZO,0.841410928,99642.69,95524.58531,80375.43,173,13
PHARMA - Z3,HERRERA LOPEZ NORMA FRANCISCA,ELIPTIC PF,6,JUN,306.0,12,Z3,NORTE CHICO,False,False,True,False,41561.0,ELIPTIC OFTENO 5ML PF PERU,JUNIO,-0.431896719,12781.68,74583.69182,42371.24,173,5
PHARMA - Z3,HERRERA LOPEZ NORMA FRANCISCA,SOPHIPREN,6,JUN,508.0,12,Z3,NORTE CHICO,False,False,True,False,40338.0,SOPHIPREN OFTENO 5 ML,JUNIO,0.072135193,48676.87,59671.10342,63975.49,173,12
PHARMA - Z3,HERRERA LOPEZ NORMA FRANCISCA,TRAZIDEX O,6,JUN,556.0,12,Z3,NORTE CHICO,False,False,True,False,40341.0,TRAZIDEX OFTENO 5 ML.,JUNIO,-0.192738462,70697.29,101185.0264,81682.78,173,13
PHARMA - Z3,"HIDALGO SALINAS,LUIS ANGEL",AQUADRAN,1,ENE,2430.0,50,Z3,NORTE CHICO,False,False,True,False,41945.0,AQUADRAN 10G,ENERO,1.0,3348.0,44517.6,44517.6,174,1
PHARMA - Z3,"HIDALGO SALINAS,LUIS ANGEL",TRAZIDEX U,1,ENE,2103.98,50,Z3,NORTE CHICO,False,False,True,False,40342.0,TRAZIDEX UNGENA 3.5 G,ENERO,1.0,127130.48,135275.35,135275.35,174,14
PHARMA - Z3,"HIDALGO SALINAS,LUIS ANGEL",TRAZIDEX U,3,MAR,2103.98,50,Z3,NORTE CHICO,False,False,True,False,40342.0,TRAZIDEX UNGENA 3.5 G,MARZO,0.890660186,111697.65,148184.091,131981.67,174,14
PHARMA - Z3,"HIDALGO SALINAS,LUIS ANGEL",FLUMETOL NF,4,ABR,0.0,50,Z3,NORTE CHICO,False,False,True,True,40513.0,FLUMETOL NF OFTENO 5ML,ABRIL,1.22328994,97096.28,107397.8095,131378.66,174,6
PHARMA - S,HOGAR CLINICA SAN JUAN DE DIOS CUSCO,FLUMETOL NF,1,ENE,816.7,20,S,CADENAS,False,False,True,False,40513.0,FLUMETOL NF OFTENO 5ML,ENERO,1.0,106644.0,144656.97,144656.97,175,6
PHARMA - S,HOGAR CLINICA SAN JUAN DE DIOS CUSCO,DUSTALOX,2,FEB,451.22,10,S,CADENAS,False,False,True,False,41121.0,DUSTALOX 5ML,FEBRERO,0.568411142,6813.43,11070.27913,6292.47,175,2
PHARMA - S,HOGAR CLINICA SAN JUAN DE DIOS CUSCO,ZEBESTEN,2,FEB,490.88,10,S,CADENAS,False,False,True,False,41604.0,ZEBESTEN 5ML PERU,FEBRERO,0.998966691,24271.56,27459.43408,27431.06,175,15
PHARMA - Z3,HOLDING MONTECRISTO PERU SOCIEDAD ANONIMA,ELIPTIC PF,2,FEB,407.6,12,Z3,NORTE CHICO,False,False,True,False,41561.0,ELIPTIC OFTENO 5ML PF PERU,FEBRERO,0.876631233,16081.78,70691.40098,61970.29,176,5
PHARMA - Z3,HOLDING MONTECRISTO PERU SOCIEDAD ANONIMA,GAAP PF,4,ABR,577.0,10,Z3,NORTE CHICO,False,False,True,False,41567.0,GAAP OFTENO LIBRE DE CONSER PF 3 ML PERU,ABRIL,0.580041645,82952.14,97315.99528,56447.33,176,8
PHARMA - Z3,HOLDING MONTECRISTO PERU SOCIEDAD ANONIMA,LAGRICEL PF,4,ABR,568.0,10,Z3,NORTE CHICO,False,False,True,False,41582.0,LAGRICEL OFTENO LIBRE DE CONSERVADORES (PF) 10 ML,ABRIL,1.234011277,222585.45,261957.3873,323258.37,176,10
PHARMA - Z3,HOLDING MONTECRISTO PERU SOCIEDAD ANONIMA,ELIPTIC PF,6,JUN,408.0,12,Z3,NORTE CHICO,False,False,True,False,41561.0,ELIPTIC OFTENO 5ML PF PERU,JUNIO,-0.431896719,12781.68,74583.69182,42371.24,176,5
PHARMA - Z3,HOLDING MONTECRISTO PERU SOCIEDAD ANONIMA,GAAP PF,6,JUN,649.0,12,Z3,NORTE CHICO,False,False,True,False,41567.0,GAAP OFTENO LIBRE DE CONSER PF 3 ML PERU,JUNIO,-0.151410313,75783.27,97315.99528,82581.35,176,8
PHARMA - Z3,HOLDING MONTECRISTO PERU SOCIEDAD ANONIMA,TRAZIDEX U,6,JUN,505.0,12,Z3,NORTE CHICO,False,False,True,False,40342.0,TRAZIDEX UNGENA 3.5 G,JUNIO,-0.144707451,114383.92,156358.3363,133732.12,176,14
PHARMA - Z3,HOSAKA DE SUSUKI MIRYAN,AGGLAD,4,ABR,330.0,6,Z3,NORTE CHICO,False,False,True,False,40351.0,AGGLAD OFTENO 5 ML,ABRIL,0.757043269,24635.46,120891.2407,91519.9,177,0
PHARMA - Z3,HOSAKA DE SUSUKI MIRYAN,AQUADRAN,4,ABR,146.0,3,Z3,NORTE CHICO,False,False,True,False,41945.0,AQUADRAN 10G,ABRIL,1.367885669,18754.2,35738.51318,48886.2,177,1
PHARMA - Z3,HOSAKA DE SUSUKI MIRYAN,ELAR-B,4,ABR,311.0,6,Z3,NORTE CHICO,False,False,True,False,42098.0,ELAR-B 5 ML,ABRIL,0.614395812,0.0,24407.71845,14996.0,177,3
PHARMA - Z3,HOSAKA DE SUSUKI MIRYAN,ELIPTIC PF,4,ABR,204.0,6,Z3,NORTE CHICO,False,False,True,False,41561.0,ELIPTIC OFTENO 5ML PF PERU,ABRIL,0.502083754,28406.63,74583.69182,37447.26,177,5
PHARMA - Z3,HOSAKA DE SUSUKI MIRYAN,FLUMETOL NF,4,ABR,163.0,4,Z3,NORTE CHICO,False,False,True,False,40513.0,FLUMETOL NF OFTENO 5ML,ABRIL,1.22328994,97096.28,107397.8095,131378.66,177,6
PHARMA - Z3,HOSAKA DE SUSUKI MIRYAN,GAAP PF,4,ABR,411.0,6,Z3,NORTE CHICO,False,False,True,False,41567.0,GAAP OFTENO LIBRE DE CONSER PF 3 ML PERU,ABRIL,0.580041645,82952.14,97315.99528,56447.33,177,8
PHARMA - Z3,HOSAKA DE SUSUKI MIRYAN,LAGRICEL PF,4,ABR,286.0,6,Z3,NORTE CHICO,False,False,True,False,41582.0,LAGRICEL OFTENO LIBRE DE CONSERVADORES (PF) 10 ML,ABRIL,1.234011277,222585.45,261957.3873,323258.37,177,10
PHARMA - Z3,HOSAKA DE SUSUKI MIRYAN,LANDAX,4,ABR,126.0,3,Z3,NORTE CHICO,False,False,True,False,41804.0,LANDAX 5ML,ABRIL,0.967730243,9326.66,22304.8625,21585.09,177,11
PHARMA - Z3,HOSAKA DE SUSUKI MIRYAN,ZEBESTEN,4,ABR,147.0,3,Z3,NORTE CHICO,False,False,True,False,41604.0,ZEBESTEN 5ML PERU,ABRIL,1.062586642,26953.56,29060.89609,30879.72,177,15
PHARMA - N1,HOSPITAL METROPOLITANO SOCIEDAD ANONIMA,AGGLAD,2,FEB,672.54,10,N1,CHICLAYO,False,False,True,False,40351.0,AGGLAD OFTENO 5 ML,FEBRERO,0.96716156,31785.06,114546.1364,110784.62,178,0
PHARMA - N1,HOSPITAL METROPOLITANO SOCIEDAD ANONIMA,DUSTALOX,2,FEB,82.04,2,N1,CHICLAYO,False,False,True,False,41121.0,DUSTALOX 5ML,FEBRERO,0.568411142,6813.43,11070.27913,6292.47,178,2
PHARMA - N1,HOSPITAL METROPOLITANO SOCIEDAD ANONIMA,ELIPTIC,2,FEB,684.94,12,N1,CHICLAYO,False,False,True,False,41076.0,ELIPTIC OFTENO 5ML,FEBRERO,0.601609541,3462.73,37097.88238,22318.44,178,4
PHARMA - N1,HOSPITAL METROPOLITANO SOCIEDAD ANONIMA,GAAP,2,FEB,1050.36,12,N1,CHICLAYO,False,False,True,False,40498.0,GAAP OFTENO 3 ML,FEBRERO,0.873555976,85355.44,97172.18164,84885.34,178,7
PHARMA - N1,HOSPITAL METROPOLITANO SOCIEDAD ANONIMA,LAGRICEL PF,2,FEB,572.59,12,N1,CHICLAYO,False,False,True,False,41582.0,LAGRICEL OFTENO LIBRE DE CONSERVADORES (PF) 10 ML,FEBRERO,1.01762066,244371.43,248182.4906,252555.63,178,10
PHARMA - N1,HOSPITAL METROPOLITANO SOCIEDAD ANONIMA,TRAZIDEX O,2,FEB,370.44,8,N1,CHICLAYO,False,False,True,False,40341.0,TRAZIDEX OFTENO 5 ML.,FEBRERO,0.868398954,99642.69,95524.58531,82953.45,178,13
PHARMA - N1,HOSPITAL METROPOLITANO SOCIEDAD ANONIMA,TRAZIDEX U,2,FEB,374.04,8,N1,CHICLAYO,False,False,True,False,40342.0,TRAZIDEX UNGENA 3.5 G,FEBRERO,0.737379291,111697.65,148184.091,109267.88,178,14
PHARMA - N1,HOSPITAL METROPOLITANO SOCIEDAD ANONIMA,AGGLAD,4,ABR,673.0,10,N1,CHICLAYO,False,False,True,False,40351.0,AGGLAD OFTENO 5 ML,ABRIL,0.757043269,24635.46,120891.2407,91519.9,178,0
PHARMA - N1,HOSPITAL METROPOLITANO SOCIEDAD ANONIMA,ELIPTIC,4,ABR,628.0,11,N1,CHICLAYO,False,False,True,False,41076.0,ELIPTIC OFTENO 5ML,ABRIL,0.367779928,4871.41,39043.81097,14359.53,178,4
PHARMA - N1,HOSPITAL METROPOLITANO SOCIEDAD ANONIMA,FLUMETOL NF,4,ABR,123.0,3,N1,CHICLAYO,False,False,True,False,40513.0,FLUMETOL NF OFTENO 5ML,ABRIL,1.22328994,97096.28,107397.8095,131378.66,178,6
PHARMA - N1,HOSPITAL METROPOLITANO SOCIEDAD ANONIMA,GAAP,4,ABR,875.0,10,N1,CHICLAYO,False,False,True,False,40498.0,GAAP OFTENO 3 ML,ABRIL,0.475712047,79645.31,102582.687,48799.82,178,7
PHARMA - N1,HOSPITAL METROPOLITANO SOCIEDAD ANONIMA,GAAP PF,4,ABR,397.0,4,N1,CHICLAYO,False,False,True,False,41567.0,GAAP OFTENO LIBRE DE CONSER PF 3 ML PERU,ABRIL,0.580041645,82952.14,97315.99528,56447.33,178,8
PHARMA - N1,HOSPITAL METROPOLITANO SOCIEDAD ANONIMA,SOPHIPREN,4,ABR,559.0,12,N1,CHICLAYO,False,False,True,False,40338.0,SOPHIPREN OFTENO 5 ML,ABRIL,1.125758804,51339.43,59671.10342,67175.27,178,12
PHARMA - N1,HOSPITAL METROPOLITANO SOCIEDAD ANONIMA,TRAZIDEX U,4,ABR,795.0,17,N1,CHICLAYO,False,False,True,False,40342.0,TRAZIDEX UNGENA 3.5 G,ABRIL,0.810349246,131494.88,156358.3363,126704.86,178,14
PHARMA - N1,HOSPITAL METROPOLITANO SOCIEDAD ANONIMA,ZEBESTEN,4,ABR,98.0,2,N1,CHICLAYO,False,False,True,False,41604.0,ZEBESTEN 5ML PERU,ABRIL,1.062586642,26953.56,29060.89609,30879.72,178,15
PHARMA - N1,HOSPITAL METROPOLITANO SOCIEDAD ANONIMA,ELIPTIC,6,JUN,285.0,5,N1,CHICLAYO,False,False,True,False,41076.0,ELIPTIC OFTENO 5ML,JUNIO,-0.521091319,5789.48,39043.81097,18698.42,178,4
PHARMA - N1,HOSPITAL METROPOLITANO SOCIEDAD ANONIMA,GAAP,6,JUN,525.0,6,N1,CHICLAYO,False,False,True,False,40498.0,GAAP OFTENO 3 ML,JUNIO,-0.271295457,79907.03,102582.687,74752.47,178,7
PHARMA - N1,HOSPITAL METROPOLITANO SOCIEDAD ANONIMA,LAGRICEL PF,6,JUN,286.0,6,N1,CHICLAYO,False,False,True,False,41582.0,LAGRICEL OFTENO LIBRE DE CONSERVADORES (PF) 10 ML,JUNIO,-0.085958779,182516.9,261957.3873,239439.85,178,10
PHARMA - N1,HOSPITAL METROPOLITANO SOCIEDAD ANONIMA,TRAZIDEX U,6,JUN,468.0,10,N1,CHICLAYO,False,False,True,False,40342.0,TRAZIDEX UNGENA 3.5 G,JUNIO,-0.144707451,114383.92,156358.3363,133732.12,178,14
PHARMA - N2,HOSPITAL PRIVADO JUAN PABLO II SOCIEDAD ANONIMA CERRADA,FLUMETOL NF,5,MAY,629.0,14,N2,TRUJILLO,False,False,True,False,40513.0,FLUMETOL NF OFTENO 5ML,MAYO,1.182290501,84208.66,107397.8095,126975.41,179,6
PHARMA - N2,IMO FARMA E.I.R.L.,AQUADRAN,2,FEB,648.0,12,N2,TRUJILLO,False,False,True,False,41945.0,AQUADRAN 10G,FEBRERO,1.033824379,13176.0,33810.57818,34954.2,180,1
PHARMA - N2,IMO FARMA E.I.R.L.,ELIPTIC PF,2,FEB,242.36,12,N2,TRUJILLO,False,False,True,False,41561.0,ELIPTIC OFTENO 5ML PF PERU,FEBRERO,0.876631233,16081.78,70691.40098,61970.29,180,5
PHARMA - N2,IMO FARMA E.I.R.L.,LAGRICEL PF,2,FEB,1105.43,50,N2,TRUJILLO,False,False,True,False,41582.0,LAGRICEL OFTENO LIBRE DE CONSERVADORES (PF) 10 ML,FEBRERO,1.01762066,244371.43,248182.4906,252555.63,180,10
PHARMA - N2,IMO FARMA E.I.R.L.,ELIPTIC PF,3,MAR,305.07,12,N2,TRUJILLO,False,False,True,False,41561.0,ELIPTIC OFTENO 5ML PF PERU,MARZO,0.543724406,16081.78,70691.40098,38436.64,180,5
PHARMA - N2,IMO FARMA E.I.R.L.,ZEBESTEN,3,MAR,589.05,12,N2,TRUJILLO,False,False,True,False,41604.0,ZEBESTEN 5ML PERU,MARZO,1.283372043,24271.56,27459.43408,35240.67,180,15
PHARMA - N2,IMO FARMA E.I.R.L.,ZEBESTEN,4,ABR,589.0,12,N2,TRUJILLO,False,False,True,False,41604.0,ZEBESTEN 5ML PERU,ABRIL,1.062586642,26953.56,29060.89609,30879.72,180,15
PHARMA - N2,IMO FARMA E.I.R.L.,AQUADRAN,6,JUN,0.0,24,N2,TRUJILLO,False,False,True,True,41945.0,AQUADRAN 10G,JUNIO,0.329694376,15957.0,35738.51318,47521.3,180,1
PHARMA - N2,IMO FARMA E.I.R.L.,ELIPTIC PF,6,JUN,610.0,24,N2,TRUJILLO,False,False,True,False,41561.0,ELIPTIC OFTENO 5ML PF PERU,JUNIO,-0.431896719,12781.68,74583.69182,42371.24,180,5
PHARMA - N2,IMO FARMA E.I.R.L.,GAAP PF,6,JUN,822.0,12,N2,TRUJILLO,False,False,True,False,41567.0,GAAP OFTENO LIBRE DE CONSER PF 3 ML PERU,JUNIO,-0.151410313,75783.27,97315.99528,82581.35,180,8
PHARMA - N2,IMO FARMA E.I.R.L.,LAGRICEL PF,6,JUN,0.0,50,N2,TRUJILLO,False,False,True,True,41582.0,LAGRICEL OFTENO LIBRE DE CONSERVADORES (PF) 10 ML,JUNIO,-0.085958779,182516.9,261957.3873,239439.85,180,10
PHARMA - N2,IMO FARMA E.I.R.L.,LANDAX,6,JUN,503.0,12,N2,TRUJILLO,False,False,True,False,41804.0,LANDAX 5ML,JUNIO,-0.340308868,5574.56,22304.8625,14714.32,180,11
PHARMA - N2,IMO FARMA E.I.R.L.,ZEBESTEN,6,JUN,557.0,12,N2,TRUJILLO,False,False,True,False,41604.0,ZEBESTEN 5ML PERU,JUNIO,0.156870039,15690.19,29060.89609,33619.68,180,15
PHARMA - Z3,INSAMED INTERNACIONAL EMPRESA INDIVIDUAL DE RESPONSABILIDAD LIMITADA,ELIPTIC PF,1,ENE,627.07,24,Z3,NORTE CHICO,False,False,True,False,41561.0,ELIPTIC OFTENO 5ML PF PERU,ENERO,1.0,16201.95,62857.68,62857.68,181,5
PHARMA - Z3,INSAMED INTERNACIONAL EMPRESA INDIVIDUAL DE RESPONSABILIDAD LIMITADA,FLUMETOL NF,1,ENE,612.53,15,Z3,NORTE CHICO,False,False,True,False,40513.0,FLUMETOL NF OFTENO 5ML,ENERO,1.0,106644.0,144656.97,144656.97,181,6
PHARMA - Z3,INSAMED INTERNACIONAL EMPRESA INDIVIDUAL DE RESPONSABILIDAD LIMITADA,SOPHIPREN,1,ENE,635.25,15,Z3,NORTE CHICO,False,False,True,False,40338.0,SOPHIPREN OFTENO 5 ML,ENERO,1.0,41450.28,50525.9,50525.9,181,12
PHARMA - Z3,INSAMED INTERNACIONAL EMPRESA INDIVIDUAL DE RESPONSABILIDAD LIMITADA,ELIPTIC PF,4,ABR,392.0,15,Z3,NORTE CHICO,False,False,True,False,41561.0,ELIPTIC OFTENO 5ML PF PERU,ABRIL,0.502083754,28406.63,74583.69182,37447.26,181,5
PHARMA - Z3,INSAMED INTERNACIONAL EMPRESA INDIVIDUAL DE RESPONSABILIDAD LIMITADA,FLUMETOL NF,5,MAY,490.0,12,Z3,NORTE CHICO,False,False,True,False,40513.0,FLUMETOL NF OFTENO 5ML,MAYO,1.182290501,84208.66,107397.8095,126975.41,181,6
PHARMA - Z3,INSAMED INTERNACIONAL EMPRESA INDIVIDUAL DE RESPONSABILIDAD LIMITADA,FLUMETOL NF,6,JUN,490.0,12,Z3,NORTE CHICO,False,False,True,False,40513.0,FLUMETOL NF OFTENO 5ML,JUNIO,0.071788154,87288.94,107397.8095,115107.7,181,6
PHARMA - Z3,INSAMED INTERNACIONAL EMPRESA INDIVIDUAL DE RESPONSABILIDAD LIMITADA,SOPHIPREN,6,JUN,508.0,12,Z3,NORTE CHICO,False,False,True,False,40338.0,SOPHIPREN OFTENO 5 ML,JUNIO,0.072135193,48676.87,59671.10342,63975.49,181,12
PHARMA - Z2,INSTITUTO DE OJOS MULTIVISION SOCIEDAD ANONIMA,GAAP,1,ENE,3938.85,50,Z2,CALLAO,False,False,True,False,40498.0,GAAP OFTENO 3 ML,ENERO,1.0,101352.36,99775.16,99775.16,182,7
PHARMA - Z2,INSTITUTO DE OJOS MULTIVISION SOCIEDAD ANONIMA,ELIPTIC,3,MAR,1585.5,50,Z2,CALLAO,False,False,True,False,41076.0,ELIPTIC OFTENO 5ML,MARZO,0.61397952,3462.73,37097.88238,22777.34,182,4
PHARMA - Z1,INSTITUTO DE OJOS PRIMAVERA S.R.L.,ELIPTIC PF,2,FEB,313.54,6,Z1,LIMA,False,False,True,False,41561.0,ELIPTIC OFTENO 5ML PF PERU,FEBRERO,0.876631233,16081.78,70691.40098,61970.29,183,5
PHARMA - Z1,INSTITUTO DE OJOS PRIMAVERA S.R.L.,ELIPTIC PF,3,MAR,156.77,3,Z1,LIMA,False,False,True,False,41561.0,ELIPTIC OFTENO 5ML PF PERU,MARZO,0.543724406,16081.78,70691.40098,38436.64,183,5
PHARMA - Z1,INSTITUTO DE OJOS PRIMAVERA S.R.L.,FLUMETOL NF,3,MAR,245.01,6,Z1,LIMA,False,False,True,False,40513.0,FLUMETOL NF OFTENO 5ML,MARZO,1.399890715,84540.52,101550.4985,142159.6,183,6
PHARMA - Z1,INSTITUTO DE OJOS PRIMAVERA S.R.L.,TRAZIDEX U,3,MAR,252.48,6,Z1,LIMA,False,False,True,False,40342.0,TRAZIDEX UNGENA 3.5 G,MARZO,0.890660186,111697.65,148184.091,131981.67,183,14
PHARMA - Z1,INSTITUTO DE OJOS PRIMAVERA S.R.L.,AGGLAD,4,ABR,330.0,6,Z1,LIMA,False,False,True,False,40351.0,AGGLAD OFTENO 5 ML,ABRIL,0.757043269,24635.46,120891.2407,91519.9,183,0
PHARMA - Z1,INSTITUTO DE OJOS PRIMAVERA S.R.L.,ELIPTIC PF,4,ABR,314.0,6,Z1,LIMA,False,False,True,False,41561.0,ELIPTIC OFTENO 5ML PF PERU,ABRIL,0.502083754,28406.63,74583.69182,37447.26,183,5
PHARMA - Z1,INSTITUTO DE OJOS PRIMAVERA S.R.L.,LAGRICEL,4,ABR,184.0,4,Z1,LIMA,False,False,True,False,40515.0,LAGRICEL OFTENO 0.5 ML,ABRIL,0.760754197,152829.6,174961.4402,133102.65,183,9
PHARMA - Z1,INSTITUTO DE OJOS PRIMAVERA S.R.L.,TRAZIDEX U,4,ABR,252.0,6,Z1,LIMA,False,False,True,False,40342.0,TRAZIDEX UNGENA 3.5 G,ABRIL,0.810349246,131494.88,156358.3363,126704.86,183,14
PHARMA - Z1,INSTITUTO DE OJOS PRIMAVERA S.R.L.,ELIPTIC PF,5,MAY,209.0,4,Z1,LIMA,False,False,True,False,41561.0,ELIPTIC OFTENO 5ML PF PERU,MAYO,0.635068724,11669.87,74583.69182,47365.77,183,5
PHARMA - Z1,INSTITUTO DE OJOS PRIMAVERA S.R.L.,FLUMETOL NF,5,MAY,163.0,4,Z1,LIMA,False,False,True,False,40513.0,FLUMETOL NF OFTENO 5ML,MAYO,1.182290501,84208.66,107397.8095,126975.41,183,6
PHARMA - Z1,INSTITUTO DE OJOS PRIMAVERA S.R.L.,LAGRICEL PF,5,MAY,0.0,50,Z1,LIMA,False,False,True,True,41582.0,LAGRICEL OFTENO LIBRE DE CONSERVADORES (PF) 10 ML,MAYO,0.852391423,198666.14,261957.3873,223290.23,183,10
PHARMA - Z1,INSTITUTO DE OJOS PRIMAVERA S.R.L.,LAGRICEL,6,JUN,276.0,6,Z1,LIMA,False,False,True,False,40515.0,LAGRICEL OFTENO 0.5 ML,JUNIO,-0.157973323,129483.27,174961.4402,147322.2,183,9
PHARMA - Z2,INSTITUTO MEDICO QUIRURGICO AREQUIPA S.A,FLUMETOL NF,1,ENE,816.7,20,Z2,CALLAO,False,False,True,False,40513.0,FLUMETOL NF OFTENO 5ML,ENERO,1.0,106644.0,144656.97,144656.97,184,6
PHARMA - Z2,INSTITUTO MEDICO QUIRURGICO AREQUIPA S.A,LAGRICEL PF,1,ENE,6816.6,120,Z2,CALLAO,False,False,True,False,41582.0,LAGRICEL OFTENO LIBRE DE CONSERVADORES (PF) 10 ML,ENERO,1.0,241357.65,244552.3,244552.3,184,10
PHARMA - Z2,INSTITUTO MEDICO QUIRURGICO AREQUIPA S.A,TRAZIDEX U,1,ENE,2337.75,50,Z2,CALLAO,False,False,True,False,40342.0,TRAZIDEX UNGENA 3.5 G,ENERO,1.0,127130.48,135275.35,135275.35,184,14
PHARMA - Z2,INSTITUTO MEDICO QUIRURGICO AREQUIPA S.A,ZEBESTEN,1,ENE,2258.04,46,Z2,CALLAO,False,False,True,False,41604.0,ZEBESTEN 5ML PERU,ENERO,1.0,31496.43,43862.02,43862.02,184,15
PHARMA - Z2,INSTITUTO MEDICO QUIRURGICO AREQUIPA S.A,FLUMETOL NF,2,FEB,408.35,10,Z2,CALLAO,False,False,True,False,40513.0,FLUMETOL NF OFTENO 5ML,FEBRERO,1.285457107,84540.52,101550.4985,130538.81,184,6
PHARMA - Z2,INSTITUTO MEDICO QUIRURGICO AREQUIPA S.A,LAGRICEL PF,2,FEB,2272.2,40,Z2,CALLAO,False,False,True,False,41582.0,LAGRICEL OFTENO LIBRE DE CONSERVADORES (PF) 10 ML,FEBRERO,1.01762066,244371.43,248182.4906,252555.63,184,10
PHARMA - Z2,INSTITUTO MEDICO QUIRURGICO AREQUIPA S.A,TRAZIDEX U,2,FEB,701.33,15,Z2,CALLAO,False,False,True,False,40342.0,TRAZIDEX UNGENA 3.5 G,FEBRERO,0.737379291,111697.65,148184.091,109267.88,184,14
PHARMA - Z2,INSTITUTO MEDICO QUIRURGICO AREQUIPA S.A,ZEBESTEN,2,FEB,490.88,10,Z2,CALLAO,False,False,True,False,41604.0,ZEBESTEN 5ML PERU,FEBRERO,0.998966691,24271.56,27459.43408,27431.06,184,15
PHARMA - Z2,INSTITUTO MEDICO QUIRURGICO AREQUIPA S.A,TRAZIDEX U,3,MAR,1870.2,40,Z2,CALLAO,False,False,True,False,40342.0,TRAZIDEX UNGENA 3.5 G,MARZO,0.890660186,111697.65,148184.091,131981.67,184,14
PHARMA - Z2,INSTITUTO MEDICO QUIRURGICO AREQUIPA S.A,LAGRICEL PF,4,ABR,0.0,70,Z2,CALLAO,False,False,True,True,41582.0,LAGRICEL OFTENO LIBRE DE CONSERVADORES (PF) 10 ML,ABRIL,1.234011277,222585.45,261957.3873,323258.37,184,10
PHARMA - Z2,INSTITUTO MEDICO QUIRURGICO AREQUIPA S.A,FLUMETOL NF,5,MAY,817.0,20,Z2,CALLAO,False,False,True,False,40513.0,FLUMETOL NF OFTENO 5ML,MAYO,1.182290501,84208.66,107397.8095,126975.41,184,6
PHARMA - Z2,INSTITUTO MEDICO QUIRURGICO AREQUIPA S.A,LAGRICEL PF,5,MAY,0.0,60,Z2,CALLAO,False,False,True,True,41582.0,LAGRICEL OFTENO LIBRE DE CONSERVADORES (PF) 10 ML,MAYO,0.852391423,198666.14,261957.3873,223290.23,184,10
PHARMA - Z2,INSTITUTO MEDICO QUIRURGICO AREQUIPA S.A,SOPHIPREN,5,MAY,0.0,40,Z2,CALLAO,False,False,True,True,40338.0,SOPHIPREN OFTENO 5 ML,MAYO,0.947602386,43314.92,59671.10342,56544.48,184,12
PHARMA - Z2,INSTITUTO MEDICO QUIRURGICO AREQUIPA S.A,FLUMETOL NF,6,JUN,817.0,20,Z2,CALLAO,False,False,True,False,40513.0,FLUMETOL NF OFTENO 5ML,JUNIO,0.071788154,87288.94,107397.8095,115107.7,184,6
PHARMA - Z2,INSTITUTO MEDICO QUIRURGICO AREQUIPA S.A,LAGRICEL PF,6,JUN,0.0,90,Z2,CALLAO,False,False,True,True,41582.0,LAGRICEL OFTENO LIBRE DE CONSERVADORES (PF) 10 ML,JUNIO,-0.085958779,182516.9,261957.3873,239439.85,184,10
PHARMA - Z2,INSTITUTO MEDICO QUIRURGICO AREQUIPA S.A,FLUMETOL NF,7,JUL,0.0,25,Z2,CALLAO,False,False,True,True,40513.0,FLUMETOL NF OFTENO 5ML,JULIO,-0.833324001,99312.38,119092.4315,19849.85,184,6
PHARMA - Z2,INSTITUTO MEDICO QUIRURGICO AREQUIPA S.A,LAGRICEL PF,7,JUL,0.0,20,Z2,CALLAO,False,False,True,True,41582.0,LAGRICEL OFTENO LIBRE DE CONSERVADORES (PF) 10 ML,JULIO,-0.871300153,205886.66,289507.1807,37259.53,184,10
PHARMA - Z1,INSTITUTO OFTALMOSALUD SOCIEDAD ANONIMA CERRADA,FLUMETOL NF,1,ENE,12250.5,300,Z1,LIMA,False,False,True,False,40513.0,FLUMETOL NF OFTENO 5ML,ENERO,1.0,106644.0,144656.97,144656.97,185,6
PHARMA - Z1,INSTITUTO OFTALMOSALUD SOCIEDAD ANONIMA CERRADA,FLUMETOL NF,2,FEB,16334.0,400,Z1,LIMA,False,False,True,False,40513.0,FLUMETOL NF OFTENO 5ML,FEBRERO,1.285457107,84540.52,101550.4985,130538.81,185,6
PHARMA - Z1,INSTITUTO OFTALMOSALUD SOCIEDAD ANONIMA CERRADA,AQUADRAN,3,MAR,5400.0,100,Z1,LIMA,False,False,True,False,41945.0,AQUADRAN 10G,MARZO,1.286810293,13176.0,33810.57818,43507.8,185,1
PHARMA - Z1,INSTITUTO OFTALMOSALUD SOCIEDAD ANONIMA CERRADA,FLUMETOL NF,3,MAR,10617.1,260,Z1,LIMA,False,False,True,False,40513.0,FLUMETOL NF OFTENO 5ML,MARZO,1.399890715,84540.52,101550.4985,142159.6,185,6
PHARMA - Z1,INSTITUTO OFTALMOSALUD SOCIEDAD ANONIMA CERRADA,FLUMETOL NF,4,ABR,0.0,400,Z1,LIMA,False,False,True,True,40513.0,FLUMETOL NF OFTENO 5ML,ABRIL,1.22328994,97096.28,107397.8095,131378.66,185,6
PHARMA - Z1,INSTITUTO OFTALMOSALUD SOCIEDAD ANONIMA CERRADA,FLUMETOL NF,5,MAY,0.0,200,Z1,LIMA,False,False,True,True,40513.0,FLUMETOL NF OFTENO 5ML,MAYO,1.182290501,84208.66,107397.8095,126975.41,185,6
PHARMA - Z1,INSTITUTO OFTALMOSALUD SOCIEDAD ANONIMA CERRADA,FLUMETOL NF,6,JUN,0.0,200,Z1,LIMA,False,False,True,True,40513.0,FLUMETOL NF OFTENO 5ML,JUNIO,0.071788154,87288.94,107397.8095,115107.7,185,6
PHARMA - Z3,INSTITUTO PERUANO DE LA VISION S.A.C.,AQUADRAN,1,ENE,864.0,16,Z3,NORTE CHICO,False,False,True,False,41945.0,AQUADRAN 10G,ENERO,1.0,3348.0,44517.6,44517.6,186,1
PHARMA - Z3,INSTITUTO PERUANO DE LA VISION S.A.C.,DUSTALOX,1,ENE,180.49,4,Z3,NORTE CHICO,False,False,True,False,41121.0,DUSTALOX 5ML,ENERO,1.0,13592.53,8778.28,8778.28,186,2
PHARMA - Z3,INSTITUTO PERUANO DE LA VISION S.A.C.,ELIPTIC,1,ENE,507.36,10,Z3,NORTE CHICO,False,False,True,False,41076.0,ELIPTIC OFTENO 5ML,ENERO,1.0,1539.11,12243.87,12243.87,186,4
PHARMA - Z3,INSTITUTO PERUANO DE LA VISION S.A.C.,FLUMETOL NF,1,ENE,159.26,3,Z3,NORTE CHICO,False,False,True,False,40513.0,FLUMETOL NF OFTENO 5ML,ENERO,1.0,106644.0,144656.97,144656.97,186,6
PHARMA - Z3,INSTITUTO PERUANO DE LA VISION S.A.C.,GAAP,1,ENE,472.66,6,Z3,NORTE CHICO,False,False,True,False,40498.0,GAAP OFTENO 3 ML,ENERO,1.0,101352.36,99775.16,99775.16,186,7
PHARMA - Z3,INSTITUTO PERUANO DE LA VISION S.A.C.,LAGRICEL,1,ENE,1535.25,30,Z3,NORTE CHICO,False,False,True,False,40515.0,LAGRICEL OFTENO 0.5 ML,ENERO,1.0,154236.51,132452.04,132452.04,186,9
PHARMA - Z3,INSTITUTO PERUANO DE LA VISION S.A.C.,LANDAX,1,ENE,139.83,3,Z3,NORTE CHICO,False,False,True,False,41804.0,LANDAX 5ML,ENERO,1.0,2843.21,23761.78,23761.78,186,11
PHARMA - Z3,INSTITUTO PERUANO DE LA VISION S.A.C.,TRAZIDEX O,1,ENE,324.14,7,Z3,NORTE CHICO,False,False,True,False,40341.0,TRAZIDEX OFTENO 5 ML.,ENERO,1.0,107782.12,170736.47,170736.47,186,13
PHARMA - Z3,INSTITUTO PERUANO DE LA VISION S.A.C.,TRAZIDEX U,1,ENE,294.56,7,Z3,NORTE CHICO,False,False,True,False,40342.0,TRAZIDEX UNGENA 3.5 G,ENERO,1.0,127130.48,135275.35,135275.35,186,14
PHARMA - Z3,INSTITUTO PERUANO DE LA VISION S.A.C.,ELAR-B,2,FEB,1552.5,30,Z3,NORTE CHICO,False,False,True,False,42098.0,ELAR-B 5 ML,FEBRERO,0.622378415,0.0,23180.02945,14426.75,186,3
PHARMA - Z3,INSTITUTO PERUANO DE LA VISION S.A.C.,ELIPTIC,2,FEB,152.21,3,Z3,NORTE CHICO,False,False,True,False,41076.0,ELIPTIC OFTENO 5ML,FEBRERO,0.601609541,3462.73,37097.88238,22318.44,186,4
PHARMA - Z3,INSTITUTO PERUANO DE LA VISION S.A.C.,GAAP,2,FEB,1181.65,15,Z3,NORTE CHICO,False,False,True,False,40498.0,GAAP OFTENO 3 ML,FEBRERO,0.873555976,85355.44,97172.18164,84885.34,186,7
PHARMA - Z3,INSTITUTO PERUANO DE LA VISION S.A.C.,LAGRICEL,2,FEB,614.1,12,Z3,NORTE CHICO,False,False,True,False,40515.0,LAGRICEL OFTENO 0.5 ML,FEBRERO,0.970823097,194840.09,165898.7416,161058.33,186,9
PHARMA - Z3,INSTITUTO PERUANO DE LA VISION S.A.C.,SOPHIPREN,2,FEB,165.17,3,Z3,NORTE CHICO,False,False,True,False,40338.0,SOPHIPREN OFTENO 5 ML,FEBRERO,1.300787434,39394.05,56555.62783,73566.85,186,12
PHARMA - Z3,INSTITUTO PERUANO DE LA VISION S.A.C.,TRAZIDEX O,2,FEB,138.92,3,Z3,NORTE CHICO,False,False,True,False,40341.0,TRAZIDEX OFTENO 5 ML.,FEBRERO,0.868398954,99642.69,95524.58531,82953.45,186,13
PHARMA - Z3,INSTITUTO PERUANO DE LA VISION S.A.C.,TRAZIDEX U,2,FEB,504.96,12,Z3,NORTE CHICO,False,False,True,False,40342.0,TRAZIDEX UNGENA 3.5 G,FEBRERO,0.737379291,111697.65,148184.091,109267.88,186,14
PHARMA - Z3,INSTITUTO PERUANO DE LA VISION S.A.C.,AQUADRAN,3,MAR,162.0,3,Z3,NORTE CHICO,False,False,True,False,41945.0,AQUADRAN 10G,MARZO,1.286810293,13176.0,33810.57818,43507.8,186,1
PHARMA - Z3,INSTITUTO PERUANO DE LA VISION S.A.C.,DUSTALOX,3,MAR,451.22,10,Z3,NORTE CHICO,False,False,True,False,41121.0,DUSTALOX 5ML,MARZO,0.887447361,6813.43,11070.27913,9824.29,186,2
PHARMA - Z3,INSTITUTO PERUANO DE LA VISION S.A.C.,ELAR-B,3,MAR,3415.5,66,Z3,NORTE CHICO,False,False,True,False,42098.0,ELAR-B 5 ML,MARZO,0.892513965,0.0,23180.02945,20688.5,186,3
PHARMA - Z3,INSTITUTO PERUANO DE LA VISION S.A.C.,ELIPTIC,3,MAR,152.21,3,Z3,NORTE CHICO,False,False,True,False,41076.0,ELIPTIC OFTENO 5ML,MARZO,0.61397952,3462.73,37097.88238,22777.34,186,4
PHARMA - Z3,INSTITUTO PERUANO DE LA VISION S.A.C.,GAAP,3,MAR,708.99,9,Z3,NORTE CHICO,False,False,True,False,40498.0,GAAP OFTENO 3 ML,MARZO,0.701456825,85355.44,97172.18164,68162.09,186,7
PHARMA - Z3,INSTITUTO PERUANO DE LA VISION S.A.C.,LAGRICEL,3,MAR,307.05,6,Z3,NORTE CHICO,False,False,True,False,40515.0,LAGRICEL OFTENO 0.5 ML,MARZO,1.138987362,194840.09,165898.7416,188956.57,186,9
PHARMA - Z3,INSTITUTO PERUANO DE LA VISION S.A.C.,TRAZIDEX O,3,MAR,694.58,15,Z3,NORTE CHICO,False,False,True,False,40341.0,TRAZIDEX OFTENO 5 ML.,MARZO,0.841410928,99642.69,95524.58531,80375.43,186,13
PHARMA - Z3,INSTITUTO PERUANO DE LA VISION S.A.C.,TRAZIDEX U,3,MAR,378.72,9,Z3,NORTE CHICO,False,False,True,False,40342.0,TRAZIDEX UNGENA 3.5 G,MARZO,0.890660186,111697.65,148184.091,131981.67,186,14
PHARMA - Z3,INSTITUTO PERUANO DE LA VISION S.A.C.,ZEBESTEN,3,MAR,147.26,3,Z3,NORTE CHICO,False,False,True,False,41604.0,ZEBESTEN 5ML PERU,MARZO,1.283372043,24271.56,27459.43408,35240.67,186,15
PHARMA - Z3,INSTITUTO PERUANO DE LA VISION S.A.C.,AQUADRAN,4,ABR,162.0,3,Z3,NORTE CHICO,False,False,True,False,41945.0,AQUADRAN 10G,ABRIL,1.367885669,18754.2,35738.51318,48886.2,186,1
PHARMA - Z3,INSTITUTO PERUANO DE LA VISION S.A.C.,ELAR-B,4,ABR,0.0,24,Z3,NORTE CHICO,False,False,True,True,42098.0,ELAR-B 5 ML,ABRIL,0.614395812,0.0,24407.71845,14996.0,186,3
PHARMA - Z3,INSTITUTO PERUANO DE LA VISION S.A.C.,GAAP,4,ABR,236.0,3,Z3,NORTE CHICO,False,False,True,False,40498.0,GAAP OFTENO 3 ML,ABRIL,0.475712047,79645.31,102582.687,48799.82,186,7
PHARMA - Z3,INSTITUTO PERUANO DE LA VISION S.A.C.,LAGRICEL,4,ABR,0.0,42,Z3,NORTE CHICO,False,False,True,True,40515.0,LAGRICEL OFTENO 0.5 ML,ABRIL,0.760754197,152829.6,174961.4402,133102.65,186,9
PHARMA - Z3,INSTITUTO PERUANO DE LA VISION S.A.C.,TRAZIDEX O,4,ABR,417.0,9,Z3,NORTE CHICO,False,False,True,False,40341.0,TRAZIDEX OFTENO 5 ML.,ABRIL,0.966120714,91975.94,101185.0264,97756.95,186,13
PHARMA - Z3,INSTITUTO PERUANO DE LA VISION S.A.C.,TRAZIDEX U,4,ABR,0.0,24,Z3,NORTE CHICO,False,False,True,True,40342.0,TRAZIDEX UNGENA 3.5 G,ABRIL,0.810349246,131494.88,156358.3363,126704.86,186,14
PHARMA - Z3,INSTITUTO PERUANO DE LA VISION S.A.C.,AGGLAD,5,MAY,238.0,3,Z3,NORTE CHICO,False,False,True,False,40351.0,AGGLAD OFTENO 5 ML,MAYO,0.670022241,26193.67,120891.2407,80999.82,186,0
PHARMA - Z3,INSTITUTO PERUANO DE LA VISION S.A.C.,AQUADRAN,5,MAY,648.0,12,Z3,NORTE CHICO,False,False,True,False,41945.0,AQUADRAN 10G,MAYO,1.308504351,13786.2,35738.51318,46764.0,186,1
PHARMA - Z3,INSTITUTO PERUANO DE LA VISION S.A.C.,ELAR-B,5,MAY,932.0,18,Z3,NORTE CHICO,False,False,True,False,42098.0,ELAR-B 5 ML,MAYO,0.690959707,0.0,24407.71845,16864.75,186,3
PHARMA - Z3,INSTITUTO PERUANO DE LA VISION S.A.C.,GAAP,5,MAY,0.0,17,Z3,NORTE CHICO,False,False,True,True,40498.0,GAAP OFTENO 3 ML,MAYO,0.567550546,86214.37,102582.687,58220.86,186,7
PHARMA - Z3,INSTITUTO PERUANO DE LA VISION S.A.C.,LANDAX,5,MAY,280.0,6,Z3,NORTE CHICO,False,False,True,False,41804.0,LANDAX 5ML,MAYO,0.638188198,10589.8,22304.8625,14234.7,186,11
PHARMA - Z3,INSTITUTO PERUANO DE LA VISION S.A.C.,SOPHIPREN,5,MAY,0.0,24,Z3,NORTE CHICO,False,False,True,True,40338.0,SOPHIPREN OFTENO 5 ML,MAYO,0.947602386,43314.92,59671.10342,56544.48,186,12
PHARMA - Z3,INSTITUTO PERUANO DE LA VISION S.A.C.,TRAZIDEX O,5,MAY,787.0,17,Z3,NORTE CHICO,False,False,True,False,40341.0,TRAZIDEX OFTENO 5 ML.,MAYO,0.725790194,64098.19,101185.0264,73439.1,186,13
PHARMA - Z3,INSTITUTO PERUANO DE LA VISION S.A.C.,ZEBESTEN,5,MAY,0.0,29,Z3,NORTE CHICO,False,False,True,True,41604.0,ZEBESTEN 5ML PERU,MAYO,0.825216123,27515.83,29060.89609,23981.52,186,15
PHARMA - Z3,INSTITUTO PERUANO DE LA VISION S.A.C.,AQUADRAN,6,JUN,756.0,14,Z3,NORTE CHICO,False,False,True,False,41945.0,AQUADRAN 10G,JUNIO,0.329694376,15957.0,35738.51318,47521.3,186,1
PHARMA - Z3,INSTITUTO PERUANO DE LA VISION S.A.C.,DUSTALOX,6,JUN,226.0,5,Z3,NORTE CHICO,False,False,True,False,41121.0,DUSTALOX 5ML,JUNIO,-0.44241925,5938.11,11675.36719,6509.96,186,2
PHARMA - Z3,INSTITUTO PERUANO DE LA VISION S.A.C.,ELAR-B,6,JUN,0.0,36,Z3,NORTE CHICO,False,False,True,True,42098.0,ELAR-B 5 ML,JUNIO,-0.29490542,0.0,24407.71845,17209.75,186,3
PHARMA - Z3,INSTITUTO PERUANO DE LA VISION S.A.C.,ELIPTIC,6,JUN,254.0,5,Z3,NORTE CHICO,False,False,True,False,41076.0,ELIPTIC OFTENO 5ML,JUNIO,-0.521091319,5789.48,39043.81097,18698.42,186,4
PHARMA - Z3,INSTITUTO PERUANO DE LA VISION S.A.C.,GAAP,6,JUN,867.0,11,Z3,NORTE CHICO,False,False,True,False,40498.0,GAAP OFTENO 3 ML,JUNIO,-0.271295457,79907.03,102582.687,74752.47,186,7
PHARMA - Z3,INSTITUTO PERUANO DE LA VISION S.A.C.,LAGRICEL,6,JUN,614.0,12,Z3,NORTE CHICO,False,False,True,False,40515.0,LAGRICEL OFTENO 0.5 ML,JUNIO,-0.157973323,129483.27,174961.4402,147322.2,186,9
PHARMA - Z3,INSTITUTO PERUANO DE LA VISION S.A.C.,TRAZIDEX O,6,JUN,463.0,10,Z3,NORTE CHICO,False,False,True,False,40341.0,TRAZIDEX OFTENO 5 ML.,JUNIO,-0.192738462,70697.29,101185.0264,81682.78,186,13
PHARMA - Z3,INSTITUTO PERUANO DE LA VISION S.A.C.,TRAZIDEX U,6,JUN,505.0,12,Z3,NORTE CHICO,False,False,True,False,40342.0,TRAZIDEX UNGENA 3.5 G,JUNIO,-0.144707451,114383.92,156358.3363,133732.12,186,14
PHARMA - N1,INSTITUTO PRIVADO DE OFTALMOLOGIA DE PIURA E.I.R.L.,AGGLAD,5,MAY,0.0,20,N1,CHICLAYO,False,False,True,True,40351.0,AGGLAD OFTENO 5 ML,MAYO,0.670022241,26193.67,120891.2407,80999.82,187,0
PHARMA - N1,INSTITUTO PRIVADO DE OFTALMOLOGIA DE PIURA E.I.R.L.,AQUADRAN,5,MAY,0.0,20,N1,CHICLAYO,False,False,True,True,41945.0,AQUADRAN 10G,MAYO,1.308504351,13786.2,35738.51318,46764.0,187,1
PHARMA - Z1,INSTITUTOS OFTALMOLOGICOS ESPECIALIZADOS DR.CARLOS WONG CAM S.A.C,AGGLAD,1,ENE,1345.08,20,Z1,LIMA,False,False,True,False,40351.0,AGGLAD OFTENO 5 ML,ENERO,1.0,22534.35,110094.81,110094.81,188,0
PHARMA - Z1,INSTITUTOS OFTALMOLOGICOS ESPECIALIZADOS DR.CARLOS WONG CAM S.A.C,AQUADRAN,1,ENE,1080.0,20,Z1,LIMA,False,False,True,False,41945.0,AQUADRAN 10G,ENERO,1.0,3348.0,44517.6,44517.6,188,1
PHARMA - Z1,INSTITUTOS OFTALMOLOGICOS ESPECIALIZADOS DR.CARLOS WONG CAM S.A.C,ELIPTIC,1,ENE,761.04,15,Z1,LIMA,False,False,True,False,41076.0,ELIPTIC OFTENO 5ML,ENERO,1.0,1539.11,12243.87,12243.87,188,4
PHARMA - Z1,INSTITUTOS OFTALMOLOGICOS ESPECIALIZADOS DR.CARLOS WONG CAM S.A.C,FLUMETOL NF,1,ENE,1347.56,30,Z1,LIMA,False,False,True,False,40513.0,FLUMETOL NF OFTENO 5ML,ENERO,1.0,106644.0,144656.97,144656.97,188,6
PHARMA - Z1,INSTITUTOS OFTALMOLOGICOS ESPECIALIZADOS DR.CARLOS WONG CAM S.A.C,GAAP,1,ENE,3369.91,35,Z1,LIMA,False,False,True,False,40498.0,GAAP OFTENO 3 ML,ENERO,1.0,101352.36,99775.16,99775.16,188,7
PHARMA - Z1,INSTITUTOS OFTALMOLOGICOS ESPECIALIZADOS DR.CARLOS WONG CAM S.A.C,LAGRICEL,1,ENE,4257.76,80,Z1,LIMA,False,False,True,False,40515.0,LAGRICEL OFTENO 0.5 ML,ENERO,1.0,154236.51,132452.04,132452.04,188,9
PHARMA - Z1,INSTITUTOS OFTALMOLOGICOS ESPECIALIZADOS DR.CARLOS WONG CAM S.A.C,LAGRICEL PF,1,ENE,3658.24,70,Z1,LIMA,False,False,True,False,41582.0,LAGRICEL OFTENO LIBRE DE CONSERVADORES (PF) 10 ML,ENERO,1.0,241357.65,244552.3,244552.3,188,10
PHARMA - Z1,INSTITUTOS OFTALMOLOGICOS ESPECIALIZADOS DR.CARLOS WONG CAM S.A.C,SOPHIPREN,1,ENE,1397.55,30,Z1,LIMA,False,False,True,False,40338.0,SOPHIPREN OFTENO 5 ML,ENERO,1.0,41450.28,50525.9,50525.9,188,12
PHARMA - Z1,INSTITUTOS OFTALMOLOGICOS ESPECIALIZADOS DR.CARLOS WONG CAM S.A.C,TRAZIDEX O,1,ENE,1389.15,30,Z1,LIMA,False,False,True,False,40341.0,TRAZIDEX OFTENO 5 ML.,ENERO,1.0,107782.12,170736.47,170736.47,188,13
PHARMA - Z1,INSTITUTOS OFTALMOLOGICOS ESPECIALIZADOS DR.CARLOS WONG CAM S.A.C,TRAZIDEX U,1,ENE,1870.2,40,Z1,LIMA,False,False,True,False,40342.0,TRAZIDEX UNGENA 3.5 G,ENERO,1.0,127130.48,135275.35,135275.35,188,14
PHARMA - Z1,INSTITUTOS OFTALMOLOGICOS ESPECIALIZADOS DR.CARLOS WONG CAM S.A.C,ZEBESTEN,1,ENE,1472.63,30,Z1,LIMA,False,False,True,False,41604.0,ZEBESTEN 5ML PERU,ENERO,1.0,31496.43,43862.02,43862.02,188,15
PHARMA - Z1,INSTITUTOS OFTALMOLOGICOS ESPECIALIZADOS DR.CARLOS WONG CAM S.A.C,AGGLAD,2,FEB,1650.78,30,Z1,LIMA,False,False,True,False,40351.0,AGGLAD OFTENO 5 ML,FEBRERO,0.96716156,31785.06,114546.1364,110784.62,188,0
PHARMA - Z1,INSTITUTOS OFTALMOLOGICOS ESPECIALIZADOS DR.CARLOS WONG CAM S.A.C,AQUADRAN,2,FEB,540.0,10,Z1,LIMA,False,False,True,False,41945.0,AQUADRAN 10G,FEBRERO,1.033824379,13176.0,33810.57818,34954.2,188,1
PHARMA - Z1,INSTITUTOS OFTALMOLOGICOS ESPECIALIZADOS DR.CARLOS WONG CAM S.A.C,ELAR-B,2,FEB,575.0,10,Z1,LIMA,False,False,True,False,42098.0,ELAR-B 5 ML,FEBRERO,0.622378415,0.0,23180.02945,14426.75,188,3
PHARMA - Z1,INSTITUTOS OFTALMOLOGICOS ESPECIALIZADOS DR.CARLOS WONG CAM S.A.C,ELIPTIC,2,FEB,951.3,30,Z1,LIMA,False,False,True,False,41076.0,ELIPTIC OFTENO 5ML,FEBRERO,0.601609541,3462.73,37097.88238,22318.44,188,4
PHARMA - Z1,INSTITUTOS OFTALMOLOGICOS ESPECIALIZADOS DR.CARLOS WONG CAM S.A.C,FLUMETOL NF,2,FEB,1347.56,30,Z1,LIMA,False,False,True,False,40513.0,FLUMETOL NF OFTENO 5ML,FEBRERO,1.285457107,84540.52,101550.4985,130538.81,188,6
PHARMA - Z1,INSTITUTOS OFTALMOLOGICOS ESPECIALIZADOS DR.CARLOS WONG CAM S.A.C,GAAP,2,FEB,5776.98,60,Z1,LIMA,False,False,True,False,40498.0,GAAP OFTENO 3 ML,FEBRERO,0.873555976,85355.44,97172.18164,84885.34,188,7
PHARMA - Z1,INSTITUTOS OFTALMOLOGICOS ESPECIALIZADOS DR.CARLOS WONG CAM S.A.C,LAGRICEL,2,FEB,1596.66,30,Z1,LIMA,False,False,True,False,40515.0,LAGRICEL OFTENO 0.5 ML,FEBRERO,0.970823097,194840.09,165898.7416,161058.33,188,9
PHARMA - Z1,INSTITUTOS OFTALMOLOGICOS ESPECIALIZADOS DR.CARLOS WONG CAM S.A.C,LAGRICEL PF,2,FEB,5748.66,110,Z1,LIMA,False,False,True,False,41582.0,LAGRICEL OFTENO LIBRE DE CONSERVADORES (PF) 10 ML,FEBRERO,1.01762066,244371.43,248182.4906,252555.63,188,10
PHARMA - Z1,INSTITUTOS OFTALMOLOGICOS ESPECIALIZADOS DR.CARLOS WONG CAM S.A.C,SOPHIPREN,2,FEB,2329.25,50,Z1,LIMA,False,False,True,False,40338.0,SOPHIPREN OFTENO 5 ML,FEBRERO,1.300787434,39394.05,56555.62783,73566.85,188,12
PHARMA - Z1,INSTITUTOS OFTALMOLOGICOS ESPECIALIZADOS DR.CARLOS WONG CAM S.A.C,TRAZIDEX O,2,FEB,2778.3,60,Z1,LIMA,False,False,True,False,40341.0,TRAZIDEX OFTENO 5 ML.,FEBRERO,0.868398954,99642.69,95524.58531,82953.45,188,13
PHARMA - Z1,INSTITUTOS OFTALMOLOGICOS ESPECIALIZADOS DR.CARLOS WONG CAM S.A.C,TRAZIDEX U,2,FEB,2805.3,60,Z1,LIMA,False,False,True,False,40342.0,TRAZIDEX UNGENA 3.5 G,FEBRERO,0.737379291,111697.65,148184.091,109267.88,188,14
PHARMA - Z1,INSTITUTOS OFTALMOLOGICOS ESPECIALIZADOS DR.CARLOS WONG CAM S.A.C,ZEBESTEN,2,FEB,981.75,20,Z1,LIMA,False,False,True,False,41604.0,ZEBESTEN 5ML PERU,FEBRERO,0.998966691,24271.56,27459.43408,27431.06,188,15
PHARMA - Z1,INSTITUTOS OFTALMOLOGICOS ESPECIALIZADOS DR.CARLOS WONG CAM S.A.C,AGGLAD,3,MAR,1100.52,20,Z1,LIMA,False,False,True,False,40351.0,AGGLAD OFTENO 5 ML,MARZO,0.708033745,31785.06,114546.1364,81102.53,188,0
PHARMA - Z1,INSTITUTOS OFTALMOLOGICOS ESPECIALIZADOS DR.CARLOS WONG CAM S.A.C,AQUADRAN,3,MAR,1620.0,30,Z1,LIMA,False,False,True,False,41945.0,AQUADRAN 10G,MARZO,1.286810293,13176.0,33810.57818,43507.8,188,1
PHARMA - Z1,INSTITUTOS OFTALMOLOGICOS ESPECIALIZADOS DR.CARLOS WONG CAM S.A.C,DUSTALOX,3,MAR,1353.66,30,Z1,LIMA,False,False,True,False,41121.0,DUSTALOX 5ML,MARZO,0.887447361,6813.43,11070.27913,9824.29,188,2
PHARMA - Z1,INSTITUTOS OFTALMOLOGICOS ESPECIALIZADOS DR.CARLOS WONG CAM S.A.C,ELIPTIC,3,MAR,1997.73,63,Z1,LIMA,False,False,True,False,41076.0,ELIPTIC OFTENO 5ML,MARZO,0.61397952,3462.73,37097.88238,22777.34,188,4
PHARMA - Z1,INSTITUTOS OFTALMOLOGICOS ESPECIALIZADOS DR.CARLOS WONG CAM S.A.C,FLUMETOL NF,3,MAR,898.37,20,Z1,LIMA,False,False,True,False,40513.0,FLUMETOL NF OFTENO 5ML,MARZO,1.399890715,84540.52,101550.4985,142159.6,188,6
PHARMA - Z1,INSTITUTOS OFTALMOLOGICOS ESPECIALIZADOS DR.CARLOS WONG CAM S.A.C,GAAP,3,MAR,11072.55,115,Z1,LIMA,False,False,True,False,40498.0,GAAP OFTENO 3 ML,MARZO,0.701456825,85355.44,97172.18164,68162.09,188,7
PHARMA - Z1,INSTITUTOS OFTALMOLOGICOS ESPECIALIZADOS DR.CARLOS WONG CAM S.A.C,LAGRICEL,3,MAR,2128.88,40,Z1,LIMA,False,False,True,False,40515.0,LAGRICEL OFTENO 0.5 ML,MARZO,1.138987362,194840.09,165898.7416,188956.57,188,9
PHARMA - Z1,INSTITUTOS OFTALMOLOGICOS ESPECIALIZADOS DR.CARLOS WONG CAM S.A.C,LAGRICEL PF,3,MAR,3658.24,70,Z1,LIMA,False,False,True,False,41582.0,LAGRICEL OFTENO LIBRE DE CONSERVADORES (PF) 10 ML,MARZO,1.041573922,244371.43,248182.4906,258500.41,188,10
PHARMA - Z1,INSTITUTOS OFTALMOLOGICOS ESPECIALIZADOS DR.CARLOS WONG CAM S.A.C,SOPHIPREN,3,MAR,2795.11,60,Z1,LIMA,False,False,True,False,40338.0,SOPHIPREN OFTENO 5 ML,MARZO,1.018181783,39394.05,56555.62783,57583.91,188,12
PHARMA - Z1,INSTITUTOS OFTALMOLOGICOS ESPECIALIZADOS DR.CARLOS WONG CAM S.A.C,TRAZIDEX O,3,MAR,2778.3,60,Z1,LIMA,False,False,True,False,40341.0,TRAZIDEX OFTENO 5 ML.,MARZO,0.841410928,99642.69,95524.58531,80375.43,188,13
PHARMA - Z1,INSTITUTOS OFTALMOLOGICOS ESPECIALIZADOS DR.CARLOS WONG CAM S.A.C,TRAZIDEX U,3,MAR,2805.3,60,Z1,LIMA,False,False,True,False,40342.0,TRAZIDEX UNGENA 3.5 G,MARZO,0.890660186,111697.65,148184.091,131981.67,188,14
PHARMA - Z1,INSTITUTOS OFTALMOLOGICOS ESPECIALIZADOS DR.CARLOS WONG CAM S.A.C,ZEBESTEN,3,MAR,1472.63,30,Z1,LIMA,False,False,True,False,41604.0,ZEBESTEN 5ML PERU,MARZO,1.283372043,24271.56,27459.43408,35240.67,188,15
PHARMA - Z1,INSTITUTOS OFTALMOLOGICOS ESPECIALIZADOS DR.CARLOS WONG CAM S.A.C,AGGLAD,4,ABR,0.0,20,Z1,LIMA,False,False,True,True,40351.0,AGGLAD OFTENO 5 ML,ABRIL,0.757043269,24635.46,120891.2407,91519.9,188,0
PHARMA - Z1,INSTITUTOS OFTALMOLOGICOS ESPECIALIZADOS DR.CARLOS WONG CAM S.A.C,AQUADRAN,4,ABR,540.0,10,Z1,LIMA,False,False,True,False,41945.0,AQUADRAN 10G,ABRIL,1.367885669,18754.2,35738.51318,48886.2,188,1
PHARMA - Z1,INSTITUTOS OFTALMOLOGICOS ESPECIALIZADOS DR.CARLOS WONG CAM S.A.C,ELIPTIC,4,ABR,317.0,10,Z1,LIMA,False,False,True,False,41076.0,ELIPTIC OFTENO 5ML,ABRIL,0.367779928,4871.41,39043.81097,14359.53,188,4
PHARMA - Z1,INSTITUTOS OFTALMOLOGICOS ESPECIALIZADOS DR.CARLOS WONG CAM S.A.C,FLUMETOL NF,4,ABR,898.0,20,Z1,LIMA,False,False,True,False,40513.0,FLUMETOL NF OFTENO 5ML,ABRIL,1.22328994,97096.28,107397.8095,131378.66,188,6
PHARMA - Z1,INSTITUTOS OFTALMOLOGICOS ESPECIALIZADOS DR.CARLOS WONG CAM S.A.C,GAAP,4,ABR,0.0,65,Z1,LIMA,False,False,True,True,40498.0,GAAP OFTENO 3 ML,ABRIL,0.475712047,79645.31,102582.687,48799.82,188,7
PHARMA - Z1,INSTITUTOS OFTALMOLOGICOS ESPECIALIZADOS DR.CARLOS WONG CAM S.A.C,LAGRICEL,4,ABR,0.0,40,Z1,LIMA,False,False,True,True,40515.0,LAGRICEL OFTENO 0.5 ML,ABRIL,0.760754197,152829.6,174961.4402,133102.65,188,9
PHARMA - Z1,INSTITUTOS OFTALMOLOGICOS ESPECIALIZADOS DR.CARLOS WONG CAM S.A.C,LAGRICEL PF,4,ABR,0.0,110,Z1,LIMA,False,False,True,True,41582.0,LAGRICEL OFTENO LIBRE DE CONSERVADORES (PF) 10 ML,ABRIL,1.234011277,222585.45,261957.3873,323258.37,188,10
PHARMA - Z1,INSTITUTOS OFTALMOLOGICOS ESPECIALIZADOS DR.CARLOS WONG CAM S.A.C,SOPHIPREN,4,ABR,0.0,55,Z1,LIMA,False,False,True,True,40338.0,SOPHIPREN OFTENO 5 ML,ABRIL,1.125758804,51339.43,59671.10342,67175.27,188,12
PHARMA - Z1,INSTITUTOS OFTALMOLOGICOS ESPECIALIZADOS DR.CARLOS WONG CAM S.A.C,TRAZIDEX O,4,ABR,0.0,50,Z1,LIMA,False,False,True,True,40341.0,TRAZIDEX OFTENO 5 ML.,ABRIL,0.966120714,91975.94,101185.0264,97756.95,188,13
PHARMA - Z1,INSTITUTOS OFTALMOLOGICOS ESPECIALIZADOS DR.CARLOS WONG CAM S.A.C,TRAZIDEX U,4,ABR,0.0,130,Z1,LIMA,False,False,True,True,40342.0,TRAZIDEX UNGENA 3.5 G,ABRIL,0.810349246,131494.88,156358.3363,126704.86,188,14
PHARMA - Z1,INSTITUTOS OFTALMOLOGICOS ESPECIALIZADOS DR.CARLOS WONG CAM S.A.C,ZEBESTEN,4,ABR,982.0,20,Z1,LIMA,False,False,True,False,41604.0,ZEBESTEN 5ML PERU,ABRIL,1.062586642,26953.56,29060.89609,30879.72,188,15
PHARMA - Z1,INSTITUTOS OFTALMOLOGICOS ESPECIALIZADOS DR.CARLOS WONG CAM S.A.C,AGGLAD,5,MAY,0.0,30,Z1,LIMA,False,False,True,True,40351.0,AGGLAD OFTENO 5 ML,MAYO,0.670022241,26193.67,120891.2407,80999.82,188,0
PHARMA - Z1,INSTITUTOS OFTALMOLOGICOS ESPECIALIZADOS DR.CARLOS WONG CAM S.A.C,AQUADRAN,5,MAY,0.0,20,Z1,LIMA,False,False,True,True,41945.0,AQUADRAN 10G,MAYO,1.308504351,13786.2,35738.51318,46764.0,188,1
PHARMA - Z1,INSTITUTOS OFTALMOLOGICOS ESPECIALIZADOS DR.CARLOS WONG CAM S.A.C,DUSTALOX,5,MAY,902.0,20,Z1,LIMA,False,False,True,False,41121.0,DUSTALOX 5ML,MAYO,0.508953586,12191.14,11675.36719,5942.22,188,2
PHARMA - Z1,INSTITUTOS OFTALMOLOGICOS ESPECIALIZADOS DR.CARLOS WONG CAM S.A.C,ELIPTIC,5,MAY,951.0,30,Z1,LIMA,False,False,True,False,41076.0,ELIPTIC OFTENO 5ML,MAYO,0.349092716,2803.71,39043.81097,13629.91,188,4
PHARMA - Z1,INSTITUTOS OFTALMOLOGICOS ESPECIALIZADOS DR.CARLOS WONG CAM S.A.C,FLUMETOL NF,5,MAY,449.0,10,Z1,LIMA,False,False,True,False,40513.0,FLUMETOL NF OFTENO 5ML,MAYO,1.182290501,84208.66,107397.8095,126975.41,188,6
PHARMA - Z1,INSTITUTOS OFTALMOLOGICOS ESPECIALIZADOS DR.CARLOS WONG CAM S.A.C,GAAP,5,MAY,0.0,65,Z1,LIMA,False,False,True,True,40498.0,GAAP OFTENO 3 ML,MAYO,0.567550546,86214.37,102582.687,58220.86,188,7
PHARMA - Z1,INSTITUTOS OFTALMOLOGICOS ESPECIALIZADOS DR.CARLOS WONG CAM S.A.C,LAGRICEL,5,MAY,0.0,50,Z1,LIMA,False,False,True,True,40515.0,LAGRICEL OFTENO 0.5 ML,MAYO,0.714118093,158816.35,174961.4402,124943.13,188,9
PHARMA - Z1,INSTITUTOS OFTALMOLOGICOS ESPECIALIZADOS DR.CARLOS WONG CAM S.A.C,LAGRICEL PF,5,MAY,0.0,60,Z1,LIMA,False,False,True,True,41582.0,LAGRICEL OFTENO LIBRE DE CONSERVADORES (PF) 10 ML,MAYO,0.852391423,198666.14,261957.3873,223290.23,188,10
PHARMA - Z1,INSTITUTOS OFTALMOLOGICOS ESPECIALIZADOS DR.CARLOS WONG CAM S.A.C,SOPHIPREN,5,MAY,0.0,60,Z1,LIMA,False,False,True,True,40338.0,SOPHIPREN OFTENO 5 ML,MAYO,0.947602386,43314.92,59671.10342,56544.48,188,12
PHARMA - Z1,INSTITUTOS OFTALMOLOGICOS ESPECIALIZADOS DR.CARLOS WONG CAM S.A.C,TRAZIDEX O,5,MAY,0.0,55,Z1,LIMA,False,False,True,True,40341.0,TRAZIDEX OFTENO 5 ML.,MAYO,0.725790194,64098.19,101185.0264,73439.1,188,13
PHARMA - Z1,INSTITUTOS OFTALMOLOGICOS ESPECIALIZADOS DR.CARLOS WONG CAM S.A.C,TRAZIDEX U,5,MAY,0.0,80,Z1,LIMA,False,False,True,True,40342.0,TRAZIDEX UNGENA 3.5 G,MAYO,0.799544258,131001.94,156358.3363,125015.41,188,14
PHARMA - Z1,INSTITUTOS OFTALMOLOGICOS ESPECIALIZADOS DR.CARLOS WONG CAM S.A.C,AGGLAD,6,JUN,0.0,40,Z1,LIMA,False,False,True,True,40351.0,AGGLAD OFTENO 5 ML,JUNIO,-0.235301917,20271.95,120891.2407,92445.3,188,0
PHARMA - Z1,INSTITUTOS OFTALMOLOGICOS ESPECIALIZADOS DR.CARLOS WONG CAM S.A.C,AQUADRAN,6,JUN,540.0,10,Z1,LIMA,False,False,True,False,41945.0,AQUADRAN 10G,JUNIO,0.329694376,15957.0,35738.51318,47521.3,188,1
PHARMA - Z1,INSTITUTOS OFTALMOLOGICOS ESPECIALIZADOS DR.CARLOS WONG CAM S.A.C,DUSTALOX,6,JUN,902.0,20,Z1,LIMA,False,False,True,False,41121.0,DUSTALOX 5ML,JUNIO,-0.44241925,5938.11,11675.36719,6509.96,188,2
PHARMA - Z1,INSTITUTOS OFTALMOLOGICOS ESPECIALIZADOS DR.CARLOS WONG CAM S.A.C,ELAR-B,6,JUN,0.0,20,Z1,LIMA,False,False,True,True,42098.0,ELAR-B 5 ML,JUNIO,-0.29490542,0.0,24407.71845,17209.75,188,3
PHARMA - Z1,INSTITUTOS OFTALMOLOGICOS ESPECIALIZADOS DR.CARLOS WONG CAM S.A.C,ELIPTIC,6,JUN,0.0,40,Z1,LIMA,False,False,True,True,41076.0,ELIPTIC OFTENO 5ML,JUNIO,-0.521091319,5789.48,39043.81097,18698.42,188,4
PHARMA - Z1,INSTITUTOS OFTALMOLOGICOS ESPECIALIZADOS DR.CARLOS WONG CAM S.A.C,FLUMETOL NF,6,JUN,0.0,40,Z1,LIMA,False,False,True,True,40513.0,FLUMETOL NF OFTENO 5ML,JUNIO,0.071788154,87288.94,107397.8095,115107.7,188,6
PHARMA - Z1,INSTITUTOS OFTALMOLOGICOS ESPECIALIZADOS DR.CARLOS WONG CAM S.A.C,GAAP,6,JUN,0.0,100,Z1,LIMA,False,False,True,True,40498.0,GAAP OFTENO 3 ML,JUNIO,-0.271295457,79907.03,102582.687,74752.47,188,7
PHARMA - Z1,INSTITUTOS OFTALMOLOGICOS ESPECIALIZADOS DR.CARLOS WONG CAM S.A.C,LAGRICEL,6,JUN,0.0,40,Z1,LIMA,False,False,True,True,40515.0,LAGRICEL OFTENO 0.5 ML,JUNIO,-0.157973323,129483.27,174961.4402,147322.2,188,9
PHARMA - Z1,INSTITUTOS OFTALMOLOGICOS ESPECIALIZADOS DR.CARLOS WONG CAM S.A.C,LAGRICEL PF,6,JUN,0.0,80,Z1,LIMA,False,False,True,True,41582.0,LAGRICEL OFTENO LIBRE DE CONSERVADORES (PF) 10 ML,JUNIO,-0.085958779,182516.9,261957.3873,239439.85,188,10
PHARMA - Z1,INSTITUTOS OFTALMOLOGICOS ESPECIALIZADOS DR.CARLOS WONG CAM S.A.C,SOPHIPREN,6,JUN,932.0,20,Z1,LIMA,False,False,True,False,40338.0,SOPHIPREN OFTENO 5 ML,JUNIO,0.072135193,48676.87,59671.10342,63975.49,188,12
PHARMA - Z1,INSTITUTOS OFTALMOLOGICOS ESPECIALIZADOS DR.CARLOS WONG CAM S.A.C,TRAZIDEX O,6,JUN,926.0,20,Z1,LIMA,False,False,True,False,40341.0,TRAZIDEX OFTENO 5 ML.,JUNIO,-0.192738462,70697.29,101185.0264,81682.78,188,13
PHARMA - Z1,INSTITUTOS OFTALMOLOGICOS ESPECIALIZADOS DR.CARLOS WONG CAM S.A.C,TRAZIDEX U,6,JUN,0.0,70,Z1,LIMA,False,False,True,True,40342.0,TRAZIDEX UNGENA 3.5 G,JUNIO,-0.144707451,114383.92,156358.3363,133732.12,188,14
PHARMA - Z1,INSTITUTOS OFTALMOLOGICOS ESPECIALIZADOS DR.CARLOS WONG CAM S.A.C,ZEBESTEN,6,JUN,982.0,20,Z1,LIMA,False,False,True,False,41604.0,ZEBESTEN 5ML PERU,JUNIO,0.156870039,15690.19,29060.89609,33619.68,188,15
PHARMA - N2,INVERSIONES ARISOF E.I.R.L.,AGGLAD,2,FEB,293.47,4,N2,TRUJILLO,False,False,True,False,40351.0,AGGLAD OFTENO 5 ML,FEBRERO,0.96716156,31785.06,114546.1364,110784.62,189,0
PHARMA - N2,INVERSIONES ARISOF E.I.R.L.,DUSTALOX,2,FEB,196.9,4,N2,TRUJILLO,False,False,True,False,41121.0,DUSTALOX 5ML,FEBRERO,0.568411142,6813.43,11070.27913,6292.47,189,2
PHARMA - N2,INVERSIONES ARISOF E.I.R.L.,ELIPTIC PF,2,FEB,261.28,4,N2,TRUJILLO,False,False,True,False,41561.0,ELIPTIC OFTENO 5ML PF PERU,FEBRERO,0.876631233,16081.78,70691.40098,61970.29,189,5
PHARMA - N2,INVERSIONES ARISOF E.I.R.L.,FLUMETOL NF,2,FEB,588.02,12,N2,TRUJILLO,False,False,True,False,40513.0,FLUMETOL NF OFTENO 5ML,FEBRERO,1.285457107,84540.52,101550.4985,130538.81,189,6
PHARMA - N2,INVERSIONES ARISOF E.I.R.L.,GAAP,2,FEB,420.14,4,N2,TRUJILLO,False,False,True,False,40498.0,GAAP OFTENO 3 ML,FEBRERO,0.873555976,85355.44,97172.18164,84885.34,189,7
PHARMA - N2,INVERSIONES ARISOF E.I.R.L.,LAGRICEL,2,FEB,798.33,12,N2,TRUJILLO,False,False,True,False,40515.0,LAGRICEL OFTENO 0.5 ML,FEBRERO,0.970823097,194840.09,165898.7416,161058.33,189,9
PHARMA - N2,INVERSIONES ARISOF E.I.R.L.,LAGRICEL PF,2,FEB,886.16,12,N2,TRUJILLO,False,False,True,False,41582.0,LAGRICEL OFTENO LIBRE DE CONSERVADORES (PF) 10 ML,FEBRERO,1.01762066,244371.43,248182.4906,252555.63,189,10
PHARMA - N2,INVERSIONES ARISOF E.I.R.L.,SOPHIPREN,2,FEB,304.92,6,N2,TRUJILLO,False,False,True,False,40338.0,SOPHIPREN OFTENO 5 ML,FEBRERO,1.300787434,39394.05,56555.62783,73566.85,189,12
PHARMA - N2,INVERSIONES ARISOF E.I.R.L.,ZEBESTEN,2,FEB,321.3,6,N2,TRUJILLO,False,False,True,False,41604.0,ZEBESTEN 5ML PERU,FEBRERO,0.998966691,24271.56,27459.43408,27431.06,189,15
PHARMA - N2,INVERSIONES ARISOF E.I.R.L.,ELIPTIC PF,4,ABR,392.0,6,N2,TRUJILLO,False,False,True,False,41561.0,ELIPTIC OFTENO 5ML PF PERU,ABRIL,0.502083754,28406.63,74583.69182,37447.26,189,5
PHARMA - N2,INVERSIONES ARISOF E.I.R.L.,FLUMETOL NF,4,ABR,294.0,6,N2,TRUJILLO,False,False,True,False,40513.0,FLUMETOL NF OFTENO 5ML,ABRIL,1.22328994,97096.28,107397.8095,131378.66,189,6
PHARMA - N2,INVERSIONES ARISOF E.I.R.L.,GAAP,4,ABR,630.0,6,N2,TRUJILLO,False,False,True,False,40498.0,GAAP OFTENO 3 ML,ABRIL,0.475712047,79645.31,102582.687,48799.82,189,7
PHARMA - N2,INVERSIONES ARISOF E.I.R.L.,LAGRICEL,4,ABR,798.0,12,N2,TRUJILLO,False,False,True,False,40515.0,LAGRICEL OFTENO 0.5 ML,ABRIL,0.760754197,152829.6,174961.4402,133102.65,189,9
PHARMA - N2,INVERSIONES ARISOF E.I.R.L.,LAGRICEL PF,4,ABR,886.0,12,N2,TRUJILLO,False,False,True,False,41582.0,LAGRICEL OFTENO LIBRE DE CONSERVADORES (PF) 10 ML,ABRIL,1.234011277,222585.45,261957.3873,323258.37,189,10
PHARMA - N2,INVERSIONES ARISOF E.I.R.L.,TRAZIDEX O,4,ABR,667.0,12,N2,TRUJILLO,False,False,True,False,40341.0,TRAZIDEX OFTENO 5 ML.,ABRIL,0.966120714,91975.94,101185.0264,97756.95,189,13
PHARMA - N2,INVERSIONES ARISOF E.I.R.L.,TRAZIDEX U,4,ABR,673.0,12,N2,TRUJILLO,False,False,True,False,40342.0,TRAZIDEX UNGENA 3.5 G,ABRIL,0.810349246,131494.88,156358.3363,126704.86,189,14
PHARMA - N2,INVERSIONES ARISOF E.I.R.L.,ZEBESTEN,4,ABR,321.0,6,N2,TRUJILLO,False,False,True,False,41604.0,ZEBESTEN 5ML PERU,ABRIL,1.062586642,26953.56,29060.89609,30879.72,189,15
PHARMA - N2,INVERSIONES ARISOF E.I.R.L.,AGGLAD,6,JUN,440.0,6,N2,TRUJILLO,False,False,True,False,40351.0,AGGLAD OFTENO 5 ML,JUNIO,-0.235301917,20271.95,120891.2407,92445.3,189,0
PHARMA - N2,INVERSIONES ARISOF E.I.R.L.,AQUADRAN,6,JUN,211.0,3,N2,TRUJILLO,False,False,True,False,41945.0,AQUADRAN 10G,JUNIO,0.329694376,15957.0,35738.51318,47521.3,189,1
PHARMA - N2,INVERSIONES ARISOF E.I.R.L.,DUSTALOX,6,JUN,148.0,3,N2,TRUJILLO,False,False,True,False,41121.0,DUSTALOX 5ML,JUNIO,-0.44241925,5938.11,11675.36719,6509.96,189,2
PHARMA - N2,INVERSIONES ARISOF E.I.R.L.,ELAR-B,6,JUN,224.0,3,N2,TRUJILLO,False,False,True,False,42098.0,ELAR-B 5 ML,JUNIO,-0.29490542,0.0,24407.71845,17209.75,189,3
PHARMA - N2,INVERSIONES ARISOF E.I.R.L.,FLUMETOL NF,6,JUN,588.0,12,N2,TRUJILLO,False,False,True,False,40513.0,FLUMETOL NF OFTENO 5ML,JUNIO,0.071788154,87288.94,107397.8095,115107.7,189,6
PHARMA - N2,INVERSIONES ARISOF E.I.R.L.,GAAP PF,6,JUN,433.0,4,N2,TRUJILLO,False,False,True,False,41567.0,GAAP OFTENO LIBRE DE CONSER PF 3 ML PERU,JUNIO,-0.151410313,75783.27,97315.99528,82581.35,189,8
PHARMA - N2,INVERSIONES ARISOF E.I.R.L.,LAGRICEL,6,JUN,798.0,12,N2,TRUJILLO,False,False,True,False,40515.0,LAGRICEL OFTENO 0.5 ML,JUNIO,-0.157973323,129483.27,174961.4402,147322.2,189,9
PHARMA - N2,INVERSIONES ARISOF E.I.R.L.,LAGRICEL PF,6,JUN,295.0,4,N2,TRUJILLO,False,False,True,False,41582.0,LAGRICEL OFTENO LIBRE DE CONSERVADORES (PF) 10 ML,JUNIO,-0.085958779,182516.9,261957.3873,239439.85,189,10
PHARMA - N2,INVERSIONES ARISOF E.I.R.L.,LANDAX,6,JUN,242.0,4,N2,TRUJILLO,False,False,True,False,41804.0,LANDAX 5ML,JUNIO,-0.340308868,5574.56,22304.8625,14714.32,189,11
PHARMA - N2,INVERSIONES ARISOF E.I.R.L.,SOPHIPREN,6,JUN,305.0,6,N2,TRUJILLO,False,False,True,False,40338.0,SOPHIPREN OFTENO 5 ML,JUNIO,0.072135193,48676.87,59671.10342,63975.49,189,12
PHARMA - N2,INVERSIONES ARISOF E.I.R.L.,TRAZIDEX O,6,JUN,333.0,6,N2,TRUJILLO,False,False,True,False,40341.0,TRAZIDEX OFTENO 5 ML.,JUNIO,-0.192738462,70697.29,101185.0264,81682.78,189,13
PHARMA - N2,INVERSIONES ARISOF E.I.R.L.,TRAZIDEX U,6,JUN,337.0,6,N2,TRUJILLO,False,False,True,False,40342.0,TRAZIDEX UNGENA 3.5 G,JUNIO,-0.144707451,114383.92,156358.3363,133732.12,189,14
PHARMA - N2,INVERSIONES ARISOF E.I.R.L.,DUSTALOX,7,JUL,197.0,4,N2,TRUJILLO,False,False,True,False,41121.0,DUSTALOX 5ML,JULIO,-0.984719309,11432.26,12885.54331,196.9,189,2
PHARMA - N2,INVERSIONES ARISOF E.I.R.L.,ELAR-B,7,JUL,224.0,3,N2,TRUJILLO,False,False,True,False,42098.0,ELAR-B 5 ML,JULIO,-0.748065157,0.0,26863.09645,6767.75,189,3
PHARMA - N2,INVERSIONES ARISOF E.I.R.L.,FLUMETOL NF,7,JUL,294.0,6,N2,TRUJILLO,False,False,True,False,40513.0,FLUMETOL NF OFTENO 5ML,JULIO,-0.833324001,99312.38,119092.4315,19849.85,189,6
PHARMA - N2,INVERSIONES ARISOF E.I.R.L.,LAGRICEL,7,JUL,665.0,10,N2,TRUJILLO,False,False,True,False,40515.0,LAGRICEL OFTENO 0.5 ML,JULIO,-0.84932888,184824.49,193086.8374,29092.61,189,9
PHARMA - N2,INVERSIONES ARISOF E.I.R.L.,LAGRICEL PF,7,JUL,0.0,20,N2,TRUJILLO,False,False,True,True,41582.0,LAGRICEL OFTENO LIBRE DE CONSERVADORES (PF) 10 ML,JULIO,-0.871300153,205886.66,289507.1807,37259.53,189,10
PHARMA - N2,INVERSIONES ARISOF E.I.R.L.,SOPHIPREN,7,JUL,305.0,6,N2,TRUJILLO,False,False,True,False,40338.0,SOPHIPREN OFTENO 5 ML,JULIO,-0.815953083,49954.18,65902.05458,12129.07,189,12
PHARMA - N2,INVERSIONES ARISOF E.I.R.L.,TRAZIDEX O,7,JUL,556.0,10,N2,TRUJILLO,False,False,True,False,40341.0,TRAZIDEX OFTENO 5 ML.,JULIO,-0.912844311,118392.28,112505.9086,9805.53,189,13
PHARMA - N2,INVERSIONES ARISOF E.I.R.L.,TRAZIDEX U,7,JUL,561.0,10,N2,TRUJILLO,False,False,True,False,40342.0,TRAZIDEX UNGENA 3.5 G,JULIO,-0.835453002,134186.98,172706.827,28418.39,189,14
PHARMA - N2,INVERSIONES LAM E.I.R.L.,AQUADRAN,2,FEB,648.0,10,N2,TRUJILLO,False,False,True,False,41945.0,AQUADRAN 10G,FEBRERO,1.033824379,13176.0,33810.57818,34954.2,190,1
PHARMA - N2,INVERSIONES LAM E.I.R.L.,ELIPTIC PF,2,FEB,979.8,15,N2,TRUJILLO,False,False,True,False,41561.0,ELIPTIC OFTENO 5ML PF PERU,FEBRERO,0.876631233,16081.78,70691.40098,61970.29,190,5
PHARMA - N2,INVERSIONES LAM E.I.R.L.,FLUMETOL NF,2,FEB,539.02,12,N2,TRUJILLO,False,False,True,False,40513.0,FLUMETOL NF OFTENO 5ML,FEBRERO,1.285457107,84540.52,101550.4985,130538.81,190,6
PHARMA - N2,INVERSIONES LAM E.I.R.L.,GAAP PF,2,FEB,1190.05,12,N2,TRUJILLO,False,False,True,False,41567.0,GAAP OFTENO LIBRE DE CONSER PF 3 ML PERU,FEBRERO,0.820494884,80205.04,92164.06035,75620.14,190,8
PHARMA - N2,INVERSIONES LAM E.I.R.L.,LAGRICEL,2,FEB,2558.75,50,N2,TRUJILLO,False,False,True,False,40515.0,LAGRICEL OFTENO 0.5 ML,FEBRERO,0.970823097,194840.09,165898.7416,161058.33,190,9
PHARMA - N2,INVERSIONES LAM E.I.R.L.,LAGRICEL PF,2,FEB,1846.16,25,N2,TRUJILLO,False,False,True,False,41582.0,LAGRICEL OFTENO LIBRE DE CONSERVADORES (PF) 10 ML,FEBRERO,1.01762066,244371.43,248182.4906,252555.63,190,10
PHARMA - N2,INVERSIONES LAM E.I.R.L.,SOPHIPREN,2,FEB,304.92,6,N2,TRUJILLO,False,False,True,False,40338.0,SOPHIPREN OFTENO 5 ML,FEBRERO,1.300787434,39394.05,56555.62783,73566.85,190,12
PHARMA - N2,INVERSIONES LAM E.I.R.L.,TRAZIDEX O,2,FEB,509.36,10,N2,TRUJILLO,False,False,True,False,40341.0,TRAZIDEX OFTENO 5 ML.,FEBRERO,0.868398954,99642.69,95524.58531,82953.45,190,13
PHARMA - Z3,INVERSIONES MEDICAS GALENO S.A.C.,AGGLAD,1,ENE,244.56,4,Z3,NORTE CHICO,False,False,True,False,40351.0,AGGLAD OFTENO 5 ML,ENERO,1.0,22534.35,110094.81,110094.81,191,0
PHARMA - Z3,INVERSIONES MEDICAS GALENO S.A.C.,ELIPTIC PF,1,ENE,391.92,6,Z3,NORTE CHICO,False,False,True,False,41561.0,ELIPTIC OFTENO 5ML PF PERU,ENERO,1.0,16201.95,62857.68,62857.68,191,5
PHARMA - Z3,INVERSIONES MEDICAS GALENO S.A.C.,LAGRICEL PF,1,ENE,5226.06,92,Z3,NORTE CHICO,False,False,True,False,41582.0,LAGRICEL OFTENO LIBRE DE CONSERVADORES (PF) 10 ML,ENERO,1.0,241357.65,244552.3,244552.3,191,10
PHARMA - Z3,INVERSIONES MEDICAS GALENO S.A.C.,SOPHIPREN,1,ENE,1651.65,39,Z3,NORTE CHICO,False,False,True,False,40338.0,SOPHIPREN OFTENO 5 ML,ENERO,1.0,41450.28,50525.9,50525.9,191,12
PHARMA - Z3,INVERSIONES MEDICAS GALENO S.A.C.,AGGLAD,2,FEB,366.84,6,Z3,NORTE CHICO,False,False,True,False,40351.0,AGGLAD OFTENO 5 ML,FEBRERO,0.96716156,31785.06,114546.1364,110784.62,191,0
PHARMA - Z3,INVERSIONES MEDICAS GALENO S.A.C.,ELIPTIC PF,2,FEB,195.96,3,Z3,NORTE CHICO,False,False,True,False,41561.0,ELIPTIC OFTENO 5ML PF PERU,FEBRERO,0.876631233,16081.78,70691.40098,61970.29,191,5
PHARMA - Z3,INVERSIONES MEDICAS GALENO S.A.C.,FLUMETOL NF,2,FEB,122.51,3,Z3,NORTE CHICO,False,False,True,False,40513.0,FLUMETOL NF OFTENO 5ML,FEBRERO,1.285457107,84540.52,101550.4985,130538.81,191,6
PHARMA - Z3,INVERSIONES MEDICAS GALENO S.A.C.,LAGRICEL PF,2,FEB,3976.35,70,Z3,NORTE CHICO,False,False,True,False,41582.0,LAGRICEL OFTENO LIBRE DE CONSERVADORES (PF) 10 ML,FEBRERO,1.01762066,244371.43,248182.4906,252555.63,191,10
PHARMA - Z3,INVERSIONES MEDICAS GALENO S.A.C.,SOPHIPREN,2,FEB,1694.0,40,Z3,NORTE CHICO,False,False,True,False,40338.0,SOPHIPREN OFTENO 5 ML,FEBRERO,1.300787434,39394.05,56555.62783,73566.85,191,12
PHARMA - Z3,INVERSIONES MEDICAS GALENO S.A.C.,ELIPTIC PF,3,MAR,130.64,2,Z3,NORTE CHICO,False,False,True,False,41561.0,ELIPTIC OFTENO 5ML PF PERU,MARZO,0.543724406,16081.78,70691.40098,38436.64,191,5
PHARMA - Z3,INVERSIONES MEDICAS GALENO S.A.C.,FLUMETOL NF,3,MAR,122.51,3,Z3,NORTE CHICO,False,False,True,False,40513.0,FLUMETOL NF OFTENO 5ML,MARZO,1.399890715,84540.52,101550.4985,142159.6,191,6
PHARMA - Z3,INVERSIONES MEDICAS GALENO S.A.C.,LAGRICEL PF,3,MAR,2840.25,50,Z3,NORTE CHICO,False,False,True,False,41582.0,LAGRICEL OFTENO LIBRE DE CONSERVADORES (PF) 10 ML,MARZO,1.041573922,244371.43,248182.4906,258500.41,191,10
PHARMA - Z3,INVERSIONES MEDICAS GALENO S.A.C.,SOPHIPREN,3,MAR,1694.0,40,Z3,NORTE CHICO,False,False,True,False,40338.0,SOPHIPREN OFTENO 5 ML,MARZO,1.018181783,39394.05,56555.62783,57583.91,191,12
PHARMA - Z3,INVERSIONES MEDICAS GALENO S.A.C.,AGGLAD,4,ABR,367.0,6,Z3,NORTE CHICO,False,False,True,False,40351.0,AGGLAD OFTENO 5 ML,ABRIL,0.757043269,24635.46,120891.2407,91519.9,191,0
PHARMA - Z3,INVERSIONES MEDICAS GALENO S.A.C.,ELIPTIC PF,4,ABR,196.0,3,Z3,NORTE CHICO,False,False,True,False,41561.0,ELIPTIC OFTENO 5ML PF PERU,ABRIL,0.502083754,28406.63,74583.69182,37447.26,191,5
PHARMA - Z3,INVERSIONES MEDICAS GALENO S.A.C.,LAGRICEL PF,4,ABR,0.0,60,Z3,NORTE CHICO,False,False,True,True,41582.0,LAGRICEL OFTENO LIBRE DE CONSERVADORES (PF) 10 ML,ABRIL,1.234011277,222585.45,261957.3873,323258.37,191,10
PHARMA - Z3,INVERSIONES MEDICAS GALENO S.A.C.,SOPHIPREN,4,ABR,0.0,50,Z3,NORTE CHICO,False,False,True,True,40338.0,SOPHIPREN OFTENO 5 ML,ABRIL,1.125758804,51339.43,59671.10342,67175.27,191,12
PHARMA - Z3,INVERSIONES MEDICAS GALENO S.A.C.,LAGRICEL PF,5,MAY,0.0,50,Z3,NORTE CHICO,False,False,True,True,41582.0,LAGRICEL OFTENO LIBRE DE CONSERVADORES (PF) 10 ML,MAYO,0.852391423,198666.14,261957.3873,223290.23,191,10
PHARMA - Z3,INVERSIONES MEDICAS GALENO S.A.C.,SOPHIPREN,5,MAY,847.0,20,Z3,NORTE CHICO,False,False,True,False,40338.0,SOPHIPREN OFTENO 5 ML,MAYO,0.947602386,43314.92,59671.10342,56544.48,191,12
PHARMA - Z3,INVERSIONES MEDICAS GALENO S.A.C.,AGGLAD,6,JUN,611.0,10,Z3,NORTE CHICO,False,False,True,False,40351.0,AGGLAD OFTENO 5 ML,JUNIO,-0.235301917,20271.95,120891.2407,92445.3,191,0
PHARMA - Z3,INVERSIONES MEDICAS GALENO S.A.C.,FLUMETOL NF,6,JUN,123.0,3,Z3,NORTE CHICO,False,False,True,False,40513.0,FLUMETOL NF OFTENO 5ML,JUNIO,0.071788154,87288.94,107397.8095,115107.7,191,6
PHARMA - Z3,INVERSIONES MEDICAS GALENO S.A.C.,LAGRICEL PF,6,JUN,0.0,30,Z3,NORTE CHICO,False,False,True,True,41582.0,LAGRICEL OFTENO LIBRE DE CONSERVADORES (PF) 10 ML,JUNIO,-0.085958779,182516.9,261957.3873,239439.85,191,10
PHARMA - Z3,INVERSIONES MEDICAS GALENO S.A.C.,SOPHIPREN,6,JUN,0.0,40,Z3,NORTE CHICO,False,False,True,True,40338.0,SOPHIPREN OFTENO 5 ML,JUNIO,0.072135193,48676.87,59671.10342,63975.49,191,12
PHARMA - Z2,INVERSIONES MULTIMEDIC S.A.C.,TRAZIDEX O,1,ENE,3704.4,80,Z2,CALLAO,False,False,True,False,40341.0,TRAZIDEX OFTENO 5 ML.,ENERO,1.0,107782.12,170736.47,170736.47,192,13
PHARMA - Z2,INVERSIONES MULTIMEDIC S.A.C.,TRAZIDEX U,1,ENE,935.1,20,Z2,CALLAO,False,False,True,False,40342.0,TRAZIDEX UNGENA 3.5 G,ENERO,1.0,127130.48,135275.35,135275.35,192,14
PHARMA - Z2,INVERSIONES MULTIMEDIC S.A.C.,FLUMETOL NF,2,FEB,2450.1,60,Z2,CALLAO,False,False,True,False,40513.0,FLUMETOL NF OFTENO 5ML,FEBRERO,1.285457107,84540.52,101550.4985,130538.81,192,6
PHARMA - Z2,INVERSIONES MULTIMEDIC S.A.C.,TRAZIDEX O,2,FEB,2778.3,60,Z2,CALLAO,False,False,True,False,40341.0,TRAZIDEX OFTENO 5 ML.,FEBRERO,0.868398954,99642.69,95524.58531,82953.45,192,13
PHARMA - Z2,INVERSIONES MULTIMEDIC S.A.C.,FLUMETOL NF,3,MAR,816.7,20,Z2,CALLAO,False,False,True,False,40513.0,FLUMETOL NF OFTENO 5ML,MARZO,1.399890715,84540.52,101550.4985,142159.6,192,6
PHARMA - Z2,INVERSIONES MULTIMEDIC S.A.C.,TRAZIDEX O,3,MAR,926.1,20,Z2,CALLAO,False,False,True,False,40341.0,TRAZIDEX OFTENO 5 ML.,MARZO,0.841410928,99642.69,95524.58531,80375.43,192,13
PHARMA - Z2,INVERSIONES MULTIMEDIC S.A.C.,FLUMETOL NF,4,ABR,0.0,60,Z2,CALLAO,False,False,True,True,40513.0,FLUMETOL NF OFTENO 5ML,ABRIL,1.22328994,97096.28,107397.8095,131378.66,192,6
PHARMA - Z2,INVERSIONES MULTIMEDIC S.A.C.,TRAZIDEX O,4,ABR,0.0,60,Z2,CALLAO,False,False,True,True,40341.0,TRAZIDEX OFTENO 5 ML.,ABRIL,0.966120714,91975.94,101185.0264,97756.95,192,13
PHARMA - Z2,INVERSIONES MULTIMEDIC S.A.C.,FLUMETOL NF,5,MAY,0.0,40,Z2,CALLAO,False,False,True,True,40513.0,FLUMETOL NF OFTENO 5ML,MAYO,1.182290501,84208.66,107397.8095,126975.41,192,6
PHARMA - Z2,INVERSIONES MULTIMEDIC S.A.C.,TRAZIDEX O,5,MAY,0.0,40,Z2,CALLAO,False,False,True,True,40341.0,TRAZIDEX OFTENO 5 ML.,MAYO,0.725790194,64098.19,101185.0264,73439.1,192,13
PHARMA - Z2,INVERSIONES MULTIMEDIC S.A.C.,FLUMETOL NF,6,JUN,817.0,20,Z2,CALLAO,False,False,True,False,40513.0,FLUMETOL NF OFTENO 5ML,JUNIO,0.071788154,87288.94,107397.8095,115107.7,192,6
PHARMA - Z2,INVERSIONES MULTIMEDIC S.A.C.,TRAZIDEX O,6,JUN,926.0,20,Z2,CALLAO,False,False,True,False,40341.0,TRAZIDEX OFTENO 5 ML.,JUNIO,-0.192738462,70697.29,101185.0264,81682.78,192,13
PHARMA - N2,JUNTOS M & C E.I.R.L,LAGRICEL PF,2,FEB,340.83,6,N2,TRUJILLO,False,False,True,False,41582.0,LAGRICEL OFTENO LIBRE DE CONSERVADORES (PF) 10 ML,FEBRERO,1.01762066,244371.43,248182.4906,252555.63,193,10
PHARMA - N2,JUNTOS M & C E.I.R.L,AGGLAD,6,JUN,660.0,12,N2,TRUJILLO,False,False,True,False,40351.0,AGGLAD OFTENO 5 ML,JUNIO,-0.235301917,20271.95,120891.2407,92445.3,193,0
PHARMA - N2,JUNTOS M & C E.I.R.L,AQUADRAN,6,JUN,324.0,6,N2,TRUJILLO,False,False,True,False,41945.0,AQUADRAN 10G,JUNIO,0.329694376,15957.0,35738.51318,47521.3,193,1
PHARMA - N2,JUNTOS M & C E.I.R.L,ELAR-B,6,JUN,230.0,4,N2,TRUJILLO,False,False,True,False,42098.0,ELAR-B 5 ML,JUNIO,-0.29490542,0.0,24407.71845,17209.75,193,3
PHARMA - N2,JUNTOS M & C E.I.R.L,LAGRICEL PF,6,JUN,286.0,6,N2,TRUJILLO,False,False,True,False,41582.0,LAGRICEL OFTENO LIBRE DE CONSERVADORES (PF) 10 ML,JUNIO,-0.085958779,182516.9,261957.3873,239439.85,193,10
PHARMA - Z3,L & F OFTALMOLOGOS S.A.C,TRAZIDEX O,1,ENE,555.66,12,Z3,NORTE CHICO,False,False,True,False,40341.0,TRAZIDEX OFTENO 5 ML.,ENERO,1.0,107782.12,170736.47,170736.47,194,13
PHARMA - Z3,L & F OFTALMOLOGOS S.A.C,TRAZIDEX U,1,ENE,561.06,12,Z3,NORTE CHICO,False,False,True,False,40342.0,TRAZIDEX UNGENA 3.5 G,ENERO,1.0,127130.48,135275.35,135275.35,194,14
PHARMA - Z3,L & F OFTALMOLOGOS S.A.C,TRAZIDEX O,3,MAR,555.66,12,Z3,NORTE CHICO,False,False,True,False,40341.0,TRAZIDEX OFTENO 5 ML.,MARZO,0.841410928,99642.69,95524.58531,80375.43,194,13
PHARMA - Z3,L & F OFTALMOLOGOS S.A.C,TRAZIDEX U,3,MAR,1122.12,24,Z3,NORTE CHICO,False,False,True,False,40342.0,TRAZIDEX UNGENA 3.5 G,MARZO,0.890660186,111697.65,148184.091,131981.67,194,14
PHARMA - Z1,LA ESPERANZA DEL PERU S A,ELIPTIC PF,1,ENE,250.83,8,Z1,LIMA,False,False,True,False,41561.0,ELIPTIC OFTENO 5ML PF PERU,ENERO,1.0,16201.95,62857.68,62857.68,195,5
PHARMA - Z1,LA ESPERANZA DEL PERU S A,FLUMETOL NF,1,ENE,354.77,12,Z1,LIMA,False,False,True,False,40513.0,FLUMETOL NF OFTENO 5ML,ENERO,1.0,106644.0,144656.97,144656.97,195,6
PHARMA - Z1,LA ESPERANZA DEL PERU S A,GAAP PF,1,ENE,2587.45,41,Z1,LIMA,False,False,True,False,41567.0,GAAP OFTENO LIBRE DE CONSER PF 3 ML PERU,ENERO,1.0,67726.3,99013.28,99013.28,195,8
PHARMA - Z1,LA ESPERANZA DEL PERU S A,LAGRICEL,1,ENE,1565.96,45,Z1,LIMA,False,False,True,False,40515.0,LAGRICEL OFTENO 0.5 ML,ENERO,1.0,154236.51,132452.04,132452.04,195,9
PHARMA - Z1,LA ESPERANZA DEL PERU S A,TRAZIDEX U,1,ENE,142.51,5,Z1,LIMA,False,False,True,False,40342.0,TRAZIDEX UNGENA 3.5 G,ENERO,1.0,127130.48,135275.35,135275.35,195,14
PHARMA - Z1,LA ESPERANZA DEL PERU S A,ELIPTIC PF,2,FEB,376.24,12,Z1,LIMA,False,False,True,False,41561.0,ELIPTIC OFTENO 5ML PF PERU,FEBRERO,0.876631233,16081.78,70691.40098,61970.29,195,5
PHARMA - Z1,LA ESPERANZA DEL PERU S A,FLUMETOL NF,2,FEB,916.5,31,Z1,LIMA,False,False,True,False,40513.0,FLUMETOL NF OFTENO 5ML,FEBRERO,1.285457107,84540.52,101550.4985,130538.81,195,6
PHARMA - Z1,LA ESPERANZA DEL PERU S A,GAAP PF,2,FEB,4291.38,68,Z1,LIMA,False,False,True,False,41567.0,GAAP OFTENO LIBRE DE CONSER PF 3 ML PERU,FEBRERO,0.820494884,80205.04,92164.06035,75620.14,195,8
PHARMA - Z1,LA ESPERANZA DEL PERU S A,LAGRICEL,2,FEB,3271.11,94,Z1,LIMA,False,False,True,False,40515.0,LAGRICEL OFTENO 0.5 ML,FEBRERO,0.970823097,194840.09,165898.7416,161058.33,195,9
PHARMA - Z1,LA ESPERANZA DEL PERU S A,TRAZIDEX U,2,FEB,741.05,26,Z1,LIMA,False,False,True,False,40342.0,TRAZIDEX UNGENA 3.5 G,FEBRERO,0.737379291,111697.65,148184.091,109267.88,195,14
PHARMA - Z1,LA ESPERANZA DEL PERU S A,AGGLAD,3,MAR,465.89,12,Z1,LIMA,False,False,True,False,40351.0,AGGLAD OFTENO 5 ML,MARZO,0.708033745,31785.06,114546.1364,81102.53,195,0
PHARMA - Z1,LA ESPERANZA DEL PERU S A,ELIPTIC PF,3,MAR,287.41,11,Z1,LIMA,False,False,True,False,41561.0,ELIPTIC OFTENO 5ML PF PERU,MARZO,0.543724406,16081.78,70691.40098,38436.64,195,5
PHARMA - Z1,LA ESPERANZA DEL PERU S A,FLUMETOL NF,3,MAR,886.94,30,Z1,LIMA,False,False,True,False,40513.0,FLUMETOL NF OFTENO 5ML,MARZO,1.399890715,84540.52,101550.4985,142159.6,195,6
PHARMA - Z1,LA ESPERANZA DEL PERU S A,GAAP PF,3,MAR,1534.44,37,Z1,LIMA,False,False,True,False,41567.0,GAAP OFTENO LIBRE DE CONSER PF 3 ML PERU,MARZO,0.894697886,80205.04,92164.06035,82458.99,195,8
PHARMA - Z1,LA ESPERANZA DEL PERU S A,LAGRICEL,3,MAR,9593.27,281,Z1,LIMA,False,False,True,False,40515.0,LAGRICEL OFTENO 0.5 ML,MARZO,1.138987362,194840.09,165898.7416,188956.57,195,9
PHARMA - Z1,LA ESPERANZA DEL PERU S A,TRAZIDEX U,3,MAR,684.04,24,Z1,LIMA,False,False,True,False,40342.0,TRAZIDEX UNGENA 3.5 G,MARZO,0.890660186,111697.65,148184.091,131981.67,195,14
PHARMA - Z1,LA ESPERANZA DEL PERU S A,AGGLAD,4,ABR,0.0,32,Z1,LIMA,False,False,True,True,40351.0,AGGLAD OFTENO 5 ML,ABRIL,0.757043269,24635.46,120891.2407,91519.9,195,0
PHARMA - Z1,LA ESPERANZA DEL PERU S A,ELIPTIC PF,4,ABR,470.0,18,Z1,LIMA,False,False,True,False,41561.0,ELIPTIC OFTENO 5ML PF PERU,ABRIL,0.502083754,28406.63,74583.69182,37447.26,195,5
PHARMA - Z1,LA ESPERANZA DEL PERU S A,FLUMETOL NF,4,ABR,798.0,27,Z1,LIMA,False,False,True,False,40513.0,FLUMETOL NF OFTENO 5ML,ABRIL,1.22328994,97096.28,107397.8095,131378.66,195,6
PHARMA - Z1,LA ESPERANZA DEL PERU S A,GAAP PF,4,ABR,0.0,48,Z1,LIMA,False,False,True,True,41567.0,GAAP OFTENO LIBRE DE CONSER PF 3 ML PERU,ABRIL,0.580041645,82952.14,97315.99528,56447.33,195,8
PHARMA - Z1,LA ESPERANZA DEL PERU S A,TRAZIDEX U,4,ABR,570.0,20,Z1,LIMA,False,False,True,False,40342.0,TRAZIDEX UNGENA 3.5 G,ABRIL,0.810349246,131494.88,156358.3363,126704.86,195,14
PHARMA - Z1,LA ESPERANZA DEL PERU S A,AGGLAD,5,MAY,272.0,7,Z1,LIMA,False,False,True,False,40351.0,AGGLAD OFTENO 5 ML,MAYO,0.670022241,26193.67,120891.2407,80999.82,195,0
PHARMA - Z1,LA ESPERANZA DEL PERU S A,FLUMETOL NF,5,MAY,887.0,30,Z1,LIMA,False,False,True,False,40513.0,FLUMETOL NF OFTENO 5ML,MAYO,1.182290501,84208.66,107397.8095,126975.41,195,6
PHARMA - Z1,LA ESPERANZA DEL PERU S A,GAAP PF,5,MAY,0.0,44,Z1,LIMA,False,False,True,True,41567.0,GAAP OFTENO LIBRE DE CONSER PF 3 ML PERU,MAYO,0.695728383,103158.58,97315.99528,67705.5,195,8
PHARMA - Z1,LA ESPERANZA DEL PERU S A,LAGRICEL,5,MAY,844.0,25,Z1,LIMA,False,False,True,False,40515.0,LAGRICEL OFTENO 0.5 ML,MAYO,0.714118093,158816.35,174961.4402,124943.13,195,9
PHARMA - Z1,LA ESPERANZA DEL PERU S A,TRAZIDEX U,5,MAY,684.0,24,Z1,LIMA,False,False,True,False,40342.0,TRAZIDEX UNGENA 3.5 G,MAYO,0.799544258,131001.94,156358.3363,125015.41,195,14
PHARMA - Z1,LA ESPERANZA DEL PERU S A,AGGLAD,6,JUN,544.0,14,Z1,LIMA,False,False,True,False,40351.0,AGGLAD OFTENO 5 ML,JUNIO,-0.235301917,20271.95,120891.2407,92445.3,195,0
PHARMA - Z1,LA ESPERANZA DEL PERU S A,ELIPTIC PF,6,JUN,235.0,9,Z1,LIMA,False,False,True,False,41561.0,ELIPTIC OFTENO 5ML PF PERU,JUNIO,-0.431896719,12781.68,74583.69182,42371.24,195,5
PHARMA - Z1,LA ESPERANZA DEL PERU S A,FLUMETOL NF,6,JUN,0.0,50,Z1,LIMA,False,False,True,True,40513.0,FLUMETOL NF OFTENO 5ML,JUNIO,0.071788154,87288.94,107397.8095,115107.7,195,6
PHARMA - Z1,LA ESPERANZA DEL PERU S A,GAAP PF,6,JUN,0.0,56,Z1,LIMA,False,False,True,True,41567.0,GAAP OFTENO LIBRE DE CONSER PF 3 ML PERU,JUNIO,-0.151410313,75783.27,97315.99528,82581.35,195,8
PHARMA - Z1,LA ESPERANZA DEL PERU S A,LAGRICEL,6,JUN,0.0,62,Z1,LIMA,False,False,True,True,40515.0,LAGRICEL OFTENO 0.5 ML,JUNIO,-0.157973323,129483.27,174961.4402,147322.2,195,9
PHARMA - Z1,LA ESPERANZA DEL PERU S A,TRAZIDEX U,6,JUN,656.0,23,Z1,LIMA,False,False,True,False,40342.0,TRAZIDEX UNGENA 3.5 G,JUNIO,-0.144707451,114383.92,156358.3363,133732.12,195,14
PHARMA - Z1,LA ESPERANZA DEL PERU S A,AGGLAD,7,JUL,466.0,12,Z1,LIMA,False,False,True,False,40351.0,AGGLAD OFTENO 5 ML,JULIO,-0.863449228,29784.66,133581.4492,18240.65,195,0
PHARMA - Z1,LA ESPERANZA DEL PERU S A,FLUMETOL NF,7,JUL,355.0,12,Z1,LIMA,False,False,True,False,40513.0,FLUMETOL NF OFTENO 5ML,JULIO,-0.833324001,99312.38,119092.4315,19849.85,195,6
PHARMA - Z1,LA ESPERANZA DEL PERU S A,GAAP PF,7,JUL,995.0,24,Z1,LIMA,False,False,True,False,41567.0,GAAP OFTENO LIBRE DE CONSER PF 3 ML PERU,JULIO,-0.767903816,96163.14,107619.8651,24978.16,195,8
PHARMA - S,LA FUENTE CENTRO DE SALUD INTEGRAL - LA FUENTE,FLUMETOL NF,1,ENE,816.7,20,S,CADENAS,False,False,True,False,40513.0,FLUMETOL NF OFTENO 5ML,ENERO,1.0,106644.0,144656.97,144656.97,196,6
PHARMA - S,LA FUENTE CENTRO DE SALUD INTEGRAL - LA FUENTE,TRAZIDEX O,1,ENE,1666.98,40,S,CADENAS,False,False,True,False,40341.0,TRAZIDEX OFTENO 5 ML.,ENERO,1.0,107782.12,170736.47,170736.47,196,13
PHARMA - S,LA FUENTE CENTRO DE SALUD INTEGRAL - LA FUENTE,AGGLAD,2,FEB,2201.04,40,S,CADENAS,False,False,True,False,40351.0,AGGLAD OFTENO 5 ML,FEBRERO,0.96716156,31785.06,114546.1364,110784.62,196,0
PHARMA - S,LA FUENTE CENTRO DE SALUD INTEGRAL - LA FUENTE,ELIPTIC PF,2,FEB,1358.66,40,S,CADENAS,False,False,True,False,41561.0,ELIPTIC OFTENO 5ML PF PERU,FEBRERO,0.876631233,16081.78,70691.40098,61970.29,196,5
PHARMA - S,LA FUENTE CENTRO DE SALUD INTEGRAL - LA FUENTE,TRAZIDEX O,2,FEB,833.49,20,S,CADENAS,False,False,True,False,40341.0,TRAZIDEX OFTENO 5 ML.,FEBRERO,0.868398954,99642.69,95524.58531,82953.45,196,13
PHARMA - S,LA FUENTE CENTRO DE SALUD INTEGRAL - LA FUENTE,TRAZIDEX U,2,FEB,1683.18,40,S,CADENAS,False,False,True,False,40342.0,TRAZIDEX UNGENA 3.5 G,FEBRERO,0.737379291,111697.65,148184.091,109267.88,196,14
PHARMA - S,LA FUENTE CENTRO DE SALUD INTEGRAL - LA FUENTE,AGGLAD,3,MAR,1100.52,20,S,CADENAS,False,False,True,False,40351.0,AGGLAD OFTENO 5 ML,MARZO,0.708033745,31785.06,114546.1364,81102.53,196,0
PHARMA - S,LA FUENTE CENTRO DE SALUD INTEGRAL - LA FUENTE,TRAZIDEX O,3,MAR,833.49,20,S,CADENAS,False,False,True,False,40341.0,TRAZIDEX OFTENO 5 ML.,MARZO,0.841410928,99642.69,95524.58531,80375.43,196,13
PHARMA - S,LA FUENTE CENTRO DE SALUD INTEGRAL - LA FUENTE,AGGLAD,4,ABR,0.0,40,S,CADENAS,False,False,True,True,40351.0,AGGLAD OFTENO 5 ML,ABRIL,0.757043269,24635.46,120891.2407,91519.9,196,0
PHARMA - S,LA FUENTE CENTRO DE SALUD INTEGRAL - LA FUENTE,ELIPTIC PF,4,ABR,0.0,40,S,CADENAS,False,False,True,True,41561.0,ELIPTIC OFTENO 5ML PF PERU,ABRIL,0.502083754,28406.63,74583.69182,37447.26,196,5
PHARMA - S,LA FUENTE CENTRO DE SALUD INTEGRAL - LA FUENTE,TRAZIDEX O,4,ABR,0.0,40,S,CADENAS,False,False,True,True,40341.0,TRAZIDEX OFTENO 5 ML.,ABRIL,0.966120714,91975.94,101185.0264,97756.95,196,13
PHARMA - S,LA FUENTE CENTRO DE SALUD INTEGRAL - LA FUENTE,TRAZIDEX U,4,ABR,0.0,40,S,CADENAS,False,False,True,True,40342.0,TRAZIDEX UNGENA 3.5 G,ABRIL,0.810349246,131494.88,156358.3363,126704.86,196,14
PHARMA - S,LA FUENTE CENTRO DE SALUD INTEGRAL - LA FUENTE,AGGLAD,5,MAY,0.0,40,S,CADENAS,False,False,True,True,40351.0,AGGLAD OFTENO 5 ML,MAYO,0.670022241,26193.67,120891.2407,80999.82,196,0
PHARMA - S,LA FUENTE CENTRO DE SALUD INTEGRAL - LA FUENTE,AQUADRAN,5,MAY,0.0,40,S,CADENAS,False,False,True,True,41945.0,AQUADRAN 10G,MAYO,1.308504351,13786.2,35738.51318,46764.0,196,1
PHARMA - S,LA FUENTE CENTRO DE SALUD INTEGRAL - LA FUENTE,ELIPTIC PF,5,MAY,0.0,40,S,CADENAS,False,False,True,True,41561.0,ELIPTIC OFTENO 5ML PF PERU,MAYO,0.635068724,11669.87,74583.69182,47365.77,196,5
PHARMA - S,LA FUENTE CENTRO DE SALUD INTEGRAL - LA FUENTE,FLUMETOL NF,5,MAY,817.0,20,S,CADENAS,False,False,True,False,40513.0,FLUMETOL NF OFTENO 5ML,MAYO,1.182290501,84208.66,107397.8095,126975.41,196,6
PHARMA - S,LA FUENTE CENTRO DE SALUD INTEGRAL - LA FUENTE,TRAZIDEX U,5,MAY,0.0,40,S,CADENAS,False,False,True,True,40342.0,TRAZIDEX UNGENA 3.5 G,MAYO,0.799544258,131001.94,156358.3363,125015.41,196,14
PHARMA - S,LA FUENTE CENTRO DE SALUD INTEGRAL - LA FUENTE,ZEBESTEN,5,MAY,982.0,20,S,CADENAS,False,False,True,False,41604.0,ZEBESTEN 5ML PERU,MAYO,0.825216123,27515.83,29060.89609,23981.52,196,15
PHARMA - S,LA FUENTE CENTRO DE SALUD INTEGRAL - LA FUENTE,AGGLAD,6,JUN,0.0,20,S,CADENAS,False,False,True,True,40351.0,AGGLAD OFTENO 5 ML,JUNIO,-0.235301917,20271.95,120891.2407,92445.3,196,0
PHARMA - S,LA FUENTE CENTRO DE SALUD INTEGRAL - LA FUENTE,ELIPTIC PF,6,JUN,679.0,20,S,CADENAS,False,False,True,False,41561.0,ELIPTIC OFTENO 5ML PF PERU,JUNIO,-0.431896719,12781.68,74583.69182,42371.24,196,5
PHARMA - S,LA FUENTE CENTRO DE SALUD INTEGRAL - LA FUENTE,TRAZIDEX O,6,JUN,833.0,20,S,CADENAS,False,False,True,False,40341.0,TRAZIDEX OFTENO 5 ML.,JUNIO,-0.192738462,70697.29,101185.0264,81682.78,196,13
PHARMA - S,LA FUENTE CENTRO DE SALUD INTEGRAL - LA FUENTE,TRAZIDEX U,6,JUN,0.0,40,S,CADENAS,False,False,True,True,40342.0,TRAZIDEX UNGENA 3.5 G,JUNIO,-0.144707451,114383.92,156358.3363,133732.12,196,14
PHARMA - Z3,LANDA OCHOA REYSU REYNALDO,LAGRICEL PF,1,ENE,284.03,5,Z3,NORTE CHICO,False,False,True,False,41582.0,LAGRICEL OFTENO LIBRE DE CONSERVADORES (PF) 10 ML,ENERO,1.0,241357.65,244552.3,244552.3,197,10
PHARMA - Z3,LANDA OCHOA REYSU REYNALDO,TRAZIDEX U,1,ENE,2122.68,50,Z3,NORTE CHICO,False,False,True,False,40342.0,TRAZIDEX UNGENA 3.5 G,ENERO,1.0,127130.48,135275.35,135275.35,197,14
PHARMA - Z3,LANDA OCHOA REYSU REYNALDO,ZEBESTEN,1,ENE,245.44,5,Z3,NORTE CHICO,False,False,True,False,41604.0,ZEBESTEN 5ML PERU,ENERO,1.0,31496.43,43862.02,43862.02,197,15
PHARMA - Z3,LANDA OCHOA REYSU REYNALDO,SOPHIPREN,2,FEB,2117.5,50,Z3,NORTE CHICO,False,False,True,False,40338.0,SOPHIPREN OFTENO 5 ML,FEBRERO,1.300787434,39394.05,56555.62783,73566.85,197,12
PHARMA - Z3,LANDA OCHOA REYSU REYNALDO,LAGRICEL PF,3,MAR,954.32,20,Z3,NORTE CHICO,False,False,True,False,41582.0,LAGRICEL OFTENO LIBRE DE CONSERVADORES (PF) 10 ML,MARZO,1.041573922,244371.43,248182.4906,258500.41,197,10
PHARMA - Z3,LANDA OCHOA REYSU REYNALDO,LANDAX,3,MAR,838.98,20,Z3,NORTE CHICO,False,False,True,False,41804.0,LANDAX 5ML,MARZO,0.673401888,4684.31,21117.7311,14220.72,197,11
PHARMA - Z3,LANDA OCHOA REYSU REYNALDO,TRAZIDEX U,3,MAR,2122.68,50,Z3,NORTE CHICO,False,False,True,False,40342.0,TRAZIDEX UNGENA 3.5 G,MARZO,0.890660186,111697.65,148184.091,131981.67,197,14
PHARMA - Z3,LANDA OCHOA REYSU REYNALDO,ZEBESTEN,3,MAR,1419.08,30,Z3,NORTE CHICO,False,False,True,False,41604.0,ZEBESTEN 5ML PERU,MARZO,1.283372043,24271.56,27459.43408,35240.67,197,15
PHARMA - Z3,LANDA OCHOA REYSU REYNALDO,AGGLAD,4,ABR,61.0,1,Z3,NORTE CHICO,False,False,True,False,40351.0,AGGLAD OFTENO 5 ML,ABRIL,0.757043269,24635.46,120891.2407,91519.9,197,0
PHARMA - Z3,LANDA OCHOA REYSU REYNALDO,LANDAX,4,ABR,0.0,50,Z3,NORTE CHICO,False,False,True,True,41804.0,LANDAX 5ML,ABRIL,0.967730243,9326.66,22304.8625,21585.09,197,11
PHARMA - Z3,LANDA OCHOA REYSU REYNALDO,SOPHIPREN,4,ABR,0.0,50,Z3,NORTE CHICO,False,False,True,True,40338.0,SOPHIPREN OFTENO 5 ML,ABRIL,1.125758804,51339.43,59671.10342,67175.27,197,12
PHARMA - Z3,LANDA OCHOA REYSU REYNALDO,LAGRICEL PF,5,MAY,477.0,10,Z3,NORTE CHICO,False,False,True,False,41582.0,LAGRICEL OFTENO LIBRE DE CONSERVADORES (PF) 10 ML,MAYO,0.852391423,198666.14,261957.3873,223290.23,197,10
PHARMA - Z3,LANDA OCHOA REYSU REYNALDO,TRAZIDEX U,5,MAY,0.0,50,Z3,NORTE CHICO,False,False,True,True,40342.0,TRAZIDEX UNGENA 3.5 G,MAYO,0.799544258,131001.94,156358.3363,125015.41,197,14
PHARMA - Z2,LAS AMERICAS WELLNESS CENTER S.A.C.,TRAZIDEX U,4,ABR,561.0,12,Z2,CALLAO,False,False,True,False,40342.0,TRAZIDEX UNGENA 3.5 G,ABRIL,0.810349246,131494.88,156358.3363,126704.86,198,14
PHARMA - Z2,LAS AMERICAS WELLNESS CENTER S.A.C.,ELIPTIC PF,5,MAY,259.0,6,Z2,CALLAO,False,False,True,False,41561.0,ELIPTIC OFTENO 5ML PF PERU,MAYO,0.635068724,11669.87,74583.69182,47365.77,198,5
PHARMA - Z2,LAS AMERICAS WELLNESS CENTER S.A.C.,GAAP PF,5,MAY,411.0,6,Z2,CALLAO,False,False,True,False,41567.0,GAAP OFTENO LIBRE DE CONSER PF 3 ML PERU,MAYO,0.695728383,103158.58,97315.99528,67705.5,198,8
PHARMA - Z2,LAS AMERICAS WELLNESS CENTER S.A.C.,ELIPTIC PF,6,JUN,345.0,8,Z2,CALLAO,False,False,True,False,41561.0,ELIPTIC OFTENO 5ML PF PERU,JUNIO,-0.431896719,12781.68,74583.69182,42371.24,198,5
PHARMA - Z2,LAS AMERICAS WELLNESS CENTER S.A.C.,FLUMETOL NF,6,JUN,245.0,6,Z2,CALLAO,False,False,True,False,40513.0,FLUMETOL NF OFTENO 5ML,JUNIO,0.071788154,87288.94,107397.8095,115107.7,198,6
PHARMA - Z2,LAS AMERICAS WELLNESS CENTER S.A.C.,LAGRICEL PF,6,JUN,0.0,24,Z2,CALLAO,False,False,True,True,41582.0,LAGRICEL OFTENO LIBRE DE CONSERVADORES (PF) 10 ML,JUNIO,-0.085958779,182516.9,261957.3873,239439.85,198,10
PHARMA - Z2,LAS AMERICAS WELLNESS CENTER S.A.C.,ZEBESTEN,6,JUN,687.0,14,Z2,CALLAO,False,False,True,False,41604.0,ZEBESTEN 5ML PERU,JUNIO,0.156870039,15690.19,29060.89609,33619.68,198,15
PHARMA - Z3,LASER CENTER IQUITOS S.A.C.,AQUADRAN,3,MAR,291.6,6,Z3,NORTE CHICO,False,False,True,False,41945.0,AQUADRAN 10G,MARZO,1.286810293,13176.0,33810.57818,43507.8,199,1
PHARMA - Z3,LASER CENTER IQUITOS S.A.C.,ELIPTIC PF,3,MAR,678.02,20,Z3,NORTE CHICO,False,False,True,False,41561.0,ELIPTIC OFTENO 5ML PF PERU,MARZO,0.543724406,16081.78,70691.40098,38436.64,199,5
PHARMA - Z3,LASER CENTER IQUITOS S.A.C.,FLUMETOL NF,3,MAR,816.7,20,Z3,NORTE CHICO,False,False,True,False,40513.0,FLUMETOL NF OFTENO 5ML,MARZO,1.399890715,84540.52,101550.4985,142159.6,199,6
PHARMA - Z3,LASER CENTER IQUITOS S.A.C.,LANDAX,3,MAR,466.1,10,Z3,NORTE CHICO,False,False,True,False,41804.0,LANDAX 5ML,MARZO,0.673401888,4684.31,21117.7311,14220.72,199,11
PHARMA - Z3,LASER CENTER IQUITOS S.A.C.,ZEBESTEN,3,MAR,490.88,10,Z3,NORTE CHICO,False,False,True,False,41604.0,ZEBESTEN 5ML PERU,MARZO,1.283372043,24271.56,27459.43408,35240.67,199,15
PHARMA - Z3,LASER CENTER IQUITOS S.A.C.,AGGLAD,5,MAY,770.0,15,Z3,NORTE CHICO,False,False,True,False,40351.0,AGGLAD OFTENO 5 ML,MAYO,0.670022241,26193.67,120891.2407,80999.82,199,0
PHARMA - Z3,LASER CENTER IQUITOS S.A.C.,AQUADRAN,5,MAY,292.0,6,Z3,NORTE CHICO,False,False,True,False,41945.0,AQUADRAN 10G,MAYO,1.308504351,13786.2,35738.51318,46764.0,199,1
PHARMA - Z3,LASER CENTER IQUITOS S.A.C.,ELIPTIC PF,5,MAY,509.0,15,Z3,NORTE CHICO,False,False,True,False,41561.0,ELIPTIC OFTENO 5ML PF PERU,MAYO,0.635068724,11669.87,74583.69182,47365.77,199,5
PHARMA - Z3,LASER CENTER IQUITOS S.A.C.,FLUMETOL NF,5,MAY,408.0,10,Z3,NORTE CHICO,False,False,True,False,40513.0,FLUMETOL NF OFTENO 5ML,MAYO,1.182290501,84208.66,107397.8095,126975.41,199,6
PHARMA - Z1,LATINFARMA CORPORATION S.A.C.,AGGLAD,2,FEB,67.25,1,Z1,LIMA,False,False,True,False,40351.0,AGGLAD OFTENO 5 ML,FEBRERO,0.96716156,31785.06,114546.1364,110784.62,200,0
PHARMA - Z1,LATINFARMA CORPORATION S.A.C.,ELIPTIC,2,FEB,63.42,1,Z1,LIMA,False,False,True,False,41076.0,ELIPTIC OFTENO 5ML,FEBRERO,0.601609541,3462.73,37097.88238,22318.44,200,4
PHARMA - Z1,LATINFARMA CORPORATION S.A.C.,GAAP,2,FEB,227.58,2,Z1,LIMA,False,False,True,False,40498.0,GAAP OFTENO 3 ML,FEBRERO,0.873555976,85355.44,97172.18164,84885.34,200,7
PHARMA - Z1,LATINFARMA CORPORATION S.A.C.,LAGRICEL PF,2,FEB,147.69,2,Z1,LIMA,False,False,True,False,41582.0,LAGRICEL OFTENO LIBRE DE CONSERVADORES (PF) 10 ML,FEBRERO,1.01762066,244371.43,248182.4906,252555.63,200,10
PHARMA - Z1,LATINFARMA CORPORATION S.A.C.,SOPHIPREN,2,FEB,55.06,1,Z1,LIMA,False,False,True,False,40338.0,SOPHIPREN OFTENO 5 ML,FEBRERO,1.300787434,39394.05,56555.62783,73566.85,200,12
PHARMA - Z1,LATINFARMA CORPORATION S.A.C.,TRAZIDEX O,2,FEB,60.2,1,Z1,LIMA,False,False,True,False,40341.0,TRAZIDEX OFTENO 5 ML.,FEBRERO,0.868398954,99642.69,95524.58531,82953.45,200,13
PHARMA - N2,LINARES BENITES VDA DE MANTILLA CONSUELO INES,LAGRICEL PF,5,MAY,954.0,20,N2,TRUJILLO,False,False,True,False,41582.0,LAGRICEL OFTENO LIBRE DE CONSERVADORES (PF) 10 ML,MAYO,0.852391423,198666.14,261957.3873,223290.23,201,10
PHARMA - N2,LINARES BENITES VDA DE MANTILLA CONSUELO INES,TRAZIDEX O,5,MAY,232.0,5,N2,TRUJILLO,False,False,True,False,40341.0,TRAZIDEX OFTENO 5 ML.,MAYO,0.725790194,64098.19,101185.0264,73439.1,201,13
PHARMA - N2,LINARES BENITES VDA DE MANTILLA CONSUELO INES,TRAZIDEX U,5,MAY,234.0,5,N2,TRUJILLO,False,False,True,False,40342.0,TRAZIDEX UNGENA 3.5 G,MAYO,0.799544258,131001.94,156358.3363,125015.41,201,14
PHARMA - Z3,LUZVISION S.A.C.,FLUMETOL NF,2,FEB,1919.25,50,Z3,NORTE CHICO,False,False,True,False,40513.0,FLUMETOL NF OFTENO 5ML,FEBRERO,1.285457107,84540.52,101550.4985,130538.81,202,6
PHARMA - Z3,LUZVISION S.A.C.,TRAZIDEX O,3,MAR,2083.73,50,Z3,NORTE CHICO,False,False,True,False,40341.0,TRAZIDEX OFTENO 5 ML.,MARZO,0.841410928,99642.69,95524.58531,80375.43,202,13
PHARMA - Z3,LUZVISION S.A.C.,LAGRICEL PF,4,ABR,0.0,50,Z3,NORTE CHICO,False,False,True,True,41582.0,LAGRICEL OFTENO LIBRE DE CONSERVADORES (PF) 10 ML,ABRIL,1.234011277,222585.45,261957.3873,323258.37,202,10
PHARMA - Z3,LUZVISION S.A.C.,FLUMETOL NF,5,MAY,0.0,50,Z3,NORTE CHICO,False,False,True,True,40513.0,FLUMETOL NF OFTENO 5ML,MAYO,1.182290501,84208.66,107397.8095,126975.41,202,6
PHARMA - Z3,LUZVISION S.A.C.,SOPHIPREN,6,JUN,508.0,12,Z3,NORTE CHICO,False,False,True,False,40338.0,SOPHIPREN OFTENO 5 ML,JUNIO,0.072135193,48676.87,59671.10342,63975.49,202,12
PHARMA - Z1,MACULA D & T S.R.L.,AGGLAD,1,ENE,452.44,10,Z1,LIMA,False,False,True,False,40351.0,AGGLAD OFTENO 5 ML,ENERO,1.0,22534.35,110094.81,110094.81,203,0
PHARMA - Z1,MACULA D & T S.R.L.,AQUADRAN,1,ENE,1080.0,20,Z1,LIMA,False,False,True,False,41945.0,AQUADRAN 10G,ENERO,1.0,3348.0,44517.6,44517.6,203,1
PHARMA - Z1,MACULA D & T S.R.L.,ELIPTIC,1,ENE,342.47,10,Z1,LIMA,False,False,True,False,41076.0,ELIPTIC OFTENO 5ML,ENERO,1.0,1539.11,12243.87,12243.87,203,4
PHARMA - Z1,MACULA D & T S.R.L.,FLUMETOL NF,1,ENE,735.03,15,Z1,LIMA,False,False,True,False,40513.0,FLUMETOL NF OFTENO 5ML,ENERO,1.0,106644.0,144656.97,144656.97,203,6
PHARMA - Z1,MACULA D & T S.R.L.,GAAP,1,ENE,1575.55,20,Z1,LIMA,False,False,True,False,40498.0,GAAP OFTENO 3 ML,ENERO,1.0,101352.36,99775.16,99775.16,203,7
PHARMA - Z1,MACULA D & T S.R.L.,GAAP PF,1,ENE,1352.33,15,Z1,LIMA,False,False,True,False,41567.0,GAAP OFTENO LIBRE DE CONSER PF 3 ML PERU,ENERO,1.0,67726.3,99013.28,99013.28,203,8
PHARMA - Z1,MACULA D & T S.R.L.,LAGRICEL,1,ENE,1125.86,20,Z1,LIMA,False,False,True,False,40515.0,LAGRICEL OFTENO 0.5 ML,ENERO,1.0,154236.51,132452.04,132452.04,203,9
PHARMA - Z1,MACULA D & T S.R.L.,LAGRICEL PF,1,ENE,5936.14,95,Z1,LIMA,False,False,True,False,41582.0,LAGRICEL OFTENO LIBRE DE CONSERVADORES (PF) 10 ML,ENERO,1.0,241357.65,244552.3,244552.3,203,10
PHARMA - Z1,MACULA D & T S.R.L.,TRAZIDEX O,1,ENE,1305.81,30,Z1,LIMA,False,False,True,False,40341.0,TRAZIDEX OFTENO 5 ML.,ENERO,1.0,107782.12,170736.47,170736.47,203,13
PHARMA - Z1,MACULA D & T S.R.L.,TRAZIDEX U,1,ENE,1098.75,25,Z1,LIMA,False,False,True,False,40342.0,TRAZIDEX UNGENA 3.5 G,ENERO,1.0,127130.48,135275.35,135275.35,203,14
PHARMA - Z1,MACULA D & T S.R.L.,ZEBESTEN,1,ENE,981.76,20,Z1,LIMA,False,False,True,False,41604.0,ZEBESTEN 5ML PERU,ENERO,1.0,31496.43,43862.02,43862.02,203,15
PHARMA - Z1,MACULA D & T S.R.L.,AGGLAD,2,FEB,1131.1,25,Z1,LIMA,False,False,True,False,40351.0,AGGLAD OFTENO 5 ML,FEBRERO,0.96716156,31785.06,114546.1364,110784.62,203,0
PHARMA - Z1,MACULA D & T S.R.L.,AQUADRAN,2,FEB,1890.0,35,Z1,LIMA,False,False,True,False,41945.0,AQUADRAN 10G,FEBRERO,1.033824379,13176.0,33810.57818,34954.2,203,1
PHARMA - Z1,MACULA D & T S.R.L.,ELIPTIC,2,FEB,513.7,15,Z1,LIMA,False,False,True,False,41076.0,ELIPTIC OFTENO 5ML,FEBRERO,0.601609541,3462.73,37097.88238,22318.44,203,4
PHARMA - Z1,MACULA D & T S.R.L.,ELIPTIC PF,2,FEB,282.18,8,Z1,LIMA,False,False,True,False,41561.0,ELIPTIC OFTENO 5ML PF PERU,FEBRERO,0.876631233,16081.78,70691.40098,61970.29,203,5
PHARMA - Z1,MACULA D & T S.R.L.,FLUMETOL NF,2,FEB,1225.05,25,Z1,LIMA,False,False,True,False,40513.0,FLUMETOL NF OFTENO 5ML,FEBRERO,1.285457107,84540.52,101550.4985,130538.81,203,6
PHARMA - Z1,MACULA D & T S.R.L.,GAAP,2,FEB,787.77,10,Z1,LIMA,False,False,True,False,40498.0,GAAP OFTENO 3 ML,FEBRERO,0.873555976,85355.44,97172.18164,84885.34,203,7
PHARMA - Z1,MACULA D & T S.R.L.,GAAP PF,2,FEB,450.78,5,Z1,LIMA,False,False,True,False,41567.0,GAAP OFTENO LIBRE DE CONSER PF 3 ML PERU,FEBRERO,0.820494884,80205.04,92164.06035,75620.14,203,8
PHARMA - Z1,MACULA D & T S.R.L.,LAGRICEL,2,FEB,562.93,10,Z1,LIMA,False,False,True,False,40515.0,LAGRICEL OFTENO 0.5 ML,FEBRERO,0.970823097,194840.09,165898.7416,161058.33,203,9
PHARMA - Z1,MACULA D & T S.R.L.,LAGRICEL PF,2,FEB,6061.11,97,Z1,LIMA,False,False,True,False,41582.0,LAGRICEL OFTENO LIBRE DE CONSERVADORES (PF) 10 ML,FEBRERO,1.01762066,244371.43,248182.4906,252555.63,203,10
PHARMA - Z1,MACULA D & T S.R.L.,TRAZIDEX O,2,FEB,435.27,10,Z1,LIMA,False,False,True,False,40341.0,TRAZIDEX OFTENO 5 ML.,FEBRERO,0.868398954,99642.69,95524.58531,82953.45,203,13
PHARMA - Z1,MACULA D & T S.R.L.,TRAZIDEX U,2,FEB,879.0,20,Z1,LIMA,False,False,True,False,40342.0,TRAZIDEX UNGENA 3.5 G,FEBRERO,0.737379291,111697.65,148184.091,109267.88,203,14
PHARMA - Z1,MACULA D & T S.R.L.,ZEBESTEN,2,FEB,245.44,5,Z1,LIMA,False,False,True,False,41604.0,ZEBESTEN 5ML PERU,FEBRERO,0.998966691,24271.56,27459.43408,27431.06,203,15
PHARMA - Z1,MACULA D & T S.R.L.,AGGLAD,3,MAR,407.19,9,Z1,LIMA,False,False,True,False,40351.0,AGGLAD OFTENO 5 ML,MARZO,0.708033745,31785.06,114546.1364,81102.53,203,0
PHARMA - Z1,MACULA D & T S.R.L.,AQUADRAN,3,MAR,1620.0,30,Z1,LIMA,False,False,True,False,41945.0,AQUADRAN 10G,MARZO,1.286810293,13176.0,33810.57818,43507.8,203,1
PHARMA - Z1,MACULA D & T S.R.L.,ELIPTIC,3,MAR,616.44,18,Z1,LIMA,False,False,True,False,41076.0,ELIPTIC OFTENO 5ML,MARZO,0.61397952,3462.73,37097.88238,22777.34,203,4
PHARMA - Z1,MACULA D & T S.R.L.,FLUMETOL NF,3,MAR,1470.06,30,Z1,LIMA,False,False,True,False,40513.0,FLUMETOL NF OFTENO 5ML,MARZO,1.399890715,84540.52,101550.4985,142159.6,203,6
PHARMA - Z1,MACULA D & T S.R.L.,GAAP,3,MAR,1102.88,14,Z1,LIMA,False,False,True,False,40498.0,GAAP OFTENO 3 ML,MARZO,0.701456825,85355.44,97172.18164,68162.09,203,7
PHARMA - Z1,MACULA D & T S.R.L.,GAAP PF,3,MAR,1081.87,12,Z1,LIMA,False,False,True,False,41567.0,GAAP OFTENO LIBRE DE CONSER PF 3 ML PERU,MARZO,0.894697886,80205.04,92164.06035,82458.99,203,8
PHARMA - Z1,MACULA D & T S.R.L.,LAGRICEL,3,MAR,1125.85,20,Z1,LIMA,False,False,True,False,40515.0,LAGRICEL OFTENO 0.5 ML,MARZO,1.138987362,194840.09,165898.7416,188956.57,203,9
PHARMA - Z1,MACULA D & T S.R.L.,LAGRICEL PF,3,MAR,5311.28,85,Z1,LIMA,False,False,True,False,41582.0,LAGRICEL OFTENO LIBRE DE CONSERVADORES (PF) 10 ML,MARZO,1.041573922,244371.43,248182.4906,258500.41,203,10
PHARMA - Z1,MACULA D & T S.R.L.,TRAZIDEX O,3,MAR,1088.17,25,Z1,LIMA,False,False,True,False,40341.0,TRAZIDEX OFTENO 5 ML.,MARZO,0.841410928,99642.69,95524.58531,80375.43,203,13
PHARMA - Z1,MACULA D & T S.R.L.,TRAZIDEX U,3,MAR,1098.75,25,Z1,LIMA,False,False,True,False,40342.0,TRAZIDEX UNGENA 3.5 G,MARZO,0.890660186,111697.65,148184.091,131981.67,203,14
PHARMA - Z1,MACULA D & T S.R.L.,ZEBESTEN,3,MAR,736.32,15,Z1,LIMA,False,False,True,False,41604.0,ZEBESTEN 5ML PERU,MARZO,1.283372043,24271.56,27459.43408,35240.67,203,15
PHARMA - Z1,MACULA D & T S.R.L.,AGGLAD,4,ABR,814.0,18,Z1,LIMA,False,False,True,False,40351.0,AGGLAD OFTENO 5 ML,ABRIL,0.757043269,24635.46,120891.2407,91519.9,203,0
PHARMA - Z1,MACULA D & T S.R.L.,AQUADRAN,4,ABR,0.0,35,Z1,LIMA,False,False,True,True,41945.0,AQUADRAN 10G,ABRIL,1.367885669,18754.2,35738.51318,48886.2,203,1
PHARMA - Z1,MACULA D & T S.R.L.,ELIPTIC,4,ABR,616.0,18,Z1,LIMA,False,False,True,False,41076.0,ELIPTIC OFTENO 5ML,ABRIL,0.367779928,4871.41,39043.81097,14359.53,203,4
PHARMA - Z1,MACULA D & T S.R.L.,ELIPTIC PF,4,ABR,106.0,3,Z1,LIMA,False,False,True,False,41561.0,ELIPTIC OFTENO 5ML PF PERU,ABRIL,0.502083754,28406.63,74583.69182,37447.26,203,5
PHARMA - Z1,MACULA D & T S.R.L.,FLUMETOL NF,4,ABR,490.0,10,Z1,LIMA,False,False,True,False,40513.0,FLUMETOL NF OFTENO 5ML,ABRIL,1.22328994,97096.28,107397.8095,131378.66,203,6
PHARMA - Z1,MACULA D & T S.R.L.,GAAP,4,ABR,0.0,23,Z1,LIMA,False,False,True,True,40498.0,GAAP OFTENO 3 ML,ABRIL,0.475712047,79645.31,102582.687,48799.82,203,7
PHARMA - Z1,MACULA D & T S.R.L.,GAAP PF,4,ABR,0.0,17,Z1,LIMA,False,False,True,True,41567.0,GAAP OFTENO LIBRE DE CONSER PF 3 ML PERU,ABRIL,0.580041645,82952.14,97315.99528,56447.33,203,8
PHARMA - Z1,MACULA D & T S.R.L.,LAGRICEL,4,ABR,844.0,15,Z1,LIMA,False,False,True,False,40515.0,LAGRICEL OFTENO 0.5 ML,ABRIL,0.760754197,152829.6,174961.4402,133102.65,203,9
PHARMA - Z1,MACULA D & T S.R.L.,LAGRICEL PF,4,ABR,0.0,85,Z1,LIMA,False,False,True,True,41582.0,LAGRICEL OFTENO LIBRE DE CONSERVADORES (PF) 10 ML,ABRIL,1.234011277,222585.45,261957.3873,323258.37,203,10
PHARMA - Z1,MACULA D & T S.R.L.,SOPHIPREN,4,ABR,508.0,10,Z1,LIMA,False,False,True,False,40338.0,SOPHIPREN OFTENO 5 ML,ABRIL,1.125758804,51339.43,59671.10342,67175.27,203,12
PHARMA - Z1,MACULA D & T S.R.L.,TRAZIDEX O,4,ABR,0.0,25,Z1,LIMA,False,False,True,True,40341.0,TRAZIDEX OFTENO 5 ML.,ABRIL,0.966120714,91975.94,101185.0264,97756.95,203,13
PHARMA - Z1,MACULA D & T S.R.L.,TRAZIDEX U,4,ABR,0.0,25,Z1,LIMA,False,False,True,True,40342.0,TRAZIDEX UNGENA 3.5 G,ABRIL,0.810349246,131494.88,156358.3363,126704.86,203,14
PHARMA - Z1,MACULA D & T S.R.L.,ZEBESTEN,4,ABR,491.0,10,Z1,LIMA,False,False,True,False,41604.0,ZEBESTEN 5ML PERU,ABRIL,1.062586642,26953.56,29060.89609,30879.72,203,15
PHARMA - Z1,MACULA D & T S.R.L.,AGGLAD,5,MAY,452.0,10,Z1,LIMA,False,False,True,False,40351.0,AGGLAD OFTENO 5 ML,MAYO,0.670022241,26193.67,120891.2407,80999.82,203,0
PHARMA - Z1,MACULA D & T S.R.L.,AQUADRAN,5,MAY,810.0,15,Z1,LIMA,False,False,True,False,41945.0,AQUADRAN 10G,MAYO,1.308504351,13786.2,35738.51318,46764.0,203,1
PHARMA - Z1,MACULA D & T S.R.L.,ELIPTIC,5,MAY,411.0,12,Z1,LIMA,False,False,True,False,41076.0,ELIPTIC OFTENO 5ML,MAYO,0.349092716,2803.71,39043.81097,13629.91,203,4
PHARMA - Z1,MACULA D & T S.R.L.,ELIPTIC PF,5,MAY,176.0,5,Z1,LIMA,False,False,True,False,41561.0,ELIPTIC OFTENO 5ML PF PERU,MAYO,0.635068724,11669.87,74583.69182,47365.77,203,5
PHARMA - Z1,MACULA D & T S.R.L.,FLUMETOL NF,5,MAY,0.0,35,Z1,LIMA,False,False,True,True,40513.0,FLUMETOL NF OFTENO 5ML,MAYO,1.182290501,84208.66,107397.8095,126975.41,203,6
PHARMA - Z1,MACULA D & T S.R.L.,GAAP,5,MAY,0.0,17,Z1,LIMA,False,False,True,True,40498.0,GAAP OFTENO 3 ML,MAYO,0.567550546,86214.37,102582.687,58220.86,203,7
PHARMA - Z1,MACULA D & T S.R.L.,GAAP PF,5,MAY,0.0,15,Z1,LIMA,False,False,True,True,41567.0,GAAP OFTENO LIBRE DE CONSER PF 3 ML PERU,MAYO,0.695728383,103158.58,97315.99528,67705.5,203,8
PHARMA - Z1,MACULA D & T S.R.L.,LAGRICEL,5,MAY,844.0,15,Z1,LIMA,False,False,True,False,40515.0,LAGRICEL OFTENO 0.5 ML,MAYO,0.714118093,158816.35,174961.4402,124943.13,203,9
PHARMA - Z1,MACULA D & T S.R.L.,LAGRICEL PF,5,MAY,0.0,65,Z1,LIMA,False,False,True,True,41582.0,LAGRICEL OFTENO LIBRE DE CONSERVADORES (PF) 10 ML,MAYO,0.852391423,198666.14,261957.3873,223290.23,203,10
PHARMA - Z1,MACULA D & T S.R.L.,TRAZIDEX O,5,MAY,0.0,30,Z1,LIMA,False,False,True,True,40341.0,TRAZIDEX OFTENO 5 ML.,MAYO,0.725790194,64098.19,101185.0264,73439.1,203,13
PHARMA - Z1,MACULA D & T S.R.L.,TRAZIDEX U,5,MAY,440.0,10,Z1,LIMA,False,False,True,False,40342.0,TRAZIDEX UNGENA 3.5 G,MAYO,0.799544258,131001.94,156358.3363,125015.41,203,14
PHARMA - Z1,MACULA D & T S.R.L.,ZEBESTEN,5,MAY,491.0,10,Z1,LIMA,False,False,True,False,41604.0,ZEBESTEN 5ML PERU,MAYO,0.825216123,27515.83,29060.89609,23981.52,203,15
PHARMA - Z1,MACULA D & T S.R.L.,AGGLAD,6,JUN,0.0,24,Z1,LIMA,False,False,True,True,40351.0,AGGLAD OFTENO 5 ML,JUNIO,-0.235301917,20271.95,120891.2407,92445.3,203,0
PHARMA - Z1,MACULA D & T S.R.L.,AQUADRAN,6,JUN,0.0,23,Z1,LIMA,False,False,True,True,41945.0,AQUADRAN 10G,JUNIO,0.329694376,15957.0,35738.51318,47521.3,203,1
PHARMA - Z1,MACULA D & T S.R.L.,ELIPTIC,6,JUN,890.0,26,Z1,LIMA,False,False,True,False,41076.0,ELIPTIC OFTENO 5ML,JUNIO,-0.521091319,5789.48,39043.81097,18698.42,203,4
PHARMA - Z1,MACULA D & T S.R.L.,ELIPTIC PF,6,JUN,564.0,16,Z1,LIMA,False,False,True,False,41561.0,ELIPTIC OFTENO 5ML PF PERU,JUNIO,-0.431896719,12781.68,74583.69182,42371.24,203,5
PHARMA - Z1,MACULA D & T S.R.L.,FLUMETOL NF,6,JUN,784.0,16,Z1,LIMA,False,False,True,False,40513.0,FLUMETOL NF OFTENO 5ML,JUNIO,0.071788154,87288.94,107397.8095,115107.7,203,6
PHARMA - Z1,MACULA D & T S.R.L.,GAAP,6,JUN,0.0,36,Z1,LIMA,False,False,True,True,40498.0,GAAP OFTENO 3 ML,JUNIO,-0.271295457,79907.03,102582.687,74752.47,203,7
PHARMA - Z1,MACULA D & T S.R.L.,GAAP PF,6,JUN,0.0,26,Z1,LIMA,False,False,True,True,41567.0,GAAP OFTENO LIBRE DE CONSER PF 3 ML PERU,JUNIO,-0.151410313,75783.27,97315.99528,82581.35,203,8
PHARMA - Z1,MACULA D & T S.R.L.,LAGRICEL,6,JUN,0.0,21,Z1,LIMA,False,False,True,True,40515.0,LAGRICEL OFTENO 0.5 ML,JUNIO,-0.157973323,129483.27,174961.4402,147322.2,203,9
PHARMA - Z1,MACULA D & T S.R.L.,LAGRICEL PF,6,JUN,0.0,58,Z1,LIMA,False,False,True,True,41582.0,LAGRICEL OFTENO LIBRE DE CONSERVADORES (PF) 10 ML,JUNIO,-0.085958779,182516.9,261957.3873,239439.85,203,10
PHARMA - Z1,MACULA D & T S.R.L.,SOPHIPREN,6,JUN,407.0,8,Z1,LIMA,False,False,True,False,40338.0,SOPHIPREN OFTENO 5 ML,JUNIO,0.072135193,48676.87,59671.10342,63975.49,203,12
PHARMA - Z1,MACULA D & T S.R.L.,TRAZIDEX O,6,JUN,0.0,38,Z1,LIMA,False,False,True,True,40341.0,TRAZIDEX OFTENO 5 ML.,JUNIO,-0.192738462,70697.29,101185.0264,81682.78,203,13
PHARMA - Z1,MACULA D & T S.R.L.,TRAZIDEX U,6,JUN,0.0,28,Z1,LIMA,False,False,True,True,40342.0,TRAZIDEX UNGENA 3.5 G,JUNIO,-0.144707451,114383.92,156358.3363,133732.12,203,14
PHARMA - Z1,MACULA D & T S.R.L.,ZEBESTEN,6,JUN,884.0,18,Z1,LIMA,False,False,True,False,41604.0,ZEBESTEN 5ML PERU,JUNIO,0.156870039,15690.19,29060.89609,33619.68,203,15
PHARMA - N1,MAS VISION CHICLAYO S.A.C.,AGGLAD,1,ENE,1650.78,30,N1,CHICLAYO,False,False,True,False,40351.0,AGGLAD OFTENO 5 ML,ENERO,1.0,22534.35,110094.81,110094.81,204,0
PHARMA - N1,MAS VISION CHICLAYO S.A.C.,GAAP PF,1,ENE,1803.1,20,N1,CHICLAYO,False,False,True,False,41567.0,GAAP OFTENO LIBRE DE CONSER PF 3 ML PERU,ENERO,1.0,67726.3,99013.28,99013.28,204,8
PHARMA - N1,MAS VISION CHICLAYO S.A.C.,LAGRICEL PF,1,ENE,5623.7,110,N1,CHICLAYO,False,False,True,False,41582.0,LAGRICEL OFTENO LIBRE DE CONSERVADORES (PF) 10 ML,ENERO,1.0,241357.65,244552.3,244552.3,204,10
PHARMA - N1,MAS VISION CHICLAYO S.A.C.,SOPHIPREN,1,ENE,1905.75,50,N1,CHICLAYO,False,False,True,False,40338.0,SOPHIPREN OFTENO 5 ML,ENERO,1.0,41450.28,50525.9,50525.9,204,12
PHARMA - N1,MAS VISION CHICLAYO S.A.C.,TRAZIDEX O,1,ENE,3167.26,90,N1,CHICLAYO,False,False,True,False,40341.0,TRAZIDEX OFTENO 5 ML.,ENERO,1.0,107782.12,170736.47,170736.47,204,13
PHARMA - N1,MAS VISION CHICLAYO S.A.C.,TRAZIDEX U,1,ENE,710.68,20,N1,CHICLAYO,False,False,True,False,40342.0,TRAZIDEX UNGENA 3.5 G,ENERO,1.0,127130.48,135275.35,135275.35,204,14
PHARMA - N1,MAS VISION CHICLAYO S.A.C.,AGGLAD,2,FEB,2751.3,50,N1,CHICLAYO,False,False,True,False,40351.0,AGGLAD OFTENO 5 ML,FEBRERO,0.96716156,31785.06,114546.1364,110784.62,204,0
PHARMA - N1,MAS VISION CHICLAYO S.A.C.,FLUMETOL NF,2,FEB,816.7,20,N1,CHICLAYO,False,False,True,False,40513.0,FLUMETOL NF OFTENO 5ML,FEBRERO,1.285457107,84540.52,101550.4985,130538.81,204,6
PHARMA - N1,MAS VISION CHICLAYO S.A.C.,GAAP PF,2,FEB,2704.65,30,N1,CHICLAYO,False,False,True,False,41567.0,GAAP OFTENO LIBRE DE CONSER PF 3 ML PERU,FEBRERO,0.820494884,80205.04,92164.06035,75620.14,204,8
PHARMA - N1,MAS VISION CHICLAYO S.A.C.,LAGRICEL PF,2,FEB,10224.9,200,N1,CHICLAYO,False,False,True,False,41582.0,LAGRICEL OFTENO LIBRE DE CONSERVADORES (PF) 10 ML,FEBRERO,1.01762066,244371.43,248182.4906,252555.63,204,10
PHARMA - N1,MAS VISION CHICLAYO S.A.C.,SOPHIPREN,2,FEB,3049.2,80,N1,CHICLAYO,False,False,True,False,40338.0,SOPHIPREN OFTENO 5 ML,FEBRERO,1.300787434,39394.05,56555.62783,73566.85,204,12
PHARMA - N1,MAS VISION CHICLAYO S.A.C.,TRAZIDEX O,2,FEB,2815.35,80,N1,CHICLAYO,False,False,True,False,40341.0,TRAZIDEX OFTENO 5 ML.,FEBRERO,0.868398954,99642.69,95524.58531,82953.45,204,13
PHARMA - N1,MAS VISION CHICLAYO S.A.C.,TRAZIDEX U,2,FEB,710.68,20,N1,CHICLAYO,False,False,True,False,40342.0,TRAZIDEX UNGENA 3.5 G,FEBRERO,0.737379291,111697.65,148184.091,109267.88,204,14
PHARMA - N1,MAS VISION CHICLAYO S.A.C.,LAGRICEL PF,3,MAR,2044.98,40,N1,CHICLAYO,False,False,True,False,41582.0,LAGRICEL OFTENO LIBRE DE CONSERVADORES (PF) 10 ML,MARZO,1.041573922,244371.43,248182.4906,258500.41,204,10
PHARMA - N1,MAS VISION CHICLAYO S.A.C.,SOPHIPREN,3,MAR,762.3,20,N1,CHICLAYO,False,False,True,False,40338.0,SOPHIPREN OFTENO 5 ML,MARZO,1.018181783,39394.05,56555.62783,57583.91,204,12
PHARMA - N1,MAS VISION CHICLAYO S.A.C.,TRAZIDEX O,3,MAR,703.84,20,N1,CHICLAYO,False,False,True,False,40341.0,TRAZIDEX OFTENO 5 ML.,MARZO,0.841410928,99642.69,95524.58531,80375.43,204,13
PHARMA - N1,MAS VISION CHICLAYO S.A.C.,TRAZIDEX U,3,MAR,355.34,10,N1,CHICLAYO,False,False,True,False,40342.0,TRAZIDEX UNGENA 3.5 G,MARZO,0.890660186,111697.65,148184.091,131981.67,204,14
PHARMA - N1,MAS VISION CHICLAYO S.A.C.,FLUMETOL NF,4,ABR,0.0,25,N1,CHICLAYO,False,False,True,True,40513.0,FLUMETOL NF OFTENO 5ML,ABRIL,1.22328994,97096.28,107397.8095,131378.66,204,6
PHARMA - N1,MAS VISION CHICLAYO S.A.C.,GAAP PF,4,ABR,451.0,5,N1,CHICLAYO,False,False,True,False,41567.0,GAAP OFTENO LIBRE DE CONSER PF 3 ML PERU,ABRIL,0.580041645,82952.14,97315.99528,56447.33,204,8
PHARMA - N1,MAS VISION CHICLAYO S.A.C.,LAGRICEL PF,4,ABR,0.0,100,N1,CHICLAYO,False,False,True,True,41582.0,LAGRICEL OFTENO LIBRE DE CONSERVADORES (PF) 10 ML,ABRIL,1.234011277,222585.45,261957.3873,323258.37,204,10
PHARMA - N1,MAS VISION CHICLAYO S.A.C.,SOPHIPREN,4,ABR,762.0,20,N1,CHICLAYO,False,False,True,False,40338.0,SOPHIPREN OFTENO 5 ML,ABRIL,1.125758804,51339.43,59671.10342,67175.27,204,12
PHARMA - N1,MAS VISION CHICLAYO S.A.C.,TRAZIDEX O,4,ABR,0.0,60,N1,CHICLAYO,False,False,True,True,40341.0,TRAZIDEX OFTENO 5 ML.,ABRIL,0.966120714,91975.94,101185.0264,97756.95,204,13
PHARMA - N1,MAS VISION CHICLAYO S.A.C.,TRAZIDEX U,4,ABR,711.0,20,N1,CHICLAYO,False,False,True,False,40342.0,TRAZIDEX UNGENA 3.5 G,ABRIL,0.810349246,131494.88,156358.3363,126704.86,204,14
PHARMA - N1,MAS VISION CHICLAYO S.A.C.,AQUADRAN,5,MAY,0.0,30,N1,CHICLAYO,False,False,True,True,41945.0,AQUADRAN 10G,MAYO,1.308504351,13786.2,35738.51318,46764.0,204,1
PHARMA - N1,MAS VISION CHICLAYO S.A.C.,GAAP PF,5,MAY,0.0,15,N1,CHICLAYO,False,False,True,True,41567.0,GAAP OFTENO LIBRE DE CONSER PF 3 ML PERU,MAYO,0.695728383,103158.58,97315.99528,67705.5,204,8
PHARMA - N1,MAS VISION CHICLAYO S.A.C.,LAGRICEL PF,5,MAY,0.0,110,N1,CHICLAYO,False,False,True,True,41582.0,LAGRICEL OFTENO LIBRE DE CONSERVADORES (PF) 10 ML,MAYO,0.852391423,198666.14,261957.3873,223290.23,204,10
PHARMA - N1,MAS VISION CHICLAYO S.A.C.,SOPHIPREN,5,MAY,762.0,20,N1,CHICLAYO,False,False,True,False,40338.0,SOPHIPREN OFTENO 5 ML,MAYO,0.947602386,43314.92,59671.10342,56544.48,204,12
PHARMA - N1,MAS VISION CHICLAYO S.A.C.,TRAZIDEX O,5,MAY,0.0,50,N1,CHICLAYO,False,False,True,True,40341.0,TRAZIDEX OFTENO 5 ML.,MAYO,0.725790194,64098.19,101185.0264,73439.1,204,13
PHARMA - N1,MAS VISION CHICLAYO S.A.C.,AQUADRAN,6,JUN,664.0,15,N1,CHICLAYO,False,False,True,False,41945.0,AQUADRAN 10G,JUNIO,0.329694376,15957.0,35738.51318,47521.3,204,1
PHARMA - N1,MAS VISION CHICLAYO S.A.C.,GAAP PF,6,JUN,0.0,20,N1,CHICLAYO,False,False,True,True,41567.0,GAAP OFTENO LIBRE DE CONSER PF 3 ML PERU,JUNIO,-0.151410313,75783.27,97315.99528,82581.35,204,8
PHARMA - N1,MAS VISION CHICLAYO S.A.C.,LAGRICEL PF,6,JUN,0.0,80,N1,CHICLAYO,False,False,True,True,41582.0,LAGRICEL OFTENO LIBRE DE CONSERVADORES (PF) 10 ML,JUNIO,-0.085958779,182516.9,261957.3873,239439.85,204,10
PHARMA - N1,MAS VISION CHICLAYO S.A.C.,SOPHIPREN,6,JUN,762.0,20,N1,CHICLAYO,False,False,True,False,40338.0,SOPHIPREN OFTENO 5 ML,JUNIO,0.072135193,48676.87,59671.10342,63975.49,204,12
PHARMA - N1,MAS VISION CHICLAYO S.A.C.,TRAZIDEX O,6,JUN,0.0,30,N1,CHICLAYO,False,False,True,True,40341.0,TRAZIDEX OFTENO 5 ML.,JUNIO,-0.192738462,70697.29,101185.0264,81682.78,204,13
PHARMA - N1,MAS VISION CHICLAYO S.A.C.,TRAZIDEX U,6,JUN,711.0,20,N1,CHICLAYO,False,False,True,False,40342.0,TRAZIDEX UNGENA 3.5 G,JUNIO,-0.144707451,114383.92,156358.3363,133732.12,204,14
PHARMA - Z3,MAS VISION S.A.C.,AGGLAD,1,ENE,1100.52,20,Z3,NORTE CHICO,False,False,True,False,40351.0,AGGLAD OFTENO 5 ML,ENERO,1.0,22534.35,110094.81,110094.81,205,0
PHARMA - Z3,MAS VISION S.A.C.,ELIPTIC PF,1,ENE,339.01,10,Z3,NORTE CHICO,False,False,True,False,41561.0,ELIPTIC OFTENO 5ML PF PERU,ENERO,1.0,16201.95,62857.68,62857.68,205,5
PHARMA - Z3,MAS VISION S.A.C.,FLUMETOL NF,1,ENE,1633.4,40,Z3,NORTE CHICO,False,False,True,False,40513.0,FLUMETOL NF OFTENO 5ML,ENERO,1.0,106644.0,144656.97,144656.97,205,6
PHARMA - Z3,MAS VISION S.A.C.,GAAP PF,1,ENE,2253.88,25,Z3,NORTE CHICO,False,False,True,False,41567.0,GAAP OFTENO LIBRE DE CONSER PF 3 ML PERU,ENERO,1.0,67726.3,99013.28,99013.28,205,8
PHARMA - Z3,MAS VISION S.A.C.,LAGRICEL,1,ENE,460.58,10,Z3,NORTE CHICO,False,False,True,False,40515.0,LAGRICEL OFTENO 0.5 ML,ENERO,1.0,154236.51,132452.04,132452.04,205,9
PHARMA - Z3,MAS VISION S.A.C.,LAGRICEL PF,1,ENE,6134.94,120,Z3,NORTE CHICO,False,False,True,False,41582.0,LAGRICEL OFTENO LIBRE DE CONSERVADORES (PF) 10 ML,ENERO,1.0,241357.65,244552.3,244552.3,205,10
PHARMA - Z3,MAS VISION S.A.C.,SOPHIPREN,1,ENE,2286.9,60,Z3,NORTE CHICO,False,False,True,False,40338.0,SOPHIPREN OFTENO 5 ML,ENERO,1.0,41450.28,50525.9,50525.9,205,12
PHARMA - Z3,MAS VISION S.A.C.,TRAZIDEX O,1,ENE,1407.68,40,Z3,NORTE CHICO,False,False,True,False,40341.0,TRAZIDEX OFTENO 5 ML.,ENERO,1.0,107782.12,170736.47,170736.47,205,13
PHARMA - Z3,MAS VISION S.A.C.,TRAZIDEX U,1,ENE,710.68,20,Z3,NORTE CHICO,False,False,True,False,40342.0,TRAZIDEX UNGENA 3.5 G,ENERO,1.0,127130.48,135275.35,135275.35,205,14
PHARMA - Z3,MAS VISION S.A.C.,ZEBESTEN,1,ENE,490.88,10,Z3,NORTE CHICO,False,False,True,False,41604.0,ZEBESTEN 5ML PERU,ENERO,1.0,31496.43,43862.02,43862.02,205,15
PHARMA - Z3,MAS VISION S.A.C.,AGGLAD,2,FEB,550.26,10,Z3,NORTE CHICO,False,False,True,False,40351.0,AGGLAD OFTENO 5 ML,FEBRERO,0.96716156,31785.06,114546.1364,110784.62,205,0
PHARMA - Z3,MAS VISION S.A.C.,AQUADRAN,2,FEB,291.6,6,Z3,NORTE CHICO,False,False,True,False,41945.0,AQUADRAN 10G,FEBRERO,1.033824379,13176.0,33810.57818,34954.2,205,1
PHARMA - Z3,MAS VISION S.A.C.,ELIPTIC PF,2,FEB,339.01,10,Z3,NORTE CHICO,False,False,True,False,41561.0,ELIPTIC OFTENO 5ML PF PERU,FEBRERO,0.876631233,16081.78,70691.40098,61970.29,205,5
PHARMA - Z3,MAS VISION S.A.C.,FLUMETOL NF,2,FEB,2450.1,60,Z3,NORTE CHICO,False,False,True,False,40513.0,FLUMETOL NF OFTENO 5ML,FEBRERO,1.285457107,84540.52,101550.4985,130538.81,205,6
PHARMA - Z3,MAS VISION S.A.C.,GAAP PF,2,FEB,2704.65,30,Z3,NORTE CHICO,False,False,True,False,41567.0,GAAP OFTENO LIBRE DE CONSER PF 3 ML PERU,FEBRERO,0.820494884,80205.04,92164.06035,75620.14,205,8
PHARMA - Z3,MAS VISION S.A.C.,LAGRICEL PF,2,FEB,12269.88,240,Z3,NORTE CHICO,False,False,True,False,41582.0,LAGRICEL OFTENO LIBRE DE CONSERVADORES (PF) 10 ML,FEBRERO,1.01762066,244371.43,248182.4906,252555.63,205,10
PHARMA - Z3,MAS VISION S.A.C.,SOPHIPREN,2,FEB,3811.5,100,Z3,NORTE CHICO,False,False,True,False,40338.0,SOPHIPREN OFTENO 5 ML,FEBRERO,1.300787434,39394.05,56555.62783,73566.85,205,12
PHARMA - Z3,MAS VISION S.A.C.,TRAZIDEX O,2,FEB,1759.59,50,Z3,NORTE CHICO,False,False,True,False,40341.0,TRAZIDEX OFTENO 5 ML.,FEBRERO,0.868398954,99642.69,95524.58531,82953.45,205,13
PHARMA - Z3,MAS VISION S.A.C.,TRAZIDEX U,2,FEB,1776.69,50,Z3,NORTE CHICO,False,False,True,False,40342.0,TRAZIDEX UNGENA 3.5 G,FEBRERO,0.737379291,111697.65,148184.091,109267.88,205,14
PHARMA - Z3,MAS VISION S.A.C.,FLUMETOL NF,3,MAR,816.7,20,Z3,NORTE CHICO,False,False,True,False,40513.0,FLUMETOL NF OFTENO 5ML,MARZO,1.399890715,84540.52,101550.4985,142159.6,205,6
PHARMA - Z3,MAS VISION S.A.C.,LAGRICEL PF,3,MAR,6134.94,120,Z3,NORTE CHICO,False,False,True,False,41582.0,LAGRICEL OFTENO LIBRE DE CONSERVADORES (PF) 10 ML,MARZO,1.041573922,244371.43,248182.4906,258500.41,205,10
PHARMA - Z3,MAS VISION S.A.C.,SOPHIPREN,3,MAR,2286.9,60,Z3,NORTE CHICO,False,False,True,False,40338.0,SOPHIPREN OFTENO 5 ML,MARZO,1.018181783,39394.05,56555.62783,57583.91,205,12
PHARMA - Z3,MAS VISION S.A.C.,ELIPTIC PF,4,ABR,339.0,10,Z3,NORTE CHICO,False,False,True,False,41561.0,ELIPTIC OFTENO 5ML PF PERU,ABRIL,0.502083754,28406.63,74583.69182,37447.26,205,5
PHARMA - Z3,MAS VISION S.A.C.,FLUMETOL NF,4,ABR,817.0,20,Z3,NORTE CHICO,False,False,True,False,40513.0,FLUMETOL NF OFTENO 5ML,ABRIL,1.22328994,97096.28,107397.8095,131378.66,205,6
PHARMA - Z3,MAS VISION S.A.C.,LAGRICEL PF,4,ABR,0.0,160,Z3,NORTE CHICO,False,False,True,True,41582.0,LAGRICEL OFTENO LIBRE DE CONSERVADORES (PF) 10 ML,ABRIL,1.234011277,222585.45,261957.3873,323258.37,205,10
PHARMA - Z3,MAS VISION S.A.C.,SOPHIPREN,4,ABR,0.0,60,Z3,NORTE CHICO,False,False,True,True,40338.0,SOPHIPREN OFTENO 5 ML,ABRIL,1.125758804,51339.43,59671.10342,67175.27,205,12
PHARMA - Z3,MAS VISION S.A.C.,TRAZIDEX O,4,ABR,0.0,40,Z3,NORTE CHICO,False,False,True,True,40341.0,TRAZIDEX OFTENO 5 ML.,ABRIL,0.966120714,91975.94,101185.0264,97756.95,205,13
PHARMA - Z3,MAS VISION S.A.C.,AGGLAD,5,MAY,550.0,10,Z3,NORTE CHICO,False,False,True,False,40351.0,AGGLAD OFTENO 5 ML,MAYO,0.670022241,26193.67,120891.2407,80999.82,205,0
PHARMA - Z3,MAS VISION S.A.C.,AQUADRAN,5,MAY,0.0,60,Z3,NORTE CHICO,False,False,True,True,41945.0,AQUADRAN 10G,MAYO,1.308504351,13786.2,35738.51318,46764.0,205,1
PHARMA - Z3,MAS VISION S.A.C.,ELIPTIC PF,5,MAY,339.0,10,Z3,NORTE CHICO,False,False,True,False,41561.0,ELIPTIC OFTENO 5ML PF PERU,MAYO,0.635068724,11669.87,74583.69182,47365.77,205,5
PHARMA - Z3,MAS VISION S.A.C.,FLUMETOL NF,5,MAY,0.0,40,Z3,NORTE CHICO,False,False,True,True,40513.0,FLUMETOL NF OFTENO 5ML,MAYO,1.182290501,84208.66,107397.8095,126975.41,205,6
PHARMA - Z3,MAS VISION S.A.C.,LAGRICEL PF,5,MAY,0.0,180,Z3,NORTE CHICO,False,False,True,True,41582.0,LAGRICEL OFTENO LIBRE DE CONSERVADORES (PF) 10 ML,MAYO,0.852391423,198666.14,261957.3873,223290.23,205,10
PHARMA - Z3,MAS VISION S.A.C.,SOPHIPREN,5,MAY,0.0,140,Z3,NORTE CHICO,False,False,True,True,40338.0,SOPHIPREN OFTENO 5 ML,MAYO,0.947602386,43314.92,59671.10342,56544.48,205,12
PHARMA - Z3,MAS VISION S.A.C.,TRAZIDEX O,5,MAY,704.0,20,Z3,NORTE CHICO,False,False,True,False,40341.0,TRAZIDEX OFTENO 5 ML.,MAYO,0.725790194,64098.19,101185.0264,73439.1,205,13
PHARMA - Z3,MAS VISION S.A.C.,TRAZIDEX U,5,MAY,0.0,30,Z3,NORTE CHICO,False,False,True,True,40342.0,TRAZIDEX UNGENA 3.5 G,MAYO,0.799544258,131001.94,156358.3363,125015.41,205,14
PHARMA - Z3,MAS VISION S.A.C.,ELIPTIC PF,6,JUN,339.0,10,Z3,NORTE CHICO,False,False,True,False,41561.0,ELIPTIC OFTENO 5ML PF PERU,JUNIO,-0.431896719,12781.68,74583.69182,42371.24,205,5
PHARMA - Z3,MAS VISION S.A.C.,FLUMETOL NF,6,JUN,817.0,20,Z3,NORTE CHICO,False,False,True,False,40513.0,FLUMETOL NF OFTENO 5ML,JUNIO,0.071788154,87288.94,107397.8095,115107.7,205,6
PHARMA - Z3,MAS VISION S.A.C.,GAAP PF,6,JUN,0.0,20,Z3,NORTE CHICO,False,False,True,True,41567.0,GAAP OFTENO LIBRE DE CONSER PF 3 ML PERU,JUNIO,-0.151410313,75783.27,97315.99528,82581.35,205,8
PHARMA - Z3,MAS VISION S.A.C.,LAGRICEL PF,6,JUN,0.0,180,Z3,NORTE CHICO,False,False,True,True,41582.0,LAGRICEL OFTENO LIBRE DE CONSERVADORES (PF) 10 ML,JUNIO,-0.085958779,182516.9,261957.3873,239439.85,205,10
PHARMA - Z3,MAS VISION S.A.C.,SOPHIPREN,6,JUN,0.0,100,Z3,NORTE CHICO,False,False,True,True,40338.0,SOPHIPREN OFTENO 5 ML,JUNIO,0.072135193,48676.87,59671.10342,63975.49,205,12
PHARMA - Z3,MAS VISION S.A.C.,TRAZIDEX O,6,JUN,0.0,60,Z3,NORTE CHICO,False,False,True,True,40341.0,TRAZIDEX OFTENO 5 ML.,JUNIO,-0.192738462,70697.29,101185.0264,81682.78,205,13
PHARMA - Z3,MAS VISION S.A.C.,TRAZIDEX U,6,JUN,0.0,60,Z3,NORTE CHICO,False,False,True,True,40342.0,TRAZIDEX UNGENA 3.5 G,JUNIO,-0.144707451,114383.92,156358.3363,133732.12,205,14
PHARMA - S,MAX SALUD AREQUIPA S.R.L,TRAZIDEX U,2,FEB,420.8,10,S,CADENAS,False,False,True,False,40342.0,TRAZIDEX UNGENA 3.5 G,FEBRERO,0.737379291,111697.65,148184.091,109267.88,206,14
PHARMA - Z3,MAYTA CARCAUSTO AGUSTIN ABEL,SOPHIPREN,2,FEB,423.5,10,Z3,NORTE CHICO,False,False,True,False,40338.0,SOPHIPREN OFTENO 5 ML,FEBRERO,1.300787434,39394.05,56555.62783,73566.85,207,12
PHARMA - Z3,MAYTA CARCAUSTO AGUSTIN ABEL,SOPHIPREN,3,MAR,423.5,10,Z3,NORTE CHICO,False,False,True,False,40338.0,SOPHIPREN OFTENO 5 ML,MARZO,1.018181783,39394.05,56555.62783,57583.91,207,12
PHARMA - Z3,MAYTA CARCAUSTO AGUSTIN ABEL,SOPHIPREN,4,ABR,254.0,6,Z3,NORTE CHICO,False,False,True,False,40338.0,SOPHIPREN OFTENO 5 ML,ABRIL,1.125758804,51339.43,59671.10342,67175.27,207,12
PHARMA - Z3,MAYTA CARCAUSTO AGUSTIN ABEL,SOPHIPREN,5,MAY,424.0,10,Z3,NORTE CHICO,False,False,True,False,40338.0,SOPHIPREN OFTENO 5 ML,MAYO,0.947602386,43314.92,59671.10342,56544.48,207,12
PHARMA - Z3,MAYTA CARCAUSTO AGUSTIN ABEL,SOPHIPREN,6,JUN,424.0,10,Z3,NORTE CHICO,False,False,True,False,40338.0,SOPHIPREN OFTENO 5 ML,JUNIO,0.072135193,48676.87,59671.10342,63975.49,207,12
PHARMA - Z3,MAYTA CARCAUSTO AGUSTIN ABEL,SOPHIPREN,7,JUL,508.0,12,Z3,NORTE CHICO,False,False,True,False,40338.0,SOPHIPREN OFTENO 5 ML,JULIO,-0.815953083,49954.18,65902.05458,12129.07,207,12
PHARMA - S,MEBRILLAFE E.I.R.L.,AGGLAD,2,FEB,330.16,6,S,CADENAS,False,False,True,False,40351.0,AGGLAD OFTENO 5 ML,FEBRERO,0.96716156,31785.06,114546.1364,110784.62,208,0
PHARMA - S,MEBRILLAFE E.I.R.L.,ELIPTIC PF,2,FEB,203.8,6,S,CADENAS,False,False,True,False,41561.0,ELIPTIC OFTENO 5ML PF PERU,FEBRERO,0.876631233,16081.78,70691.40098,61970.29,208,5
PHARMA - S,MEBRILLAFE E.I.R.L.,ELIPTIC PF,5,MAY,204.0,6,S,CADENAS,False,False,True,False,41561.0,ELIPTIC OFTENO 5ML PF PERU,MAYO,0.635068724,11669.87,74583.69182,47365.77,208,5
PHARMA - Z3,MEDI VISTA E.I.R.L.,FLUMETOL NF,1,ENE,735.03,20,Z3,NORTE CHICO,False,False,True,False,40513.0,FLUMETOL NF OFTENO 5ML,ENERO,1.0,106644.0,144656.97,144656.97,209,6
PHARMA - Z3,MEDI VISTA E.I.R.L.,GAAP PF,1,ENE,1487.56,30,Z3,NORTE CHICO,False,False,True,False,41567.0,GAAP OFTENO LIBRE DE CONSER PF 3 ML PERU,ENERO,1.0,67726.3,99013.28,99013.28,209,8
PHARMA - Z3,MEDI VISTA E.I.R.L.,ELIPTIC PF,2,FEB,679.33,20,Z3,NORTE CHICO,False,False,True,False,41561.0,ELIPTIC OFTENO 5ML PF PERU,FEBRERO,0.876631233,16081.78,70691.40098,61970.29,209,5
PHARMA - Z3,MEDI VISTA E.I.R.L.,LAGRICEL PF,2,FEB,1431.49,30,Z3,NORTE CHICO,False,False,True,False,41582.0,LAGRICEL OFTENO LIBRE DE CONSERVADORES (PF) 10 ML,FEBRERO,1.01762066,244371.43,248182.4906,252555.63,209,10
PHARMA - Z3,MEDI VISTA E.I.R.L.,ZEBESTEN,3,MAR,1472.63,30,Z3,NORTE CHICO,False,False,True,False,41604.0,ZEBESTEN 5ML PERU,MARZO,1.283372043,24271.56,27459.43408,35240.67,209,15
PHARMA - Z3,MEDI VISTA E.I.R.L.,LAGRICEL PF,4,ABR,954.0,20,Z3,NORTE CHICO,False,False,True,False,41582.0,LAGRICEL OFTENO LIBRE DE CONSERVADORES (PF) 10 ML,ABRIL,1.234011277,222585.45,261957.3873,323258.37,209,10
PHARMA - Z3,MEDI VISTA E.I.R.L.,ZEBESTEN,4,ABR,982.0,20,Z3,NORTE CHICO,False,False,True,False,41604.0,ZEBESTEN 5ML PERU,ABRIL,1.062586642,26953.56,29060.89609,30879.72,209,15
PHARMA - Z3,MEDI VISTA E.I.R.L.,ELIPTIC PF,5,MAY,679.0,20,Z3,NORTE CHICO,False,False,True,False,41561.0,ELIPTIC OFTENO 5ML PF PERU,MAYO,0.635068724,11669.87,74583.69182,47365.77,209,5
PHARMA - Z3,MEDI VISTA E.I.R.L.,GAAP PF,5,MAY,992.0,20,Z3,NORTE CHICO,False,False,True,False,41567.0,GAAP OFTENO LIBRE DE CONSER PF 3 ML PERU,MAYO,0.695728383,103158.58,97315.99528,67705.5,209,8
PHARMA - Z3,MEDI VISTA E.I.R.L.,FLUMETOL NF,6,JUN,735.0,20,Z3,NORTE CHICO,False,False,True,False,40513.0,FLUMETOL NF OFTENO 5ML,JUNIO,0.071788154,87288.94,107397.8095,115107.7,209,6
PHARMA - Z3,MEDI VISTA E.I.R.L.,LAGRICEL PF,6,JUN,0.0,30,Z3,NORTE CHICO,False,False,True,True,41582.0,LAGRICEL OFTENO LIBRE DE CONSERVADORES (PF) 10 ML,JUNIO,-0.085958779,182516.9,261957.3873,239439.85,209,10
PHARMA - Z3,MEDI VISTA E.I.R.L.,ZEBESTEN,6,JUN,982.0,20,Z3,NORTE CHICO,False,False,True,False,41604.0,ZEBESTEN 5ML PERU,JUNIO,0.156870039,15690.19,29060.89609,33619.68,209,15
PHARMA - Z2,MEDIC SER S.A.C.,FLUMETOL NF,1,ENE,1463.11,31,Z2,CALLAO,False,False,True,False,40513.0,FLUMETOL NF OFTENO 5ML,ENERO,1.0,106644.0,144656.97,144656.97,210,6
PHARMA - Z2,MEDIC SER S.A.C.,GAAP,1,ENE,3105.07,36,Z2,CALLAO,False,False,True,False,40498.0,GAAP OFTENO 3 ML,ENERO,1.0,101352.36,99775.16,99775.16,210,7
PHARMA - Z2,MEDIC SER S.A.C.,SOPHIPREN,1,ENE,456.19,10,Z2,CALLAO,False,False,True,False,40338.0,SOPHIPREN OFTENO 5 ML,ENERO,1.0,41450.28,50525.9,50525.9,210,12
PHARMA - Z2,MEDIC SER S.A.C.,FLUMETOL NF,2,FEB,3681.37,78,Z2,CALLAO,False,False,True,False,40513.0,FLUMETOL NF OFTENO 5ML,FEBRERO,1.285457107,84540.52,101550.4985,130538.81,210,6
PHARMA - Z2,MEDIC SER S.A.C.,GAAP,2,FEB,2328.81,27,Z2,CALLAO,False,False,True,False,40498.0,GAAP OFTENO 3 ML,FEBRERO,0.873555976,85355.44,97172.18164,84885.34,210,7
PHARMA - Z2,MEDIC SER S.A.C.,LAGRICEL,2,FEB,8576.46,145,Z2,CALLAO,False,False,True,False,40515.0,LAGRICEL OFTENO 0.5 ML,FEBRERO,0.970823097,194840.09,165898.7416,161058.33,210,9
PHARMA - Z2,MEDIC SER S.A.C.,TRAZIDEX O,2,FEB,939.76,25,Z2,CALLAO,False,False,True,False,40341.0,TRAZIDEX OFTENO 5 ML.,FEBRERO,0.868398954,99642.69,95524.58531,82953.45,210,13
PHARMA - Z2,MEDIC SER S.A.C.,FLUMETOL NF,3,MAR,2879.02,61,Z2,CALLAO,False,False,True,False,40513.0,FLUMETOL NF OFTENO 5ML,MARZO,1.399890715,84540.52,101550.4985,142159.6,210,6
PHARMA - Z2,MEDIC SER S.A.C.,GAAP,3,MAR,4916.37,57,Z2,CALLAO,False,False,True,False,40498.0,GAAP OFTENO 3 ML,MARZO,0.701456825,85355.44,97172.18164,68162.09,210,7
PHARMA - Z2,MEDIC SER S.A.C.,LAGRICEL,3,MAR,5027.59,85,Z2,CALLAO,False,False,True,False,40515.0,LAGRICEL OFTENO 0.5 ML,MARZO,1.138987362,194840.09,165898.7416,188956.57,210,9
PHARMA - Z2,MEDIC SER S.A.C.,SOPHIPREN,3,MAR,1003.62,22,Z2,CALLAO,False,False,True,False,40338.0,SOPHIPREN OFTENO 5 ML,MARZO,1.018181783,39394.05,56555.62783,57583.91,210,12
PHARMA - Z2,MEDIC SER S.A.C.,TRAZIDEX O,3,MAR,4510.85,120,Z2,CALLAO,False,False,True,False,40341.0,TRAZIDEX OFTENO 5 ML.,MARZO,0.841410928,99642.69,95524.58531,80375.43,210,13
PHARMA - Z2,MEDIC SER S.A.C.,FLUMETOL NF,4,ABR,0.0,98,Z2,CALLAO,False,False,True,True,40513.0,FLUMETOL NF OFTENO 5ML,ABRIL,1.22328994,97096.28,107397.8095,131378.66,210,6
PHARMA - Z2,MEDIC SER S.A.C.,GAAP,4,ABR,0.0,61,Z2,CALLAO,False,False,True,True,40498.0,GAAP OFTENO 3 ML,ABRIL,0.475712047,79645.31,102582.687,48799.82,210,7
PHARMA - Z2,MEDIC SER S.A.C.,LAGRICEL,4,ABR,0.0,85,Z2,CALLAO,False,False,True,True,40515.0,LAGRICEL OFTENO 0.5 ML,ABRIL,0.760754197,152829.6,174961.4402,133102.65,210,9
PHARMA - Z2,MEDIC SER S.A.C.,LAGRICEL PF,4,ABR,954.0,21,Z2,CALLAO,False,False,True,False,41582.0,LAGRICEL OFTENO LIBRE DE CONSERVADORES (PF) 10 ML,ABRIL,1.234011277,222585.45,261957.3873,323258.37,210,10
PHARMA - Z2,MEDIC SER S.A.C.,TRAZIDEX O,4,ABR,0.0,80,Z2,CALLAO,False,False,True,True,40341.0,TRAZIDEX OFTENO 5 ML.,ABRIL,0.966120714,91975.94,101185.0264,97756.95,210,13
PHARMA - Z2,MEDIC SER S.A.C.,TRAZIDEX U,4,ABR,0.0,72,Z2,CALLAO,False,False,True,True,40342.0,TRAZIDEX UNGENA 3.5 G,ABRIL,0.810349246,131494.88,156358.3363,126704.86,210,14
PHARMA - Z2,MEDIC SER S.A.C.,FLUMETOL NF,5,MAY,0.0,56,Z2,CALLAO,False,False,True,True,40513.0,FLUMETOL NF OFTENO 5ML,MAYO,1.182290501,84208.66,107397.8095,126975.41,210,6
PHARMA - Z2,MEDIC SER S.A.C.,GAAP,5,MAY,0.0,40,Z2,CALLAO,False,False,True,True,40498.0,GAAP OFTENO 3 ML,MAYO,0.567550546,86214.37,102582.687,58220.86,210,7
PHARMA - Z2,MEDIC SER S.A.C.,LAGRICEL,5,MAY,0.0,134,Z2,CALLAO,False,False,True,True,40515.0,LAGRICEL OFTENO 0.5 ML,MAYO,0.714118093,158816.35,174961.4402,124943.13,210,9
PHARMA - Z2,MEDIC SER S.A.C.,LAGRICEL PF,5,MAY,227.0,5,Z2,CALLAO,False,False,True,False,41582.0,LAGRICEL OFTENO LIBRE DE CONSERVADORES (PF) 10 ML,MAYO,0.852391423,198666.14,261957.3873,223290.23,210,10
PHARMA - Z2,MEDIC SER S.A.C.,SOPHIPREN,5,MAY,0.0,38,Z2,CALLAO,False,False,True,True,40338.0,SOPHIPREN OFTENO 5 ML,MAYO,0.947602386,43314.92,59671.10342,56544.48,210,12
PHARMA - Z2,MEDIC SER S.A.C.,TRAZIDEX U,5,MAY,0.0,47,Z2,CALLAO,False,False,True,True,40342.0,TRAZIDEX UNGENA 3.5 G,MAYO,0.799544258,131001.94,156358.3363,125015.41,210,14
PHARMA - Z2,MEDIC SER S.A.C.,FLUMETOL NF,6,JUN,0.0,100,Z2,CALLAO,False,False,True,True,40513.0,FLUMETOL NF OFTENO 5ML,JUNIO,0.071788154,87288.94,107397.8095,115107.7,210,6
PHARMA - Z2,MEDIC SER S.A.C.,GAAP,6,JUN,0.0,48,Z2,CALLAO,False,False,True,True,40498.0,GAAP OFTENO 3 ML,JUNIO,-0.271295457,79907.03,102582.687,74752.47,210,7
PHARMA - Z2,MEDIC SER S.A.C.,LAGRICEL,6,JUN,0.0,123,Z2,CALLAO,False,False,True,True,40515.0,LAGRICEL OFTENO 0.5 ML,JUNIO,-0.157973323,129483.27,174961.4402,147322.2,210,9
PHARMA - Z2,MEDIC SER S.A.C.,LAGRICEL PF,6,JUN,454.0,10,Z2,CALLAO,False,False,True,False,41582.0,LAGRICEL OFTENO LIBRE DE CONSERVADORES (PF) 10 ML,JUNIO,-0.085958779,182516.9,261957.3873,239439.85,210,10
PHARMA - Z2,MEDIC SER S.A.C.,SOPHIPREN,6,JUN,0.0,40,Z2,CALLAO,False,False,True,True,40338.0,SOPHIPREN OFTENO 5 ML,JUNIO,0.072135193,48676.87,59671.10342,63975.49,210,12
PHARMA - Z2,MEDIC SER S.A.C.,TRAZIDEX O,6,JUN,810.0,35,Z2,CALLAO,False,False,True,False,40341.0,TRAZIDEX OFTENO 5 ML.,JUNIO,-0.192738462,70697.29,101185.0264,81682.78,210,13
PHARMA - Z2,MEDIC SER S.A.C.,TRAZIDEX U,6,JUN,0.0,170,Z2,CALLAO,False,False,True,True,40342.0,TRAZIDEX UNGENA 3.5 G,JUNIO,-0.144707451,114383.92,156358.3363,133732.12,210,14
PHARMA - S,MEDICENTRO LOS OLIVOS SOCIEDAD ANONIMA CERRADA,FLUMETOL NF,5,MAY,142.0,5,S,CADENAS,False,False,True,False,40513.0,FLUMETOL NF OFTENO 5ML,MAYO,1.182290501,84208.66,107397.8095,126975.41,211,6
PHARMA - N2,MEDICINA DE ESPECIALIDADES SRL,AGGLAD,3,MAR,807.05,12,N2,TRUJILLO,False,False,True,False,40351.0,AGGLAD OFTENO 5 ML,MARZO,0.708033745,31785.06,114546.1364,81102.53,212,0
PHARMA - N2,MEDICINA DE ESPECIALIDADES SRL,ELIPTIC PF,3,MAR,406.81,12,N2,TRUJILLO,False,False,True,False,41561.0,ELIPTIC OFTENO 5ML PF PERU,MARZO,0.543724406,16081.78,70691.40098,38436.64,212,5
PHARMA - N2,MEDICINA DE ESPECIALIDADES SRL,FLUMETOL NF,3,MAR,539.02,12,N2,TRUJILLO,False,False,True,False,40513.0,FLUMETOL NF OFTENO 5ML,MARZO,1.399890715,84540.52,101550.4985,142159.6,212,6
PHARMA - N2,MEDICINA DE ESPECIALIDADES SRL,ZEBESTEN,3,MAR,589.05,12,N2,TRUJILLO,False,False,True,False,41604.0,ZEBESTEN 5ML PERU,MARZO,1.283372043,24271.56,27459.43408,35240.67,212,15
PHARMA - N2,MEDICINA DE ESPECIALIDADES SRL,FLUMETOL NF,4,ABR,898.0,20,N2,TRUJILLO,False,False,True,False,40513.0,FLUMETOL NF OFTENO 5ML,ABRIL,1.22328994,97096.28,107397.8095,131378.66,212,6
PHARMA - N2,MEDICINA DE ESPECIALIDADES SRL,GAAP,4,ABR,385.0,4,N2,TRUJILLO,False,False,True,False,40498.0,GAAP OFTENO 3 ML,ABRIL,0.475712047,79645.31,102582.687,48799.82,212,7
PHARMA - N2,MEDICINA DE ESPECIALIDADES SRL,LAGRICEL PF,4,ABR,0.0,20,N2,TRUJILLO,False,False,True,True,41582.0,LAGRICEL OFTENO LIBRE DE CONSERVADORES (PF) 10 ML,ABRIL,1.234011277,222585.45,261957.3873,323258.37,212,10
PHARMA - N2,MEDICINA DE ESPECIALIDADES SRL,TRAZIDEX O,4,ABR,611.0,12,N2,TRUJILLO,False,False,True,False,40341.0,TRAZIDEX OFTENO 5 ML.,ABRIL,0.966120714,91975.94,101185.0264,97756.95,212,13
PHARMA - N2,MEDICINA DE ESPECIALIDADES SRL,AGGLAD,6,JUN,404.0,6,N2,TRUJILLO,False,False,True,False,40351.0,AGGLAD OFTENO 5 ML,JUNIO,-0.235301917,20271.95,120891.2407,92445.3,212,0
PHARMA - N2,MEDICINA DE ESPECIALIDADES SRL,FLUMETOL NF,6,JUN,898.0,20,N2,TRUJILLO,False,False,True,False,40513.0,FLUMETOL NF OFTENO 5ML,JUNIO,0.071788154,87288.94,107397.8095,115107.7,212,6
PHARMA - N2,MEDICINA DE ESPECIALIDADES SRL,GAAP,6,JUN,578.0,6,N2,TRUJILLO,False,False,True,False,40498.0,GAAP OFTENO 3 ML,JUNIO,-0.271295457,79907.03,102582.687,74752.47,212,7
PHARMA - N2,MEDICINA DE ESPECIALIDADES SRL,TRAZIDEX O,6,JUN,611.0,12,N2,TRUJILLO,False,False,True,False,40341.0,TRAZIDEX OFTENO 5 ML.,JUNIO,-0.192738462,70697.29,101185.0264,81682.78,212,13
PHARMA - Z1,MEDICINA EXTERNA S A MEDEX,AGGLAD,1,ENE,953.78,12,Z1,LIMA,False,False,True,False,40351.0,AGGLAD OFTENO 5 ML,ENERO,1.0,22534.35,110094.81,110094.81,213,0
PHARMA - Z1,MEDICINA EXTERNA S A MEDEX,LAGRICEL,1,ENE,102.35,2,Z1,LIMA,False,False,True,False,40515.0,LAGRICEL OFTENO 0.5 ML,ENERO,1.0,154236.51,132452.04,132452.04,213,9
PHARMA - Z1,MEDICINA EXTERNA S A MEDEX,TRAZIDEX O,1,ENE,277.83,6,Z1,LIMA,False,False,True,False,40341.0,TRAZIDEX OFTENO 5 ML.,ENERO,1.0,107782.12,170736.47,170736.47,213,13
PHARMA - Z1,MEDICINA EXTERNA S A MEDEX,TRAZIDEX U,1,ENE,336.64,6,Z1,LIMA,False,False,True,False,40342.0,TRAZIDEX UNGENA 3.5 G,ENERO,1.0,127130.48,135275.35,135275.35,213,14
PHARMA - Z1,MEDICINA EXTERNA S A MEDEX,AGGLAD,2,FEB,1192.23,15,Z1,LIMA,False,False,True,False,40351.0,AGGLAD OFTENO 5 ML,FEBRERO,0.96716156,31785.06,114546.1364,110784.62,213,0
PHARMA - Z1,MEDICINA EXTERNA S A MEDEX,FLUMETOL NF,2,FEB,171.51,3,Z1,LIMA,False,False,True,False,40513.0,FLUMETOL NF OFTENO 5ML,FEBRERO,1.285457107,84540.52,101550.4985,130538.81,213,6
PHARMA - Z1,MEDICINA EXTERNA S A MEDEX,LAGRICEL,2,FEB,818.8,16,Z1,LIMA,False,False,True,False,40515.0,LAGRICEL OFTENO 0.5 ML,FEBRERO,0.970823097,194840.09,165898.7416,161058.33,213,9
PHARMA - Z1,MEDICINA EXTERNA S A MEDEX,SOPHIPREN,2,FEB,169.4,4,Z1,LIMA,False,False,True,False,40338.0,SOPHIPREN OFTENO 5 ML,FEBRERO,1.300787434,39394.05,56555.62783,73566.85,213,12
PHARMA - Z1,MEDICINA EXTERNA S A MEDEX,TRAZIDEX O,2,FEB,555.66,12,Z1,LIMA,False,False,True,False,40341.0,TRAZIDEX OFTENO 5 ML.,FEBRERO,0.868398954,99642.69,95524.58531,82953.45,213,13
PHARMA - Z1,MEDICINA EXTERNA S A MEDEX,TRAZIDEX U,2,FEB,1122.12,20,Z1,LIMA,False,False,True,False,40342.0,TRAZIDEX UNGENA 3.5 G,FEBRERO,0.737379291,111697.65,148184.091,109267.88,213,14
PHARMA - Z1,MEDICINA EXTERNA S A MEDEX,AGGLAD,3,MAR,953.78,12,Z1,LIMA,False,False,True,False,40351.0,AGGLAD OFTENO 5 ML,MARZO,0.708033745,31785.06,114546.1364,81102.53,213,0
PHARMA - Z1,MEDICINA EXTERNA S A MEDEX,GAAP,3,MAR,210.07,2,Z1,LIMA,False,False,True,False,40498.0,GAAP OFTENO 3 ML,MARZO,0.701456825,85355.44,97172.18164,68162.09,213,7
PHARMA - Z1,MEDICINA EXTERNA S A MEDEX,LAGRICEL,3,MAR,204.7,4,Z1,LIMA,False,False,True,False,40515.0,LAGRICEL OFTENO 0.5 ML,MARZO,1.138987362,194840.09,165898.7416,188956.57,213,9
PHARMA - Z1,MEDICINA EXTERNA S A MEDEX,TRAZIDEX O,3,MAR,277.83,6,Z1,LIMA,False,False,True,False,40341.0,TRAZIDEX OFTENO 5 ML.,MARZO,0.841410928,99642.69,95524.58531,80375.43,213,13
PHARMA - Z1,MEDICINA EXTERNA S A MEDEX,AGGLAD,4,ABR,0.0,22,Z1,LIMA,False,False,True,True,40351.0,AGGLAD OFTENO 5 ML,ABRIL,0.757043269,24635.46,120891.2407,91519.9,213,0
PHARMA - Z1,MEDICINA EXTERNA S A MEDEX,FLUMETOL NF,4,ABR,114.0,2,Z1,LIMA,False,False,True,False,40513.0,FLUMETOL NF OFTENO 5ML,ABRIL,1.22328994,97096.28,107397.8095,131378.66,213,6
PHARMA - Z1,MEDICINA EXTERNA S A MEDEX,GAAP,4,ABR,840.0,8,Z1,LIMA,False,False,True,False,40498.0,GAAP OFTENO 3 ML,ABRIL,0.475712047,79645.31,102582.687,48799.82,213,7
PHARMA - Z1,MEDICINA EXTERNA S A MEDEX,LAGRICEL,4,ABR,512.0,10,Z1,LIMA,False,False,True,False,40515.0,LAGRICEL OFTENO 0.5 ML,ABRIL,0.760754197,152829.6,174961.4402,133102.65,213,9
PHARMA - Z1,MEDICINA EXTERNA S A MEDEX,TRAZIDEX O,4,ABR,417.0,9,Z1,LIMA,False,False,True,False,40341.0,TRAZIDEX OFTENO 5 ML.,ABRIL,0.966120714,91975.94,101185.0264,97756.95,213,13
PHARMA - Z1,MEDICINA EXTERNA S A MEDEX,TRAZIDEX U,4,ABR,0.0,20,Z1,LIMA,False,False,True,True,40342.0,TRAZIDEX UNGENA 3.5 G,ABRIL,0.810349246,131494.88,156358.3363,126704.86,213,14
PHARMA - Z1,MEDICINA EXTERNA S A MEDEX,AGGLAD,5,MAY,954.0,12,Z1,LIMA,False,False,True,False,40351.0,AGGLAD OFTENO 5 ML,MAYO,0.670022241,26193.67,120891.2407,80999.82,213,0
PHARMA - Z1,MEDICINA EXTERNA S A MEDEX,LAGRICEL,5,MAY,307.0,6,Z1,LIMA,False,False,True,False,40515.0,LAGRICEL OFTENO 0.5 ML,MAYO,0.714118093,158816.35,174961.4402,124943.13,213,9
PHARMA - Z1,MEDICINA EXTERNA S A MEDEX,SOPHIPREN,5,MAY,85.0,2,Z1,LIMA,False,False,True,False,40338.0,SOPHIPREN OFTENO 5 ML,MAYO,0.947602386,43314.92,59671.10342,56544.48,213,12
PHARMA - Z1,MEDICINA EXTERNA S A MEDEX,TRAZIDEX O,5,MAY,417.0,9,Z1,LIMA,False,False,True,False,40341.0,TRAZIDEX OFTENO 5 ML.,MAYO,0.725790194,64098.19,101185.0264,73439.1,213,13
PHARMA - Z1,MEDICINA EXTERNA S A MEDEX,TRAZIDEX U,5,MAY,561.0,10,Z1,LIMA,False,False,True,False,40342.0,TRAZIDEX UNGENA 3.5 G,MAYO,0.799544258,131001.94,156358.3363,125015.41,213,14
PHARMA - Z1,MEDICINA EXTERNA S A MEDEX,AGGLAD,6,JUN,0.0,22,Z1,LIMA,False,False,True,True,40351.0,AGGLAD OFTENO 5 ML,JUNIO,-0.235301917,20271.95,120891.2407,92445.3,213,0
PHARMA - Z1,MEDICINA EXTERNA S A MEDEX,GAAP,6,JUN,735.0,7,Z1,LIMA,False,False,True,False,40498.0,GAAP OFTENO 3 ML,JUNIO,-0.271295457,79907.03,102582.687,74752.47,213,7
PHARMA - Z1,MEDICINA EXTERNA S A MEDEX,LAGRICEL,6,JUN,512.0,10,Z1,LIMA,False,False,True,False,40515.0,LAGRICEL OFTENO 0.5 ML,JUNIO,-0.157973323,129483.27,174961.4402,147322.2,213,9
PHARMA - Z1,MEDICINA EXTERNA S A MEDEX,SOPHIPREN,6,JUN,42.0,1,Z1,LIMA,False,False,True,False,40338.0,SOPHIPREN OFTENO 5 ML,JUNIO,0.072135193,48676.87,59671.10342,63975.49,213,12
PHARMA - Z1,MEDICINA EXTERNA S A MEDEX,TRAZIDEX O,6,JUN,417.0,9,Z1,LIMA,False,False,True,False,40341.0,TRAZIDEX OFTENO 5 ML.,JUNIO,-0.192738462,70697.29,101185.0264,81682.78,213,13
PHARMA - Z1,MEDICINA EXTERNA S A MEDEX,TRAZIDEX U,6,JUN,0.0,20,Z1,LIMA,False,False,True,True,40342.0,TRAZIDEX UNGENA 3.5 G,JUNIO,-0.144707451,114383.92,156358.3363,133732.12,213,14
PHARMA - S,MEDICOS ASOCIADOS CUSCO SOCIEDAD ANONIMA - MAC S.A.,AQUADRAN,1,ENE,648.0,12,S,CADENAS,False,False,True,False,41945.0,AQUADRAN 10G,ENERO,1.0,3348.0,44517.6,44517.6,214,1
PHARMA - S,MEDICOS ASOCIADOS CUSCO SOCIEDAD ANONIMA - MAC S.A.,FLUMETOL NF,1,ENE,2041.75,50,S,CADENAS,False,False,True,False,40513.0,FLUMETOL NF OFTENO 5ML,ENERO,1.0,106644.0,144656.97,144656.97,214,6
PHARMA - S,MEDICOS ASOCIADOS CUSCO SOCIEDAD ANONIMA - MAC S.A.,GAAP PF,1,ENE,1716.55,20,S,CADENAS,False,False,True,False,41567.0,GAAP OFTENO LIBRE DE CONSER PF 3 ML PERU,ENERO,1.0,67726.3,99013.28,99013.28,214,8
PHARMA - S,MEDICOS ASOCIADOS CUSCO SOCIEDAD ANONIMA - MAC S.A.,LAGRICEL,1,ENE,1279.38,25,S,CADENAS,False,False,True,False,40515.0,LAGRICEL OFTENO 0.5 ML,ENERO,1.0,154236.51,132452.04,132452.04,214,9
PHARMA - S,MEDICOS ASOCIADOS CUSCO SOCIEDAD ANONIMA - MAC S.A.,SOPHIPREN,1,ENE,127.05,3,S,CADENAS,False,False,True,False,40338.0,SOPHIPREN OFTENO 5 ML,ENERO,1.0,41450.28,50525.9,50525.9,214,12
PHARMA - S,MEDICOS ASOCIADOS CUSCO SOCIEDAD ANONIMA - MAC S.A.,AGGLAD,2,FEB,220.1,4,S,CADENAS,False,False,True,False,40351.0,AGGLAD OFTENO 5 ML,FEBRERO,0.96716156,31785.06,114546.1364,110784.62,214,0
PHARMA - S,MEDICOS ASOCIADOS CUSCO SOCIEDAD ANONIMA - MAC S.A.,ELIPTIC PF,2,FEB,135.87,4,S,CADENAS,False,False,True,False,41561.0,ELIPTIC OFTENO 5ML PF PERU,FEBRERO,0.876631233,16081.78,70691.40098,61970.29,214,5
PHARMA - S,MEDICOS ASOCIADOS CUSCO SOCIEDAD ANONIMA - MAC S.A.,LAGRICEL PF,2,FEB,2147.23,45,S,CADENAS,False,False,True,False,41582.0,LAGRICEL OFTENO LIBRE DE CONSERVADORES (PF) 10 ML,FEBRERO,1.01762066,244371.43,248182.4906,252555.63,214,10
PHARMA - S,MEDICOS ASOCIADOS CUSCO SOCIEDAD ANONIMA - MAC S.A.,TRAZIDEX U,2,FEB,841.59,20,S,CADENAS,False,False,True,False,40342.0,TRAZIDEX UNGENA 3.5 G,FEBRERO,0.737379291,111697.65,148184.091,109267.88,214,14
PHARMA - S,MEDICOS ASOCIADOS CUSCO SOCIEDAD ANONIMA - MAC S.A.,TRAZIDEX O,4,ABR,500.0,12,S,CADENAS,False,False,True,False,40341.0,TRAZIDEX OFTENO 5 ML.,ABRIL,0.966120714,91975.94,101185.0264,97756.95,214,13
PHARMA - S,MEDICOS ASOCIADOS CUSCO SOCIEDAD ANONIMA - MAC S.A.,TRAZIDEX U,4,ABR,0.0,40,S,CADENAS,False,False,True,True,40342.0,TRAZIDEX UNGENA 3.5 G,ABRIL,0.810349246,131494.88,156358.3363,126704.86,214,14
PHARMA - S,MEDICOS ASOCIADOS CUSCO SOCIEDAD ANONIMA - MAC S.A.,AGGLAD,6,JUN,220.0,4,S,CADENAS,False,False,True,False,40351.0,AGGLAD OFTENO 5 ML,JUNIO,-0.235301917,20271.95,120891.2407,92445.3,214,0
PHARMA - S,MEDICOS ASOCIADOS CUSCO SOCIEDAD ANONIMA - MAC S.A.,AQUADRAN,6,JUN,864.0,16,S,CADENAS,False,False,True,False,41945.0,AQUADRAN 10G,JUNIO,0.329694376,15957.0,35738.51318,47521.3,214,1
PHARMA - S,MEDICOS ASOCIADOS CUSCO SOCIEDAD ANONIMA - MAC S.A.,SOPHIPREN,6,JUN,169.0,4,S,CADENAS,False,False,True,False,40338.0,SOPHIPREN OFTENO 5 ML,JUNIO,0.072135193,48676.87,59671.10342,63975.49,214,12
PHARMA - S,MEDICOS ASOCIADOS CUSCO SOCIEDAD ANONIMA - MAC S.A.,TRAZIDEX U,6,JUN,0.0,25,S,CADENAS,False,False,True,True,40342.0,TRAZIDEX UNGENA 3.5 G,JUNIO,-0.144707451,114383.92,156358.3363,133732.12,214,14
PHARMA - N2,MEDISALUD GROUP S.R.L.,LAGRICEL PF,4,ABR,341.0,6,N2,TRUJILLO,False,False,True,False,41582.0,LAGRICEL OFTENO LIBRE DE CONSERVADORES (PF) 10 ML,ABRIL,1.234011277,222585.45,261957.3873,323258.37,215,10
PHARMA - N2,MEDISALUD GROUP S.R.L.,TRAZIDEX O,4,ABR,306.0,6,N2,TRUJILLO,False,False,True,False,40341.0,TRAZIDEX OFTENO 5 ML.,ABRIL,0.966120714,91975.94,101185.0264,97756.95,215,13
PHARMA - N2,MEDISALUD GROUP S.R.L.,LAGRICEL PF,7,JUL,568.0,10,N2,TRUJILLO,False,False,True,False,41582.0,LAGRICEL OFTENO LIBRE DE CONSERVADORES (PF) 10 ML,JULIO,-0.871300153,205886.66,289507.1807,37259.53,215,10
PHARMA - Z2,MEGAFARMA LA VICTORIA SAC,SOPHIPREN,1,ENE,635.25,15,Z2,CALLAO,False,False,True,False,40338.0,SOPHIPREN OFTENO 5 ML,ENERO,1.0,41450.28,50525.9,50525.9,216,12
PHARMA - Z2,MEGAFARMA LA VICTORIA SAC,TRAZIDEX O,1,ENE,694.58,15,Z2,CALLAO,False,False,True,False,40341.0,TRAZIDEX OFTENO 5 ML.,ENERO,1.0,107782.12,170736.47,170736.47,216,13
PHARMA - Z2,MEGAFARMA LA VICTORIA SAC,LAGRICEL PF,2,FEB,954.32,20,Z2,CALLAO,False,False,True,False,41582.0,LAGRICEL OFTENO LIBRE DE CONSERVADORES (PF) 10 ML,FEBRERO,1.01762066,244371.43,248182.4906,252555.63,216,10
PHARMA - Z2,MEGAFARMA LA VICTORIA SAC,SOPHIPREN,2,FEB,635.25,15,Z2,CALLAO,False,False,True,False,40338.0,SOPHIPREN OFTENO 5 ML,FEBRERO,1.300787434,39394.05,56555.62783,73566.85,216,12
PHARMA - Z2,MEGAFARMA LA VICTORIA SAC,TRAZIDEX O,2,FEB,694.58,15,Z2,CALLAO,False,False,True,False,40341.0,TRAZIDEX OFTENO 5 ML.,FEBRERO,0.868398954,99642.69,95524.58531,82953.45,216,13
PHARMA - Z2,MEGAFARMA LA VICTORIA SAC,SOPHIPREN,3,MAR,635.25,15,Z2,CALLAO,False,False,True,False,40338.0,SOPHIPREN OFTENO 5 ML,MARZO,1.018181783,39394.05,56555.62783,57583.91,216,12
PHARMA - Z2,MEGAFARMA LA VICTORIA SAC,TRAZIDEX O,3,MAR,694.58,15,Z2,CALLAO,False,False,True,False,40341.0,TRAZIDEX OFTENO 5 ML.,MARZO,0.841410928,99642.69,95524.58531,80375.43,216,13
PHARMA - Z2,MEGAFARMA LA VICTORIA SAC,TRAZIDEX U,3,MAR,327.29,7,Z2,CALLAO,False,False,True,False,40342.0,TRAZIDEX UNGENA 3.5 G,MARZO,0.890660186,111697.65,148184.091,131981.67,216,14
PHARMA - Z2,MEGAFARMA LA VICTORIA SAC,LAGRICEL PF,4,ABR,477.0,10,Z2,CALLAO,False,False,True,False,41582.0,LAGRICEL OFTENO LIBRE DE CONSERVADORES (PF) 10 ML,ABRIL,1.234011277,222585.45,261957.3873,323258.37,216,10
PHARMA - Z2,MEGAFARMA LA VICTORIA SAC,SOPHIPREN,4,ABR,212.0,5,Z2,CALLAO,False,False,True,False,40338.0,SOPHIPREN OFTENO 5 ML,ABRIL,1.125758804,51339.43,59671.10342,67175.27,216,12
PHARMA - Z2,MEGAFARMA LA VICTORIA SAC,SOPHIPREN,5,MAY,635.0,15,Z2,CALLAO,False,False,True,False,40338.0,SOPHIPREN OFTENO 5 ML,MAYO,0.947602386,43314.92,59671.10342,56544.48,216,12
PHARMA - Z2,MEGAFARMA LA VICTORIA SAC,TRAZIDEX O,5,MAY,695.0,15,Z2,CALLAO,False,False,True,False,40341.0,TRAZIDEX OFTENO 5 ML.,MAYO,0.725790194,64098.19,101185.0264,73439.1,216,13
PHARMA - Z2,MEGAFARMA LA VICTORIA SAC,LAGRICEL PF,6,JUN,0.0,23,Z2,CALLAO,False,False,True,True,41582.0,LAGRICEL OFTENO LIBRE DE CONSERVADORES (PF) 10 ML,JUNIO,-0.085958779,182516.9,261957.3873,239439.85,216,10
PHARMA - Z2,MEGAFARMA LA VICTORIA SAC,SOPHIPREN,6,JUN,974.0,23,Z2,CALLAO,False,False,True,False,40338.0,SOPHIPREN OFTENO 5 ML,JUNIO,0.072135193,48676.87,59671.10342,63975.49,216,12
PHARMA - Z2,MEGAFARMA LA VICTORIA SAC,TRAZIDEX O,6,JUN,926.0,20,Z2,CALLAO,False,False,True,False,40341.0,TRAZIDEX OFTENO 5 ML.,JUNIO,-0.192738462,70697.29,101185.0264,81682.78,216,13
PHARMA - N1,MIOFTALMO CENTER E.I.R.L.,ELAR-B,2,FEB,621.0,12,N1,CHICLAYO,False,False,True,False,42098.0,ELAR-B 5 ML,FEBRERO,0.622378415,0.0,23180.02945,14426.75,217,3
PHARMA - N1,MIOFTALMO CENTER E.I.R.L.,FLUMETOL NF,2,FEB,539.02,12,N1,CHICLAYO,False,False,True,False,40513.0,FLUMETOL NF OFTENO 5ML,FEBRERO,1.285457107,84540.52,101550.4985,130538.81,217,6
PHARMA - N1,MIOFTALMO CENTER E.I.R.L.,ELAR-B,3,MAR,621.0,12,N1,CHICLAYO,False,False,True,False,42098.0,ELAR-B 5 ML,MARZO,0.892513965,0.0,23180.02945,20688.5,217,3
PHARMA - N1,MIOFTALMO CENTER E.I.R.L.,FLUMETOL NF,3,MAR,539.02,12,N1,CHICLAYO,False,False,True,False,40513.0,FLUMETOL NF OFTENO 5ML,MARZO,1.399890715,84540.52,101550.4985,142159.6,217,6
PHARMA - N1,MIOFTALMO CENTER E.I.R.L.,FLUMETOL NF,4,ABR,629.0,14,N1,CHICLAYO,False,False,True,False,40513.0,FLUMETOL NF OFTENO 5ML,ABRIL,1.22328994,97096.28,107397.8095,131378.66,217,6
PHARMA - N1,MIOFTALMO CENTER E.I.R.L.,FLUMETOL NF,5,MAY,0.0,24,N1,CHICLAYO,False,False,True,True,40513.0,FLUMETOL NF OFTENO 5ML,MAYO,1.182290501,84208.66,107397.8095,126975.41,217,6
PHARMA - N1,MIOFTALMO CENTER E.I.R.L.,AQUADRAN,6,JUN,292.0,6,N1,CHICLAYO,False,False,True,False,41945.0,AQUADRAN 10G,JUNIO,0.329694376,15957.0,35738.51318,47521.3,217,1
PHARMA - N1,MIOFTALMO CENTER E.I.R.L.,ELAR-B,6,JUN,311.0,6,N1,CHICLAYO,False,False,True,False,42098.0,ELAR-B 5 ML,JUNIO,-0.29490542,0.0,24407.71845,17209.75,217,3
PHARMA - N1,MIOFTALMO CENTER E.I.R.L.,FLUMETOL NF,6,JUN,0.0,24,N1,CHICLAYO,False,False,True,True,40513.0,FLUMETOL NF OFTENO 5ML,JUNIO,0.071788154,87288.94,107397.8095,115107.7,217,6
PHARMA - S,MONT VIAVENTURA E.I.R.L.,ELIPTIC PF,2,FEB,508.52,15,S,CADENAS,False,False,True,False,41561.0,ELIPTIC OFTENO 5ML PF PERU,FEBRERO,0.876631233,16081.78,70691.40098,61970.29,218,5
PHARMA - S,MONT VIAVENTURA E.I.R.L.,ELIPTIC PF,5,MAY,339.0,10,S,CADENAS,False,False,True,False,41561.0,ELIPTIC OFTENO 5ML PF PERU,MAYO,0.635068724,11669.87,74583.69182,47365.77,218,5
PHARMA - S,MONT VIAVENTURA E.I.R.L.,GAAP PF,5,MAY,541.0,10,S,CADENAS,False,False,True,False,41567.0,GAAP OFTENO LIBRE DE CONSER PF 3 ML PERU,MAYO,0.695728383,103158.58,97315.99528,67705.5,218,8
PHARMA - N1,MONTENEGRO DIAZ ERNESTO ANDRES,FLUMETOL NF,3,MAR,269.51,6,N1,CHICLAYO,False,False,True,False,40513.0,FLUMETOL NF OFTENO 5ML,MARZO,1.399890715,84540.52,101550.4985,142159.6,219,6
PHARMA - N1,MONTENEGRO DIAZ ERNESTO ANDRES,LAGRICEL PF,3,MAR,477.16,10,N1,CHICLAYO,False,False,True,False,41582.0,LAGRICEL OFTENO LIBRE DE CONSERVADORES (PF) 10 ML,MARZO,1.041573922,244371.43,248182.4906,258500.41,219,10
PHARMA - N1,MONTENEGRO DIAZ ERNESTO ANDRES,FLUMETOL NF,4,ABR,270.0,6,N1,CHICLAYO,False,False,True,False,40513.0,FLUMETOL NF OFTENO 5ML,ABRIL,1.22328994,97096.28,107397.8095,131378.66,219,6
PHARMA - N1,MONTENEGRO DIAZ ERNESTO ANDRES,LAGRICEL PF,4,ABR,573.0,12,N1,CHICLAYO,False,False,True,False,41582.0,LAGRICEL OFTENO LIBRE DE CONSERVADORES (PF) 10 ML,ABRIL,1.234011277,222585.45,261957.3873,323258.37,219,10
PHARMA - N1,MONTENEGRO DIAZ ERNESTO ANDRES,FLUMETOL NF,6,JUN,539.0,12,N1,CHICLAYO,False,False,True,False,40513.0,FLUMETOL NF OFTENO 5ML,JUNIO,0.071788154,87288.94,107397.8095,115107.7,219,6
PHARMA - N1,MONTENEGRO DIAZ ERNESTO ANDRES,LAGRICEL PF,6,JUN,573.0,12,N1,CHICLAYO,False,False,True,False,41582.0,LAGRICEL OFTENO LIBRE DE CONSERVADORES (PF) 10 ML,JUNIO,-0.085958779,182516.9,261957.3873,239439.85,219,10
PHARMA - S,MOSEH VISION S.A.C.,ELIPTIC PF,2,FEB,339.66,10,S,CADENAS,False,False,True,False,41561.0,ELIPTIC OFTENO 5ML PF PERU,FEBRERO,0.876631233,16081.78,70691.40098,61970.29,220,5
PHARMA - S,MOSEH VISION S.A.C.,FLUMETOL NF,2,FEB,408.35,10,S,CADENAS,False,False,True,False,40513.0,FLUMETOL NF OFTENO 5ML,FEBRERO,1.285457107,84540.52,101550.4985,130538.81,220,6
PHARMA - S,MOSEH VISION S.A.C.,TRAZIDEX O,2,FEB,416.75,10,S,CADENAS,False,False,True,False,40341.0,TRAZIDEX OFTENO 5 ML.,FEBRERO,0.868398954,99642.69,95524.58531,82953.45,220,13
PHARMA - S,MOSEH VISION S.A.C.,TRAZIDEX U,2,FEB,420.8,10,S,CADENAS,False,False,True,False,40342.0,TRAZIDEX UNGENA 3.5 G,FEBRERO,0.737379291,111697.65,148184.091,109267.88,220,14
PHARMA - S,MOSEH VISION S.A.C.,AGGLAD,3,MAR,550.26,10,S,CADENAS,False,False,True,False,40351.0,AGGLAD OFTENO 5 ML,MARZO,0.708033745,31785.06,114546.1364,81102.53,220,0
PHARMA - S,MOSEH VISION S.A.C.,ELIPTIC PF,5,MAY,408.0,12,S,CADENAS,False,False,True,False,41561.0,ELIPTIC OFTENO 5ML PF PERU,MAYO,0.635068724,11669.87,74583.69182,47365.77,220,5
PHARMA - S,MOSEH VISION S.A.C.,FLUMETOL NF,5,MAY,817.0,20,S,CADENAS,False,False,True,False,40513.0,FLUMETOL NF OFTENO 5ML,MAYO,1.182290501,84208.66,107397.8095,126975.41,220,6
PHARMA - S,MOSEH VISION S.A.C.,LAGRICEL PF,5,MAY,954.0,20,S,CADENAS,False,False,True,False,41582.0,LAGRICEL OFTENO LIBRE DE CONSERVADORES (PF) 10 ML,MAYO,0.852391423,198666.14,261957.3873,223290.23,220,10
PHARMA - S,MOSEH VISION S.A.C.,TRAZIDEX U,5,MAY,337.0,8,S,CADENAS,False,False,True,False,40342.0,TRAZIDEX UNGENA 3.5 G,MAYO,0.799544258,131001.94,156358.3363,125015.41,220,14
PHARMA - S,MOSEH VISION S.A.C.,ZEBESTEN,5,MAY,589.0,12,S,CADENAS,False,False,True,False,41604.0,ZEBESTEN 5ML PERU,MAYO,0.825216123,27515.83,29060.89609,23981.52,220,15
PHARMA - S,MOSEH VISION S.A.C.,FLUMETOL NF,6,JUN,490.0,12,S,CADENAS,False,False,True,False,40513.0,FLUMETOL NF OFTENO 5ML,JUNIO,0.071788154,87288.94,107397.8095,115107.7,220,6
PHARMA - S,MOSEH VISION S.A.C.,TRAZIDEX O,6,JUN,417.0,10,S,CADENAS,False,False,True,False,40341.0,TRAZIDEX OFTENO 5 ML.,JUNIO,-0.192738462,70697.29,101185.0264,81682.78,220,13
PHARMA - S,MOSEH VISION S.A.C.,TRAZIDEX U,6,JUN,421.0,10,S,CADENAS,False,False,True,False,40342.0,TRAZIDEX UNGENA 3.5 G,JUNIO,-0.144707451,114383.92,156358.3363,133732.12,220,14
PHARMA - S,MUCHICA CALCINA SONIA VERONICA,FLUMETOL NF,4,ABR,817.0,20,S,CADENAS,False,False,True,False,40513.0,FLUMETOL NF OFTENO 5ML,ABRIL,1.22328994,97096.28,107397.8095,131378.66,221,6
PHARMA - S,MUCHICA CALCINA SONIA VERONICA,SOPHIPREN,4,ABR,424.0,10,S,CADENAS,False,False,True,False,40338.0,SOPHIPREN OFTENO 5 ML,ABRIL,1.125758804,51339.43,59671.10342,67175.27,221,12
PHARMA - Z2,NEOMEDICA E.I.R.L.,LAGRICEL PF,2,FEB,272.66,6,Z2,CALLAO,False,False,True,False,41582.0,LAGRICEL OFTENO LIBRE DE CONSERVADORES (PF) 10 ML,FEBRERO,1.01762066,244371.43,248182.4906,252555.63,222,10
PHARMA - Z2,NEOMEDICA E.I.R.L.,TRAZIDEX O,2,FEB,277.83,6,Z2,CALLAO,False,False,True,False,40341.0,TRAZIDEX OFTENO 5 ML.,FEBRERO,0.868398954,99642.69,95524.58531,82953.45,222,13
PHARMA - Z2,NEOMEDICA E.I.R.L.,LAGRICEL,4,ABR,205.0,4,Z2,CALLAO,False,False,True,False,40515.0,LAGRICEL OFTENO 0.5 ML,ABRIL,0.760754197,152829.6,174961.4402,133102.65,222,9
PHARMA - Z2,NEOMEDICA E.I.R.L.,LAGRICEL PF,4,ABR,182.0,4,Z2,CALLAO,False,False,True,False,41582.0,LAGRICEL OFTENO LIBRE DE CONSERVADORES (PF) 10 ML,ABRIL,1.234011277,222585.45,261957.3873,323258.37,222,10
PHARMA - Z2,NEOMEDICA E.I.R.L.,TRAZIDEX O,4,ABR,185.0,4,Z2,CALLAO,False,False,True,False,40341.0,TRAZIDEX OFTENO 5 ML.,ABRIL,0.966120714,91975.94,101185.0264,97756.95,222,13
PHARMA - Z3,NORABUENA MAUTINO FIORELLA,FLUMETOL NF,2,FEB,204.18,5,Z3,NORTE CHICO,False,False,True,False,40513.0,FLUMETOL NF OFTENO 5ML,FEBRERO,1.285457107,84540.52,101550.4985,130538.81,223,6
PHARMA - Z3,NORVISION SAC,LANDAX,1,ENE,466.1,10,Z3,NORTE CHICO,False,False,True,False,41804.0,LANDAX 5ML,ENERO,1.0,2843.21,23761.78,23761.78,224,11
PHARMA - Z3,NORVISION SAC,TRAZIDEX O,1,ENE,625.12,15,Z3,NORTE CHICO,False,False,True,False,40341.0,TRAZIDEX OFTENO 5 ML.,ENERO,1.0,107782.12,170736.47,170736.47,224,13
PHARMA - Z3,NORVISION SAC,DUSTALOX,2,FEB,369.18,10,Z3,NORTE CHICO,False,False,True,False,41121.0,DUSTALOX 5ML,FEBRERO,0.568411142,6813.43,11070.27913,6292.47,224,2
PHARMA - Z3,NORVISION SAC,ELAR-B,2,FEB,621.0,12,Z3,NORTE CHICO,False,False,True,False,42098.0,ELAR-B 5 ML,FEBRERO,0.622378415,0.0,23180.02945,14426.75,224,3
PHARMA - Z3,NORVISION SAC,ELIPTIC PF,2,FEB,768.17,21,Z3,NORTE CHICO,False,False,True,False,41561.0,ELIPTIC OFTENO 5ML PF PERU,FEBRERO,0.876631233,16081.78,70691.40098,61970.29,224,5
PHARMA - Z3,NORVISION SAC,LANDAX,2,FEB,466.1,10,Z3,NORTE CHICO,False,False,True,False,41804.0,LANDAX 5ML,FEBRERO,0.765660853,4684.31,21117.7311,16169.02,224,11
PHARMA - Z3,NORVISION SAC,SOPHIPREN,2,FEB,508.2,12,Z3,NORTE CHICO,False,False,True,False,40338.0,SOPHIPREN OFTENO 5 ML,FEBRERO,1.300787434,39394.05,56555.62783,73566.85,224,12
PHARMA - Z3,NORVISION SAC,TRAZIDEX O,2,FEB,833.5,20,Z3,NORTE CHICO,False,False,True,False,40341.0,TRAZIDEX OFTENO 5 ML.,FEBRERO,0.868398954,99642.69,95524.58531,82953.45,224,13
PHARMA - Z3,NORVISION SAC,TRAZIDEX U,2,FEB,841.6,20,Z3,NORTE CHICO,False,False,True,False,40342.0,TRAZIDEX UNGENA 3.5 G,FEBRERO,0.737379291,111697.65,148184.091,109267.88,224,14
PHARMA - Z3,NORVISION SAC,AQUADRAN,3,MAR,972.0,20,Z3,NORTE CHICO,False,False,True,False,41945.0,AQUADRAN 10G,MARZO,1.286810293,13176.0,33810.57818,43507.8,224,1
PHARMA - Z3,NORVISION SAC,ELAR-B,3,MAR,1242.0,24,Z3,NORTE CHICO,False,False,True,False,42098.0,ELAR-B 5 ML,MARZO,0.892513965,0.0,23180.02945,20688.5,224,3
PHARMA - Z3,NORVISION SAC,FLUMETOL NF,3,MAR,490.02,12,Z3,NORTE CHICO,False,False,True,False,40513.0,FLUMETOL NF OFTENO 5ML,MARZO,1.399890715,84540.52,101550.4985,142159.6,224,6
PHARMA - Z3,NORVISION SAC,LANDAX,3,MAR,699.15,15,Z3,NORTE CHICO,False,False,True,False,41804.0,LANDAX 5ML,MARZO,0.673401888,4684.31,21117.7311,14220.72,224,11
PHARMA - Z3,NORVISION SAC,SOPHIPREN,3,MAR,635.25,15,Z3,NORTE CHICO,False,False,True,False,40338.0,SOPHIPREN OFTENO 5 ML,MARZO,1.018181783,39394.05,56555.62783,57583.91,224,12
PHARMA - Z3,NORVISION SAC,TRAZIDEX O,3,MAR,500.09,12,Z3,NORTE CHICO,False,False,True,False,40341.0,TRAZIDEX OFTENO 5 ML.,MARZO,0.841410928,99642.69,95524.58531,80375.43,224,13
PHARMA - Z3,NORVISION SAC,TRAZIDEX U,3,MAR,504.95,12,Z3,NORTE CHICO,False,False,True,False,40342.0,TRAZIDEX UNGENA 3.5 G,MARZO,0.890660186,111697.65,148184.091,131981.67,224,14
PHARMA - Z3,NORVISION SAC,LANDAX,4,ABR,466.0,10,Z3,NORTE CHICO,False,False,True,False,41804.0,LANDAX 5ML,ABRIL,0.967730243,9326.66,22304.8625,21585.09,224,11
PHARMA - Z3,NORVISION SAC,SOPHIPREN,4,ABR,424.0,10,Z3,NORTE CHICO,False,False,True,False,40338.0,SOPHIPREN OFTENO 5 ML,ABRIL,1.125758804,51339.43,59671.10342,67175.27,224,12
PHARMA - Z3,NORVISION SAC,TRAZIDEX O,4,ABR,417.0,10,Z3,NORTE CHICO,False,False,True,False,40341.0,TRAZIDEX OFTENO 5 ML.,ABRIL,0.966120714,91975.94,101185.0264,97756.95,224,13
PHARMA - Z3,NORVISION SAC,TRAZIDEX U,4,ABR,421.0,10,Z3,NORTE CHICO,False,False,True,False,40342.0,TRAZIDEX UNGENA 3.5 G,ABRIL,0.810349246,131494.88,156358.3363,126704.86,224,14
PHARMA - Z3,NORVISION SAC,ZEBESTEN,4,ABR,491.0,10,Z3,NORTE CHICO,False,False,True,False,41604.0,ZEBESTEN 5ML PERU,ABRIL,1.062586642,26953.56,29060.89609,30879.72,224,15
PHARMA - Z3,NORVISION SAC,AGGLAD,5,MAY,489.0,10,Z3,NORTE CHICO,False,False,True,False,40351.0,AGGLAD OFTENO 5 ML,MAYO,0.670022241,26193.67,120891.2407,80999.82,224,0
PHARMA - Z3,NORVISION SAC,ELAR-B,5,MAY,621.0,12,Z3,NORTE CHICO,False,False,True,False,42098.0,ELAR-B 5 ML,MAYO,0.690959707,0.0,24407.71845,16864.75,224,3
PHARMA - Z3,NORVISION SAC,ELIPTIC PF,5,MAY,300.0,10,Z3,NORTE CHICO,False,False,True,False,41561.0,ELIPTIC OFTENO 5ML PF PERU,MAYO,0.635068724,11669.87,74583.69182,47365.77,224,5
PHARMA - Z3,NORVISION SAC,GAAP PF,5,MAY,902.0,25,Z3,NORTE CHICO,False,False,True,False,41567.0,GAAP OFTENO LIBRE DE CONSER PF 3 ML PERU,MAYO,0.695728383,103158.58,97315.99528,67705.5,224,8
PHARMA - Z3,NORVISION SAC,SOPHIPREN,5,MAY,508.0,12,Z3,NORTE CHICO,False,False,True,False,40338.0,SOPHIPREN OFTENO 5 ML,MAYO,0.947602386,43314.92,59671.10342,56544.48,224,12
PHARMA - Z3,NORVISION SAC,TRAZIDEX U,5,MAY,505.0,12,Z3,NORTE CHICO,False,False,True,False,40342.0,TRAZIDEX UNGENA 3.5 G,MAYO,0.799544258,131001.94,156358.3363,125015.41,224,14
PHARMA - Z3,NORVISION SAC,LAGRICEL PF,6,JUN,0.0,50,Z3,NORTE CHICO,False,False,True,True,41582.0,LAGRICEL OFTENO LIBRE DE CONSERVADORES (PF) 10 ML,JUNIO,-0.085958779,182516.9,261957.3873,239439.85,224,10
PHARMA - Z3,NORVISION SAC,SOPHIPREN,6,JUN,424.0,10,Z3,NORTE CHICO,False,False,True,False,40338.0,SOPHIPREN OFTENO 5 ML,JUNIO,0.072135193,48676.87,59671.10342,63975.49,224,12
PHARMA - Z3,NORVISION SAC,TRAZIDEX O,6,JUN,500.0,12,Z3,NORTE CHICO,False,False,True,False,40341.0,TRAZIDEX OFTENO 5 ML.,JUNIO,-0.192738462,70697.29,101185.0264,81682.78,224,13
PHARMA - Z3,NORVISION SAC,TRAZIDEX U,6,JUN,505.0,12,Z3,NORTE CHICO,False,False,True,False,40342.0,TRAZIDEX UNGENA 3.5 G,JUNIO,-0.144707451,114383.92,156358.3363,133732.12,224,14
PHARMA - Z3,NORVISION SAC,ELAR-B,7,JUL,621.0,12,Z3,NORTE CHICO,False,False,True,False,42098.0,ELAR-B 5 ML,JULIO,-0.748065157,0.0,26863.09645,6767.75,224,3
PHARMA - Z3,NORVISION SAC,LANDAX,7,JUL,466.0,10,Z3,NORTE CHICO,False,False,True,False,41804.0,LANDAX 5ML,JULIO,-0.990160105,18462.22,24679.12529,242.84,224,11
PHARMA - Z3,NORVISION SAC,SOPHIPREN,7,JUL,424.0,10,Z3,NORTE CHICO,False,False,True,False,40338.0,SOPHIPREN OFTENO 5 ML,JULIO,-0.815953083,49954.18,65902.05458,12129.07,224,12
PHARMA - Z3,NUESTRA SENORA DEL SAGRADO CORAZON,AGGLAD,1,ENE,464.66,10,Z3,NORTE CHICO,False,False,True,False,40351.0,AGGLAD OFTENO 5 ML,ENERO,1.0,22534.35,110094.81,110094.81,225,0
PHARMA - Z3,NUESTRA SENORA DEL SAGRADO CORAZON,AGGLAD,2,FEB,929.33,20,Z3,NORTE CHICO,False,False,True,False,40351.0,AGGLAD OFTENO 5 ML,FEBRERO,0.96716156,31785.06,114546.1364,110784.62,225,0
PHARMA - Z3,NUESTRA SENORA DEL SAGRADO CORAZON,FLUMETOL NF,2,FEB,490.02,15,Z3,NORTE CHICO,False,False,True,False,40513.0,FLUMETOL NF OFTENO 5ML,FEBRERO,1.285457107,84540.52,101550.4985,130538.81,225,6
PHARMA - Z3,NUESTRA SENORA DEL SAGRADO CORAZON,AGGLAD,3,MAR,371.73,8,Z3,NORTE CHICO,False,False,True,False,40351.0,AGGLAD OFTENO 5 ML,MARZO,0.708033745,31785.06,114546.1364,81102.53,225,0
PHARMA - Z3,NUESTRA SENORA DEL SAGRADO CORAZON,FLUMETOL NF,3,MAR,261.34,8,Z3,NORTE CHICO,False,False,True,False,40513.0,FLUMETOL NF OFTENO 5ML,MARZO,1.399890715,84540.52,101550.4985,142159.6,225,6
PHARMA - Z3,NUESTRA SENORA DEL SAGRADO CORAZON,AGGLAD,4,ABR,232.0,5,Z3,NORTE CHICO,False,False,True,False,40351.0,AGGLAD OFTENO 5 ML,ABRIL,0.757043269,24635.46,120891.2407,91519.9,225,0
PHARMA - Z3,NUESTRA SENORA DEL SAGRADO CORAZON,FLUMETOL NF,4,ABR,980.0,30,Z3,NORTE CHICO,False,False,True,False,40513.0,FLUMETOL NF OFTENO 5ML,ABRIL,1.22328994,97096.28,107397.8095,131378.66,225,6
PHARMA - Z3,NUESTRA SENORA DEL SAGRADO CORAZON,AGGLAD,5,MAY,929.0,20,Z3,NORTE CHICO,False,False,True,False,40351.0,AGGLAD OFTENO 5 ML,MAYO,0.670022241,26193.67,120891.2407,80999.82,225,0
PHARMA - Z3,NUESTRA SENORA DEL SAGRADO CORAZON,FLUMETOL NF,5,MAY,0.0,50,Z3,NORTE CHICO,False,False,True,True,40513.0,FLUMETOL NF OFTENO 5ML,MAYO,1.182290501,84208.66,107397.8095,126975.41,225,6
PHARMA - Z3,NUESTRA SENORA DEL SAGRADO CORAZON,AGGLAD,6,JUN,139.0,3,Z3,NORTE CHICO,False,False,True,False,40351.0,AGGLAD OFTENO 5 ML,JUNIO,-0.235301917,20271.95,120891.2407,92445.3,225,0
PHARMA - Z3,NUESTRA SENORA DEL SAGRADO CORAZON,FLUMETOL NF,6,JUN,0.0,65,Z3,NORTE CHICO,False,False,True,True,40513.0,FLUMETOL NF OFTENO 5ML,JUNIO,0.071788154,87288.94,107397.8095,115107.7,225,6
PHARMA - Z1,OBISPADO DE CHOSICA,FLUMETOL NF,1,ENE,1225.05,30,Z1,LIMA,False,False,True,False,40513.0,FLUMETOL NF OFTENO 5ML,ENERO,1.0,106644.0,144656.97,144656.97,226,6
PHARMA - Z1,OBISPADO DE CHOSICA,LAGRICEL PF,1,ENE,3817.3,80,Z1,LIMA,False,False,True,False,41582.0,LAGRICEL OFTENO LIBRE DE CONSERVADORES (PF) 10 ML,ENERO,1.0,241357.65,244552.3,244552.3,226,10
PHARMA - Z1,OBISPADO DE CHOSICA,TRAZIDEX U,1,ENE,561.06,12,Z1,LIMA,False,False,True,False,40342.0,TRAZIDEX UNGENA 3.5 G,ENERO,1.0,127130.48,135275.35,135275.35,226,14
PHARMA - Z1,OBISPADO DE CHOSICA,ELAR-B,2,FEB,1380.0,30,Z1,LIMA,False,False,True,False,42098.0,ELAR-B 5 ML,FEBRERO,0.622378415,0.0,23180.02945,14426.75,226,3
PHARMA - Z1,OBISPADO DE CHOSICA,LAGRICEL PF,2,FEB,3817.3,80,Z1,LIMA,False,False,True,False,41582.0,LAGRICEL OFTENO LIBRE DE CONSERVADORES (PF) 10 ML,FEBRERO,1.01762066,244371.43,248182.4906,252555.63,226,10
PHARMA - Z1,OBISPADO DE CHOSICA,TRAZIDEX U,2,FEB,631.19,15,Z1,LIMA,False,False,True,False,40342.0,TRAZIDEX UNGENA 3.5 G,FEBRERO,0.737379291,111697.65,148184.091,109267.88,226,14
PHARMA - Z1,OBISPADO DE CHOSICA,ELAR-B,3,MAR,690.0,15,Z1,LIMA,False,False,True,False,42098.0,ELAR-B 5 ML,MARZO,0.892513965,0.0,23180.02945,20688.5,226,3
PHARMA - Z1,OBISPADO DE CHOSICA,LAGRICEL PF,3,MAR,2385.81,50,Z1,LIMA,False,False,True,False,41582.0,LAGRICEL OFTENO LIBRE DE CONSERVADORES (PF) 10 ML,MARZO,1.041573922,244371.43,248182.4906,258500.41,226,10
PHARMA - Z1,OBISPADO DE CHOSICA,TRAZIDEX U,3,MAR,504.95,12,Z1,LIMA,False,False,True,False,40342.0,TRAZIDEX UNGENA 3.5 G,MARZO,0.890660186,111697.65,148184.091,131981.67,226,14
PHARMA - Z1,OBISPADO DE CHOSICA,ELAR-B,5,MAY,0.0,80,Z1,LIMA,False,False,True,True,42098.0,ELAR-B 5 ML,MAYO,0.690959707,0.0,24407.71845,16864.75,226,3
PHARMA - Z1,OBISPADO DE CHOSICA,FLUMETOL NF,5,MAY,817.0,20,Z1,LIMA,False,False,True,False,40513.0,FLUMETOL NF OFTENO 5ML,MAYO,1.182290501,84208.66,107397.8095,126975.41,226,6
PHARMA - Z1,OBISPADO DE CHOSICA,LAGRICEL PF,5,MAY,0.0,200,Z1,LIMA,False,False,True,True,41582.0,LAGRICEL OFTENO LIBRE DE CONSERVADORES (PF) 10 ML,MAYO,0.852391423,198666.14,261957.3873,223290.23,226,10
PHARMA - Z1,OBISPADO DE CHOSICA,TRAZIDEX U,5,MAY,505.0,12,Z1,LIMA,False,False,True,False,40342.0,TRAZIDEX UNGENA 3.5 G,MAYO,0.799544258,131001.94,156358.3363,125015.41,226,14
PHARMA - Z1,OBISPADO DE CHOSICA,AQUADRAN,6,JUN,0.0,42,Z1,LIMA,False,False,True,True,41945.0,AQUADRAN 10G,JUNIO,0.329694376,15957.0,35738.51318,47521.3,226,1
PHARMA - Z1,OBISPADO DE CHOSICA,ELAR-B,6,JUN,920.0,20,Z1,LIMA,False,False,True,False,42098.0,ELAR-B 5 ML,JUNIO,-0.29490542,0.0,24407.71845,17209.75,226,3
PHARMA - Z1,OBISPADO DE CHOSICA,FLUMETOL NF,6,JUN,735.0,18,Z1,LIMA,False,False,True,False,40513.0,FLUMETOL NF OFTENO 5ML,JUNIO,0.071788154,87288.94,107397.8095,115107.7,226,6
PHARMA - Z1,OBISPADO DE CHOSICA,LAGRICEL PF,6,JUN,0.0,80,Z1,LIMA,False,False,True,True,41582.0,LAGRICEL OFTENO LIBRE DE CONSERVADORES (PF) 10 ML,JUNIO,-0.085958779,182516.9,261957.3873,239439.85,226,10
PHARMA - Z2,OCULASER CENTRO DE MICROCIRUGIA Y LASER S.A.C.,AGGLAD,1,ENE,1320.62,24,Z2,CALLAO,False,False,True,False,40351.0,AGGLAD OFTENO 5 ML,ENERO,1.0,22534.35,110094.81,110094.81,227,0
PHARMA - Z2,OCULASER CENTRO DE MICROCIRUGIA Y LASER S.A.C.,AQUADRAN,1,ENE,1944.0,36,Z2,CALLAO,False,False,True,False,41945.0,AQUADRAN 10G,ENERO,1.0,3348.0,44517.6,44517.6,227,1
PHARMA - Z2,OCULASER CENTRO DE MICROCIRUGIA Y LASER S.A.C.,ELIPTIC PF,1,ENE,909.25,24,Z2,CALLAO,False,False,True,False,41561.0,ELIPTIC OFTENO 5ML PF PERU,ENERO,1.0,16201.95,62857.68,62857.68,227,5
PHARMA - Z2,OCULASER CENTRO DE MICROCIRUGIA Y LASER S.A.C.,GAAP PF,1,ENE,4327.44,48,Z2,CALLAO,False,False,True,False,41567.0,GAAP OFTENO LIBRE DE CONSER PF 3 ML PERU,ENERO,1.0,67726.3,99013.28,99013.28,227,8
PHARMA - Z2,OCULASER CENTRO DE MICROCIRUGIA Y LASER S.A.C.,LAGRICEL PF,1,ENE,2044.98,36,Z2,CALLAO,False,False,True,False,41582.0,LAGRICEL OFTENO LIBRE DE CONSERVADORES (PF) 10 ML,ENERO,1.0,241357.65,244552.3,244552.3,227,10
PHARMA - Z2,OCULASER CENTRO DE MICROCIRUGIA Y LASER S.A.C.,SOPHIPREN,1,ENE,2032.8,48,Z2,CALLAO,False,False,True,False,40338.0,SOPHIPREN OFTENO 5 ML,ENERO,1.0,41450.28,50525.9,50525.9,227,12
PHARMA - Z2,OCULASER CENTRO DE MICROCIRUGIA Y LASER S.A.C.,AGGLAD,2,FEB,1320.62,24,Z2,CALLAO,False,False,True,False,40351.0,AGGLAD OFTENO 5 ML,FEBRERO,0.96716156,31785.06,114546.1364,110784.62,227,0
PHARMA - Z2,OCULASER CENTRO DE MICROCIRUGIA Y LASER S.A.C.,AQUADRAN,2,FEB,1944.0,36,Z2,CALLAO,False,False,True,False,41945.0,AQUADRAN 10G,FEBRERO,1.033824379,13176.0,33810.57818,34954.2,227,1
PHARMA - Z2,OCULASER CENTRO DE MICROCIRUGIA Y LASER S.A.C.,ELIPTIC PF,2,FEB,909.25,24,Z2,CALLAO,False,False,True,False,41561.0,ELIPTIC OFTENO 5ML PF PERU,FEBRERO,0.876631233,16081.78,70691.40098,61970.29,227,5
PHARMA - Z2,OCULASER CENTRO DE MICROCIRUGIA Y LASER S.A.C.,FLUMETOL NF,2,FEB,1617.07,36,Z2,CALLAO,False,False,True,False,40513.0,FLUMETOL NF OFTENO 5ML,FEBRERO,1.285457107,84540.52,101550.4985,130538.81,227,6
PHARMA - Z2,OCULASER CENTRO DE MICROCIRUGIA Y LASER S.A.C.,GAAP PF,2,FEB,1803.1,20,Z2,CALLAO,False,False,True,False,41567.0,GAAP OFTENO LIBRE DE CONSER PF 3 ML PERU,FEBRERO,0.820494884,80205.04,92164.06035,75620.14,227,8
PHARMA - Z2,OCULASER CENTRO DE MICROCIRUGIA Y LASER S.A.C.,LAGRICEL PF,2,FEB,4203.57,74,Z2,CALLAO,False,False,True,False,41582.0,LAGRICEL OFTENO LIBRE DE CONSERVADORES (PF) 10 ML,FEBRERO,1.01762066,244371.43,248182.4906,252555.63,227,10
PHARMA - Z2,OCULASER CENTRO DE MICROCIRUGIA Y LASER S.A.C.,SOPHIPREN,2,FEB,3642.1,86,Z2,CALLAO,False,False,True,False,40338.0,SOPHIPREN OFTENO 5 ML,FEBRERO,1.300787434,39394.05,56555.62783,73566.85,227,12
PHARMA - Z2,OCULASER CENTRO DE MICROCIRUGIA Y LASER S.A.C.,TRAZIDEX U,2,FEB,1514.86,36,Z2,CALLAO,False,False,True,False,40342.0,TRAZIDEX UNGENA 3.5 G,FEBRERO,0.737379291,111697.65,148184.091,109267.88,227,14
PHARMA - Z2,OCULASER CENTRO DE MICROCIRUGIA Y LASER S.A.C.,AQUADRAN,3,MAR,1944.0,36,Z2,CALLAO,False,False,True,False,41945.0,AQUADRAN 10G,MARZO,1.286810293,13176.0,33810.57818,43507.8,227,1
PHARMA - Z2,OCULASER CENTRO DE MICROCIRUGIA Y LASER S.A.C.,FLUMETOL NF,3,MAR,1617.07,36,Z2,CALLAO,False,False,True,False,40513.0,FLUMETOL NF OFTENO 5ML,MARZO,1.399890715,84540.52,101550.4985,142159.6,227,6
PHARMA - Z2,OCULASER CENTRO DE MICROCIRUGIA Y LASER S.A.C.,GAAP PF,3,MAR,2163.72,24,Z2,CALLAO,False,False,True,False,41567.0,GAAP OFTENO LIBRE DE CONSER PF 3 ML PERU,MARZO,0.894697886,80205.04,92164.06035,82458.99,227,8
PHARMA - Z2,OCULASER CENTRO DE MICROCIRUGIA Y LASER S.A.C.,LAGRICEL PF,3,MAR,2726.64,48,Z2,CALLAO,False,False,True,False,41582.0,LAGRICEL OFTENO LIBRE DE CONSERVADORES (PF) 10 ML,MARZO,1.041573922,244371.43,248182.4906,258500.41,227,10
PHARMA - Z2,OCULASER CENTRO DE MICROCIRUGIA Y LASER S.A.C.,SOPHIPREN,3,MAR,2032.8,48,Z2,CALLAO,False,False,True,False,40338.0,SOPHIPREN OFTENO 5 ML,MARZO,1.018181783,39394.05,56555.62783,57583.91,227,12
PHARMA - Z2,OCULASER CENTRO DE MICROCIRUGIA Y LASER S.A.C.,TRAZIDEX O,3,MAR,1000.19,24,Z2,CALLAO,False,False,True,False,40341.0,TRAZIDEX OFTENO 5 ML.,MARZO,0.841410928,99642.69,95524.58531,80375.43,227,13
PHARMA - Z2,OCULASER CENTRO DE MICROCIRUGIA Y LASER S.A.C.,ELIPTIC PF,4,ABR,909.0,24,Z2,CALLAO,False,False,True,False,41561.0,ELIPTIC OFTENO 5ML PF PERU,ABRIL,0.502083754,28406.63,74583.69182,37447.26,227,5
PHARMA - Z2,OCULASER CENTRO DE MICROCIRUGIA Y LASER S.A.C.,LAGRICEL PF,4,ABR,0.0,36,Z2,CALLAO,False,False,True,True,41582.0,LAGRICEL OFTENO LIBRE DE CONSERVADORES (PF) 10 ML,ABRIL,1.234011277,222585.45,261957.3873,323258.37,227,10
PHARMA - Z2,OCULASER CENTRO DE MICROCIRUGIA Y LASER S.A.C.,AQUADRAN,5,MAY,0.0,24,Z2,CALLAO,False,False,True,True,41945.0,AQUADRAN 10G,MAYO,1.308504351,13786.2,35738.51318,46764.0,227,1
PHARMA - Z2,OCULASER CENTRO DE MICROCIRUGIA Y LASER S.A.C.,LAGRICEL PF,5,MAY,0.0,24,Z2,CALLAO,False,False,True,True,41582.0,LAGRICEL OFTENO LIBRE DE CONSERVADORES (PF) 10 ML,MAYO,0.852391423,198666.14,261957.3873,223290.23,227,10
PHARMA - Z2,OCULASER CENTRO DE MICROCIRUGIA Y LASER S.A.C.,SOPHIPREN,5,MAY,0.0,24,Z2,CALLAO,False,False,True,True,40338.0,SOPHIPREN OFTENO 5 ML,MAYO,0.947602386,43314.92,59671.10342,56544.48,227,12
PHARMA - Z2,OCULASER CENTRO DE MICROCIRUGIA Y LASER S.A.C.,ELAR-B,6,JUN,483.0,10,Z2,CALLAO,False,False,True,False,42098.0,ELAR-B 5 ML,JUNIO,-0.29490542,0.0,24407.71845,17209.75,227,3
PHARMA - S,OCUSALUD SOCIEDAD COMERCIAL DE RESPONSABILIDAD LIMITADA,TRAZIDEX O,1,ENE,500.09,12,S,CADENAS,False,False,True,False,40341.0,TRAZIDEX OFTENO 5 ML.,ENERO,1.0,107782.12,170736.47,170736.47,228,13
PHARMA - S,OCUSALUD SOCIEDAD COMERCIAL DE RESPONSABILIDAD LIMITADA,TRAZIDEX U,1,ENE,504.95,12,S,CADENAS,False,False,True,False,40342.0,TRAZIDEX UNGENA 3.5 G,ENERO,1.0,127130.48,135275.35,135275.35,228,14
PHARMA - S,OCUSALUD SOCIEDAD COMERCIAL DE RESPONSABILIDAD LIMITADA,TRAZIDEX O,4,ABR,500.0,12,S,CADENAS,False,False,True,False,40341.0,TRAZIDEX OFTENO 5 ML.,ABRIL,0.966120714,91975.94,101185.0264,97756.95,228,13
PHARMA - S,OCUSALUD SOCIEDAD COMERCIAL DE RESPONSABILIDAD LIMITADA,TRAZIDEX U,4,ABR,505.0,12,S,CADENAS,False,False,True,False,40342.0,TRAZIDEX UNGENA 3.5 G,ABRIL,0.810349246,131494.88,156358.3363,126704.86,228,14
PHARMA - Z1,OFTALMEDICA SUR S.A.C.,AGGLAD,1,ENE,1705.81,31,Z1,LIMA,False,False,True,False,40351.0,AGGLAD OFTENO 5 ML,ENERO,1.0,22534.35,110094.81,110094.81,229,0
PHARMA - Z1,OFTALMEDICA SUR S.A.C.,ELIPTIC,1,ENE,380.52,15,Z1,LIMA,False,False,True,False,41076.0,ELIPTIC OFTENO 5ML,ENERO,1.0,1539.11,12243.87,12243.87,229,4
PHARMA - Z1,OFTALMEDICA SUR S.A.C.,FLUMETOL NF,1,ENE,367.52,10,Z1,LIMA,False,False,True,False,40513.0,FLUMETOL NF OFTENO 5ML,ENERO,1.0,106644.0,144656.97,144656.97,229,6
PHARMA - Z1,OFTALMEDICA SUR S.A.C.,GAAP,1,ENE,1811.88,23,Z1,LIMA,False,False,True,False,40498.0,GAAP OFTENO 3 ML,ENERO,1.0,101352.36,99775.16,99775.16,229,7
PHARMA - Z1,OFTALMEDICA SUR S.A.C.,GAAP PF,1,ENE,180.31,2,Z1,LIMA,False,False,True,False,41567.0,GAAP OFTENO LIBRE DE CONSER PF 3 ML PERU,ENERO,1.0,67726.3,99013.28,99013.28,229,8
PHARMA - Z1,OFTALMEDICA SUR S.A.C.,SOPHIPREN,1,ENE,381.15,10,Z1,LIMA,False,False,True,False,40338.0,SOPHIPREN OFTENO 5 ML,ENERO,1.0,41450.28,50525.9,50525.9,229,12
PHARMA - Z1,OFTALMEDICA SUR S.A.C.,TRAZIDEX O,1,ENE,2083.73,50,Z1,LIMA,False,False,True,False,40341.0,TRAZIDEX OFTENO 5 ML.,ENERO,1.0,107782.12,170736.47,170736.47,229,13
PHARMA - Z1,OFTALMEDICA SUR S.A.C.,TRAZIDEX U,1,ENE,757.44,18,Z1,LIMA,False,False,True,False,40342.0,TRAZIDEX UNGENA 3.5 G,ENERO,1.0,127130.48,135275.35,135275.35,229,14
PHARMA - Z1,OFTALMEDICA SUR S.A.C.,AGGLAD,2,FEB,1650.78,30,Z1,LIMA,False,False,True,False,40351.0,AGGLAD OFTENO 5 ML,FEBRERO,0.96716156,31785.06,114546.1364,110784.62,229,0
PHARMA - Z1,OFTALMEDICA SUR S.A.C.,ELIPTIC,2,FEB,507.36,20,Z1,LIMA,False,False,True,False,41076.0,ELIPTIC OFTENO 5ML,FEBRERO,0.601609541,3462.73,37097.88238,22318.44,229,4
PHARMA - Z1,OFTALMEDICA SUR S.A.C.,FLUMETOL NF,2,FEB,955.54,26,Z1,LIMA,False,False,True,False,40513.0,FLUMETOL NF OFTENO 5ML,FEBRERO,1.285457107,84540.52,101550.4985,130538.81,229,6
PHARMA - Z1,OFTALMEDICA SUR S.A.C.,GAAP,2,FEB,1260.43,16,Z1,LIMA,False,False,True,False,40498.0,GAAP OFTENO 3 ML,FEBRERO,0.873555976,85355.44,97172.18164,84885.34,229,7
PHARMA - Z1,OFTALMEDICA SUR S.A.C.,SOPHIPREN,2,FEB,228.69,6,Z1,LIMA,False,False,True,False,40338.0,SOPHIPREN OFTENO 5 ML,FEBRERO,1.300787434,39394.05,56555.62783,73566.85,229,12
PHARMA - Z1,OFTALMEDICA SUR S.A.C.,TRAZIDEX O,2,FEB,1541.96,37,Z1,LIMA,False,False,True,False,40341.0,TRAZIDEX OFTENO 5 ML.,FEBRERO,0.868398954,99642.69,95524.58531,82953.45,229,13
PHARMA - Z1,OFTALMEDICA SUR S.A.C.,TRAZIDEX U,2,FEB,757.43,18,Z1,LIMA,False,False,True,False,40342.0,TRAZIDEX UNGENA 3.5 G,FEBRERO,0.737379291,111697.65,148184.091,109267.88,229,14
PHARMA - Z1,OFTALMEDICA SUR S.A.C.,AGGLAD,3,MAR,1430.68,26,Z1,LIMA,False,False,True,False,40351.0,AGGLAD OFTENO 5 ML,MARZO,0.708033745,31785.06,114546.1364,81102.53,229,0
PHARMA - Z1,OFTALMEDICA SUR S.A.C.,ELIPTIC,3,MAR,583.46,23,Z1,LIMA,False,False,True,False,41076.0,ELIPTIC OFTENO 5ML,MARZO,0.61397952,3462.73,37097.88238,22777.34,229,4
PHARMA - Z1,OFTALMEDICA SUR S.A.C.,FLUMETOL NF,3,MAR,514.52,14,Z1,LIMA,False,False,True,False,40513.0,FLUMETOL NF OFTENO 5ML,MARZO,1.399890715,84540.52,101550.4985,142159.6,229,6
PHARMA - Z1,OFTALMEDICA SUR S.A.C.,GAAP,3,MAR,2442.1,31,Z1,LIMA,False,False,True,False,40498.0,GAAP OFTENO 3 ML,MARZO,0.701456825,85355.44,97172.18164,68162.09,229,7
PHARMA - Z1,OFTALMEDICA SUR S.A.C.,GAAP PF,3,MAR,180.31,2,Z1,LIMA,False,False,True,False,41567.0,GAAP OFTENO LIBRE DE CONSER PF 3 ML PERU,MARZO,0.894697886,80205.04,92164.06035,82458.99,229,8
PHARMA - Z1,OFTALMEDICA SUR S.A.C.,SOPHIPREN,3,MAR,190.58,5,Z1,LIMA,False,False,True,False,40338.0,SOPHIPREN OFTENO 5 ML,MARZO,1.018181783,39394.05,56555.62783,57583.91,229,12
PHARMA - Z1,OFTALMEDICA SUR S.A.C.,TRAZIDEX O,3,MAR,2292.11,55,Z1,LIMA,False,False,True,False,40341.0,TRAZIDEX OFTENO 5 ML.,MARZO,0.841410928,99642.69,95524.58531,80375.43,229,13
PHARMA - Z1,OFTALMEDICA SUR S.A.C.,TRAZIDEX U,3,MAR,462.88,11,Z1,LIMA,False,False,True,False,40342.0,TRAZIDEX UNGENA 3.5 G,MARZO,0.890660186,111697.65,148184.091,131981.67,229,14
PHARMA - Z1,OFTALMEDICA SUR S.A.C.,AGGLAD,4,ABR,0.0,22,Z1,LIMA,False,False,True,True,40351.0,AGGLAD OFTENO 5 ML,ABRIL,0.757043269,24635.46,120891.2407,91519.9,229,0
PHARMA - Z1,OFTALMEDICA SUR S.A.C.,ELAR-B,4,ABR,0.0,25,Z1,LIMA,False,False,True,True,42098.0,ELAR-B 5 ML,ABRIL,0.614395812,0.0,24407.71845,14996.0,229,3
PHARMA - Z1,OFTALMEDICA SUR S.A.C.,ELIPTIC,4,ABR,533.0,21,Z1,LIMA,False,False,True,False,41076.0,ELIPTIC OFTENO 5ML,ABRIL,0.367779928,4871.41,39043.81097,14359.53,229,4
PHARMA - Z1,OFTALMEDICA SUR S.A.C.,FLUMETOL NF,4,ABR,478.0,13,Z1,LIMA,False,False,True,False,40513.0,FLUMETOL NF OFTENO 5ML,ABRIL,1.22328994,97096.28,107397.8095,131378.66,229,6
PHARMA - Z1,OFTALMEDICA SUR S.A.C.,GAAP,4,ABR,0.0,13,Z1,LIMA,False,False,True,True,40498.0,GAAP OFTENO 3 ML,ABRIL,0.475712047,79645.31,102582.687,48799.82,229,7
PHARMA - Z1,OFTALMEDICA SUR S.A.C.,SOPHIPREN,4,ABR,381.0,10,Z1,LIMA,False,False,True,False,40338.0,SOPHIPREN OFTENO 5 ML,ABRIL,1.125758804,51339.43,59671.10342,67175.27,229,12
PHARMA - Z1,OFTALMEDICA SUR S.A.C.,TRAZIDEX O,4,ABR,0.0,33,Z1,LIMA,False,False,True,True,40341.0,TRAZIDEX OFTENO 5 ML.,ABRIL,0.966120714,91975.94,101185.0264,97756.95,229,13
PHARMA - Z1,OFTALMEDICA SUR S.A.C.,TRAZIDEX U,4,ABR,337.0,8,Z1,LIMA,False,False,True,False,40342.0,TRAZIDEX UNGENA 3.5 G,ABRIL,0.810349246,131494.88,156358.3363,126704.86,229,14
PHARMA - Z1,OFTALMEDICA SUR S.A.C.,AGGLAD,5,MAY,0.0,24,Z1,LIMA,False,False,True,True,40351.0,AGGLAD OFTENO 5 ML,MAYO,0.670022241,26193.67,120891.2407,80999.82,229,0
PHARMA - Z1,OFTALMEDICA SUR S.A.C.,ELIPTIC,5,MAY,406.0,16,Z1,LIMA,False,False,True,False,41076.0,ELIPTIC OFTENO 5ML,MAYO,0.349092716,2803.71,39043.81097,13629.91,229,4
PHARMA - Z1,OFTALMEDICA SUR S.A.C.,FLUMETOL NF,5,MAY,588.0,16,Z1,LIMA,False,False,True,False,40513.0,FLUMETOL NF OFTENO 5ML,MAYO,1.182290501,84208.66,107397.8095,126975.41,229,6
PHARMA - Z1,OFTALMEDICA SUR S.A.C.,GAAP,5,MAY,0.0,20,Z1,LIMA,False,False,True,True,40498.0,GAAP OFTENO 3 ML,MAYO,0.567550546,86214.37,102582.687,58220.86,229,7
PHARMA - Z1,OFTALMEDICA SUR S.A.C.,TRAZIDEX O,5,MAY,0.0,55,Z1,LIMA,False,False,True,True,40341.0,TRAZIDEX OFTENO 5 ML.,MAYO,0.725790194,64098.19,101185.0264,73439.1,229,13
PHARMA - Z1,OFTALMEDICA SUR S.A.C.,TRAZIDEX U,5,MAY,800.0,19,Z1,LIMA,False,False,True,False,40342.0,TRAZIDEX UNGENA 3.5 G,MAYO,0.799544258,131001.94,156358.3363,125015.41,229,14
PHARMA - Z1,OFTALMEDICA SUR S.A.C.,AGGLAD,6,JUN,0.0,21,Z1,LIMA,False,False,True,True,40351.0,AGGLAD OFTENO 5 ML,JUNIO,-0.235301917,20271.95,120891.2407,92445.3,229,0
PHARMA - Z1,OFTALMEDICA SUR S.A.C.,ELIPTIC,6,JUN,634.0,25,Z1,LIMA,False,False,True,False,41076.0,ELIPTIC OFTENO 5ML,JUNIO,-0.521091319,5789.48,39043.81097,18698.42,229,4
PHARMA - Z1,OFTALMEDICA SUR S.A.C.,FLUMETOL NF,6,JUN,919.0,25,Z1,LIMA,False,False,True,False,40513.0,FLUMETOL NF OFTENO 5ML,JUNIO,0.071788154,87288.94,107397.8095,115107.7,229,6
PHARMA - Z1,OFTALMEDICA SUR S.A.C.,GAAP,6,JUN,0.0,20,Z1,LIMA,False,False,True,True,40498.0,GAAP OFTENO 3 ML,JUNIO,-0.271295457,79907.03,102582.687,74752.47,229,7
PHARMA - Z1,OFTALMEDICA SUR S.A.C.,SOPHIPREN,6,JUN,419.0,11,Z1,LIMA,False,False,True,False,40338.0,SOPHIPREN OFTENO 5 ML,JUNIO,0.072135193,48676.87,59671.10342,63975.49,229,12
PHARMA - Z1,OFTALMEDICA SUR S.A.C.,TRAZIDEX O,6,JUN,0.0,35,Z1,LIMA,False,False,True,True,40341.0,TRAZIDEX OFTENO 5 ML.,JUNIO,-0.192738462,70697.29,101185.0264,81682.78,229,13
PHARMA - Z1,OFTALMEDICA SUR S.A.C.,TRAZIDEX U,6,JUN,421.0,10,Z1,LIMA,False,False,True,False,40342.0,TRAZIDEX UNGENA 3.5 G,JUNIO,-0.144707451,114383.92,156358.3363,133732.12,229,14
PHARMA - Z1,OFTALMEDICA SUR S.A.C.,SOPHIPREN,7,JUL,191.0,5,Z1,LIMA,False,False,True,False,40338.0,SOPHIPREN OFTENO 5 ML,JULIO,-0.815953083,49954.18,65902.05458,12129.07,229,12
PHARMA - Z1,OFTALMEDICA SUR S.A.C.,TRAZIDEX O,7,JUL,625.0,15,Z1,LIMA,False,False,True,False,40341.0,TRAZIDEX OFTENO 5 ML.,JULIO,-0.912844311,118392.28,112505.9086,9805.53,229,13
PHARMA - Z1,OFTALMIC SERVICE SAC,GAAP PF,1,ENE,901.55,10,Z1,LIMA,False,False,True,False,41567.0,GAAP OFTENO LIBRE DE CONSER PF 3 ML PERU,ENERO,1.0,67726.3,99013.28,99013.28,230,8
PHARMA - Z1,OFTALMIC SERVICE SAC,LAGRICEL PF,1,ENE,2385.81,50,Z1,LIMA,False,False,True,False,41582.0,LAGRICEL OFTENO LIBRE DE CONSERVADORES (PF) 10 ML,ENERO,1.0,241357.65,244552.3,244552.3,230,10
PHARMA - Z1,OFTALMIC SERVICE SAC,TRAZIDEX U,1,ENE,801.75,20,Z1,LIMA,False,False,True,False,40342.0,TRAZIDEX UNGENA 3.5 G,ENERO,1.0,127130.48,135275.35,135275.35,230,14
PHARMA - Z1,OFTALMIC SERVICE SAC,ELIPTIC PF,2,FEB,391.92,15,Z1,LIMA,False,False,True,False,41561.0,ELIPTIC OFTENO 5ML PF PERU,FEBRERO,0.876631233,16081.78,70691.40098,61970.29,230,5
PHARMA - Z1,OFTALMIC SERVICE SAC,LAGRICEL PF,2,FEB,2385.81,50,Z1,LIMA,False,False,True,False,41582.0,LAGRICEL OFTENO LIBRE DE CONSERVADORES (PF) 10 ML,FEBRERO,1.01762066,244371.43,248182.4906,252555.63,230,10
PHARMA - Z1,OFTALMIC SERVICE SAC,TRAZIDEX O,2,FEB,694.58,15,Z1,LIMA,False,False,True,False,40341.0,TRAZIDEX OFTENO 5 ML.,FEBRERO,0.868398954,99642.69,95524.58531,82953.45,230,13
PHARMA - Z1,OFTALMIC SERVICE SAC,TRAZIDEX U,2,FEB,601.32,15,Z1,LIMA,False,False,True,False,40342.0,TRAZIDEX UNGENA 3.5 G,FEBRERO,0.737379291,111697.65,148184.091,109267.88,230,14
PHARMA - Z1,OFTALMIC SERVICE SAC,AQUADRAN,3,MAR,378.0,7,Z1,LIMA,False,False,True,False,41945.0,AQUADRAN 10G,MARZO,1.286810293,13176.0,33810.57818,43507.8,230,1
PHARMA - Z1,OFTALMIC SERVICE SAC,FLUMETOL NF,3,MAR,1429.23,35,Z1,LIMA,False,False,True,False,40513.0,FLUMETOL NF OFTENO 5ML,MARZO,1.399890715,84540.52,101550.4985,142159.6,230,6
PHARMA - Z1,OFTALMIC SERVICE SAC,LAGRICEL PF,3,MAR,2385.81,50,Z1,LIMA,False,False,True,False,41582.0,LAGRICEL OFTENO LIBRE DE CONSERVADORES (PF) 10 ML,MARZO,1.041573922,244371.43,248182.4906,258500.41,230,10
PHARMA - Z1,OFTALMIC SERVICE SAC,LAGRICEL PF,4,ABR,0.0,50,Z1,LIMA,False,False,True,True,41582.0,LAGRICEL OFTENO LIBRE DE CONSERVADORES (PF) 10 ML,ABRIL,1.234011277,222585.45,261957.3873,323258.37,230,10
PHARMA - Z1,OFTALMIC SERVICE SAC,AQUADRAN,5,MAY,270.0,5,Z1,LIMA,False,False,True,False,41945.0,AQUADRAN 10G,MAYO,1.308504351,13786.2,35738.51318,46764.0,230,1
PHARMA - Z1,OFTALMIC SERVICE SAC,FLUMETOL NF,5,MAY,613.0,15,Z1,LIMA,False,False,True,False,40513.0,FLUMETOL NF OFTENO 5ML,MAYO,1.182290501,84208.66,107397.8095,126975.41,230,6
PHARMA - Z1,OFTALMIC SERVICE SAC,GAAP PF,5,MAY,902.0,10,Z1,LIMA,False,False,True,False,41567.0,GAAP OFTENO LIBRE DE CONSER PF 3 ML PERU,MAYO,0.695728383,103158.58,97315.99528,67705.5,230,8
PHARMA - Z1,OFTALMIC SERVICE SAC,TRAZIDEX U,5,MAY,401.0,10,Z1,LIMA,False,False,True,False,40342.0,TRAZIDEX UNGENA 3.5 G,MAYO,0.799544258,131001.94,156358.3363,125015.41,230,14
PHARMA - Z1,OFTALMIC SERVICE SAC,ELAR-B,6,JUN,259.0,5,Z1,LIMA,False,False,True,False,42098.0,ELAR-B 5 ML,JUNIO,-0.29490542,0.0,24407.71845,17209.75,230,3
PHARMA - Z1,OFTALMIC SERVICE SAC,LAGRICEL PF,6,JUN,0.0,50,Z1,LIMA,False,False,True,True,41582.0,LAGRICEL OFTENO LIBRE DE CONSERVADORES (PF) 10 ML,JUNIO,-0.085958779,182516.9,261957.3873,239439.85,230,10
PHARMA - Z1,OFTALMIC SERVICE SAC,SOPHIPREN,6,JUN,551.0,10,Z1,LIMA,False,False,True,False,40338.0,SOPHIPREN OFTENO 5 ML,JUNIO,0.072135193,48676.87,59671.10342,63975.49,230,12
PHARMA - Z1,OFTALMIC SERVICE SAC,TRAZIDEX O,6,JUN,463.0,10,Z1,LIMA,False,False,True,False,40341.0,TRAZIDEX OFTENO 5 ML.,JUNIO,-0.192738462,70697.29,101185.0264,81682.78,230,13
PHARMA - Z1,OFTALMIC SERVICE SAC,FLUMETOL NF,7,JUL,613.0,15,Z1,LIMA,False,False,True,False,40513.0,FLUMETOL NF OFTENO 5ML,JULIO,-0.833324001,99312.38,119092.4315,19849.85,230,6
PHARMA - Z1,OFTALMIC SERVICE SAC,TRAZIDEX U,7,JUL,601.0,15,Z1,LIMA,False,False,True,False,40342.0,TRAZIDEX UNGENA 3.5 G,JULIO,-0.835453002,134186.98,172706.827,28418.39,230,14
PHARMA - Z1,OFTALMICA S.A.C.,AGGLAD,1,ENE,489.12,10,Z1,LIMA,False,False,True,False,40351.0,AGGLAD OFTENO 5 ML,ENERO,1.0,22534.35,110094.81,110094.81,231,0
PHARMA - Z1,OFTALMICA S.A.C.,AQUADRAN,1,ENE,2970.0,55,Z1,LIMA,False,False,True,False,41945.0,AQUADRAN 10G,ENERO,1.0,3348.0,44517.6,44517.6,231,1
PHARMA - Z1,OFTALMICA S.A.C.,FLUMETOL NF,1,ENE,931.04,30,Z1,LIMA,False,False,True,False,40513.0,FLUMETOL NF OFTENO 5ML,ENERO,1.0,106644.0,144656.97,144656.97,231,6
PHARMA - Z1,OFTALMICA S.A.C.,GAAP PF,1,ENE,2884.96,40,Z1,LIMA,False,False,True,False,41567.0,GAAP OFTENO LIBRE DE CONSER PF 3 ML PERU,ENERO,1.0,67726.3,99013.28,99013.28,231,8
PHARMA - Z1,OFTALMICA S.A.C.,LAGRICEL,1,ENE,2047.0,50,Z1,LIMA,False,False,True,False,40515.0,LAGRICEL OFTENO 0.5 ML,ENERO,1.0,154236.51,132452.04,132452.04,231,9
PHARMA - Z1,OFTALMICA S.A.C.,LAGRICEL PF,1,ENE,2044.98,40,Z1,LIMA,False,False,True,False,41582.0,LAGRICEL OFTENO LIBRE DE CONSERVADORES (PF) 10 ML,ENERO,1.0,241357.65,244552.3,244552.3,231,10
PHARMA - Z1,OFTALMICA S.A.C.,TRAZIDEX O,1,ENE,740.88,20,Z1,LIMA,False,False,True,False,40341.0,TRAZIDEX OFTENO 5 ML.,ENERO,1.0,107782.12,170736.47,170736.47,231,13
PHARMA - Z1,OFTALMICA S.A.C.,TRAZIDEX U,1,ENE,1606.03,50,Z1,LIMA,False,False,True,False,40342.0,TRAZIDEX UNGENA 3.5 G,ENERO,1.0,127130.48,135275.35,135275.35,231,14
PHARMA - Z1,OFTALMICA S.A.C.,AGGLAD,2,FEB,733.68,15,Z1,LIMA,False,False,True,False,40351.0,AGGLAD OFTENO 5 ML,FEBRERO,0.96716156,31785.06,114546.1364,110784.62,231,0
PHARMA - Z1,OFTALMICA S.A.C.,AQUADRAN,2,FEB,810.0,15,Z1,LIMA,False,False,True,False,41945.0,AQUADRAN 10G,FEBRERO,1.033824379,13176.0,33810.57818,34954.2,231,1
PHARMA - Z1,OFTALMICA S.A.C.,FLUMETOL NF,2,FEB,1862.08,60,Z1,LIMA,False,False,True,False,40513.0,FLUMETOL NF OFTENO 5ML,FEBRERO,1.285457107,84540.52,101550.4985,130538.81,231,6
PHARMA - Z1,OFTALMICA S.A.C.,GAAP PF,2,FEB,3606.2,50,Z1,LIMA,False,False,True,False,41567.0,GAAP OFTENO LIBRE DE CONSER PF 3 ML PERU,FEBRERO,0.820494884,80205.04,92164.06035,75620.14,231,8
PHARMA - Z1,OFTALMICA S.A.C.,LAGRICEL,2,FEB,1637.6,40,Z1,LIMA,False,False,True,False,40515.0,LAGRICEL OFTENO 0.5 ML,FEBRERO,0.970823097,194840.09,165898.7416,161058.33,231,9
PHARMA - Z1,OFTALMICA S.A.C.,LAGRICEL PF,2,FEB,3323.09,65,Z1,LIMA,False,False,True,False,41582.0,LAGRICEL OFTENO LIBRE DE CONSERVADORES (PF) 10 ML,FEBRERO,1.01762066,244371.43,248182.4906,252555.63,231,10
PHARMA - Z1,OFTALMICA S.A.C.,TRAZIDEX O,2,FEB,740.88,20,Z1,LIMA,False,False,True,False,40341.0,TRAZIDEX OFTENO 5 ML.,FEBRERO,0.868398954,99642.69,95524.58531,82953.45,231,13
PHARMA - Z1,OFTALMICA S.A.C.,TRAZIDEX U,2,FEB,2248.45,70,Z1,LIMA,False,False,True,False,40342.0,TRAZIDEX UNGENA 3.5 G,FEBRERO,0.737379291,111697.65,148184.091,109267.88,231,14
PHARMA - Z1,OFTALMICA S.A.C.,AGGLAD,3,MAR,342.38,7,Z1,LIMA,False,False,True,False,40351.0,AGGLAD OFTENO 5 ML,MARZO,0.708033745,31785.06,114546.1364,81102.53,231,0
PHARMA - Z1,OFTALMICA S.A.C.,AQUADRAN,3,MAR,1620.0,30,Z1,LIMA,False,False,True,False,41945.0,AQUADRAN 10G,MARZO,1.286810293,13176.0,33810.57818,43507.8,231,1
PHARMA - Z1,OFTALMICA S.A.C.,FLUMETOL NF,3,MAR,2017.25,65,Z1,LIMA,False,False,True,False,40513.0,FLUMETOL NF OFTENO 5ML,MARZO,1.399890715,84540.52,101550.4985,142159.6,231,6
PHARMA - Z1,OFTALMICA S.A.C.,GAAP PF,3,MAR,3245.58,45,Z1,LIMA,False,False,True,False,41567.0,GAAP OFTENO LIBRE DE CONSER PF 3 ML PERU,MARZO,0.894697886,80205.04,92164.06035,82458.99,231,8
PHARMA - Z1,OFTALMICA S.A.C.,LAGRICEL,3,MAR,2865.8,70,Z1,LIMA,False,False,True,False,40515.0,LAGRICEL OFTENO 0.5 ML,MARZO,1.138987362,194840.09,165898.7416,188956.57,231,9
PHARMA - Z1,OFTALMICA S.A.C.,LAGRICEL PF,3,MAR,3067.47,60,Z1,LIMA,False,False,True,False,41582.0,LAGRICEL OFTENO LIBRE DE CONSERVADORES (PF) 10 ML,MARZO,1.041573922,244371.43,248182.4906,258500.41,231,10
PHARMA - Z1,OFTALMICA S.A.C.,TRAZIDEX O,3,MAR,2222.64,60,Z1,LIMA,False,False,True,False,40341.0,TRAZIDEX OFTENO 5 ML.,MARZO,0.841410928,99642.69,95524.58531,80375.43,231,13
PHARMA - Z1,OFTALMICA S.A.C.,TRAZIDEX U,3,MAR,2152.09,67,Z1,LIMA,False,False,True,False,40342.0,TRAZIDEX UNGENA 3.5 G,MARZO,0.890660186,111697.65,148184.091,131981.67,231,14
PHARMA - Z1,OFTALMICA S.A.C.,AGGLAD,4,ABR,0.0,45,Z1,LIMA,False,False,True,True,40351.0,AGGLAD OFTENO 5 ML,ABRIL,0.757043269,24635.46,120891.2407,91519.9,231,0
PHARMA - Z1,OFTALMICA S.A.C.,AQUADRAN,4,ABR,0.0,30,Z1,LIMA,False,False,True,True,41945.0,AQUADRAN 10G,ABRIL,1.367885669,18754.2,35738.51318,48886.2,231,1
PHARMA - Z1,OFTALMICA S.A.C.,ELAR-B,4,ABR,776.0,15,Z1,LIMA,False,False,True,False,42098.0,ELAR-B 5 ML,ABRIL,0.614395812,0.0,24407.71845,14996.0,231,3
PHARMA - Z1,OFTALMICA S.A.C.,ELIPTIC,4,ABR,571.0,15,Z1,LIMA,False,False,True,False,41076.0,ELIPTIC OFTENO 5ML,ABRIL,0.367779928,4871.41,39043.81097,14359.53,231,4
PHARMA - Z1,OFTALMICA S.A.C.,ELIPTIC PF,4,ABR,588.0,15,Z1,LIMA,False,False,True,False,41561.0,ELIPTIC OFTENO 5ML PF PERU,ABRIL,0.502083754,28406.63,74583.69182,37447.26,231,5
PHARMA - Z1,OFTALMICA S.A.C.,FLUMETOL NF,4,ABR,0.0,35,Z1,LIMA,False,False,True,True,40513.0,FLUMETOL NF OFTENO 5ML,ABRIL,1.22328994,97096.28,107397.8095,131378.66,231,6
PHARMA - Z1,OFTALMICA S.A.C.,GAAP PF,4,ABR,0.0,45,Z1,LIMA,False,False,True,True,41567.0,GAAP OFTENO LIBRE DE CONSER PF 3 ML PERU,ABRIL,0.580041645,82952.14,97315.99528,56447.33,231,8
PHARMA - Z1,OFTALMICA S.A.C.,LAGRICEL,4,ABR,0.0,50,Z1,LIMA,False,False,True,True,40515.0,LAGRICEL OFTENO 0.5 ML,ABRIL,0.760754197,152829.6,174961.4402,133102.65,231,9
PHARMA - Z1,OFTALMICA S.A.C.,LAGRICEL PF,4,ABR,0.0,55,Z1,LIMA,False,False,True,True,41582.0,LAGRICEL OFTENO LIBRE DE CONSERVADORES (PF) 10 ML,ABRIL,1.234011277,222585.45,261957.3873,323258.37,231,10
PHARMA - Z1,OFTALMICA S.A.C.,SOPHIPREN,4,ABR,572.0,15,Z1,LIMA,False,False,True,False,40338.0,SOPHIPREN OFTENO 5 ML,ABRIL,1.125758804,51339.43,59671.10342,67175.27,231,12
PHARMA - Z1,OFTALMICA S.A.C.,TRAZIDEX O,4,ABR,0.0,80,Z1,LIMA,False,False,True,True,40341.0,TRAZIDEX OFTENO 5 ML.,ABRIL,0.966120714,91975.94,101185.0264,97756.95,231,13
PHARMA - Z1,OFTALMICA S.A.C.,TRAZIDEX U,4,ABR,0.0,80,Z1,LIMA,False,False,True,True,40342.0,TRAZIDEX UNGENA 3.5 G,ABRIL,0.810349246,131494.88,156358.3363,126704.86,231,14
PHARMA - Z1,OFTALMICA S.A.C.,AQUADRAN,5,MAY,0.0,40,Z1,LIMA,False,False,True,True,41945.0,AQUADRAN 10G,MAYO,1.308504351,13786.2,35738.51318,46764.0,231,1
PHARMA - Z1,OFTALMICA S.A.C.,ELIPTIC PF,5,MAY,392.0,10,Z1,LIMA,False,False,True,False,41561.0,ELIPTIC OFTENO 5ML PF PERU,MAYO,0.635068724,11669.87,74583.69182,47365.77,231,5
PHARMA - Z1,OFTALMICA S.A.C.,FLUMETOL NF,5,MAY,0.0,33,Z1,LIMA,False,False,True,True,40513.0,FLUMETOL NF OFTENO 5ML,MAYO,1.182290501,84208.66,107397.8095,126975.41,231,6
PHARMA - Z1,OFTALMICA S.A.C.,GAAP PF,5,MAY,0.0,42,Z1,LIMA,False,False,True,True,41567.0,GAAP OFTENO LIBRE DE CONSER PF 3 ML PERU,MAYO,0.695728383,103158.58,97315.99528,67705.5,231,8
PHARMA - Z1,OFTALMICA S.A.C.,LAGRICEL,5,MAY,0.0,51,Z1,LIMA,False,False,True,True,40515.0,LAGRICEL OFTENO 0.5 ML,MAYO,0.714118093,158816.35,174961.4402,124943.13,231,9
PHARMA - Z1,OFTALMICA S.A.C.,LAGRICEL PF,5,MAY,0.0,61,Z1,LIMA,False,False,True,True,41582.0,LAGRICEL OFTENO LIBRE DE CONSERVADORES (PF) 10 ML,MAYO,0.852391423,198666.14,261957.3873,223290.23,231,10
PHARMA - Z1,OFTALMICA S.A.C.,TRAZIDEX O,5,MAY,0.0,88,Z1,LIMA,False,False,True,True,40341.0,TRAZIDEX OFTENO 5 ML.,MAYO,0.725790194,64098.19,101185.0264,73439.1,231,13
PHARMA - Z1,OFTALMICA S.A.C.,TRAZIDEX U,5,MAY,0.0,76,Z1,LIMA,False,False,True,True,40342.0,TRAZIDEX UNGENA 3.5 G,MAYO,0.799544258,131001.94,156358.3363,125015.41,231,14
PHARMA - Z1,OFTALMICA S.A.C.,AGGLAD,6,JUN,734.0,15,Z1,LIMA,False,False,True,False,40351.0,AGGLAD OFTENO 5 ML,JUNIO,-0.235301917,20271.95,120891.2407,92445.3,231,0
PHARMA - Z1,OFTALMICA S.A.C.,AQUADRAN,6,JUN,0.0,40,Z1,LIMA,False,False,True,True,41945.0,AQUADRAN 10G,JUNIO,0.329694376,15957.0,35738.51318,47521.3,231,1
PHARMA - Z1,OFTALMICA S.A.C.,ELIPTIC,6,JUN,381.0,10,Z1,LIMA,False,False,True,False,41076.0,ELIPTIC OFTENO 5ML,JUNIO,-0.521091319,5789.48,39043.81097,18698.42,231,4
PHARMA - Z1,OFTALMICA S.A.C.,ELIPTIC PF,6,JUN,470.0,12,Z1,LIMA,False,False,True,False,41561.0,ELIPTIC OFTENO 5ML PF PERU,JUNIO,-0.431896719,12781.68,74583.69182,42371.24,231,5
PHARMA - Z1,OFTALMICA S.A.C.,FLUMETOL NF,6,JUN,0.0,50,Z1,LIMA,False,False,True,True,40513.0,FLUMETOL NF OFTENO 5ML,JUNIO,0.071788154,87288.94,107397.8095,115107.7,231,6
PHARMA - Z1,OFTALMICA S.A.C.,GAAP PF,6,JUN,0.0,50,Z1,LIMA,False,False,True,True,41567.0,GAAP OFTENO LIBRE DE CONSER PF 3 ML PERU,JUNIO,-0.151410313,75783.27,97315.99528,82581.35,231,8
PHARMA - Z1,OFTALMICA S.A.C.,LAGRICEL,6,JUN,0.0,60,Z1,LIMA,False,False,True,True,40515.0,LAGRICEL OFTENO 0.5 ML,JUNIO,-0.157973323,129483.27,174961.4402,147322.2,231,9
PHARMA - Z1,OFTALMICA S.A.C.,LAGRICEL PF,6,JUN,0.0,70,Z1,LIMA,False,False,True,True,41582.0,LAGRICEL OFTENO LIBRE DE CONSERVADORES (PF) 10 ML,JUNIO,-0.085958779,182516.9,261957.3873,239439.85,231,10
PHARMA - Z1,OFTALMICA S.A.C.,TRAZIDEX O,6,JUN,0.0,70,Z1,LIMA,False,False,True,True,40341.0,TRAZIDEX OFTENO 5 ML.,JUNIO,-0.192738462,70697.29,101185.0264,81682.78,231,13
PHARMA - Z1,OFTALMICA S.A.C.,TRAZIDEX U,6,JUN,0.0,70,Z1,LIMA,False,False,True,True,40342.0,TRAZIDEX UNGENA 3.5 G,JUNIO,-0.144707451,114383.92,156358.3363,133732.12,231,14
PHARMA - Z1,OFTALMICA S.A.C.,AQUADRAN,7,JUL,0.0,70,Z1,LIMA,False,False,True,True,41945.0,AQUADRAN 10G,JULIO,-0.866344679,19218.6,39594.38318,5292.0,231,1
PHARMA - Z1,OFTALMICA S.A.C.,FLUMETOL NF,7,JUL,0.0,50,Z1,LIMA,False,False,True,True,40513.0,FLUMETOL NF OFTENO 5ML,JULIO,-0.833324001,99312.38,119092.4315,19849.85,231,6
PHARMA - Z1,OFTALMICA S.A.C.,GAAP,7,JUL,0.0,20,Z1,LIMA,False,False,True,True,40498.0,GAAP OFTENO 3 ML,JULIO,-0.93275572,98357.17,113403.6977,7625.75,231,7
PHARMA - Z1,OFTALMICA S.A.C.,GAAP PF,7,JUL,0.0,60,Z1,LIMA,False,False,True,True,41567.0,GAAP OFTENO LIBRE DE CONSER PF 3 ML PERU,JULIO,-0.767903816,96163.14,107619.8651,24978.16,231,8
PHARMA - Z1,OFTALMICA S.A.C.,LAGRICEL,7,JUL,0.0,40,Z1,LIMA,False,False,True,True,40515.0,LAGRICEL OFTENO 0.5 ML,JULIO,-0.84932888,184824.49,193086.8374,29092.61,231,9
PHARMA - Z1,OFTALMICA S.A.C.,LAGRICEL PF,7,JUL,0.0,35,Z1,LIMA,False,False,True,True,41582.0,LAGRICEL OFTENO LIBRE DE CONSERVADORES (PF) 10 ML,JULIO,-0.871300153,205886.66,289507.1807,37259.53,231,10
PHARMA - Z1,OFTALMICA S.A.C.,TRAZIDEX O,7,JUL,0.0,80,Z1,LIMA,False,False,True,True,40341.0,TRAZIDEX OFTENO 5 ML.,JULIO,-0.912844311,118392.28,112505.9086,9805.53,231,13
PHARMA - Z1,OFTALMICA S.A.C.,TRAZIDEX U,7,JUL,0.0,100,Z1,LIMA,False,False,True,True,40342.0,TRAZIDEX UNGENA 3.5 G,JULIO,-0.835453002,134186.98,172706.827,28418.39,231,14
PHARMA - Z1,OFTALMO CUBA E.I.R.L.,AGGLAD,6,JUN,275.0,5,Z1,LIMA,False,False,True,False,40351.0,AGGLAD OFTENO 5 ML,JUNIO,-0.235301917,20271.95,120891.2407,92445.3,232,0
PHARMA - Z1,OFTALMO CUBA E.I.R.L.,ELIPTIC PF,6,JUN,189.0,5,Z1,LIMA,False,False,True,False,41561.0,ELIPTIC OFTENO 5ML PF PERU,JUNIO,-0.431896719,12781.68,74583.69182,42371.24,232,5
PHARMA - Z1,OFTALMO MEDICAL CENTER S.A.C.,ELIPTIC PF,1,ENE,326.6,10,Z1,LIMA,False,False,True,False,41561.0,ELIPTIC OFTENO 5ML PF PERU,ENERO,1.0,16201.95,62857.68,62857.68,233,5
PHARMA - Z1,OFTALMO MEDICAL CENTER S.A.C.,FLUMETOL NF,1,ENE,408.35,10,Z1,LIMA,False,False,True,False,40513.0,FLUMETOL NF OFTENO 5ML,ENERO,1.0,106644.0,144656.97,144656.97,233,6
PHARMA - Z1,OFTALMO MEDICAL CENTER S.A.C.,GAAP PF,1,ENE,540.93,10,Z1,LIMA,False,False,True,False,41567.0,GAAP OFTENO LIBRE DE CONSER PF 3 ML PERU,ENERO,1.0,67726.3,99013.28,99013.28,233,8
PHARMA - Z1,OFTALMO MEDICAL CENTER S.A.C.,LAGRICEL PF,1,ENE,2385.81,50,Z1,LIMA,False,False,True,False,41582.0,LAGRICEL OFTENO LIBRE DE CONSERVADORES (PF) 10 ML,ENERO,1.0,241357.65,244552.3,244552.3,233,10
PHARMA - Z1,OFTALMO MEDICAL CENTER S.A.C.,LANDAX,1,ENE,2097.45,50,Z1,LIMA,False,False,True,False,41804.0,LANDAX 5ML,ENERO,1.0,2843.21,23761.78,23761.78,233,11
PHARMA - Z1,OFTALMO MEDICAL CENTER S.A.C.,SOPHIPREN,1,ENE,1905.75,50,Z1,LIMA,False,False,True,False,40338.0,SOPHIPREN OFTENO 5 ML,ENERO,1.0,41450.28,50525.9,50525.9,233,12
PHARMA - Z1,OFTALMO MEDICAL CENTER S.A.C.,TRAZIDEX U,1,ENE,467.55,10,Z1,LIMA,False,False,True,False,40342.0,TRAZIDEX UNGENA 3.5 G,ENERO,1.0,127130.48,135275.35,135275.35,233,14
PHARMA - Z1,OFTALMO MEDICAL CENTER S.A.C.,FLUMETOL NF,4,ABR,408.0,10,Z1,LIMA,False,False,True,False,40513.0,FLUMETOL NF OFTENO 5ML,ABRIL,1.22328994,97096.28,107397.8095,131378.66,233,6
PHARMA - Z1,OFTALMO MEDICAL CENTER S.A.C.,LAGRICEL PF,4,ABR,954.0,20,Z1,LIMA,False,False,True,False,41582.0,LAGRICEL OFTENO LIBRE DE CONSERVADORES (PF) 10 ML,ABRIL,1.234011277,222585.45,261957.3873,323258.37,233,10
PHARMA - Z1,OFTALMO MEDICAL CENTER S.A.C.,SOPHIPREN,4,ABR,0.0,50,Z1,LIMA,False,False,True,True,40338.0,SOPHIPREN OFTENO 5 ML,ABRIL,1.125758804,51339.43,59671.10342,67175.27,233,12
PHARMA - Z1,OFTALMO MEDICAL CENTER S.A.C.,TRAZIDEX O,4,ABR,463.0,10,Z1,LIMA,False,False,True,False,40341.0,TRAZIDEX OFTENO 5 ML.,ABRIL,0.966120714,91975.94,101185.0264,97756.95,233,13
PHARMA - Z1,OFTALMO MEDICAL CENTER S.A.C.,TRAZIDEX U,4,ABR,468.0,10,Z1,LIMA,False,False,True,False,40342.0,TRAZIDEX UNGENA 3.5 G,ABRIL,0.810349246,131494.88,156358.3363,126704.86,233,14
PHARMA - Z1,OFTALMO MEDICAL CENTER S.A.C.,ZEBESTEN,4,ABR,245.0,5,Z1,LIMA,False,False,True,False,41604.0,ZEBESTEN 5ML PERU,ABRIL,1.062586642,26953.56,29060.89609,30879.72,233,15
PHARMA - Z1,OFTALMO MEDICAL CENTER S.A.C.,LAGRICEL PF,6,JUN,0.0,50,Z1,LIMA,False,False,True,True,41582.0,LAGRICEL OFTENO LIBRE DE CONSERVADORES (PF) 10 ML,JUNIO,-0.085958779,182516.9,261957.3873,239439.85,233,10
PHARMA - Z1,OFTALMO MEDICAL CENTER S.A.C.,LANDAX,6,JUN,0.0,50,Z1,LIMA,False,False,True,True,41804.0,LANDAX 5ML,JUNIO,-0.340308868,5574.56,22304.8625,14714.32,233,11
PHARMA - Z1,OFTALMO MEDICAL CENTER S.A.C.,SOPHIPREN,6,JUN,0.0,50,Z1,LIMA,False,False,True,True,40338.0,SOPHIPREN OFTENO 5 ML,JUNIO,0.072135193,48676.87,59671.10342,63975.49,233,12
PHARMA - Z2,OFTALMO PREVENCION E.I.R.L.,TRAZIDEX U,3,MAR,1101.78,25,Z2,CALLAO,False,False,True,False,40342.0,TRAZIDEX UNGENA 3.5 G,MARZO,0.890660186,111697.65,148184.091,131981.67,234,14
PHARMA - Z1,OFTALMO VISSUM SOCIEDAD ANONIMA CERRADA,AQUADRAN,1,ENE,1458.0,30,Z1,LIMA,False,False,True,False,41945.0,AQUADRAN 10G,ENERO,1.0,3348.0,44517.6,44517.6,235,1
PHARMA - Z1,OFTALMO VISSUM SOCIEDAD ANONIMA CERRADA,FLUMETOL NF,1,ENE,1347.56,30,Z1,LIMA,False,False,True,False,40513.0,FLUMETOL NF OFTENO 5ML,ENERO,1.0,106644.0,144656.97,144656.97,235,6
PHARMA - Z1,OFTALMO VISSUM SOCIEDAD ANONIMA CERRADA,GAAP PF,1,ENE,540.93,6,Z1,LIMA,False,False,True,False,41567.0,GAAP OFTENO LIBRE DE CONSER PF 3 ML PERU,ENERO,1.0,67726.3,99013.28,99013.28,235,8
PHARMA - Z1,OFTALMO VISSUM SOCIEDAD ANONIMA CERRADA,LAGRICEL PF,1,ENE,4771.62,100,Z1,LIMA,False,False,True,False,41582.0,LAGRICEL OFTENO LIBRE DE CONSERVADORES (PF) 10 ML,ENERO,1.0,241357.65,244552.3,244552.3,235,10
PHARMA - Z1,OFTALMO VISSUM SOCIEDAD ANONIMA CERRADA,AQUADRAN,2,FEB,729.0,15,Z1,LIMA,False,False,True,False,41945.0,AQUADRAN 10G,FEBRERO,1.033824379,13176.0,33810.57818,34954.2,235,1
PHARMA - Z1,OFTALMO VISSUM SOCIEDAD ANONIMA CERRADA,FLUMETOL NF,2,FEB,1572.15,35,Z1,LIMA,False,False,True,False,40513.0,FLUMETOL NF OFTENO 5ML,FEBRERO,1.285457107,84540.52,101550.4985,130538.81,235,6
PHARMA - Z1,OFTALMO VISSUM SOCIEDAD ANONIMA CERRADA,GAAP PF,2,FEB,721.24,8,Z1,LIMA,False,False,True,False,41567.0,GAAP OFTENO LIBRE DE CONSER PF 3 ML PERU,FEBRERO,0.820494884,80205.04,92164.06035,75620.14,235,8
PHARMA - Z1,OFTALMO VISSUM SOCIEDAD ANONIMA CERRADA,LAGRICEL PF,2,FEB,9543.24,200,Z1,LIMA,False,False,True,False,41582.0,LAGRICEL OFTENO LIBRE DE CONSERVADORES (PF) 10 ML,FEBRERO,1.01762066,244371.43,248182.4906,252555.63,235,10
PHARMA - Z1,OFTALMO VISSUM SOCIEDAD ANONIMA CERRADA,LANDAX,2,FEB,209.75,5,Z1,LIMA,False,False,True,False,41804.0,LANDAX 5ML,FEBRERO,0.765660853,4684.31,21117.7311,16169.02,235,11
PHARMA - Z1,OFTALMO VISSUM SOCIEDAD ANONIMA CERRADA,SOPHIPREN,2,FEB,1863.4,50,Z1,LIMA,False,False,True,False,40338.0,SOPHIPREN OFTENO 5 ML,FEBRERO,1.300787434,39394.05,56555.62783,73566.85,235,12
PHARMA - Z1,OFTALMO VISSUM SOCIEDAD ANONIMA CERRADA,TRAZIDEX U,2,FEB,420.8,10,Z1,LIMA,False,False,True,False,40342.0,TRAZIDEX UNGENA 3.5 G,FEBRERO,0.737379291,111697.65,148184.091,109267.88,235,14
PHARMA - Z1,OFTALMO VISSUM SOCIEDAD ANONIMA CERRADA,AQUADRAN,3,MAR,1944.0,40,Z1,LIMA,False,False,True,False,41945.0,AQUADRAN 10G,MARZO,1.286810293,13176.0,33810.57818,43507.8,235,1
PHARMA - Z1,OFTALMO VISSUM SOCIEDAD ANONIMA CERRADA,FLUMETOL NF,3,MAR,898.37,20,Z1,LIMA,False,False,True,False,40513.0,FLUMETOL NF OFTENO 5ML,MARZO,1.399890715,84540.52,101550.4985,142159.6,235,6
PHARMA - Z1,OFTALMO VISSUM SOCIEDAD ANONIMA CERRADA,LAGRICEL PF,3,MAR,7157.43,150,Z1,LIMA,False,False,True,False,41582.0,LAGRICEL OFTENO LIBRE DE CONSERVADORES (PF) 10 ML,MARZO,1.041573922,244371.43,248182.4906,258500.41,235,10
PHARMA - Z1,OFTALMO VISSUM SOCIEDAD ANONIMA CERRADA,TRAZIDEX U,3,MAR,210.4,5,Z1,LIMA,False,False,True,False,40342.0,TRAZIDEX UNGENA 3.5 G,MARZO,0.890660186,111697.65,148184.091,131981.67,235,14
PHARMA - Z1,OFTALMO VISSUM SOCIEDAD ANONIMA CERRADA,AGGLAD,4,ABR,0.0,20,Z1,LIMA,False,False,True,True,40351.0,AGGLAD OFTENO 5 ML,ABRIL,0.757043269,24635.46,120891.2407,91519.9,235,0
PHARMA - Z1,OFTALMO VISSUM SOCIEDAD ANONIMA CERRADA,AQUADRAN,4,ABR,0.0,40,Z1,LIMA,False,False,True,True,41945.0,AQUADRAN 10G,ABRIL,1.367885669,18754.2,35738.51318,48886.2,235,1
PHARMA - Z1,OFTALMO VISSUM SOCIEDAD ANONIMA CERRADA,ELAR-B,4,ABR,575.0,10,Z1,LIMA,False,False,True,False,42098.0,ELAR-B 5 ML,ABRIL,0.614395812,0.0,24407.71845,14996.0,235,3
PHARMA - Z1,OFTALMO VISSUM SOCIEDAD ANONIMA CERRADA,ELIPTIC PF,4,ABR,679.0,20,Z1,LIMA,False,False,True,False,41561.0,ELIPTIC OFTENO 5ML PF PERU,ABRIL,0.502083754,28406.63,74583.69182,37447.26,235,5
PHARMA - Z1,OFTALMO VISSUM SOCIEDAD ANONIMA CERRADA,FLUMETOL NF,4,ABR,449.0,10,Z1,LIMA,False,False,True,False,40513.0,FLUMETOL NF OFTENO 5ML,ABRIL,1.22328994,97096.28,107397.8095,131378.66,235,6
PHARMA - Z1,OFTALMO VISSUM SOCIEDAD ANONIMA CERRADA,GAAP PF,4,ABR,902.0,10,Z1,LIMA,False,False,True,False,41567.0,GAAP OFTENO LIBRE DE CONSER PF 3 ML PERU,ABRIL,0.580041645,82952.14,97315.99528,56447.33,235,8
PHARMA - Z1,OFTALMO VISSUM SOCIEDAD ANONIMA CERRADA,LAGRICEL PF,4,ABR,0.0,250,Z1,LIMA,False,False,True,True,41582.0,LAGRICEL OFTENO LIBRE DE CONSERVADORES (PF) 10 ML,ABRIL,1.234011277,222585.45,261957.3873,323258.37,235,10
PHARMA - Z1,OFTALMO VISSUM SOCIEDAD ANONIMA CERRADA,SOPHIPREN,4,ABR,0.0,30,Z1,LIMA,False,False,True,True,40338.0,SOPHIPREN OFTENO 5 ML,ABRIL,1.125758804,51339.43,59671.10342,67175.27,235,12
PHARMA - Z1,OFTALMO VISSUM SOCIEDAD ANONIMA CERRADA,TRAZIDEX U,4,ABR,337.0,8,Z1,LIMA,False,False,True,False,40342.0,TRAZIDEX UNGENA 3.5 G,ABRIL,0.810349246,131494.88,156358.3363,126704.86,235,14
PHARMA - Z1,OFTALMO VISSUM SOCIEDAD ANONIMA CERRADA,AQUADRAN,5,MAY,972.0,20,Z1,LIMA,False,False,True,False,41945.0,AQUADRAN 10G,MAYO,1.308504351,13786.2,35738.51318,46764.0,235,1
PHARMA - Z1,OFTALMO VISSUM SOCIEDAD ANONIMA CERRADA,LAGRICEL PF,5,MAY,0.0,100,Z1,LIMA,False,False,True,True,41582.0,LAGRICEL OFTENO LIBRE DE CONSERVADORES (PF) 10 ML,MAYO,0.852391423,198666.14,261957.3873,223290.23,235,10
PHARMA - Z1,OFTALMO VISSUM SOCIEDAD ANONIMA CERRADA,TRAZIDEX U,5,MAY,421.0,10,Z1,LIMA,False,False,True,False,40342.0,TRAZIDEX UNGENA 3.5 G,MAYO,0.799544258,131001.94,156358.3363,125015.41,235,14
PHARMA - Z1,OFTALMO VISSUM SOCIEDAD ANONIMA CERRADA,AGGLAD,6,JUN,550.0,10,Z1,LIMA,False,False,True,False,40351.0,AGGLAD OFTENO 5 ML,JUNIO,-0.235301917,20271.95,120891.2407,92445.3,235,0
PHARMA - Z1,OFTALMO VISSUM SOCIEDAD ANONIMA CERRADA,AQUADRAN,6,JUN,0.0,35,Z1,LIMA,False,False,True,True,41945.0,AQUADRAN 10G,JUNIO,0.329694376,15957.0,35738.51318,47521.3,235,1
PHARMA - Z1,OFTALMO VISSUM SOCIEDAD ANONIMA CERRADA,ELIPTIC PF,6,JUN,340.0,10,Z1,LIMA,False,False,True,False,41561.0,ELIPTIC OFTENO 5ML PF PERU,JUNIO,-0.431896719,12781.68,74583.69182,42371.24,235,5
PHARMA - Z1,OFTALMO VISSUM SOCIEDAD ANONIMA CERRADA,FLUMETOL NF,6,JUN,0.0,40,Z1,LIMA,False,False,True,True,40513.0,FLUMETOL NF OFTENO 5ML,JUNIO,0.071788154,87288.94,107397.8095,115107.7,235,6
PHARMA - Z1,OFTALMO VISSUM SOCIEDAD ANONIMA CERRADA,LAGRICEL PF,6,JUN,0.0,100,Z1,LIMA,False,False,True,True,41582.0,LAGRICEL OFTENO LIBRE DE CONSERVADORES (PF) 10 ML,JUNIO,-0.085958779,182516.9,261957.3873,239439.85,235,10
PHARMA - Z1,OFTALMO VISSUM SOCIEDAD ANONIMA CERRADA,SOPHIPREN,6,JUN,0.0,40,Z1,LIMA,False,False,True,True,40338.0,SOPHIPREN OFTENO 5 ML,JUNIO,0.072135193,48676.87,59671.10342,63975.49,235,12
PHARMA - Z1,OFTALMO VISSUM SOCIEDAD ANONIMA CERRADA,TRAZIDEX U,6,JUN,252.0,6,Z1,LIMA,False,False,True,False,40342.0,TRAZIDEX UNGENA 3.5 G,JUNIO,-0.144707451,114383.92,156358.3363,133732.12,235,14
PHARMA - N1,OFTALMOCENTRO HD EMPRESA INDIVIDUAL DE RESPONSABILIDAD LIMITADA - OFTA HD E.I.R.L.,AGGLAD,2,FEB,2202.26,40,N1,CHICLAYO,False,False,True,False,40351.0,AGGLAD OFTENO 5 ML,FEBRERO,0.96716156,31785.06,114546.1364,110784.62,236,0
PHARMA - N1,OFTALMOCENTRO HD EMPRESA INDIVIDUAL DE RESPONSABILIDAD LIMITADA - OFTA HD E.I.R.L.,ELIPTIC PF,2,FEB,679.33,20,N1,CHICLAYO,False,False,True,False,41561.0,ELIPTIC OFTENO 5ML PF PERU,FEBRERO,0.876631233,16081.78,70691.40098,61970.29,236,5
PHARMA - N1,OFTALMOCENTRO HD EMPRESA INDIVIDUAL DE RESPONSABILIDAD LIMITADA - OFTA HD E.I.R.L.,FLUMETOL NF,2,FEB,898.37,20,N1,CHICLAYO,False,False,True,False,40513.0,FLUMETOL NF OFTENO 5ML,FEBRERO,1.285457107,84540.52,101550.4985,130538.81,236,6
PHARMA - N1,OFTALMOCENTRO HD EMPRESA INDIVIDUAL DE RESPONSABILIDAD LIMITADA - OFTA HD E.I.R.L.,LAGRICEL PF,2,FEB,2457.95,50,N1,CHICLAYO,False,False,True,False,41582.0,LAGRICEL OFTENO LIBRE DE CONSERVADORES (PF) 10 ML,FEBRERO,1.01762066,244371.43,248182.4906,252555.63,236,10
PHARMA - N1,OFTALMOCENTRO HD EMPRESA INDIVIDUAL DE RESPONSABILIDAD LIMITADA - OFTA HD E.I.R.L.,SOPHIPREN,2,FEB,1863.4,40,N1,CHICLAYO,False,False,True,False,40338.0,SOPHIPREN OFTENO 5 ML,FEBRERO,1.300787434,39394.05,56555.62783,73566.85,236,12
PHARMA - N1,OFTALMOCENTRO HD EMPRESA INDIVIDUAL DE RESPONSABILIDAD LIMITADA - OFTA HD E.I.R.L.,ZEBESTEN,2,FEB,981.75,20,N1,CHICLAYO,False,False,True,False,41604.0,ZEBESTEN 5ML PERU,FEBRERO,0.998966691,24271.56,27459.43408,27431.06,236,15
PHARMA - N1,OFTALMOCENTRO HD EMPRESA INDIVIDUAL DE RESPONSABILIDAD LIMITADA - OFTA HD E.I.R.L.,ELAR-B,3,MAR,1242.0,24,N1,CHICLAYO,False,False,True,False,42098.0,ELAR-B 5 ML,MARZO,0.892513965,0.0,23180.02945,20688.5,236,3
PHARMA - N1,OFTALMOCENTRO HD EMPRESA INDIVIDUAL DE RESPONSABILIDAD LIMITADA - OFTA HD E.I.R.L.,AGGLAD,4,ABR,0.0,48,N1,CHICLAYO,False,False,True,True,40351.0,AGGLAD OFTENO 5 ML,ABRIL,0.757043269,24635.46,120891.2407,91519.9,236,0
PHARMA - N1,OFTALMOCENTRO HD EMPRESA INDIVIDUAL DE RESPONSABILIDAD LIMITADA - OFTA HD E.I.R.L.,ELIPTIC PF,4,ABR,0.0,48,N1,CHICLAYO,False,False,True,True,41561.0,ELIPTIC OFTENO 5ML PF PERU,ABRIL,0.502083754,28406.63,74583.69182,37447.26,236,5
PHARMA - N1,OFTALMOCENTRO HD EMPRESA INDIVIDUAL DE RESPONSABILIDAD LIMITADA - OFTA HD E.I.R.L.,GAAP PF,4,ABR,0.0,48,N1,CHICLAYO,False,False,True,True,41567.0,GAAP OFTENO LIBRE DE CONSER PF 3 ML PERU,ABRIL,0.580041645,82952.14,97315.99528,56447.33,236,8
PHARMA - N1,OFTALMOCENTRO HD EMPRESA INDIVIDUAL DE RESPONSABILIDAD LIMITADA - OFTA HD E.I.R.L.,ELIPTIC PF,5,MAY,815.0,24,N1,CHICLAYO,False,False,True,False,41561.0,ELIPTIC OFTENO 5ML PF PERU,MAYO,0.635068724,11669.87,74583.69182,47365.77,236,5
PHARMA - N1,OFTALMOCENTRO HD EMPRESA INDIVIDUAL DE RESPONSABILIDAD LIMITADA - OFTA HD E.I.R.L.,FLUMETOL NF,5,MAY,0.0,24,N1,CHICLAYO,False,False,True,True,40513.0,FLUMETOL NF OFTENO 5ML,MAYO,1.182290501,84208.66,107397.8095,126975.41,236,6
PHARMA - N1,OFTALMOCENTRO HD EMPRESA INDIVIDUAL DE RESPONSABILIDAD LIMITADA - OFTA HD E.I.R.L.,GAAP PF,5,MAY,0.0,24,N1,CHICLAYO,False,False,True,True,41567.0,GAAP OFTENO LIBRE DE CONSER PF 3 ML PERU,MAYO,0.695728383,103158.58,97315.99528,67705.5,236,8
PHARMA - N1,OFTALMOCENTRO HD EMPRESA INDIVIDUAL DE RESPONSABILIDAD LIMITADA - OFTA HD E.I.R.L.,LAGRICEL PF,5,MAY,0.0,24,N1,CHICLAYO,False,False,True,True,41582.0,LAGRICEL OFTENO LIBRE DE CONSERVADORES (PF) 10 ML,MAYO,0.852391423,198666.14,261957.3873,223290.23,236,10
PHARMA - N1,OFTALMOCENTRO HD EMPRESA INDIVIDUAL DE RESPONSABILIDAD LIMITADA - OFTA HD E.I.R.L.,SOPHIPREN,5,MAY,0.0,24,N1,CHICLAYO,False,False,True,True,40338.0,SOPHIPREN OFTENO 5 ML,MAYO,0.947602386,43314.92,59671.10342,56544.48,236,12
PHARMA - N1,OFTALMOCENTRO HD EMPRESA INDIVIDUAL DE RESPONSABILIDAD LIMITADA - OFTA HD E.I.R.L.,LAGRICEL PF,6,JUN,0.0,30,N1,CHICLAYO,False,False,True,True,41582.0,LAGRICEL OFTENO LIBRE DE CONSERVADORES (PF) 10 ML,JUNIO,-0.085958779,182516.9,261957.3873,239439.85,236,10
PHARMA - Z3,OFTALMOFARM S.A.C.,TRAZIDEX U,2,FEB,1402.65,30,Z3,NORTE CHICO,False,False,True,False,40342.0,TRAZIDEX UNGENA 3.5 G,FEBRERO,0.737379291,111697.65,148184.091,109267.88,237,14
PHARMA - Z3,OFTALMOFARM S.A.C.,GAAP PF,6,JUN,822.0,12,Z3,NORTE CHICO,False,False,True,False,41567.0,GAAP OFTENO LIBRE DE CONSER PF 3 ML PERU,JUNIO,-0.151410313,75783.27,97315.99528,82581.35,237,8
PHARMA - Z3,OFTALMOFARM S.A.C.,TRAZIDEX U,6,JUN,0.0,36,Z3,NORTE CHICO,False,False,True,True,40342.0,TRAZIDEX UNGENA 3.5 G,JUNIO,-0.144707451,114383.92,156358.3363,133732.12,237,14
PHARMA - Z2,OFTALMOLIVE GROUP PERU S.A.C.,FLUMETOL NF,1,ENE,490.02,12,Z2,CALLAO,False,False,True,False,40513.0,FLUMETOL NF OFTENO 5ML,ENERO,1.0,106644.0,144656.97,144656.97,238,6
PHARMA - Z2,OFTALMOLIVE GROUP PERU S.A.C.,LAGRICEL PF,1,ENE,681.66,12,Z2,CALLAO,False,False,True,False,41582.0,LAGRICEL OFTENO LIBRE DE CONSERVADORES (PF) 10 ML,ENERO,1.0,241357.65,244552.3,244552.3,238,10
PHARMA - Z2,OFTALMOLIVE GROUP PERU S.A.C.,ZEBESTEN,1,ENE,589.05,12,Z2,CALLAO,False,False,True,False,41604.0,ZEBESTEN 5ML PERU,ENERO,1.0,31496.43,43862.02,43862.02,238,15
PHARMA - Z2,OFTALMOLIVE GROUP PERU S.A.C.,AQUADRAN,2,FEB,648.0,12,Z2,CALLAO,False,False,True,False,41945.0,AQUADRAN 10G,FEBRERO,1.033824379,13176.0,33810.57818,34954.2,238,1
PHARMA - Z2,OFTALMOLIVE GROUP PERU S.A.C.,ELIPTIC PF,2,FEB,627.07,12,Z2,CALLAO,False,False,True,False,41561.0,ELIPTIC OFTENO 5ML PF PERU,FEBRERO,0.876631233,16081.78,70691.40098,61970.29,238,5
PHARMA - Z2,OFTALMOLIVE GROUP PERU S.A.C.,GAAP PF,2,FEB,1081.86,12,Z2,CALLAO,False,False,True,False,41567.0,GAAP OFTENO LIBRE DE CONSER PF 3 ML PERU,FEBRERO,0.820494884,80205.04,92164.06035,75620.14,238,8
PHARMA - Z2,OFTALMOLIVE GROUP PERU S.A.C.,TRAZIDEX U,2,FEB,280.53,6,Z2,CALLAO,False,False,True,False,40342.0,TRAZIDEX UNGENA 3.5 G,FEBRERO,0.737379291,111697.65,148184.091,109267.88,238,14
PHARMA - Z2,OFTALMOLIVE GROUP PERU S.A.C.,FLUMETOL NF,3,MAR,245.01,6,Z2,CALLAO,False,False,True,False,40513.0,FLUMETOL NF OFTENO 5ML,MARZO,1.399890715,84540.52,101550.4985,142159.6,238,6
PHARMA - Z2,OFTALMOLIVE GROUP PERU S.A.C.,LAGRICEL PF,3,MAR,681.66,12,Z2,CALLAO,False,False,True,False,41582.0,LAGRICEL OFTENO LIBRE DE CONSERVADORES (PF) 10 ML,MARZO,1.041573922,244371.43,248182.4906,258500.41,238,10
PHARMA - Z2,OFTALMOLIVE GROUP PERU S.A.C.,ZEBESTEN,3,MAR,589.05,12,Z2,CALLAO,False,False,True,False,41604.0,ZEBESTEN 5ML PERU,MARZO,1.283372043,24271.56,27459.43408,35240.67,238,15
PHARMA - Z2,OFTALMOLIVE GROUP PERU S.A.C.,AQUADRAN,4,ABR,648.0,12,Z2,CALLAO,False,False,True,False,41945.0,AQUADRAN 10G,ABRIL,1.367885669,18754.2,35738.51318,48886.2,238,1
PHARMA - Z2,OFTALMOLIVE GROUP PERU S.A.C.,GAAP PF,4,ABR,0.0,12,Z2,CALLAO,False,False,True,True,41567.0,GAAP OFTENO LIBRE DE CONSER PF 3 ML PERU,ABRIL,0.580041645,82952.14,97315.99528,56447.33,238,8
PHARMA - Z2,OFTALMOLIVE GROUP PERU S.A.C.,TRAZIDEX U,4,ABR,281.0,6,Z2,CALLAO,False,False,True,False,40342.0,TRAZIDEX UNGENA 3.5 G,ABRIL,0.810349246,131494.88,156358.3363,126704.86,238,14
PHARMA - Z2,OFTALMOLIVE GROUP PERU S.A.C.,AQUADRAN,6,JUN,756.0,14,Z2,CALLAO,False,False,True,False,41945.0,AQUADRAN 10G,JUNIO,0.329694376,15957.0,35738.51318,47521.3,238,1
PHARMA - Z2,OFTALMOLIVE GROUP PERU S.A.C.,GAAP PF,7,JUL,0.0,12,Z2,CALLAO,False,False,True,True,41567.0,GAAP OFTENO LIBRE DE CONSER PF 3 ML PERU,JULIO,-0.767903816,96163.14,107619.8651,24978.16,238,8
PHARMA - Z2,OFTALMOLIVE GROUP PERU S.A.C.,LAGRICEL PF,7,JUL,682.0,12,Z2,CALLAO,False,False,True,False,41582.0,LAGRICEL OFTENO LIBRE DE CONSERVADORES (PF) 10 ML,JULIO,-0.871300153,205886.66,289507.1807,37259.53,238,10
PHARMA - S,OFTALMOLOGIA DEL SUR SOCIEDAD COMERCIAL DE RESPONSABILIDAD LIMITADA,SOPHIPREN,3,MAR,423.5,10,S,CADENAS,False,False,True,False,40338.0,SOPHIPREN OFTENO 5 ML,MARZO,1.018181783,39394.05,56555.62783,57583.91,239,12
PHARMA - Z1,OFTALMOLOGIA S & S E.I.R.L.,FLUMETOL NF,1,ENE,163.34,4,Z1,LIMA,False,False,True,False,40513.0,FLUMETOL NF OFTENO 5ML,ENERO,1.0,106644.0,144656.97,144656.97,240,6
PHARMA - Z1,OFTALMOLOGIA S & S E.I.R.L.,LAGRICEL,2,FEB,307.05,6,Z1,LIMA,False,False,True,False,40515.0,LAGRICEL OFTENO 0.5 ML,FEBRERO,0.970823097,194840.09,165898.7416,161058.33,240,9
PHARMA - Z1,OFTALMOLOGIA S & S E.I.R.L.,FLUMETOL NF,3,MAR,204.18,5,Z1,LIMA,False,False,True,False,40513.0,FLUMETOL NF OFTENO 5ML,MARZO,1.399890715,84540.52,101550.4985,142159.6,240,6
PHARMA - Z1,OFTALMOLOGIA S & S E.I.R.L.,LAGRICEL,3,MAR,511.75,10,Z1,LIMA,False,False,True,False,40515.0,LAGRICEL OFTENO 0.5 ML,MARZO,1.138987362,194840.09,165898.7416,188956.57,240,9
PHARMA - Z1,OFTALMOLOGIA S & S E.I.R.L.,FLUMETOL NF,5,MAY,204.0,5,Z1,LIMA,False,False,True,False,40513.0,FLUMETOL NF OFTENO 5ML,MAYO,1.182290501,84208.66,107397.8095,126975.41,240,6
PHARMA - S,"OFTALMOLOGIA, TECNOLOGIA E INNOVACION E.I.R.L.",FLUMETOL NF,5,MAY,408.0,10,S,CADENAS,False,False,True,False,40513.0,FLUMETOL NF OFTENO 5ML,MAYO,1.182290501,84208.66,107397.8095,126975.41,241,6
PHARMA - S,"OFTALMOLOGIA, TECNOLOGIA E INNOVACION E.I.R.L.",LAGRICEL PF,5,MAY,954.0,20,S,CADENAS,False,False,True,False,41582.0,LAGRICEL OFTENO LIBRE DE CONSERVADORES (PF) 10 ML,MAYO,0.852391423,198666.14,261957.3873,223290.23,241,10
PHARMA - S,"OFTALMOLOGIA, TECNOLOGIA E INNOVACION E.I.R.L.",TRAZIDEX U,5,MAY,468.0,10,S,CADENAS,False,False,True,False,40342.0,TRAZIDEX UNGENA 3.5 G,MAYO,0.799544258,131001.94,156358.3363,125015.41,241,14
PHARMA - N1,OFTALMOLOGOS ASOCIADOS VER S.A.C.,AGGLAD,1,ENE,825.39,15,N1,CHICLAYO,False,False,True,False,40351.0,AGGLAD OFTENO 5 ML,ENERO,1.0,22534.35,110094.81,110094.81,242,0
PHARMA - N1,OFTALMOLOGOS ASOCIADOS VER S.A.C.,ELIPTIC PF,2,FEB,572.01,15,N1,CHICLAYO,False,False,True,False,41561.0,ELIPTIC OFTENO 5ML PF PERU,FEBRERO,0.876631233,16081.78,70691.40098,61970.29,242,5
PHARMA - N1,OFTALMOLOGOS ASOCIADOS VER S.A.C.,FLUMETOL NF,2,FEB,539.02,12,N1,CHICLAYO,False,False,True,False,40513.0,FLUMETOL NF OFTENO 5ML,FEBRERO,1.285457107,84540.52,101550.4985,130538.81,242,6
PHARMA - N1,OFTALMOLOGOS ASOCIADOS VER S.A.C.,GAAP,2,FEB,4814.15,55,N1,CHICLAYO,False,False,True,False,40498.0,GAAP OFTENO 3 ML,FEBRERO,0.873555976,85355.44,97172.18164,84885.34,242,7
PHARMA - N1,OFTALMOLOGOS ASOCIADOS VER S.A.C.,LAGRICEL PF,2,FEB,3124.28,50,N1,CHICLAYO,False,False,True,False,41582.0,LAGRICEL OFTENO LIBRE DE CONSERVADORES (PF) 10 ML,FEBRERO,1.01762066,244371.43,248182.4906,252555.63,242,10
PHARMA - N1,OFTALMOLOGOS ASOCIADOS VER S.A.C.,AGGLAD,3,MAR,660.31,12,N1,CHICLAYO,False,False,True,False,40351.0,AGGLAD OFTENO 5 ML,MARZO,0.708033745,31785.06,114546.1364,81102.53,242,0
PHARMA - N1,OFTALMOLOGOS ASOCIADOS VER S.A.C.,ELIPTIC PF,3,MAR,457.61,12,N1,CHICLAYO,False,False,True,False,41561.0,ELIPTIC OFTENO 5ML PF PERU,MARZO,0.543724406,16081.78,70691.40098,38436.64,242,5
PHARMA - N1,OFTALMOLOGOS ASOCIADOS VER S.A.C.,FLUMETOL NF,3,MAR,898.37,20,N1,CHICLAYO,False,False,True,False,40513.0,FLUMETOL NF OFTENO 5ML,MARZO,1.399890715,84540.52,101550.4985,142159.6,242,6
PHARMA - N1,OFTALMOLOGOS ASOCIADOS VER S.A.C.,LAGRICEL,3,MAR,281.46,5,N1,CHICLAYO,False,False,True,False,40515.0,LAGRICEL OFTENO 0.5 ML,MARZO,1.138987362,194840.09,165898.7416,188956.57,242,9
PHARMA - N1,OFTALMOLOGOS ASOCIADOS VER S.A.C.,LAGRICEL PF,3,MAR,1874.57,30,N1,CHICLAYO,False,False,True,False,41582.0,LAGRICEL OFTENO LIBRE DE CONSERVADORES (PF) 10 ML,MARZO,1.041573922,244371.43,248182.4906,258500.41,242,10
PHARMA - N1,OFTALMOLOGOS ASOCIADOS VER S.A.C.,AGGLAD,4,ABR,660.0,12,N1,CHICLAYO,False,False,True,False,40351.0,AGGLAD OFTENO 5 ML,ABRIL,0.757043269,24635.46,120891.2407,91519.9,242,0
PHARMA - N1,OFTALMOLOGOS ASOCIADOS VER S.A.C.,AQUADRAN,4,ABR,810.0,15,N1,CHICLAYO,False,False,True,False,41945.0,AQUADRAN 10G,ABRIL,1.367885669,18754.2,35738.51318,48886.2,242,1
PHARMA - N1,OFTALMOLOGOS ASOCIADOS VER S.A.C.,ELIPTIC PF,4,ABR,458.0,12,N1,CHICLAYO,False,False,True,False,41561.0,ELIPTIC OFTENO 5ML PF PERU,ABRIL,0.502083754,28406.63,74583.69182,37447.26,242,5
PHARMA - N1,OFTALMOLOGOS ASOCIADOS VER S.A.C.,FLUMETOL NF,4,ABR,898.0,20,N1,CHICLAYO,False,False,True,False,40513.0,FLUMETOL NF OFTENO 5ML,ABRIL,1.22328994,97096.28,107397.8095,131378.66,242,6
PHARMA - N1,OFTALMOLOGOS ASOCIADOS VER S.A.C.,GAAP,4,ABR,0.0,50,N1,CHICLAYO,False,False,True,True,40498.0,GAAP OFTENO 3 ML,ABRIL,0.475712047,79645.31,102582.687,48799.82,242,7
PHARMA - N1,OFTALMOLOGOS ASOCIADOS VER S.A.C.,LAGRICEL,4,ABR,619.0,11,N1,CHICLAYO,False,False,True,False,40515.0,LAGRICEL OFTENO 0.5 ML,ABRIL,0.760754197,152829.6,174961.4402,133102.65,242,9
PHARMA - N1,OFTALMOLOGOS ASOCIADOS VER S.A.C.,LAGRICEL PF,4,ABR,0.0,85,N1,CHICLAYO,False,False,True,True,41582.0,LAGRICEL OFTENO LIBRE DE CONSERVADORES (PF) 10 ML,ABRIL,1.234011277,222585.45,261957.3873,323258.37,242,10
PHARMA - N1,OFTALMOLOGOS ASOCIADOS VER S.A.C.,AQUADRAN,6,JUN,0.0,20,N1,CHICLAYO,False,False,True,True,41945.0,AQUADRAN 10G,JUNIO,0.329694376,15957.0,35738.51318,47521.3,242,1
PHARMA - N1,OFTALMOLOGOS ASOCIADOS VER S.A.C.,FLUMETOL NF,6,JUN,0.0,30,N1,CHICLAYO,False,False,True,True,40513.0,FLUMETOL NF OFTENO 5ML,JUNIO,0.071788154,87288.94,107397.8095,115107.7,242,6
PHARMA - N1,OFTALMOLOGOS ASOCIADOS VER S.A.C.,GAAP,6,JUN,0.0,50,N1,CHICLAYO,False,False,True,True,40498.0,GAAP OFTENO 3 ML,JUNIO,-0.271295457,79907.03,102582.687,74752.47,242,7
PHARMA - N1,OFTALMOLOGOS ASOCIADOS VER S.A.C.,LAGRICEL,6,JUN,563.0,10,N1,CHICLAYO,False,False,True,False,40515.0,LAGRICEL OFTENO 0.5 ML,JUNIO,-0.157973323,129483.27,174961.4402,147322.2,242,9
PHARMA - N1,OFTALMOLOGOS ASOCIADOS VER S.A.C.,LAGRICEL PF,6,JUN,0.0,55,N1,CHICLAYO,False,False,True,True,41582.0,LAGRICEL OFTENO LIBRE DE CONSERVADORES (PF) 10 ML,JUNIO,-0.085958779,182516.9,261957.3873,239439.85,242,10
PHARMA - Z1,OFTALMOLOGOS CONTRERAS CAMPOS SOCIEDAD CIVIL DE RESPONSABILIDAD LIMITADA,TRAZIDEX U,1,ENE,252.48,6,Z1,LIMA,False,False,True,False,40342.0,TRAZIDEX UNGENA 3.5 G,ENERO,1.0,127130.48,135275.35,135275.35,243,14
PHARMA - Z1,OFTALMOLOGOS CONTRERAS CAMPOS SOCIEDAD CIVIL DE RESPONSABILIDAD LIMITADA,FLUMETOL NF,2,FEB,245.01,6,Z1,LIMA,False,False,True,False,40513.0,FLUMETOL NF OFTENO 5ML,FEBRERO,1.285457107,84540.52,101550.4985,130538.81,243,6
PHARMA - N1,OFTALMOLOGOS MONTOYA S.A.C.,ELIPTIC PF,5,MAY,763.0,20,N1,CHICLAYO,False,False,True,False,41561.0,ELIPTIC OFTENO 5ML PF PERU,MAYO,0.635068724,11669.87,74583.69182,47365.77,244,5
PHARMA - Z3,OFTALMOLOGÖALASER S.A.C.,GAAP PF,1,ENE,595.02,12,Z3,NORTE CHICO,False,False,True,False,41567.0,GAAP OFTENO LIBRE DE CONSER PF 3 ML PERU,ENERO,1.0,67726.3,99013.28,99013.28,245,8
PHARMA - Z3,OFTALMOLOGÖALASER S.A.C.,LAGRICEL PF,1,ENE,2840.25,50,Z3,NORTE CHICO,False,False,True,False,41582.0,LAGRICEL OFTENO LIBRE DE CONSERVADORES (PF) 10 ML,ENERO,1.0,241357.65,244552.3,244552.3,245,10
PHARMA - Z3,OFTALMOLOGÖALASER S.A.C.,ELIPTIC PF,6,JUN,0.0,50,Z3,NORTE CHICO,False,False,True,True,41561.0,ELIPTIC OFTENO 5ML PF PERU,JUNIO,-0.431896719,12781.68,74583.69182,42371.24,245,5
PHARMA - Z2,OFTALMOLUZ E.I.R.L.,AQUADRAN,1,ENE,1620.0,30,Z2,CALLAO,False,False,True,False,41945.0,AQUADRAN 10G,ENERO,1.0,3348.0,44517.6,44517.6,246,1
PHARMA - Z2,OFTALMOLUZ E.I.R.L.,TRAZIDEX U,1,ENE,1402.65,30,Z2,CALLAO,False,False,True,False,40342.0,TRAZIDEX UNGENA 3.5 G,ENERO,1.0,127130.48,135275.35,135275.35,246,14
PHARMA - Z2,OFTALMOLUZ E.I.R.L.,AQUADRAN,2,FEB,2700.0,50,Z2,CALLAO,False,False,True,False,41945.0,AQUADRAN 10G,FEBRERO,1.033824379,13176.0,33810.57818,34954.2,246,1
PHARMA - Z2,OFTALMOLUZ E.I.R.L.,LAGRICEL PF,2,FEB,1988.18,50,Z2,CALLAO,False,False,True,False,41582.0,LAGRICEL OFTENO LIBRE DE CONSERVADORES (PF) 10 ML,FEBRERO,1.01762066,244371.43,248182.4906,252555.63,246,10
PHARMA - Z2,OFTALMOLUZ E.I.R.L.,AQUADRAN,4,ABR,0.0,50,Z2,CALLAO,False,False,True,True,41945.0,AQUADRAN 10G,ABRIL,1.367885669,18754.2,35738.51318,48886.2,246,1
PHARMA - Z2,OFTALMOLUZ E.I.R.L.,FLUMETOL NF,4,ABR,0.0,100,Z2,CALLAO,False,False,True,True,40513.0,FLUMETOL NF OFTENO 5ML,ABRIL,1.22328994,97096.28,107397.8095,131378.66,246,6
PHARMA - Z2,OFTALMOLUZ E.I.R.L.,LAGRICEL PF,4,ABR,0.0,100,Z2,CALLAO,False,False,True,True,41582.0,LAGRICEL OFTENO LIBRE DE CONSERVADORES (PF) 10 ML,ABRIL,1.234011277,222585.45,261957.3873,323258.37,246,10
PHARMA - Z2,OFTALMOLUZ E.I.R.L.,SOPHIPREN,4,ABR,0.0,100,Z2,CALLAO,False,False,True,True,40338.0,SOPHIPREN OFTENO 5 ML,ABRIL,1.125758804,51339.43,59671.10342,67175.27,246,12
PHARMA - Z2,OFTALMOLUZ E.I.R.L.,AGGLAD,6,JUN,0.0,25,Z2,CALLAO,False,False,True,True,40351.0,AGGLAD OFTENO 5 ML,JUNIO,-0.235301917,20271.95,120891.2407,92445.3,246,0
PHARMA - Z2,OFTALMOLUZ E.I.R.L.,AQUADRAN,6,JUN,0.0,80,Z2,CALLAO,False,False,True,True,41945.0,AQUADRAN 10G,JUNIO,0.329694376,15957.0,35738.51318,47521.3,246,1
PHARMA - Z2,OFTALMOLUZ E.I.R.L.,ELIPTIC PF,6,JUN,858.0,25,Z2,CALLAO,False,False,True,False,41561.0,ELIPTIC OFTENO 5ML PF PERU,JUNIO,-0.431896719,12781.68,74583.69182,42371.24,246,5
PHARMA - Z2,OFTALMOLUZ E.I.R.L.,FLUMETOL NF,6,JUN,0.0,100,Z2,CALLAO,False,False,True,True,40513.0,FLUMETOL NF OFTENO 5ML,JUNIO,0.071788154,87288.94,107397.8095,115107.7,246,6
PHARMA - Z2,OFTALMOLUZ E.I.R.L.,GAAP PF,6,JUN,0.0,50,Z2,CALLAO,False,False,True,True,41567.0,GAAP OFTENO LIBRE DE CONSER PF 3 ML PERU,JUNIO,-0.151410313,75783.27,97315.99528,82581.35,246,8
PHARMA - Z2,OFTALMOLUZ E.I.R.L.,LAGRICEL PF,6,JUN,0.0,100,Z2,CALLAO,False,False,True,True,41582.0,LAGRICEL OFTENO LIBRE DE CONSERVADORES (PF) 10 ML,JUNIO,-0.085958779,182516.9,261957.3873,239439.85,246,10
PHARMA - Z2,OFTALMOLUZ E.I.R.L.,SOPHIPREN,6,JUN,0.0,100,Z2,CALLAO,False,False,True,True,40338.0,SOPHIPREN OFTENO 5 ML,JUNIO,0.072135193,48676.87,59671.10342,63975.49,246,12
PHARMA - Z2,OFTALMOLUZ E.I.R.L.,TRAZIDEX U,6,JUN,0.0,50,Z2,CALLAO,False,False,True,True,40342.0,TRAZIDEX UNGENA 3.5 G,JUNIO,-0.144707451,114383.92,156358.3363,133732.12,246,14
PHARMA - Z1,OFTALMORETINA S.A.C.,TRAZIDEX U,2,FEB,308.58,6,Z1,LIMA,False,False,True,False,40342.0,TRAZIDEX UNGENA 3.5 G,FEBRERO,0.737379291,111697.65,148184.091,109267.88,247,14
PHARMA - Z1,OFTALMORETINA S.A.C.,AGGLAD,3,MAR,330.16,6,Z1,LIMA,False,False,True,False,40351.0,AGGLAD OFTENO 5 ML,MARZO,0.708033745,31785.06,114546.1364,81102.53,247,0
PHARMA - Z1,OFTALMORETINA S.A.C.,ELIPTIC PF,3,MAR,156.77,6,Z1,LIMA,False,False,True,False,41561.0,ELIPTIC OFTENO 5ML PF PERU,MARZO,0.543724406,16081.78,70691.40098,38436.64,247,5
PHARMA - Z1,OFTALMORETINA S.A.C.,AGGLAD,6,JUN,330.0,6,Z1,LIMA,False,False,True,False,40351.0,AGGLAD OFTENO 5 ML,JUNIO,-0.235301917,20271.95,120891.2407,92445.3,247,0
PHARMA - Z1,OFTALMORETINA S.A.C.,TRAZIDEX O,6,JUN,556.0,6,Z1,LIMA,False,False,True,False,40341.0,TRAZIDEX OFTENO 5 ML.,JUNIO,-0.192738462,70697.29,101185.0264,81682.78,247,13
PHARMA - Z1,OFTALMORETINA S.A.C.,TRAZIDEX U,6,JUN,309.0,6,Z1,LIMA,False,False,True,False,40342.0,TRAZIDEX UNGENA 3.5 G,JUNIO,-0.144707451,114383.92,156358.3363,133732.12,247,14
PHARMA - Z1,OFTALMOS SAC,AGGLAD,1,ENE,1222.8,20,Z1,LIMA,False,False,True,False,40351.0,AGGLAD OFTENO 5 ML,ENERO,1.0,22534.35,110094.81,110094.81,248,0
PHARMA - Z1,OFTALMOS SAC,ELIPTIC PF,1,ENE,653.2,20,Z1,LIMA,False,False,True,False,41561.0,ELIPTIC OFTENO 5ML PF PERU,ENERO,1.0,16201.95,62857.68,62857.68,248,5
PHARMA - Z1,OFTALMOS SAC,GAAP PF,1,ENE,1081.86,20,Z1,LIMA,False,False,True,False,41567.0,GAAP OFTENO LIBRE DE CONSER PF 3 ML PERU,ENERO,1.0,67726.3,99013.28,99013.28,248,8
PHARMA - Z1,OFTALMOS SAC,LAGRICEL PF,3,MAR,908.88,20,Z1,LIMA,False,False,True,False,41582.0,LAGRICEL OFTENO LIBRE DE CONSERVADORES (PF) 10 ML,MARZO,1.041573922,244371.43,248182.4906,258500.41,248,10
PHARMA - Z1,OFTALMOS SAC,AGGLAD,4,ABR,0.0,20,Z1,LIMA,False,False,True,True,40351.0,AGGLAD OFTENO 5 ML,ABRIL,0.757043269,24635.46,120891.2407,91519.9,248,0
PHARMA - Z1,OFTALMOS SAC,ELIPTIC PF,4,ABR,653.0,20,Z1,LIMA,False,False,True,False,41561.0,ELIPTIC OFTENO 5ML PF PERU,ABRIL,0.502083754,28406.63,74583.69182,37447.26,248,5
PHARMA - Z1,OFTALMOS SAC,LAGRICEL,4,ABR,144.0,3,Z1,LIMA,False,False,True,False,40515.0,LAGRICEL OFTENO 0.5 ML,ABRIL,0.760754197,152829.6,174961.4402,133102.65,248,9
PHARMA - Z1,OFTALMOS SAC,ZEBESTEN,4,ABR,946.0,20,Z1,LIMA,False,False,True,False,41604.0,ZEBESTEN 5ML PERU,ABRIL,1.062586642,26953.56,29060.89609,30879.72,248,15
PHARMA - N1,OFTALMOS SANTA MARIA-CENTRO OFTALMOLOGICO SRL,AGGLAD,3,MAR,220.35,4,N1,CHICLAYO,False,False,True,False,40351.0,AGGLAD OFTENO 5 ML,MARZO,0.708033745,31785.06,114546.1364,81102.53,249,0
PHARMA - N1,OFTALMOS SANTA MARIA-CENTRO OFTALMOLOGICO SRL,ELIPTIC PF,3,MAR,135.87,4,N1,CHICLAYO,False,False,True,False,41561.0,ELIPTIC OFTENO 5ML PF PERU,MARZO,0.543724406,16081.78,70691.40098,38436.64,249,5
PHARMA - N1,OFTALMOS SANTA MARIA-CENTRO OFTALMOLOGICO SRL,LAGRICEL PF,3,MAR,143.9,3,N1,CHICLAYO,False,False,True,False,41582.0,LAGRICEL OFTENO LIBRE DE CONSERVADORES (PF) 10 ML,MARZO,1.041573922,244371.43,248182.4906,258500.41,249,10
PHARMA - N1,OFTALMOS SANTA MARIA-CENTRO OFTALMOLOGICO SRL,TRAZIDEX U,3,MAR,154.29,3,N1,CHICLAYO,False,False,True,False,40342.0,TRAZIDEX UNGENA 3.5 G,MARZO,0.890660186,111697.65,148184.091,131981.67,249,14
PHARMA - S,OFTALMOSALUD AREQUIPA SAC,AGGLAD,1,ENE,3668.4,60,S,CADENAS,False,False,True,False,40351.0,AGGLAD OFTENO 5 ML,ENERO,1.0,22534.35,110094.81,110094.81,250,0
PHARMA - S,OFTALMOSALUD AREQUIPA SAC,ELIPTIC PF,1,ENE,2097.56,60,S,CADENAS,False,False,True,False,41561.0,ELIPTIC OFTENO 5ML PF PERU,ENERO,1.0,16201.95,62857.68,62857.68,250,5
PHARMA - S,OFTALMOSALUD AREQUIPA SAC,FLUMETOL NF,1,ENE,2245.93,50,S,CADENAS,False,False,True,False,40513.0,FLUMETOL NF OFTENO 5ML,ENERO,1.0,106644.0,144656.97,144656.97,250,6
PHARMA - S,OFTALMOSALUD AREQUIPA SAC,GAAP PF,1,ENE,811.4,10,S,CADENAS,False,False,True,False,41567.0,GAAP OFTENO LIBRE DE CONSER PF 3 ML PERU,ENERO,1.0,67726.3,99013.28,99013.28,250,8
PHARMA - S,OFTALMOSALUD AREQUIPA SAC,LAGRICEL,1,ENE,2558.75,50,S,CADENAS,False,False,True,False,40515.0,LAGRICEL OFTENO 0.5 ML,ENERO,1.0,154236.51,132452.04,132452.04,250,9
PHARMA - S,OFTALMOSALUD AREQUIPA SAC,LAGRICEL PF,1,ENE,6134.94,90,S,CADENAS,False,False,True,False,41582.0,LAGRICEL OFTENO LIBRE DE CONSERVADORES (PF) 10 ML,ENERO,1.0,241357.65,244552.3,244552.3,250,10
PHARMA - S,OFTALMOSALUD AREQUIPA SAC,TRAZIDEX O,1,ENE,2315.25,50,S,CADENAS,False,False,True,False,40341.0,TRAZIDEX OFTENO 5 ML.,ENERO,1.0,107782.12,170736.47,170736.47,250,13
PHARMA - S,OFTALMOSALUD AREQUIPA SAC,TRAZIDEX U,1,ENE,2337.75,50,S,CADENAS,False,False,True,False,40342.0,TRAZIDEX UNGENA 3.5 G,ENERO,1.0,127130.48,135275.35,135275.35,250,14
PHARMA - S,OFTALMOSALUD AREQUIPA SAC,AGGLAD,2,FEB,1100.52,20,S,CADENAS,False,False,True,False,40351.0,AGGLAD OFTENO 5 ML,FEBRERO,0.96716156,31785.06,114546.1364,110784.62,250,0
PHARMA - S,OFTALMOSALUD AREQUIPA SAC,AQUADRAN,2,FEB,1620.0,30,S,CADENAS,False,False,True,False,41945.0,AQUADRAN 10G,FEBRERO,1.033824379,13176.0,33810.57818,34954.2,250,1
PHARMA - S,OFTALMOSALUD AREQUIPA SAC,ELIPTIC PF,2,FEB,522.56,20,S,CADENAS,False,False,True,False,41561.0,ELIPTIC OFTENO 5ML PF PERU,FEBRERO,0.876631233,16081.78,70691.40098,61970.29,250,5
PHARMA - S,OFTALMOSALUD AREQUIPA SAC,FLUMETOL NF,2,FEB,4704.19,120,S,CADENAS,False,False,True,False,40513.0,FLUMETOL NF OFTENO 5ML,FEBRERO,1.285457107,84540.52,101550.4985,130538.81,250,6
PHARMA - S,OFTALMOSALUD AREQUIPA SAC,LAGRICEL PF,2,FEB,3067.47,60,S,CADENAS,False,False,True,False,41582.0,LAGRICEL OFTENO LIBRE DE CONSERVADORES (PF) 10 ML,FEBRERO,1.01762066,244371.43,248182.4906,252555.63,250,10
PHARMA - S,OFTALMOSALUD AREQUIPA SAC,TRAZIDEX O,2,FEB,2963.52,80,S,CADENAS,False,False,True,False,40341.0,TRAZIDEX OFTENO 5 ML.,FEBRERO,0.868398954,99642.69,95524.58531,82953.45,250,13
PHARMA - S,OFTALMOSALUD AREQUIPA SAC,AGGLAD,3,MAR,2201.04,40,S,CADENAS,False,False,True,False,40351.0,AGGLAD OFTENO 5 ML,MARZO,0.708033745,31785.06,114546.1364,81102.53,250,0
PHARMA - S,OFTALMOSALUD AREQUIPA SAC,ELIPTIC PF,3,MAR,1045.12,40,S,CADENAS,False,False,True,False,41561.0,ELIPTIC OFTENO 5ML PF PERU,MARZO,0.543724406,16081.78,70691.40098,38436.64,250,5
PHARMA - S,OFTALMOSALUD AREQUIPA SAC,FLUMETOL NF,3,MAR,3136.13,80,S,CADENAS,False,False,True,False,40513.0,FLUMETOL NF OFTENO 5ML,MARZO,1.399890715,84540.52,101550.4985,142159.6,250,6
PHARMA - S,OFTALMOSALUD AREQUIPA SAC,GAAP PF,3,MAR,576.99,8,S,CADENAS,False,False,True,False,41567.0,GAAP OFTENO LIBRE DE CONSER PF 3 ML PERU,MARZO,0.894697886,80205.04,92164.06035,82458.99,250,8
PHARMA - S,OFTALMOSALUD AREQUIPA SAC,LAGRICEL,3,MAR,3684.6,80,S,CADENAS,False,False,True,False,40515.0,LAGRICEL OFTENO 0.5 ML,MARZO,1.138987362,194840.09,165898.7416,188956.57,250,9
PHARMA - S,OFTALMOSALUD AREQUIPA SAC,LAGRICEL PF,3,MAR,4089.96,80,S,CADENAS,False,False,True,False,41582.0,LAGRICEL OFTENO LIBRE DE CONSERVADORES (PF) 10 ML,MARZO,1.041573922,244371.43,248182.4906,258500.41,250,10
PHARMA - S,OFTALMOSALUD AREQUIPA SAC,SOPHIPREN,3,MAR,762.3,20,S,CADENAS,False,False,True,False,40338.0,SOPHIPREN OFTENO 5 ML,MARZO,1.018181783,39394.05,56555.62783,57583.91,250,12
PHARMA - S,OFTALMOSALUD AREQUIPA SAC,TRAZIDEX O,3,MAR,1481.76,40,S,CADENAS,False,False,True,False,40341.0,TRAZIDEX OFTENO 5 ML.,MARZO,0.841410928,99642.69,95524.58531,80375.43,250,13
PHARMA - S,OFTALMOSALUD AREQUIPA SAC,TRAZIDEX U,3,MAR,748.08,20,S,CADENAS,False,False,True,False,40342.0,TRAZIDEX UNGENA 3.5 G,MARZO,0.890660186,111697.65,148184.091,131981.67,250,14
PHARMA - S,OFTALMOSALUD AREQUIPA SAC,AGGLAD,4,ABR,0.0,60,S,CADENAS,False,False,True,True,40351.0,AGGLAD OFTENO 5 ML,ABRIL,0.757043269,24635.46,120891.2407,91519.9,250,0
PHARMA - S,OFTALMOSALUD AREQUIPA SAC,AQUADRAN,4,ABR,0.0,30,S,CADENAS,False,False,True,True,41945.0,AQUADRAN 10G,ABRIL,1.367885669,18754.2,35738.51318,48886.2,250,1
PHARMA - S,OFTALMOSALUD AREQUIPA SAC,ELIPTIC PF,4,ABR,0.0,40,S,CADENAS,False,False,True,True,41561.0,ELIPTIC OFTENO 5ML PF PERU,ABRIL,0.502083754,28406.63,74583.69182,37447.26,250,5
PHARMA - S,OFTALMOSALUD AREQUIPA SAC,FLUMETOL NF,4,ABR,0.0,160,S,CADENAS,False,False,True,True,40513.0,FLUMETOL NF OFTENO 5ML,ABRIL,1.22328994,97096.28,107397.8095,131378.66,250,6
PHARMA - S,OFTALMOSALUD AREQUIPA SAC,GAAP PF,4,ABR,361.0,5,S,CADENAS,False,False,True,False,41567.0,GAAP OFTENO LIBRE DE CONSER PF 3 ML PERU,ABRIL,0.580041645,82952.14,97315.99528,56447.33,250,8
PHARMA - S,OFTALMOSALUD AREQUIPA SAC,LAGRICEL,4,ABR,0.0,60,S,CADENAS,False,False,True,True,40515.0,LAGRICEL OFTENO 0.5 ML,ABRIL,0.760754197,152829.6,174961.4402,133102.65,250,9
PHARMA - S,OFTALMOSALUD AREQUIPA SAC,LAGRICEL PF,4,ABR,0.0,80,S,CADENAS,False,False,True,True,41582.0,LAGRICEL OFTENO LIBRE DE CONSERVADORES (PF) 10 ML,ABRIL,1.234011277,222585.45,261957.3873,323258.37,250,10
PHARMA - S,OFTALMOSALUD AREQUIPA SAC,TRAZIDEX O,4,ABR,0.0,90,S,CADENAS,False,False,True,True,40341.0,TRAZIDEX OFTENO 5 ML.,ABRIL,0.966120714,91975.94,101185.0264,97756.95,250,13
PHARMA - S,OFTALMOSALUD AREQUIPA SAC,TRAZIDEX U,4,ABR,0.0,30,S,CADENAS,False,False,True,True,40342.0,TRAZIDEX UNGENA 3.5 G,ABRIL,0.810349246,131494.88,156358.3363,126704.86,250,14
PHARMA - S,OFTALMOSALUD AREQUIPA SAC,AGGLAD,5,MAY,0.0,120,S,CADENAS,False,False,True,True,40351.0,AGGLAD OFTENO 5 ML,MAYO,0.670022241,26193.67,120891.2407,80999.82,250,0
PHARMA - S,OFTALMOSALUD AREQUIPA SAC,AQUADRAN,5,MAY,0.0,80,S,CADENAS,False,False,True,True,41945.0,AQUADRAN 10G,MAYO,1.308504351,13786.2,35738.51318,46764.0,250,1
PHARMA - S,OFTALMOSALUD AREQUIPA SAC,ELIPTIC PF,5,MAY,0.0,100,S,CADENAS,False,False,True,True,41561.0,ELIPTIC OFTENO 5ML PF PERU,MAYO,0.635068724,11669.87,74583.69182,47365.77,250,5
PHARMA - S,OFTALMOSALUD AREQUIPA SAC,FLUMETOL NF,5,MAY,0.0,140,S,CADENAS,False,False,True,True,40513.0,FLUMETOL NF OFTENO 5ML,MAYO,1.182290501,84208.66,107397.8095,126975.41,250,6
PHARMA - S,OFTALMOSALUD AREQUIPA SAC,GAAP PF,5,MAY,361.0,5,S,CADENAS,False,False,True,False,41567.0,GAAP OFTENO LIBRE DE CONSER PF 3 ML PERU,MAYO,0.695728383,103158.58,97315.99528,67705.5,250,8
PHARMA - S,OFTALMOSALUD AREQUIPA SAC,LAGRICEL,5,MAY,0.0,90,S,CADENAS,False,False,True,True,40515.0,LAGRICEL OFTENO 0.5 ML,MAYO,0.714118093,158816.35,174961.4402,124943.13,250,9
PHARMA - S,OFTALMOSALUD AREQUIPA SAC,LAGRICEL PF,5,MAY,0.0,40,S,CADENAS,False,False,True,True,41582.0,LAGRICEL OFTENO LIBRE DE CONSERVADORES (PF) 10 ML,MAYO,0.852391423,198666.14,261957.3873,223290.23,250,10
PHARMA - S,OFTALMOSALUD AREQUIPA SAC,LANDAX,5,MAY,93.0,2,S,CADENAS,False,False,True,False,41804.0,LANDAX 5ML,MAYO,0.638188198,10589.8,22304.8625,14234.7,250,11
PHARMA - S,OFTALMOSALUD AREQUIPA SAC,TRAZIDEX O,5,MAY,0.0,40,S,CADENAS,False,False,True,True,40341.0,TRAZIDEX OFTENO 5 ML.,MAYO,0.725790194,64098.19,101185.0264,73439.1,250,13
PHARMA - S,OFTALMOSALUD AREQUIPA SAC,TRAZIDEX U,5,MAY,0.0,40,S,CADENAS,False,False,True,True,40342.0,TRAZIDEX UNGENA 3.5 G,MAYO,0.799544258,131001.94,156358.3363,125015.41,250,14
PHARMA - S,OFTALMOSALUD AREQUIPA SAC,AGGLAD,6,JUN,0.0,60,S,CADENAS,False,False,True,True,40351.0,AGGLAD OFTENO 5 ML,JUNIO,-0.235301917,20271.95,120891.2407,92445.3,250,0
PHARMA - S,OFTALMOSALUD AREQUIPA SAC,AQUADRAN,6,JUN,0.0,50,S,CADENAS,False,False,True,True,41945.0,AQUADRAN 10G,JUNIO,0.329694376,15957.0,35738.51318,47521.3,250,1
PHARMA - S,OFTALMOSALUD AREQUIPA SAC,ELIPTIC PF,6,JUN,0.0,60,S,CADENAS,False,False,True,True,41561.0,ELIPTIC OFTENO 5ML PF PERU,JUNIO,-0.431896719,12781.68,74583.69182,42371.24,250,5
PHARMA - S,OFTALMOSALUD AREQUIPA SAC,FLUMETOL NF,6,JUN,0.0,100,S,CADENAS,False,False,True,True,40513.0,FLUMETOL NF OFTENO 5ML,JUNIO,0.071788154,87288.94,107397.8095,115107.7,250,6
PHARMA - S,OFTALMOSALUD AREQUIPA SAC,GAAP PF,6,JUN,0.0,20,S,CADENAS,False,False,True,True,41567.0,GAAP OFTENO LIBRE DE CONSER PF 3 ML PERU,JUNIO,-0.151410313,75783.27,97315.99528,82581.35,250,8
PHARMA - S,OFTALMOSALUD AREQUIPA SAC,LAGRICEL,6,JUN,0.0,80,S,CADENAS,False,False,True,True,40515.0,LAGRICEL OFTENO 0.5 ML,JUNIO,-0.157973323,129483.27,174961.4402,147322.2,250,9
PHARMA - S,OFTALMOSALUD AREQUIPA SAC,LAGRICEL PF,6,JUN,0.0,60,S,CADENAS,False,False,True,True,41582.0,LAGRICEL OFTENO LIBRE DE CONSERVADORES (PF) 10 ML,JUNIO,-0.085958779,182516.9,261957.3873,239439.85,250,10
PHARMA - S,OFTALMOSALUD AREQUIPA SAC,TRAZIDEX O,6,JUN,0.0,60,S,CADENAS,False,False,True,True,40341.0,TRAZIDEX OFTENO 5 ML.,JUNIO,-0.192738462,70697.29,101185.0264,81682.78,250,13
PHARMA - S,OFTALMOSALUD AREQUIPA SAC,TRAZIDEX U,6,JUN,0.0,140,S,CADENAS,False,False,True,True,40342.0,TRAZIDEX UNGENA 3.5 G,JUNIO,-0.144707451,114383.92,156358.3363,133732.12,250,14
PHARMA - Z3,OFTALMOSELVA E.I.R.L.,ELAR-B,1,ENE,1150.0,20,Z3,NORTE CHICO,False,False,True,False,42098.0,ELAR-B 5 ML,ENERO,1.0,0.0,10200.5,10200.5,251,3
PHARMA - Z3,OFTALMOSELVA E.I.R.L.,LAGRICEL PF,1,ENE,1817.76,40,Z3,NORTE CHICO,False,False,True,False,41582.0,LAGRICEL OFTENO LIBRE DE CONSERVADORES (PF) 10 ML,ENERO,1.0,241357.65,244552.3,244552.3,251,10
PHARMA - Z3,OFTALMOSELVA E.I.R.L.,TRAZIDEX O,1,ENE,926.1,20,Z3,NORTE CHICO,False,False,True,False,40341.0,TRAZIDEX OFTENO 5 ML.,ENERO,1.0,107782.12,170736.47,170736.47,251,13
PHARMA - Z3,OFTALMOSELVA E.I.R.L.,AQUADRAN,2,FEB,972.0,20,Z3,NORTE CHICO,False,False,True,False,41945.0,AQUADRAN 10G,FEBRERO,1.033824379,13176.0,33810.57818,34954.2,251,1
PHARMA - Z3,OFTALMOSELVA E.I.R.L.,FLUMETOL NF,3,MAR,816.7,20,Z3,NORTE CHICO,False,False,True,False,40513.0,FLUMETOL NF OFTENO 5ML,MARZO,1.399890715,84540.52,101550.4985,142159.6,251,6
PHARMA - Z3,OFTALMOSELVA E.I.R.L.,LAGRICEL PF,3,MAR,2272.2,50,Z3,NORTE CHICO,False,False,True,False,41582.0,LAGRICEL OFTENO LIBRE DE CONSERVADORES (PF) 10 ML,MARZO,1.041573922,244371.43,248182.4906,258500.41,251,10
PHARMA - Z3,OFTALMOSELVA E.I.R.L.,SOPHIPREN,3,MAR,2117.5,50,Z3,NORTE CHICO,False,False,True,False,40338.0,SOPHIPREN OFTENO 5 ML,MARZO,1.018181783,39394.05,56555.62783,57583.91,251,12
PHARMA - Z3,OFTALMOSELVA E.I.R.L.,TRAZIDEX U,3,MAR,935.1,20,Z3,NORTE CHICO,False,False,True,False,40342.0,TRAZIDEX UNGENA 3.5 G,MARZO,0.890660186,111697.65,148184.091,131981.67,251,14
PHARMA - Z3,OFTALMOSELVA E.I.R.L.,SOPHIPREN,4,ABR,847.0,20,Z3,NORTE CHICO,False,False,True,False,40338.0,SOPHIPREN OFTENO 5 ML,ABRIL,1.125758804,51339.43,59671.10342,67175.27,251,12
PHARMA - Z3,OFTALMOSELVA E.I.R.L.,ZEBESTEN,4,ABR,982.0,20,Z3,NORTE CHICO,False,False,True,False,41604.0,ZEBESTEN 5ML PERU,ABRIL,1.062586642,26953.56,29060.89609,30879.72,251,15
PHARMA - Z3,OFTALMOSELVA E.I.R.L.,ELAR-B,5,MAY,0.0,20,Z3,NORTE CHICO,False,False,True,True,42098.0,ELAR-B 5 ML,MAYO,0.690959707,0.0,24407.71845,16864.75,251,3
PHARMA - Z3,OFTALMOSELVA E.I.R.L.,TRAZIDEX O,5,MAY,926.0,20,Z3,NORTE CHICO,False,False,True,False,40341.0,TRAZIDEX OFTENO 5 ML.,MAYO,0.725790194,64098.19,101185.0264,73439.1,251,13
PHARMA - Z3,OFTALMOSELVA E.I.R.L.,LAGRICEL PF,6,JUN,0.0,50,Z3,NORTE CHICO,False,False,True,True,41582.0,LAGRICEL OFTENO LIBRE DE CONSERVADORES (PF) 10 ML,JUNIO,-0.085958779,182516.9,261957.3873,239439.85,251,10
PHARMA - Z3,OFTALMOTEC E.I.R.L.,AQUADRAN,6,JUN,292.0,6,Z3,NORTE CHICO,False,False,True,False,41945.0,AQUADRAN 10G,JUNIO,0.329694376,15957.0,35738.51318,47521.3,252,1
PHARMA - Z3,OFTALMOTEC E.I.R.L.,LAGRICEL PF,6,JUN,613.0,12,Z3,NORTE CHICO,False,False,True,False,41582.0,LAGRICEL OFTENO LIBRE DE CONSERVADORES (PF) 10 ML,JUNIO,-0.085958779,182516.9,261957.3873,239439.85,252,10
PHARMA - N2,OFTALMOVISION S.A.C.,AGGLAD,1,ENE,2201.04,30,N2,TRUJILLO,False,False,True,False,40351.0,AGGLAD OFTENO 5 ML,ENERO,1.0,22534.35,110094.81,110094.81,253,0
PHARMA - N2,OFTALMOVISION S.A.C.,AQUADRAN,1,ENE,540.0,10,N2,TRUJILLO,False,False,True,False,41945.0,AQUADRAN 10G,ENERO,1.0,3348.0,44517.6,44517.6,253,1
PHARMA - N2,OFTALMOVISION S.A.C.,ELAR-B,1,ENE,1552.5,30,N2,TRUJILLO,False,False,True,False,42098.0,ELAR-B 5 ML,ENERO,1.0,0.0,10200.5,10200.5,253,3
PHARMA - N2,OFTALMOVISION S.A.C.,ELIPTIC PF,1,ENE,1271.13,50,N2,TRUJILLO,False,False,True,False,41561.0,ELIPTIC OFTENO 5ML PF PERU,ENERO,1.0,16201.95,62857.68,62857.68,253,5
PHARMA - N2,OFTALMOVISION S.A.C.,FLUMETOL NF,1,ENE,3397.47,80,N2,TRUJILLO,False,False,True,False,40513.0,FLUMETOL NF OFTENO 5ML,ENERO,1.0,106644.0,144656.97,144656.97,253,6
PHARMA - N2,OFTALMOVISION S.A.C.,GAAP,1,ENE,4726.62,50,N2,TRUJILLO,False,False,True,False,40498.0,GAAP OFTENO 3 ML,ENERO,1.0,101352.36,99775.16,99775.16,253,7
PHARMA - N2,OFTALMOVISION S.A.C.,LAGRICEL,1,ENE,6010.56,150,N2,TRUJILLO,False,False,True,False,40515.0,LAGRICEL OFTENO 0.5 ML,ENERO,1.0,154236.51,132452.04,132452.04,253,9
PHARMA - N2,OFTALMOVISION S.A.C.,LAGRICEL PF,1,ENE,6589.38,100,N2,TRUJILLO,False,False,True,False,41582.0,LAGRICEL OFTENO LIBRE DE CONSERVADORES (PF) 10 ML,ENERO,1.0,241357.65,244552.3,244552.3,253,10
PHARMA - N2,OFTALMOVISION S.A.C.,TRAZIDEX O,1,ENE,8334.91,200,N2,TRUJILLO,False,False,True,False,40341.0,TRAZIDEX OFTENO 5 ML.,ENERO,1.0,107782.12,170736.47,170736.47,253,13
PHARMA - N2,OFTALMOVISION S.A.C.,TRAZIDEX U,1,ENE,4207.96,100,N2,TRUJILLO,False,False,True,False,40342.0,TRAZIDEX UNGENA 3.5 G,ENERO,1.0,127130.48,135275.35,135275.35,253,14
PHARMA - N2,OFTALMOVISION S.A.C.,FLUMETOL NF,2,FEB,1274.05,30,N2,TRUJILLO,False,False,True,False,40513.0,FLUMETOL NF OFTENO 5ML,FEBRERO,1.285457107,84540.52,101550.4985,130538.81,253,6
PHARMA - N2,OFTALMOVISION S.A.C.,LAGRICEL,2,FEB,3329.29,150,N2,TRUJILLO,False,False,True,False,40515.0,LAGRICEL OFTENO 0.5 ML,FEBRERO,0.970823097,194840.09,165898.7416,161058.33,253,9
PHARMA - N2,OFTALMOVISION S.A.C.,LAGRICEL PF,2,FEB,13178.76,200,N2,TRUJILLO,False,False,True,False,41582.0,LAGRICEL OFTENO LIBRE DE CONSERVADORES (PF) 10 ML,FEBRERO,1.01762066,244371.43,248182.4906,252555.63,253,10
PHARMA - N2,OFTALMOVISION S.A.C.,TRAZIDEX O,2,FEB,2083.73,50,N2,TRUJILLO,False,False,True,False,40341.0,TRAZIDEX OFTENO 5 ML.,FEBRERO,0.868398954,99642.69,95524.58531,82953.45,253,13
PHARMA - N2,OFTALMOVISION S.A.C.,ZEBESTEN,2,FEB,1472.63,30,N2,TRUJILLO,False,False,True,False,41604.0,ZEBESTEN 5ML PERU,FEBRERO,0.998966691,24271.56,27459.43408,27431.06,253,15
PHARMA - N2,OFTALMOVISION S.A.C.,AQUADRAN,3,MAR,1620.0,30,N2,TRUJILLO,False,False,True,False,41945.0,AQUADRAN 10G,MARZO,1.286810293,13176.0,33810.57818,43507.8,253,1
PHARMA - N2,OFTALMOVISION S.A.C.,ELAR-B,3,MAR,1552.5,30,N2,TRUJILLO,False,False,True,False,42098.0,ELAR-B 5 ML,MARZO,0.892513965,0.0,23180.02945,20688.5,253,3
PHARMA - N2,OFTALMOVISION S.A.C.,FLUMETOL NF,3,MAR,4246.84,100,N2,TRUJILLO,False,False,True,False,40513.0,FLUMETOL NF OFTENO 5ML,MARZO,1.399890715,84540.52,101550.4985,142159.6,253,6
PHARMA - N2,OFTALMOVISION S.A.C.,LAGRICEL,3,MAR,12109.13,150,N2,TRUJILLO,False,False,True,False,40515.0,LAGRICEL OFTENO 0.5 ML,MARZO,1.138987362,194840.09,165898.7416,188956.57,253,9
PHARMA - N2,OFTALMOVISION S.A.C.,LAGRICEL PF,3,MAR,6589.38,100,N2,TRUJILLO,False,False,True,False,41582.0,LAGRICEL OFTENO LIBRE DE CONSERVADORES (PF) 10 ML,MARZO,1.041573922,244371.43,248182.4906,258500.41,253,10
PHARMA - N2,OFTALMOVISION S.A.C.,TRAZIDEX O,3,MAR,4167.46,100,N2,TRUJILLO,False,False,True,False,40341.0,TRAZIDEX OFTENO 5 ML.,MARZO,0.841410928,99642.69,95524.58531,80375.43,253,13
PHARMA - N2,OFTALMOVISION S.A.C.,TRAZIDEX U,3,MAR,4207.96,100,N2,TRUJILLO,False,False,True,False,40342.0,TRAZIDEX UNGENA 3.5 G,MARZO,0.890660186,111697.65,148184.091,131981.67,253,14
PHARMA - N2,OFTALMOVISION S.A.C.,AGGLAD,4,ABR,0.0,50,N2,TRUJILLO,False,False,True,True,40351.0,AGGLAD OFTENO 5 ML,ABRIL,0.757043269,24635.46,120891.2407,91519.9,253,0
PHARMA - N2,OFTALMOVISION S.A.C.,AQUADRAN,4,ABR,0.0,30,N2,TRUJILLO,False,False,True,True,41945.0,AQUADRAN 10G,ABRIL,1.367885669,18754.2,35738.51318,48886.2,253,1
PHARMA - N2,OFTALMOVISION S.A.C.,ELAR-B,4,ABR,0.0,50,N2,TRUJILLO,False,False,True,True,42098.0,ELAR-B 5 ML,ABRIL,0.614395812,0.0,24407.71845,14996.0,253,3
PHARMA - N2,OFTALMOVISION S.A.C.,ELIPTIC PF,4,ABR,763.0,30,N2,TRUJILLO,False,False,True,False,41561.0,ELIPTIC OFTENO 5ML PF PERU,ABRIL,0.502083754,28406.63,74583.69182,37447.26,253,5
PHARMA - N2,OFTALMOVISION S.A.C.,FLUMETOL NF,4,ABR,0.0,50,N2,TRUJILLO,False,False,True,True,40513.0,FLUMETOL NF OFTENO 5ML,ABRIL,1.22328994,97096.28,107397.8095,131378.66,253,6
PHARMA - N2,OFTALMOVISION S.A.C.,GAAP,4,ABR,0.0,30,N2,TRUJILLO,False,False,True,True,40498.0,GAAP OFTENO 3 ML,ABRIL,0.475712047,79645.31,102582.687,48799.82,253,7
PHARMA - N2,OFTALMOVISION S.A.C.,LAGRICEL,4,ABR,0.0,50,N2,TRUJILLO,False,False,True,True,40515.0,LAGRICEL OFTENO 0.5 ML,ABRIL,0.760754197,152829.6,174961.4402,133102.65,253,9
PHARMA - N2,OFTALMOVISION S.A.C.,LAGRICEL PF,4,ABR,0.0,150,N2,TRUJILLO,False,False,True,True,41582.0,LAGRICEL OFTENO LIBRE DE CONSERVADORES (PF) 10 ML,ABRIL,1.234011277,222585.45,261957.3873,323258.37,253,10
PHARMA - N2,OFTALMOVISION S.A.C.,TRAZIDEX O,4,ABR,0.0,150,N2,TRUJILLO,False,False,True,True,40341.0,TRAZIDEX OFTENO 5 ML.,ABRIL,0.966120714,91975.94,101185.0264,97756.95,253,13
PHARMA - N2,OFTALMOVISION S.A.C.,TRAZIDEX U,4,ABR,0.0,50,N2,TRUJILLO,False,False,True,True,40342.0,TRAZIDEX UNGENA 3.5 G,ABRIL,0.810349246,131494.88,156358.3363,126704.86,253,14
PHARMA - N2,OFTALMOVISION S.A.C.,ZEBESTEN,4,ABR,0.0,30,N2,TRUJILLO,False,False,True,True,41604.0,ZEBESTEN 5ML PERU,ABRIL,1.062586642,26953.56,29060.89609,30879.72,253,15
PHARMA - N2,OFTALMOVISION S.A.C.,AGGLAD,5,MAY,0.0,30,N2,TRUJILLO,False,False,True,True,40351.0,AGGLAD OFTENO 5 ML,MAYO,0.670022241,26193.67,120891.2407,80999.82,253,0
PHARMA - N2,OFTALMOVISION S.A.C.,AQUADRAN,5,MAY,0.0,30,N2,TRUJILLO,False,False,True,True,41945.0,AQUADRAN 10G,MAYO,1.308504351,13786.2,35738.51318,46764.0,253,1
PHARMA - N2,OFTALMOVISION S.A.C.,ELIPTIC PF,5,MAY,0.0,50,N2,TRUJILLO,False,False,True,True,41561.0,ELIPTIC OFTENO 5ML PF PERU,MAYO,0.635068724,11669.87,74583.69182,47365.77,253,5
PHARMA - N2,OFTALMOVISION S.A.C.,FLUMETOL NF,5,MAY,0.0,50,N2,TRUJILLO,False,False,True,True,40513.0,FLUMETOL NF OFTENO 5ML,MAYO,1.182290501,84208.66,107397.8095,126975.41,253,6
PHARMA - N2,OFTALMOVISION S.A.C.,GAAP,5,MAY,0.0,30,N2,TRUJILLO,False,False,True,True,40498.0,GAAP OFTENO 3 ML,MAYO,0.567550546,86214.37,102582.687,58220.86,253,7
PHARMA - N2,OFTALMOVISION S.A.C.,LAGRICEL,5,MAY,0.0,50,N2,TRUJILLO,False,False,True,True,40515.0,LAGRICEL OFTENO 0.5 ML,MAYO,0.714118093,158816.35,174961.4402,124943.13,253,9
PHARMA - N2,OFTALMOVISION S.A.C.,LAGRICEL PF,5,MAY,0.0,150,N2,TRUJILLO,False,False,True,True,41582.0,LAGRICEL OFTENO LIBRE DE CONSERVADORES (PF) 10 ML,MAYO,0.852391423,198666.14,261957.3873,223290.23,253,10
PHARMA - N2,OFTALMOVISION S.A.C.,SOPHIPREN,5,MAY,0.0,30,N2,TRUJILLO,False,False,True,True,40338.0,SOPHIPREN OFTENO 5 ML,MAYO,0.947602386,43314.92,59671.10342,56544.48,253,12
PHARMA - N2,OFTALMOVISION S.A.C.,TRAZIDEX O,5,MAY,0.0,50,N2,TRUJILLO,False,False,True,True,40341.0,TRAZIDEX OFTENO 5 ML.,MAYO,0.725790194,64098.19,101185.0264,73439.1,253,13
PHARMA - N2,OFTALMOVISION S.A.C.,TRAZIDEX U,5,MAY,0.0,50,N2,TRUJILLO,False,False,True,True,40342.0,TRAZIDEX UNGENA 3.5 G,MAYO,0.799544258,131001.94,156358.3363,125015.41,253,14
PHARMA - N2,OFTALMOVISION S.A.C.,AQUADRAN,6,JUN,0.0,50,N2,TRUJILLO,False,False,True,True,41945.0,AQUADRAN 10G,JUNIO,0.329694376,15957.0,35738.51318,47521.3,253,1
PHARMA - N2,OFTALMOVISION S.A.C.,ELAR-B,6,JUN,0.0,30,N2,TRUJILLO,False,False,True,True,42098.0,ELAR-B 5 ML,JUNIO,-0.29490542,0.0,24407.71845,17209.75,253,3
PHARMA - N2,OFTALMOVISION S.A.C.,FLUMETOL NF,6,JUN,0.0,100,N2,TRUJILLO,False,False,True,True,40513.0,FLUMETOL NF OFTENO 5ML,JUNIO,0.071788154,87288.94,107397.8095,115107.7,253,6
PHARMA - N2,OFTALMOVISION S.A.C.,GAAP,6,JUN,0.0,30,N2,TRUJILLO,False,False,True,True,40498.0,GAAP OFTENO 3 ML,JUNIO,-0.271295457,79907.03,102582.687,74752.47,253,7
PHARMA - N2,OFTALMOVISION S.A.C.,LAGRICEL,6,JUN,0.0,100,N2,TRUJILLO,False,False,True,True,40515.0,LAGRICEL OFTENO 0.5 ML,JUNIO,-0.157973323,129483.27,174961.4402,147322.2,253,9
PHARMA - N2,OFTALMOVISION S.A.C.,LAGRICEL PF,6,JUN,0.0,100,N2,TRUJILLO,False,False,True,True,41582.0,LAGRICEL OFTENO LIBRE DE CONSERVADORES (PF) 10 ML,JUNIO,-0.085958779,182516.9,261957.3873,239439.85,253,10
PHARMA - N2,OFTALMOVISION S.A.C.,TRAZIDEX O,6,JUN,0.0,100,N2,TRUJILLO,False,False,True,True,40341.0,TRAZIDEX OFTENO 5 ML.,JUNIO,-0.192738462,70697.29,101185.0264,81682.78,253,13
PHARMA - N2,OFTALMOVISION S.A.C.,TRAZIDEX U,6,JUN,0.0,50,N2,TRUJILLO,False,False,True,True,40342.0,TRAZIDEX UNGENA 3.5 G,JUNIO,-0.144707451,114383.92,156358.3363,133732.12,253,14
PHARMA - N2,OFTALMOVISION S.A.C.,ZEBESTEN,6,JUN,0.0,50,N2,TRUJILLO,False,False,True,True,41604.0,ZEBESTEN 5ML PERU,JUNIO,0.156870039,15690.19,29060.89609,33619.68,253,15
PHARMA - N2,OFTALMOVISION S.A.C.,LAGRICEL,7,JUL,0.0,100,N2,TRUJILLO,False,False,True,True,40515.0,LAGRICEL OFTENO 0.5 ML,JULIO,-0.84932888,184824.49,193086.8374,29092.61,253,9
PHARMA - Z1,OFTALMOVISTA EIRL,DUSTALOX,4,ABR,0.0,30,Z1,LIMA,False,False,True,True,41121.0,DUSTALOX 5ML,ABRIL,0.650326442,9428.91,11675.36719,7592.8,254,2
PHARMA - Z1,OFTALMOVISTA EIRL,LAGRICEL PF,4,ABR,0.0,50,Z1,LIMA,False,False,True,True,41582.0,LAGRICEL OFTENO LIBRE DE CONSERVADORES (PF) 10 ML,ABRIL,1.234011277,222585.45,261957.3873,323258.37,254,10
PHARMA - Z1,OFTALMOVISTA EIRL,SOPHIPREN,4,ABR,0.0,30,Z1,LIMA,False,False,True,True,40338.0,SOPHIPREN OFTENO 5 ML,ABRIL,1.125758804,51339.43,59671.10342,67175.27,254,12
PHARMA - Z1,OFTALMOVISTA EIRL,TRAZIDEX U,4,ABR,0.0,40,Z1,LIMA,False,False,True,True,40342.0,TRAZIDEX UNGENA 3.5 G,ABRIL,0.810349246,131494.88,156358.3363,126704.86,254,14
PHARMA - Z1,OFTALMOVISTA EIRL,LAGRICEL PF,5,MAY,0.0,70,Z1,LIMA,False,False,True,True,41582.0,LAGRICEL OFTENO LIBRE DE CONSERVADORES (PF) 10 ML,MAYO,0.852391423,198666.14,261957.3873,223290.23,254,10
PHARMA - Z1,OFTALMOVISTA EIRL,DUSTALOX,6,JUN,820.0,20,Z1,LIMA,False,False,True,False,41121.0,DUSTALOX 5ML,JUNIO,-0.44241925,5938.11,11675.36719,6509.96,254,2
PHARMA - Z1,OFTALMOVISTA EIRL,GAAP PF,6,JUN,505.0,10,Z1,LIMA,False,False,True,False,41567.0,GAAP OFTENO LIBRE DE CONSER PF 3 ML PERU,JUNIO,-0.151410313,75783.27,97315.99528,82581.35,254,8
PHARMA - Z1,OFTALMOVISTA EIRL,LAGRICEL PF,6,JUN,0.0,60,Z1,LIMA,False,False,True,True,41582.0,LAGRICEL OFTENO LIBRE DE CONSERVADORES (PF) 10 ML,JUNIO,-0.085958779,182516.9,261957.3873,239439.85,254,10
PHARMA - Z1,OFTALMOVISTA EIRL,LANDAX,6,JUN,0.0,30,Z1,LIMA,False,False,True,True,41804.0,LANDAX 5ML,JUNIO,-0.340308868,5574.56,22304.8625,14714.32,254,11
PHARMA - S,OFTALNOVA E.I.R.L.,TRAZIDEX O,2,FEB,625.12,15,S,CADENAS,False,False,True,False,40341.0,TRAZIDEX OFTENO 5 ML.,FEBRERO,0.868398954,99642.69,95524.58531,82953.45,255,13
PHARMA - S,OFTALNOVA E.I.R.L.,TRAZIDEX U,2,FEB,631.19,15,S,CADENAS,False,False,True,False,40342.0,TRAZIDEX UNGENA 3.5 G,FEBRERO,0.737379291,111697.65,148184.091,109267.88,255,14
PHARMA - N1,OFTAMOLOGIA - CENTRO ESPECIALIZADO EN RETINA Y CATARATA S.R.L.,TRAZIDEX O,1,ENE,1222.46,24,N1,CHICLAYO,False,False,True,False,40341.0,TRAZIDEX OFTENO 5 ML.,ENERO,1.0,107782.12,170736.47,170736.47,256,13
PHARMA - N1,OFTAMOLOGIA - CENTRO ESPECIALIZADO EN RETINA Y CATARATA S.R.L.,LAGRICEL PF,2,FEB,749.83,12,N1,CHICLAYO,False,False,True,False,41582.0,LAGRICEL OFTENO LIBRE DE CONSERVADORES (PF) 10 ML,FEBRERO,1.01762066,244371.43,248182.4906,252555.63,256,10
PHARMA - N1,OFTAMOLOGIA - CENTRO ESPECIALIZADO EN RETINA Y CATARATA S.R.L.,SOPHIPREN,2,FEB,559.02,12,N1,CHICLAYO,False,False,True,False,40338.0,SOPHIPREN OFTENO 5 ML,FEBRERO,1.300787434,39394.05,56555.62783,73566.85,256,12
PHARMA - N1,OFTAMOLOGIA - CENTRO ESPECIALIZADO EN RETINA Y CATARATA S.R.L.,ZEBESTEN,2,FEB,589.05,12,N1,CHICLAYO,False,False,True,False,41604.0,ZEBESTEN 5ML PERU,FEBRERO,0.998966691,24271.56,27459.43408,27431.06,256,15
PHARMA - N1,OFTAMOLOGIA - CENTRO ESPECIALIZADO EN RETINA Y CATARATA S.R.L.,LAGRICEL PF,3,MAR,1499.65,24,N1,CHICLAYO,False,False,True,False,41582.0,LAGRICEL OFTENO LIBRE DE CONSERVADORES (PF) 10 ML,MARZO,1.041573922,244371.43,248182.4906,258500.41,256,10
PHARMA - N1,OFTAMOLOGIA - CENTRO ESPECIALIZADO EN RETINA Y CATARATA S.R.L.,SOPHIPREN,3,MAR,1118.04,24,N1,CHICLAYO,False,False,True,False,40338.0,SOPHIPREN OFTENO 5 ML,MARZO,1.018181783,39394.05,56555.62783,57583.91,256,12
PHARMA - N1,OFTAMOLOGIA - CENTRO ESPECIALIZADO EN RETINA Y CATARATA S.R.L.,ZEBESTEN,3,MAR,1178.1,24,N1,CHICLAYO,False,False,True,False,41604.0,ZEBESTEN 5ML PERU,MARZO,1.283372043,24271.56,27459.43408,35240.67,256,15
PHARMA - N1,OFTAMOLOGIA - CENTRO ESPECIALIZADO EN RETINA Y CATARATA S.R.L.,FLUMETOL NF,4,ABR,539.0,12,N1,CHICLAYO,False,False,True,False,40513.0,FLUMETOL NF OFTENO 5ML,ABRIL,1.22328994,97096.28,107397.8095,131378.66,256,6
PHARMA - N1,OFTAMOLOGIA - CENTRO ESPECIALIZADO EN RETINA Y CATARATA S.R.L.,GAAP PF,4,ABR,0.0,12,N1,CHICLAYO,False,False,True,True,41567.0,GAAP OFTENO LIBRE DE CONSER PF 3 ML PERU,ABRIL,0.580041645,82952.14,97315.99528,56447.33,256,8
PHARMA - N1,OFTAMOLOGIA - CENTRO ESPECIALIZADO EN RETINA Y CATARATA S.R.L.,LAGRICEL PF,5,MAY,0.0,24,N1,CHICLAYO,False,False,True,True,41582.0,LAGRICEL OFTENO LIBRE DE CONSERVADORES (PF) 10 ML,MAYO,0.852391423,198666.14,261957.3873,223290.23,256,10
PHARMA - N1,OFTAMOLOGIA - CENTRO ESPECIALIZADO EN RETINA Y CATARATA S.R.L.,SOPHIPREN,5,MAY,0.0,24,N1,CHICLAYO,False,False,True,True,40338.0,SOPHIPREN OFTENO 5 ML,MAYO,0.947602386,43314.92,59671.10342,56544.48,256,12
PHARMA - N1,OFTAMOLOGIA - CENTRO ESPECIALIZADO EN RETINA Y CATARATA S.R.L.,TRAZIDEX O,5,MAY,611.0,12,N1,CHICLAYO,False,False,True,False,40341.0,TRAZIDEX OFTENO 5 ML.,MAYO,0.725790194,64098.19,101185.0264,73439.1,256,13
PHARMA - N1,OFTAMOLOGIA - CENTRO ESPECIALIZADO EN RETINA Y CATARATA S.R.L.,TRAZIDEX U,5,MAY,617.0,12,N1,CHICLAYO,False,False,True,False,40342.0,TRAZIDEX UNGENA 3.5 G,MAYO,0.799544258,131001.94,156358.3363,125015.41,256,14
PHARMA - N1,OFTAMOLOGIA - CENTRO ESPECIALIZADO EN RETINA Y CATARATA S.R.L.,LAGRICEL PF,6,JUN,0.0,24,N1,CHICLAYO,False,False,True,True,41582.0,LAGRICEL OFTENO LIBRE DE CONSERVADORES (PF) 10 ML,JUNIO,-0.085958779,182516.9,261957.3873,239439.85,256,10
PHARMA - N1,OFTAMOLOGIA - CENTRO ESPECIALIZADO EN RETINA Y CATARATA S.R.L.,SOPHIPREN,6,JUN,0.0,24,N1,CHICLAYO,False,False,True,True,40338.0,SOPHIPREN OFTENO 5 ML,JUNIO,0.072135193,48676.87,59671.10342,63975.49,256,12
PHARMA - N1,OFTAMOLOGIA - CENTRO ESPECIALIZADO EN RETINA Y CATARATA S.R.L.,ZEBESTEN,6,JUN,0.0,24,N1,CHICLAYO,False,False,True,True,41604.0,ZEBESTEN 5ML PERU,JUNIO,0.156870039,15690.19,29060.89609,33619.68,256,15
PHARMA - N2,OFTNORT B & S E.I.R.L.,AGGLAD,1,ENE,2690.16,40,N2,TRUJILLO,False,False,True,False,40351.0,AGGLAD OFTENO 5 ML,ENERO,1.0,22534.35,110094.81,110094.81,257,0
PHARMA - N2,OFTNORT B & S E.I.R.L.,AQUADRAN,1,ENE,972.0,20,N2,TRUJILLO,False,False,True,False,41945.0,AQUADRAN 10G,ENERO,1.0,3348.0,44517.6,44517.6,257,1
PHARMA - N2,OFTNORT B & S E.I.R.L.,LAGRICEL,1,ENE,3070.5,60,N2,TRUJILLO,False,False,True,False,40515.0,LAGRICEL OFTENO 0.5 ML,ENERO,1.0,154236.51,132452.04,132452.04,257,9
PHARMA - N2,OFTNORT B & S E.I.R.L.,AGGLAD,2,FEB,672.54,10,N2,TRUJILLO,False,False,True,False,40351.0,AGGLAD OFTENO 5 ML,FEBRERO,0.96716156,31785.06,114546.1364,110784.62,257,0
PHARMA - N2,OFTNORT B & S E.I.R.L.,AQUADRAN,2,FEB,972.0,20,N2,TRUJILLO,False,False,True,False,41945.0,AQUADRAN 10G,FEBRERO,1.033824379,13176.0,33810.57818,34954.2,257,1
PHARMA - N2,OFTNORT B & S E.I.R.L.,GAAP,2,FEB,1750.6,20,N2,TRUJILLO,False,False,True,False,40498.0,GAAP OFTENO 3 ML,FEBRERO,0.873555976,85355.44,97172.18164,84885.34,257,7
PHARMA - N2,OFTNORT B & S E.I.R.L.,LAGRICEL,2,FEB,1023.5,20,N2,TRUJILLO,False,False,True,False,40515.0,LAGRICEL OFTENO 0.5 ML,FEBRERO,0.970823097,194840.09,165898.7416,161058.33,257,9
PHARMA - N2,OFTNORT B & S E.I.R.L.,SOPHIPREN,2,FEB,931.7,20,N2,TRUJILLO,False,False,True,False,40338.0,SOPHIPREN OFTENO 5 ML,FEBRERO,1.300787434,39394.05,56555.62783,73566.85,257,12
PHARMA - N2,OFTNORT B & S E.I.R.L.,AGGLAD,3,MAR,2017.62,30,N2,TRUJILLO,False,False,True,False,40351.0,AGGLAD OFTENO 5 ML,MARZO,0.708033745,31785.06,114546.1364,81102.53,257,0
PHARMA - N2,OFTNORT B & S E.I.R.L.,FLUMETOL NF,3,MAR,816.7,20,N2,TRUJILLO,False,False,True,False,40513.0,FLUMETOL NF OFTENO 5ML,MARZO,1.399890715,84540.52,101550.4985,142159.6,257,6
PHARMA - N2,OFTNORT B & S E.I.R.L.,LAGRICEL,3,MAR,2047.0,40,N2,TRUJILLO,False,False,True,False,40515.0,LAGRICEL OFTENO 0.5 ML,MARZO,1.138987362,194840.09,165898.7416,188956.57,257,9
PHARMA - N2,OFTNORT B & S E.I.R.L.,TRAZIDEX U,3,MAR,1028.61,20,N2,TRUJILLO,False,False,True,False,40342.0,TRAZIDEX UNGENA 3.5 G,MARZO,0.890660186,111697.65,148184.091,131981.67,257,14
PHARMA - N2,OFTNORT B & S E.I.R.L.,AGGLAD,4,ABR,0.0,20,N2,TRUJILLO,False,False,True,True,40351.0,AGGLAD OFTENO 5 ML,ABRIL,0.757043269,24635.46,120891.2407,91519.9,257,0
PHARMA - N2,OFTNORT B & S E.I.R.L.,AQUADRAN,4,ABR,0.0,40,N2,TRUJILLO,False,False,True,True,41945.0,AQUADRAN 10G,ABRIL,1.367885669,18754.2,35738.51318,48886.2,257,1
PHARMA - N2,OFTNORT B & S E.I.R.L.,DUSTALOX,4,ABR,902.0,20,N2,TRUJILLO,False,False,True,False,41121.0,DUSTALOX 5ML,ABRIL,0.650326442,9428.91,11675.36719,7592.8,257,2
PHARMA - N2,OFTNORT B & S E.I.R.L.,LAGRICEL,4,ABR,0.0,20,N2,TRUJILLO,False,False,True,True,40515.0,LAGRICEL OFTENO 0.5 ML,ABRIL,0.760754197,152829.6,174961.4402,133102.65,257,9
PHARMA - N2,OFTNORT B & S E.I.R.L.,AGGLAD,5,MAY,0.0,20,N2,TRUJILLO,False,False,True,True,40351.0,AGGLAD OFTENO 5 ML,MAYO,0.670022241,26193.67,120891.2407,80999.82,257,0
PHARMA - N2,OFTNORT B & S E.I.R.L.,AQUADRAN,5,MAY,972.0,20,N2,TRUJILLO,False,False,True,False,41945.0,AQUADRAN 10G,MAYO,1.308504351,13786.2,35738.51318,46764.0,257,1
PHARMA - N2,OFTNORT B & S E.I.R.L.,GAAP,5,MAY,0.0,20,N2,TRUJILLO,False,False,True,True,40498.0,GAAP OFTENO 3 ML,MAYO,0.567550546,86214.37,102582.687,58220.86,257,7
PHARMA - N2,OFTNORT B & S E.I.R.L.,LAGRICEL,5,MAY,0.0,20,N2,TRUJILLO,False,False,True,True,40515.0,LAGRICEL OFTENO 0.5 ML,MAYO,0.714118093,158816.35,174961.4402,124943.13,257,9
PHARMA - N2,OFTNORT B & S E.I.R.L.,AGGLAD,6,JUN,0.0,29,N2,TRUJILLO,False,False,True,True,40351.0,AGGLAD OFTENO 5 ML,JUNIO,-0.235301917,20271.95,120891.2407,92445.3,257,0
PHARMA - N2,OFTNORT B & S E.I.R.L.,LAGRICEL,6,JUN,0.0,40,N2,TRUJILLO,False,False,True,True,40515.0,LAGRICEL OFTENO 0.5 ML,JUNIO,-0.157973323,129483.27,174961.4402,147322.2,257,9
PHARMA - N2,OFTNORT B & S E.I.R.L.,AQUADRAN,7,JUL,972.0,20,N2,TRUJILLO,False,False,True,False,41945.0,AQUADRAN 10G,JULIO,-0.866344679,19218.6,39594.38318,5292.0,257,1
PHARMA - Z1,OJOS LASER OPHTHALMIC S.A.C,TRAZIDEX O,1,ENE,75014.1,3000,Z1,LIMA,False,False,True,False,40341.0,TRAZIDEX OFTENO 5 ML.,ENERO,1.0,107782.12,170736.47,170736.47,258,13
PHARMA - S,OJOS Y ANTEOJOS SALUD VISUAL INTEGRAL S.R.L.,AGGLAD,1,ENE,220.1,4,S,CADENAS,False,False,True,False,40351.0,AGGLAD OFTENO 5 ML,ENERO,1.0,22534.35,110094.81,110094.81,259,0
PHARMA - S,OJOS Y ANTEOJOS SALUD VISUAL INTEGRAL S.R.L.,ELIPTIC PF,1,ENE,135.87,4,S,CADENAS,False,False,True,False,41561.0,ELIPTIC OFTENO 5ML PF PERU,ENERO,1.0,16201.95,62857.68,62857.68,259,5
PHARMA - N1,OLIMPUS BUSINESS GROUP SOCIEDAD COMERCIAL DE RESPONSABILIDAD LIMITADA,GAAP,3,MAR,1925.66,20,N1,CHICLAYO,False,False,True,False,40498.0,GAAP OFTENO 3 ML,MARZO,0.701456825,85355.44,97172.18164,68162.09,260,7
PHARMA - N2,OMEGAVISION S.A.C,LAGRICEL PF,1,ENE,1363.32,24,N2,TRUJILLO,False,False,True,False,41582.0,LAGRICEL OFTENO LIBRE DE CONSERVADORES (PF) 10 ML,ENERO,1.0,241357.65,244552.3,244552.3,261,10
PHARMA - N2,OMEGAVISION S.A.C,SOPHIPREN,1,ENE,1016.4,24,N2,TRUJILLO,False,False,True,False,40338.0,SOPHIPREN OFTENO 5 ML,ENERO,1.0,41450.28,50525.9,50525.9,261,12
PHARMA - N2,OMEGAVISION S.A.C,LAGRICEL PF,2,FEB,1363.32,24,N2,TRUJILLO,False,False,True,False,41582.0,LAGRICEL OFTENO LIBRE DE CONSERVADORES (PF) 10 ML,FEBRERO,1.01762066,244371.43,248182.4906,252555.63,261,10
PHARMA - N2,OMEGAVISION S.A.C,TRAZIDEX U,2,FEB,1234.33,24,N2,TRUJILLO,False,False,True,False,40342.0,TRAZIDEX UNGENA 3.5 G,FEBRERO,0.737379291,111697.65,148184.091,109267.88,261,14
PHARMA - N2,OMEGAVISION S.A.C,LAGRICEL,4,ABR,0.0,24,N2,TRUJILLO,False,False,True,True,40515.0,LAGRICEL OFTENO 0.5 ML,ABRIL,0.760754197,152829.6,174961.4402,133102.65,261,9
PHARMA - N2,OMEGAVISION S.A.C,SOPHIPREN,4,ABR,0.0,24,N2,TRUJILLO,False,False,True,True,40338.0,SOPHIPREN OFTENO 5 ML,ABRIL,1.125758804,51339.43,59671.10342,67175.27,261,12
PHARMA - N2,OMEGAVISION S.A.C,LAGRICEL PF,5,MAY,0.0,24,N2,TRUJILLO,False,False,True,True,41582.0,LAGRICEL OFTENO LIBRE DE CONSERVADORES (PF) 10 ML,MAYO,0.852391423,198666.14,261957.3873,223290.23,261,10
PHARMA - Z3,OMNI LASER S.R.L.,TRAZIDEX U,1,ENE,654.57,20,Z3,NORTE CHICO,False,False,True,False,40342.0,TRAZIDEX UNGENA 3.5 G,ENERO,1.0,127130.48,135275.35,135275.35,262,14
PHARMA - Z3,OMNI LASER S.R.L.,TRAZIDEX U,3,MAR,654.57,20,Z3,NORTE CHICO,False,False,True,False,40342.0,TRAZIDEX UNGENA 3.5 G,MARZO,0.890660186,111697.65,148184.091,131981.67,262,14
PHARMA - Z3,OMNI LASER S.R.L.,ZEBESTEN,3,MAR,2231.25,50,Z3,NORTE CHICO,False,False,True,False,41604.0,ZEBESTEN 5ML PERU,MARZO,1.283372043,24271.56,27459.43408,35240.67,262,15
PHARMA - Z3,OMNI LASER S.R.L.,SOPHIPREN,4,ABR,0.0,50,Z3,NORTE CHICO,False,False,True,True,40338.0,SOPHIPREN OFTENO 5 ML,ABRIL,1.125758804,51339.43,59671.10342,67175.27,262,12
PHARMA - Z3,OMNI LASER S.R.L.,TRAZIDEX U,4,ABR,0.0,40,Z3,NORTE CHICO,False,False,True,True,40342.0,TRAZIDEX UNGENA 3.5 G,ABRIL,0.810349246,131494.88,156358.3363,126704.86,262,14
PHARMA - Z3,OMNI LASER S.R.L.,TRAZIDEX U,5,MAY,982.0,30,Z3,NORTE CHICO,False,False,True,False,40342.0,TRAZIDEX UNGENA 3.5 G,MAYO,0.799544258,131001.94,156358.3363,125015.41,262,14
PHARMA - Z3,OMNI LASER S.R.L.,ZEBESTEN,5,MAY,0.0,30,Z3,NORTE CHICO,False,False,True,True,41604.0,ZEBESTEN 5ML PERU,MAYO,0.825216123,27515.83,29060.89609,23981.52,262,15
PHARMA - Z3,OMNI LASER S.R.L.,SOPHIPREN,7,JUL,0.0,30,Z3,NORTE CHICO,False,False,True,True,40338.0,SOPHIPREN OFTENO 5 ML,JULIO,-0.815953083,49954.18,65902.05458,12129.07,262,12
PHARMA - Z1,ONCOCENTER PERU S.A.C.,FLUMETOL NF,1,ENE,471.97,10,Z1,LIMA,False,False,True,False,40513.0,FLUMETOL NF OFTENO 5ML,ENERO,1.0,106644.0,144656.97,144656.97,263,6
PHARMA - Z1,ONCOCENTER PERU S.A.C.,LAGRICEL,1,ENE,1182.96,20,Z1,LIMA,False,False,True,False,40515.0,LAGRICEL OFTENO 0.5 ML,ENERO,1.0,154236.51,132452.04,132452.04,263,9
PHARMA - Z1,ONCOCENTER PERU S.A.C.,SOPHIPREN,1,ENE,228.1,5,Z1,LIMA,False,False,True,False,40338.0,SOPHIPREN OFTENO 5 ML,ENERO,1.0,41450.28,50525.9,50525.9,263,12
PHARMA - Z1,ONCOCENTER PERU S.A.C.,TRAZIDEX O,1,ENE,75.18,2,Z1,LIMA,False,False,True,False,40341.0,TRAZIDEX OFTENO 5 ML.,ENERO,1.0,107782.12,170736.47,170736.47,263,13
PHARMA - Z1,ONCOCENTER PERU S.A.C.,FLUMETOL NF,3,MAR,1699.09,36,Z1,LIMA,False,False,True,False,40513.0,FLUMETOL NF OFTENO 5ML,MARZO,1.399890715,84540.52,101550.4985,142159.6,263,6
PHARMA - Z1,ONCOCENTER PERU S.A.C.,SOPHIPREN,3,MAR,1140.48,25,Z1,LIMA,False,False,True,False,40338.0,SOPHIPREN OFTENO 5 ML,MARZO,1.018181783,39394.05,56555.62783,57583.91,263,12
PHARMA - Z1,ONCOCENTER PERU S.A.C.,TRAZIDEX U,4,ABR,0.0,30,Z1,LIMA,False,False,True,True,40342.0,TRAZIDEX UNGENA 3.5 G,ABRIL,0.810349246,131494.88,156358.3363,126704.86,263,14
PHARMA - Z1,ONCOCENTER PERU S.A.C.,FLUMETOL NF,5,MAY,576.0,15,Z1,LIMA,False,False,True,False,40513.0,FLUMETOL NF OFTENO 5ML,MAYO,1.182290501,84208.66,107397.8095,126975.41,263,6
PHARMA - Z1,ONCOCENTER PERU S.A.C.,TRAZIDEX U,5,MAY,0.0,40,Z1,LIMA,False,False,True,True,40342.0,TRAZIDEX UNGENA 3.5 G,MAYO,0.799544258,131001.94,156358.3363,125015.41,263,14
PHARMA - Z1,ONCOCENTER PERU S.A.C.,FLUMETOL NF,6,JUN,0.0,55,Z1,LIMA,False,False,True,True,40513.0,FLUMETOL NF OFTENO 5ML,JUNIO,0.071788154,87288.94,107397.8095,115107.7,263,6
PHARMA - Z1,ONCOCENTER PERU S.A.C.,LAGRICEL,6,JUN,154.0,3,Z1,LIMA,False,False,True,False,40515.0,LAGRICEL OFTENO 0.5 ML,JUNIO,-0.157973323,129483.27,174961.4402,147322.2,263,9
PHARMA - Z1,ONCOCENTER PERU S.A.C.,TRAZIDEX O,6,JUN,648.0,28,Z1,LIMA,False,False,True,False,40341.0,TRAZIDEX OFTENO 5 ML.,JUNIO,-0.192738462,70697.29,101185.0264,81682.78,263,13
PHARMA - Z1,ONCOCENTER PERU S.A.C.,TRAZIDEX U,6,JUN,0.0,30,Z1,LIMA,False,False,True,True,40342.0,TRAZIDEX UNGENA 3.5 G,JUNIO,-0.144707451,114383.92,156358.3363,133732.12,263,14
PHARMA - Z1,ONCOCENTER PERU S.A.C.,AGGLAD,7,JUL,100.0,2,Z1,LIMA,False,False,True,False,40351.0,AGGLAD OFTENO 5 ML,JULIO,-0.863449228,29784.66,133581.4492,18240.65,263,0
PHARMA - Z1,ONCOCENTER PERU S.A.C.,GAAP,7,JUL,147.0,2,Z1,LIMA,False,False,True,False,40498.0,GAAP OFTENO 3 ML,JULIO,-0.93275572,98357.17,113403.6977,7625.75,263,7
PHARMA - Z1,ONCOCENTER PERU S.A.C.,LAGRICEL,7,JUL,102.0,2,Z1,LIMA,False,False,True,False,40515.0,LAGRICEL OFTENO 0.5 ML,JULIO,-0.84932888,184824.49,193086.8374,29092.61,263,9
PHARMA - Z1,ONCOCENTER PERU S.A.C.,LAGRICEL PF,7,JUL,91.0,2,Z1,LIMA,False,False,True,False,41582.0,LAGRICEL OFTENO LIBRE DE CONSERVADORES (PF) 10 ML,JULIO,-0.871300153,205886.66,289507.1807,37259.53,263,10
PHARMA - Z1,ONCOCENTER PERU S.A.C.,SOPHIPREN,7,JUL,73.0,2,Z1,LIMA,False,False,True,False,40338.0,SOPHIPREN OFTENO 5 ML,JULIO,-0.815953083,49954.18,65902.05458,12129.07,263,12
PHARMA - Z1,ONCOCENTER PERU S.A.C.,TRAZIDEX O,7,JUL,46.0,2,Z1,LIMA,False,False,True,False,40341.0,TRAZIDEX OFTENO 5 ML.,JULIO,-0.912844311,118392.28,112505.9086,9805.53,263,13
PHARMA - Z1,ONCOCENTER PERU S.A.C.,TRAZIDEX U,7,JUL,84.0,2,Z1,LIMA,False,False,True,False,40342.0,TRAZIDEX UNGENA 3.5 G,JULIO,-0.835453002,134186.98,172706.827,28418.39,263,14
PHARMA - Z2,OPHTHALMO PERU S.A.C.,AGGLAD,1,ENE,305.7,5,Z2,CALLAO,False,False,True,False,40351.0,AGGLAD OFTENO 5 ML,ENERO,1.0,22534.35,110094.81,110094.81,264,0
PHARMA - Z2,OPHTHALMO PERU S.A.C.,ELIPTIC PF,1,ENE,163.3,5,Z2,CALLAO,False,False,True,False,41561.0,ELIPTIC OFTENO 5ML PF PERU,ENERO,1.0,16201.95,62857.68,62857.68,264,5
PHARMA - Z2,OPHTHALMO PERU S.A.C.,GAAP PF,1,ENE,270.47,3,Z2,CALLAO,False,False,True,False,41567.0,GAAP OFTENO LIBRE DE CONSER PF 3 ML PERU,ENERO,1.0,67726.3,99013.28,99013.28,264,8
PHARMA - Z2,OPHTHALMO PERU S.A.C.,SOPHIPREN,1,ENE,211.75,5,Z2,CALLAO,False,False,True,False,40338.0,SOPHIPREN OFTENO 5 ML,ENERO,1.0,41450.28,50525.9,50525.9,264,12
PHARMA - Z2,OPHTHALMO PERU S.A.C.,TRAZIDEX O,1,ENE,231.53,5,Z2,CALLAO,False,False,True,False,40341.0,TRAZIDEX OFTENO 5 ML.,ENERO,1.0,107782.12,170736.47,170736.47,264,13
PHARMA - Z2,OPHTHALMO PERU S.A.C.,ELIPTIC PF,4,ABR,163.0,5,Z2,CALLAO,False,False,True,False,41561.0,ELIPTIC OFTENO 5ML PF PERU,ABRIL,0.502083754,28406.63,74583.69182,37447.26,264,5
PHARMA - Z2,OPHTHALMO PERU S.A.C.,GAAP PF,4,ABR,451.0,5,Z2,CALLAO,False,False,True,False,41567.0,GAAP OFTENO LIBRE DE CONSER PF 3 ML PERU,ABRIL,0.580041645,82952.14,97315.99528,56447.33,264,8
PHARMA - Z2,OPHTHALMO PERU S.A.C.,SOPHIPREN,4,ABR,212.0,5,Z2,CALLAO,False,False,True,False,40338.0,SOPHIPREN OFTENO 5 ML,ABRIL,1.125758804,51339.43,59671.10342,67175.27,264,12
PHARMA - Z2,OPHTHALMO PERU S.A.C.,AGGLAD,5,MAY,306.0,5,Z2,CALLAO,False,False,True,False,40351.0,AGGLAD OFTENO 5 ML,MAYO,0.670022241,26193.67,120891.2407,80999.82,264,0
PHARMA - Z2,OPHTHALMO PERU S.A.C.,ELIPTIC PF,5,MAY,163.0,5,Z2,CALLAO,False,False,True,False,41561.0,ELIPTIC OFTENO 5ML PF PERU,MAYO,0.635068724,11669.87,74583.69182,47365.77,264,5
PHARMA - Z2,OPHTHALMO PERU S.A.C.,FLUMETOL NF,5,MAY,123.0,3,Z2,CALLAO,False,False,True,False,40513.0,FLUMETOL NF OFTENO 5ML,MAYO,1.182290501,84208.66,107397.8095,126975.41,264,6
PHARMA - Z2,OPHTHALMO PERU S.A.C.,SOPHIPREN,5,MAY,212.0,5,Z2,CALLAO,False,False,True,False,40338.0,SOPHIPREN OFTENO 5 ML,MAYO,0.947602386,43314.92,59671.10342,56544.48,264,12
PHARMA - Z3,OPTHALMICA VISION SOCIEDAD ANONIMA CERRADA,AQUADRAN,1,ENE,486.0,10,Z3,NORTE CHICO,False,False,True,False,41945.0,AQUADRAN 10G,ENERO,1.0,3348.0,44517.6,44517.6,265,1
PHARMA - Z3,OPTHALMICA VISION SOCIEDAD ANONIMA CERRADA,FLUMETOL NF,1,ENE,408.35,10,Z3,NORTE CHICO,False,False,True,False,40513.0,FLUMETOL NF OFTENO 5ML,ENERO,1.0,106644.0,144656.97,144656.97,265,6
PHARMA - Z3,OPTHALMICA VISION SOCIEDAD ANONIMA CERRADA,GAAP PF,1,ENE,721.24,10,Z3,NORTE CHICO,False,False,True,False,41567.0,GAAP OFTENO LIBRE DE CONSER PF 3 ML PERU,ENERO,1.0,67726.3,99013.28,99013.28,265,8
PHARMA - Z3,OPTHALMICA VISION SOCIEDAD ANONIMA CERRADA,LAGRICEL PF,1,ENE,1022.49,20,Z3,NORTE CHICO,False,False,True,False,41582.0,LAGRICEL OFTENO LIBRE DE CONSERVADORES (PF) 10 ML,ENERO,1.0,241357.65,244552.3,244552.3,265,10
PHARMA - Z3,OPTHALMICA VISION SOCIEDAD ANONIMA CERRADA,TRAZIDEX U,1,ENE,467.55,10,Z3,NORTE CHICO,False,False,True,False,40342.0,TRAZIDEX UNGENA 3.5 G,ENERO,1.0,127130.48,135275.35,135275.35,265,14
PHARMA - Z3,OPTHALMICA VISION SOCIEDAD ANONIMA CERRADA,FLUMETOL NF,2,FEB,490.02,12,Z3,NORTE CHICO,False,False,True,False,40513.0,FLUMETOL NF OFTENO 5ML,FEBRERO,1.285457107,84540.52,101550.4985,130538.81,265,6
PHARMA - Z3,OPTHALMICA VISION SOCIEDAD ANONIMA CERRADA,LAGRICEL PF,2,FEB,1022.49,20,Z3,NORTE CHICO,False,False,True,False,41582.0,LAGRICEL OFTENO LIBRE DE CONSERVADORES (PF) 10 ML,FEBRERO,1.01762066,244371.43,248182.4906,252555.63,265,10
PHARMA - Z3,OPTHALMICA VISION SOCIEDAD ANONIMA CERRADA,TRAZIDEX U,2,FEB,280.53,6,Z3,NORTE CHICO,False,False,True,False,40342.0,TRAZIDEX UNGENA 3.5 G,FEBRERO,0.737379291,111697.65,148184.091,109267.88,265,14
PHARMA - Z3,OPTHALMICA VISION SOCIEDAD ANONIMA CERRADA,AQUADRAN,3,MAR,243.0,5,Z3,NORTE CHICO,False,False,True,False,41945.0,AQUADRAN 10G,MARZO,1.286810293,13176.0,33810.57818,43507.8,265,1
PHARMA - Z3,OPTHALMICA VISION SOCIEDAD ANONIMA CERRADA,FLUMETOL NF,3,MAR,490.02,12,Z3,NORTE CHICO,False,False,True,False,40513.0,FLUMETOL NF OFTENO 5ML,MARZO,1.399890715,84540.52,101550.4985,142159.6,265,6
PHARMA - Z3,OPTHALMICA VISION SOCIEDAD ANONIMA CERRADA,LAGRICEL PF,4,ABR,0.0,40,Z3,NORTE CHICO,False,False,True,True,41582.0,LAGRICEL OFTENO LIBRE DE CONSERVADORES (PF) 10 ML,ABRIL,1.234011277,222585.45,261957.3873,323258.37,265,10
PHARMA - Z3,OPTHALMICA VISION SOCIEDAD ANONIMA CERRADA,TRAZIDEX U,4,ABR,468.0,10,Z3,NORTE CHICO,False,False,True,False,40342.0,TRAZIDEX UNGENA 3.5 G,ABRIL,0.810349246,131494.88,156358.3363,126704.86,265,14
PHARMA - Z3,OPTHALMICA VISION SOCIEDAD ANONIMA CERRADA,AQUADRAN,5,MAY,486.0,10,Z3,NORTE CHICO,False,False,True,False,41945.0,AQUADRAN 10G,MAYO,1.308504351,13786.2,35738.51318,46764.0,265,1
PHARMA - Z3,OPTHALMICA VISION SOCIEDAD ANONIMA CERRADA,GAAP PF,5,MAY,793.0,11,Z3,NORTE CHICO,False,False,True,False,41567.0,GAAP OFTENO LIBRE DE CONSER PF 3 ML PERU,MAYO,0.695728383,103158.58,97315.99528,67705.5,265,8
PHARMA - Z3,OPTHALMICA VISION SOCIEDAD ANONIMA CERRADA,LAGRICEL PF,5,MAY,0.0,50,Z3,NORTE CHICO,False,False,True,True,41582.0,LAGRICEL OFTENO LIBRE DE CONSERVADORES (PF) 10 ML,MAYO,0.852391423,198666.14,261957.3873,223290.23,265,10
PHARMA - Z3,OPTHALMICA VISION SOCIEDAD ANONIMA CERRADA,LAGRICEL PF,6,JUN,0.0,50,Z3,NORTE CHICO,False,False,True,True,41582.0,LAGRICEL OFTENO LIBRE DE CONSERVADORES (PF) 10 ML,JUNIO,-0.085958779,182516.9,261957.3873,239439.85,265,10
PHARMA - Z2,OPTICA VERIMEDIC E.I.R.L.,ELAR-B,1,ENE,345.0,6,Z2,CALLAO,False,False,True,False,42098.0,ELAR-B 5 ML,ENERO,1.0,0.0,10200.5,10200.5,266,3
PHARMA - Z2,OPTICA VERIMEDIC E.I.R.L.,FLUMETOL NF,1,ENE,245.01,6,Z2,CALLAO,False,False,True,False,40513.0,FLUMETOL NF OFTENO 5ML,ENERO,1.0,106644.0,144656.97,144656.97,266,6
PHARMA - Z2,OPTICA VERIMEDIC E.I.R.L.,LAGRICEL PF,1,ENE,286.3,6,Z2,CALLAO,False,False,True,False,41582.0,LAGRICEL OFTENO LIBRE DE CONSERVADORES (PF) 10 ML,ENERO,1.0,241357.65,244552.3,244552.3,266,10
PHARMA - Z2,OPTICA VERIMEDIC E.I.R.L.,SOPHIPREN,1,ENE,508.2,12,Z2,CALLAO,False,False,True,False,40338.0,SOPHIPREN OFTENO 5 ML,ENERO,1.0,41450.28,50525.9,50525.9,266,12
PHARMA - Z2,OPTICA VERIMEDIC E.I.R.L.,TRAZIDEX O,1,ENE,277.83,6,Z2,CALLAO,False,False,True,False,40341.0,TRAZIDEX OFTENO 5 ML.,ENERO,1.0,107782.12,170736.47,170736.47,266,13
PHARMA - Z2,OPTICA VERIMEDIC E.I.R.L.,TRAZIDEX U,1,ENE,280.53,6,Z2,CALLAO,False,False,True,False,40342.0,TRAZIDEX UNGENA 3.5 G,ENERO,1.0,127130.48,135275.35,135275.35,266,14
PHARMA - Z2,OPTICA VERIMEDIC E.I.R.L.,ZEBESTEN,1,ENE,294.53,6,Z2,CALLAO,False,False,True,False,41604.0,ZEBESTEN 5ML PERU,ENERO,1.0,31496.43,43862.02,43862.02,266,15
PHARMA - Z2,OPTICA VERIMEDIC E.I.R.L.,AGGLAD,2,FEB,275.13,5,Z2,CALLAO,False,False,True,False,40351.0,AGGLAD OFTENO 5 ML,FEBRERO,0.96716156,31785.06,114546.1364,110784.62,266,0
PHARMA - Z2,OPTICA VERIMEDIC E.I.R.L.,ELAR-B,2,FEB,345.0,6,Z2,CALLAO,False,False,True,False,42098.0,ELAR-B 5 ML,FEBRERO,0.622378415,0.0,23180.02945,14426.75,266,3
PHARMA - Z2,OPTICA VERIMEDIC E.I.R.L.,ELIPTIC PF,2,FEB,189.43,5,Z2,CALLAO,False,False,True,False,41561.0,ELIPTIC OFTENO 5ML PF PERU,FEBRERO,0.876631233,16081.78,70691.40098,61970.29,266,5
PHARMA - Z2,OPTICA VERIMEDIC E.I.R.L.,FLUMETOL NF,2,FEB,245.01,6,Z2,CALLAO,False,False,True,False,40513.0,FLUMETOL NF OFTENO 5ML,FEBRERO,1.285457107,84540.52,101550.4985,130538.81,266,6
PHARMA - Z2,OPTICA VERIMEDIC E.I.R.L.,LAGRICEL PF,2,FEB,238.58,5,Z2,CALLAO,False,False,True,False,41582.0,LAGRICEL OFTENO LIBRE DE CONSERVADORES (PF) 10 ML,FEBRERO,1.01762066,244371.43,248182.4906,252555.63,266,10
PHARMA - Z2,OPTICA VERIMEDIC E.I.R.L.,AQUADRAN,3,MAR,324.0,6,Z2,CALLAO,False,False,True,False,41945.0,AQUADRAN 10G,MARZO,1.286810293,13176.0,33810.57818,43507.8,266,1
PHARMA - Z2,OPTICA VERIMEDIC E.I.R.L.,ELAR-B,3,MAR,690.0,12,Z2,CALLAO,False,False,True,False,42098.0,ELAR-B 5 ML,MARZO,0.892513965,0.0,23180.02945,20688.5,266,3
PHARMA - Z2,OPTICA VERIMEDIC E.I.R.L.,FLUMETOL NF,3,MAR,490.02,12,Z2,CALLAO,False,False,True,False,40513.0,FLUMETOL NF OFTENO 5ML,MARZO,1.399890715,84540.52,101550.4985,142159.6,266,6
PHARMA - Z2,OPTICA VERIMEDIC E.I.R.L.,GAAP PF,3,MAR,324.56,6,Z2,CALLAO,False,False,True,False,41567.0,GAAP OFTENO LIBRE DE CONSER PF 3 ML PERU,MARZO,0.894697886,80205.04,92164.06035,82458.99,266,8
PHARMA - Z2,OPTICA VERIMEDIC E.I.R.L.,LAGRICEL PF,3,MAR,286.3,6,Z2,CALLAO,False,False,True,False,41582.0,LAGRICEL OFTENO LIBRE DE CONSERVADORES (PF) 10 ML,MARZO,1.041573922,244371.43,248182.4906,258500.41,266,10
PHARMA - Z2,OPTICA VERIMEDIC E.I.R.L.,SOPHIPREN,3,MAR,847.0,20,Z2,CALLAO,False,False,True,False,40338.0,SOPHIPREN OFTENO 5 ML,MARZO,1.018181783,39394.05,56555.62783,57583.91,266,12
PHARMA - Z2,OPTICA VERIMEDIC E.I.R.L.,TRAZIDEX O,3,MAR,555.66,12,Z2,CALLAO,False,False,True,False,40341.0,TRAZIDEX OFTENO 5 ML.,MARZO,0.841410928,99642.69,95524.58531,80375.43,266,13
PHARMA - Z2,OPTICA VERIMEDIC E.I.R.L.,TRAZIDEX U,3,MAR,561.06,12,Z2,CALLAO,False,False,True,False,40342.0,TRAZIDEX UNGENA 3.5 G,MARZO,0.890660186,111697.65,148184.091,131981.67,266,14
PHARMA - Z2,OPTICA VERIMEDIC E.I.R.L.,ZEBESTEN,3,MAR,294.53,6,Z2,CALLAO,False,False,True,False,41604.0,ZEBESTEN 5ML PERU,MARZO,1.283372043,24271.56,27459.43408,35240.67,266,15
PHARMA - Z2,OPTICA VERIMEDIC E.I.R.L.,AGGLAD,4,ABR,330.0,6,Z2,CALLAO,False,False,True,False,40351.0,AGGLAD OFTENO 5 ML,ABRIL,0.757043269,24635.46,120891.2407,91519.9,266,0
PHARMA - Z2,OPTICA VERIMEDIC E.I.R.L.,AQUADRAN,4,ABR,324.0,6,Z2,CALLAO,False,False,True,False,41945.0,AQUADRAN 10G,ABRIL,1.367885669,18754.2,35738.51318,48886.2,266,1
PHARMA - Z2,OPTICA VERIMEDIC E.I.R.L.,ELIPTIC PF,4,ABR,227.0,6,Z2,CALLAO,False,False,True,False,41561.0,ELIPTIC OFTENO 5ML PF PERU,ABRIL,0.502083754,28406.63,74583.69182,37447.26,266,5
PHARMA - Z2,OPTICA VERIMEDIC E.I.R.L.,LAGRICEL PF,4,ABR,341.0,6,Z2,CALLAO,False,False,True,False,41582.0,LAGRICEL OFTENO LIBRE DE CONSERVADORES (PF) 10 ML,ABRIL,1.234011277,222585.45,261957.3873,323258.37,266,10
PHARMA - Z2,OPTICA VERIMEDIC E.I.R.L.,SOPHIPREN,4,ABR,254.0,6,Z2,CALLAO,False,False,True,False,40338.0,SOPHIPREN OFTENO 5 ML,ABRIL,1.125758804,51339.43,59671.10342,67175.27,266,12
PHARMA - Z2,OPTICA VERIMEDIC E.I.R.L.,TRAZIDEX O,4,ABR,278.0,6,Z2,CALLAO,False,False,True,False,40341.0,TRAZIDEX OFTENO 5 ML.,ABRIL,0.966120714,91975.94,101185.0264,97756.95,266,13
PHARMA - Z2,OPTICA VERIMEDIC E.I.R.L.,ZEBESTEN,4,ABR,295.0,6,Z2,CALLAO,False,False,True,False,41604.0,ZEBESTEN 5ML PERU,ABRIL,1.062586642,26953.56,29060.89609,30879.72,266,15
PHARMA - Z2,OPTICA VERIMEDIC E.I.R.L.,FLUMETOL NF,5,MAY,490.0,12,Z2,CALLAO,False,False,True,False,40513.0,FLUMETOL NF OFTENO 5ML,MAYO,1.182290501,84208.66,107397.8095,126975.41,266,6
PHARMA - Z2,OPTICA VERIMEDIC E.I.R.L.,LAGRICEL PF,5,MAY,286.0,6,Z2,CALLAO,False,False,True,False,41582.0,LAGRICEL OFTENO LIBRE DE CONSERVADORES (PF) 10 ML,MAYO,0.852391423,198666.14,261957.3873,223290.23,266,10
PHARMA - Z2,OPTICA VERIMEDIC E.I.R.L.,TRAZIDEX O,5,MAY,278.0,6,Z2,CALLAO,False,False,True,False,40341.0,TRAZIDEX OFTENO 5 ML.,MAYO,0.725790194,64098.19,101185.0264,73439.1,266,13
PHARMA - Z2,OPTICA VERIMEDIC E.I.R.L.,AQUADRAN,6,JUN,324.0,6,Z2,CALLAO,False,False,True,False,41945.0,AQUADRAN 10G,JUNIO,0.329694376,15957.0,35738.51318,47521.3,266,1
PHARMA - Z2,OPTICA VERIMEDIC E.I.R.L.,SOPHIPREN,6,JUN,508.0,12,Z2,CALLAO,False,False,True,False,40338.0,SOPHIPREN OFTENO 5 ML,JUNIO,0.072135193,48676.87,59671.10342,63975.49,266,12
PHARMA - Z2,OPTICA VERIMEDIC E.I.R.L.,TRAZIDEX U,6,JUN,281.0,6,Z2,CALLAO,False,False,True,False,40342.0,TRAZIDEX UNGENA 3.5 G,JUNIO,-0.144707451,114383.92,156358.3363,133732.12,266,14
PHARMA - Z2,OPTICA VERIMEDIC E.I.R.L.,ZEBESTEN,6,JUN,295.0,6,Z2,CALLAO,False,False,True,False,41604.0,ZEBESTEN 5ML PERU,JUNIO,0.156870039,15690.19,29060.89609,33619.68,266,15
PHARMA - Z2,OPTICA VERIMEDIC E.I.R.L.,ELAR-B,7,JUL,690.0,12,Z2,CALLAO,False,False,True,False,42098.0,ELAR-B 5 ML,JULIO,-0.748065157,0.0,26863.09645,6767.75,266,3
PHARMA - Z1,OPTICAS STEREOPSIS S.R.L.,AQUADRAN,2,FEB,540.0,10,Z1,LIMA,False,False,True,False,41945.0,AQUADRAN 10G,FEBRERO,1.033824379,13176.0,33810.57818,34954.2,267,1
PHARMA - Z1,OPTICAS STEREOPSIS S.R.L.,FLUMETOL NF,2,FEB,408.35,10,Z1,LIMA,False,False,True,False,40513.0,FLUMETOL NF OFTENO 5ML,FEBRERO,1.285457107,84540.52,101550.4985,130538.81,267,6
PHARMA - Z1,OPTICAS STEREOPSIS S.R.L.,AQUADRAN,3,MAR,540.0,10,Z1,LIMA,False,False,True,False,41945.0,AQUADRAN 10G,MARZO,1.286810293,13176.0,33810.57818,43507.8,267,1
PHARMA - Z1,OPTICAS STEREOPSIS S.R.L.,FLUMETOL NF,3,MAR,408.35,10,Z1,LIMA,False,False,True,False,40513.0,FLUMETOL NF OFTENO 5ML,MARZO,1.399890715,84540.52,101550.4985,142159.6,267,6
PHARMA - Z1,OPTICAS STEREOPSIS S.R.L.,LANDAX,3,MAR,233.05,5,Z1,LIMA,False,False,True,False,41804.0,LANDAX 5ML,MARZO,0.673401888,4684.31,21117.7311,14220.72,267,11
PHARMA - Z1,OPTICAS STEREOPSIS S.R.L.,AQUADRAN,4,ABR,0.0,30,Z1,LIMA,False,False,True,True,41945.0,AQUADRAN 10G,ABRIL,1.367885669,18754.2,35738.51318,48886.2,267,1
PHARMA - Z1,OPTICAS STEREOPSIS S.R.L.,FLUMETOL NF,4,ABR,613.0,15,Z1,LIMA,False,False,True,False,40513.0,FLUMETOL NF OFTENO 5ML,ABRIL,1.22328994,97096.28,107397.8095,131378.66,267,6
PHARMA - Z1,OPTICAS STEREOPSIS S.R.L.,LANDAX,4,ABR,699.0,15,Z1,LIMA,False,False,True,False,41804.0,LANDAX 5ML,ABRIL,0.967730243,9326.66,22304.8625,21585.09,267,11
PHARMA - Z1,OPTICAS STEREOPSIS S.R.L.,AQUADRAN,5,MAY,810.0,15,Z1,LIMA,False,False,True,False,41945.0,AQUADRAN 10G,MAYO,1.308504351,13786.2,35738.51318,46764.0,267,1
PHARMA - Z1,OPTICAS STEREOPSIS S.R.L.,FLUMETOL NF,5,MAY,613.0,15,Z1,LIMA,False,False,True,False,40513.0,FLUMETOL NF OFTENO 5ML,MAYO,1.182290501,84208.66,107397.8095,126975.41,267,6
PHARMA - Z1,OPTICAS STEREOPSIS S.R.L.,AQUADRAN,6,JUN,810.0,15,Z1,LIMA,False,False,True,False,41945.0,AQUADRAN 10G,JUNIO,0.329694376,15957.0,35738.51318,47521.3,267,1
PHARMA - Z1,OPTICAS STEREOPSIS S.R.L.,FLUMETOL NF,6,JUN,613.0,15,Z1,LIMA,False,False,True,False,40513.0,FLUMETOL NF OFTENO 5ML,JUNIO,0.071788154,87288.94,107397.8095,115107.7,267,6
PHARMA - Z1,OPTICASUNO S.A.C.,AGGLAD,1,ENE,1375.65,25,Z1,LIMA,False,False,True,False,40351.0,AGGLAD OFTENO 5 ML,ENERO,1.0,22534.35,110094.81,110094.81,268,0
PHARMA - Z1,OPTICASUNO S.A.C.,AQUADRAN,1,ENE,972.0,20,Z1,LIMA,False,False,True,False,41945.0,AQUADRAN 10G,ENERO,1.0,3348.0,44517.6,44517.6,268,1
PHARMA - Z1,OPTICASUNO S.A.C.,ELIPTIC PF,1,ENE,1045.12,25,Z1,LIMA,False,False,True,False,41561.0,ELIPTIC OFTENO 5ML PF PERU,ENERO,1.0,16201.95,62857.68,62857.68,268,5
PHARMA - Z1,OPTICASUNO S.A.C.,FLUMETOL NF,1,ENE,16334.0,400,Z1,LIMA,False,False,True,False,40513.0,FLUMETOL NF OFTENO 5ML,ENERO,1.0,106644.0,144656.97,144656.97,268,6
PHARMA - Z1,OPTICASUNO S.A.C.,GAAP PF,1,ENE,901.55,10,Z1,LIMA,False,False,True,False,41567.0,GAAP OFTENO LIBRE DE CONSER PF 3 ML PERU,ENERO,1.0,67726.3,99013.28,99013.28,268,8
PHARMA - Z1,OPTICASUNO S.A.C.,LAGRICEL,1,ENE,20470.0,400,Z1,LIMA,False,False,True,False,40515.0,LAGRICEL OFTENO 0.5 ML,ENERO,1.0,154236.51,132452.04,132452.04,268,9
PHARMA - Z1,OPTICASUNO S.A.C.,LANDAX,1,ENE,10999.96,400,Z1,LIMA,False,False,True,False,41804.0,LANDAX 5ML,ENERO,1.0,2843.21,23761.78,23761.78,268,11
PHARMA - Z1,OPTICASUNO S.A.C.,SOPHIPREN,1,ENE,3388.0,80,Z1,LIMA,False,False,True,False,40338.0,SOPHIPREN OFTENO 5 ML,ENERO,1.0,41450.28,50525.9,50525.9,268,12
PHARMA - Z1,OPTICASUNO S.A.C.,AGGLAD,2,FEB,275.13,5,Z1,LIMA,False,False,True,False,40351.0,AGGLAD OFTENO 5 ML,FEBRERO,0.96716156,31785.06,114546.1364,110784.62,268,0
PHARMA - Z1,OPTICASUNO S.A.C.,AQUADRAN,2,FEB,972.0,20,Z1,LIMA,False,False,True,False,41945.0,AQUADRAN 10G,FEBRERO,1.033824379,13176.0,33810.57818,34954.2,268,1
PHARMA - Z1,OPTICASUNO S.A.C.,ELIPTIC PF,2,FEB,334.43,8,Z1,LIMA,False,False,True,False,41561.0,ELIPTIC OFTENO 5ML PF PERU,FEBRERO,0.876631233,16081.78,70691.40098,61970.29,268,5
PHARMA - Z1,OPTICASUNO S.A.C.,FLUMETOL NF,2,FEB,8167.0,200,Z1,LIMA,False,False,True,False,40513.0,FLUMETOL NF OFTENO 5ML,FEBRERO,1.285457107,84540.52,101550.4985,130538.81,268,6
PHARMA - Z1,OPTICASUNO S.A.C.,LAGRICEL,2,FEB,14329.0,280,Z1,LIMA,False,False,True,False,40515.0,LAGRICEL OFTENO 0.5 ML,FEBRERO,0.970823097,194840.09,165898.7416,161058.33,268,9
PHARMA - Z1,OPTICASUNO S.A.C.,LANDAX,2,FEB,5499.98,200,Z1,LIMA,False,False,True,False,41804.0,LANDAX 5ML,FEBRERO,0.765660853,4684.31,21117.7311,16169.02,268,11
PHARMA - Z1,OPTICASUNO S.A.C.,SOPHIPREN,2,FEB,1694.0,40,Z1,LIMA,False,False,True,False,40338.0,SOPHIPREN OFTENO 5 ML,FEBRERO,1.300787434,39394.05,56555.62783,73566.85,268,12
PHARMA - Z1,OPTICASUNO S.A.C.,TRAZIDEX O,2,FEB,2778.3,60,Z1,LIMA,False,False,True,False,40341.0,TRAZIDEX OFTENO 5 ML.,FEBRERO,0.868398954,99642.69,95524.58531,82953.45,268,13
PHARMA - Z1,OPTICASUNO S.A.C.,TRAZIDEX U,2,FEB,467.55,10,Z1,LIMA,False,False,True,False,40342.0,TRAZIDEX UNGENA 3.5 G,FEBRERO,0.737379291,111697.65,148184.091,109267.88,268,14
PHARMA - Z1,OPTICASUNO S.A.C.,FLUMETOL NF,3,MAR,9800.4,240,Z1,LIMA,False,False,True,False,40513.0,FLUMETOL NF OFTENO 5ML,MARZO,1.399890715,84540.52,101550.4985,142159.6,268,6
PHARMA - Z1,OPTICASUNO S.A.C.,GAAP PF,3,MAR,450.78,5,Z1,LIMA,False,False,True,False,41567.0,GAAP OFTENO LIBRE DE CONSER PF 3 ML PERU,MARZO,0.894697886,80205.04,92164.06035,82458.99,268,8
PHARMA - Z1,OPTICASUNO S.A.C.,LAGRICEL,3,MAR,14329.0,280,Z1,LIMA,False,False,True,False,40515.0,LAGRICEL OFTENO 0.5 ML,MARZO,1.138987362,194840.09,165898.7416,188956.57,268,9
PHARMA - Z1,OPTICASUNO S.A.C.,LANDAX,3,MAR,5499.98,200,Z1,LIMA,False,False,True,False,41804.0,LANDAX 5ML,MARZO,0.673401888,4684.31,21117.7311,14220.72,268,11
PHARMA - Z1,OPTICASUNO S.A.C.,SOPHIPREN,3,MAR,1694.0,40,Z1,LIMA,False,False,True,False,40338.0,SOPHIPREN OFTENO 5 ML,MARZO,1.018181783,39394.05,56555.62783,57583.91,268,12
PHARMA - Z1,OPTICASUNO S.A.C.,TRAZIDEX O,3,MAR,1852.2,40,Z1,LIMA,False,False,True,False,40341.0,TRAZIDEX OFTENO 5 ML.,MARZO,0.841410928,99642.69,95524.58531,80375.43,268,13
PHARMA - Z1,OPTICASUNO S.A.C.,TRAZIDEX U,3,MAR,467.55,10,Z1,LIMA,False,False,True,False,40342.0,TRAZIDEX UNGENA 3.5 G,MARZO,0.890660186,111697.65,148184.091,131981.67,268,14
PHARMA - Z1,OPTICASUNO S.A.C.,AGGLAD,4,ABR,550.0,10,Z1,LIMA,False,False,True,False,40351.0,AGGLAD OFTENO 5 ML,ABRIL,0.757043269,24635.46,120891.2407,91519.9,268,0
PHARMA - Z1,OPTICASUNO S.A.C.,AQUADRAN,4,ABR,486.0,10,Z1,LIMA,False,False,True,False,41945.0,AQUADRAN 10G,ABRIL,1.367885669,18754.2,35738.51318,48886.2,268,1
PHARMA - Z1,OPTICASUNO S.A.C.,ELIPTIC PF,4,ABR,418.0,10,Z1,LIMA,False,False,True,False,41561.0,ELIPTIC OFTENO 5ML PF PERU,ABRIL,0.502083754,28406.63,74583.69182,37447.26,268,5
PHARMA - Z1,OPTICASUNO S.A.C.,FLUMETOL NF,4,ABR,0.0,200,Z1,LIMA,False,False,True,True,40513.0,FLUMETOL NF OFTENO 5ML,ABRIL,1.22328994,97096.28,107397.8095,131378.66,268,6
PHARMA - Z1,OPTICASUNO S.A.C.,GAAP PF,4,ABR,451.0,5,Z1,LIMA,False,False,True,False,41567.0,GAAP OFTENO LIBRE DE CONSER PF 3 ML PERU,ABRIL,0.580041645,82952.14,97315.99528,56447.33,268,8
PHARMA - Z1,OPTICASUNO S.A.C.,LAGRICEL,4,ABR,0.0,260,Z1,LIMA,False,False,True,True,40515.0,LAGRICEL OFTENO 0.5 ML,ABRIL,0.760754197,152829.6,174961.4402,133102.65,268,9
PHARMA - Z1,OPTICASUNO S.A.C.,LANDAX,4,ABR,0.0,200,Z1,LIMA,False,False,True,True,41804.0,LANDAX 5ML,ABRIL,0.967730243,9326.66,22304.8625,21585.09,268,11
PHARMA - Z1,OPTICASUNO S.A.C.,SOPHIPREN,4,ABR,0.0,40,Z1,LIMA,False,False,True,True,40338.0,SOPHIPREN OFTENO 5 ML,ABRIL,1.125758804,51339.43,59671.10342,67175.27,268,12
PHARMA - Z1,OPTICASUNO S.A.C.,AGGLAD,5,MAY,275.0,5,Z1,LIMA,False,False,True,False,40351.0,AGGLAD OFTENO 5 ML,MAYO,0.670022241,26193.67,120891.2407,80999.82,268,0
PHARMA - Z1,OPTICASUNO S.A.C.,ELIPTIC PF,5,MAY,209.0,5,Z1,LIMA,False,False,True,False,41561.0,ELIPTIC OFTENO 5ML PF PERU,MAYO,0.635068724,11669.87,74583.69182,47365.77,268,5
PHARMA - Z1,OPTICASUNO S.A.C.,FLUMETOL NF,5,MAY,0.0,200,Z1,LIMA,False,False,True,True,40513.0,FLUMETOL NF OFTENO 5ML,MAYO,1.182290501,84208.66,107397.8095,126975.41,268,6
PHARMA - Z1,OPTICASUNO S.A.C.,LAGRICEL,5,MAY,0.0,200,Z1,LIMA,False,False,True,True,40515.0,LAGRICEL OFTENO 0.5 ML,MAYO,0.714118093,158816.35,174961.4402,124943.13,268,9
PHARMA - Z1,OPTICASUNO S.A.C.,LANDAX,5,MAY,0.0,200,Z1,LIMA,False,False,True,True,41804.0,LANDAX 5ML,MAYO,0.638188198,10589.8,22304.8625,14234.7,268,11
PHARMA - Z1,OPTICASUNO S.A.C.,SOPHIPREN,5,MAY,0.0,40,Z1,LIMA,False,False,True,True,40338.0,SOPHIPREN OFTENO 5 ML,MAYO,0.947602386,43314.92,59671.10342,56544.48,268,12
PHARMA - Z1,OPTICASUNO S.A.C.,TRAZIDEX O,5,MAY,0.0,60,Z1,LIMA,False,False,True,True,40341.0,TRAZIDEX OFTENO 5 ML.,MAYO,0.725790194,64098.19,101185.0264,73439.1,268,13
PHARMA - Z1,OPTICASUNO S.A.C.,ELIPTIC PF,6,JUN,209.0,5,Z1,LIMA,False,False,True,False,41561.0,ELIPTIC OFTENO 5ML PF PERU,JUNIO,-0.431896719,12781.68,74583.69182,42371.24,268,5
PHARMA - Z1,OPTICASUNO S.A.C.,FLUMETOL NF,6,JUN,0.0,200,Z1,LIMA,False,False,True,True,40513.0,FLUMETOL NF OFTENO 5ML,JUNIO,0.071788154,87288.94,107397.8095,115107.7,268,6
PHARMA - Z1,OPTICASUNO S.A.C.,GAAP PF,6,JUN,451.0,5,Z1,LIMA,False,False,True,False,41567.0,GAAP OFTENO LIBRE DE CONSER PF 3 ML PERU,JUNIO,-0.151410313,75783.27,97315.99528,82581.35,268,8
PHARMA - Z1,OPTICASUNO S.A.C.,LAGRICEL,6,JUN,0.0,280,Z1,LIMA,False,False,True,True,40515.0,LAGRICEL OFTENO 0.5 ML,JUNIO,-0.157973323,129483.27,174961.4402,147322.2,268,9
PHARMA - Z1,OPTICASUNO S.A.C.,LANDAX,6,JUN,0.0,201,Z1,LIMA,False,False,True,True,41804.0,LANDAX 5ML,JUNIO,-0.340308868,5574.56,22304.8625,14714.32,268,11
PHARMA - Z1,OPTICASUNO S.A.C.,SOPHIPREN,6,JUN,0.0,40,Z1,LIMA,False,False,True,True,40338.0,SOPHIPREN OFTENO 5 ML,JUNIO,0.072135193,48676.87,59671.10342,63975.49,268,12
PHARMA - S,OPTILASER E.I.R.L.,AGGLAD,1,ENE,2751.3,50,S,CADENAS,False,False,True,False,40351.0,AGGLAD OFTENO 5 ML,ENERO,1.0,22534.35,110094.81,110094.81,269,0
PHARMA - S,OPTILASER E.I.R.L.,ELIPTIC,2,FEB,1458.66,50,S,CADENAS,False,False,True,False,41076.0,ELIPTIC OFTENO 5ML,FEBRERO,0.601609541,3462.73,37097.88238,22318.44,269,4
PHARMA - S,OPTILASER E.I.R.L.,ELIPTIC PF,3,MAR,1698.32,50,S,CADENAS,False,False,True,False,41561.0,ELIPTIC OFTENO 5ML PF PERU,MARZO,0.543724406,16081.78,70691.40098,38436.64,269,5
PHARMA - S,OPTILASER E.I.R.L.,LAGRICEL PF,3,MAR,2385.81,50,S,CADENAS,False,False,True,False,41582.0,LAGRICEL OFTENO LIBRE DE CONSERVADORES (PF) 10 ML,MARZO,1.041573922,244371.43,248182.4906,258500.41,269,10
PHARMA - S,OPTILASER E.I.R.L.,ZEBESTEN,3,MAR,2454.38,50,S,CADENAS,False,False,True,False,41604.0,ZEBESTEN 5ML PERU,MARZO,1.283372043,24271.56,27459.43408,35240.67,269,15
PHARMA - Z2,OPTIMA VISION SRL,AGGLAD,1,ENE,330.15,6,Z2,CALLAO,False,False,True,False,40351.0,AGGLAD OFTENO 5 ML,ENERO,1.0,22534.35,110094.81,110094.81,270,0
PHARMA - Z2,OPTIMA VISION SRL,DUSTALOX,1,ENE,82.04,2,Z2,CALLAO,False,False,True,False,41121.0,DUSTALOX 5ML,ENERO,1.0,13592.53,8778.28,8778.28,270,2
PHARMA - Z2,OPTIMA VISION SRL,ELIPTIC PF,1,ENE,227.31,6,Z2,CALLAO,False,False,True,False,41561.0,ELIPTIC OFTENO 5ML PF PERU,ENERO,1.0,16201.95,62857.68,62857.68,270,5
PHARMA - Z2,OPTIMA VISION SRL,FLUMETOL NF,1,ENE,343.01,6,Z2,CALLAO,False,False,True,False,40513.0,FLUMETOL NF OFTENO 5ML,ENERO,1.0,106644.0,144656.97,144656.97,270,6
PHARMA - Z2,OPTIMA VISION SRL,GAAP PF,1,ENE,901.55,10,Z2,CALLAO,False,False,True,False,41567.0,GAAP OFTENO LIBRE DE CONSER PF 3 ML PERU,ENERO,1.0,67726.3,99013.28,99013.28,270,8
PHARMA - Z2,OPTIMA VISION SRL,LAGRICEL PF,1,ENE,381.73,8,Z2,CALLAO,False,False,True,False,41582.0,LAGRICEL OFTENO LIBRE DE CONSERVADORES (PF) 10 ML,ENERO,1.0,241357.65,244552.3,244552.3,270,10
PHARMA - Z2,OPTIMA VISION SRL,TRAZIDEX O,1,ENE,277.83,6,Z2,CALLAO,False,False,True,False,40341.0,TRAZIDEX OFTENO 5 ML.,ENERO,1.0,107782.12,170736.47,170736.47,270,13
PHARMA - Z2,OPTIMA VISION SRL,TRAZIDEX U,1,ENE,1009.91,18,Z2,CALLAO,False,False,True,False,40342.0,TRAZIDEX UNGENA 3.5 G,ENERO,1.0,127130.48,135275.35,135275.35,270,14
PHARMA - Z2,OPTIMA VISION SRL,ZEBESTEN,1,ENE,98.18,2,Z2,CALLAO,False,False,True,False,41604.0,ZEBESTEN 5ML PERU,ENERO,1.0,31496.43,43862.02,43862.02,270,15
PHARMA - Z2,OPTIMA VISION SRL,AQUADRAN,2,FEB,324.0,6,Z2,CALLAO,False,False,True,False,41945.0,AQUADRAN 10G,FEBRERO,1.033824379,13176.0,33810.57818,34954.2,270,1
PHARMA - Z2,OPTIMA VISION SRL,ELAR-B,2,FEB,345.0,6,Z2,CALLAO,False,False,True,False,42098.0,ELAR-B 5 ML,FEBRERO,0.622378415,0.0,23180.02945,14426.75,270,3
PHARMA - Z2,OPTIMA VISION SRL,ELIPTIC PF,2,FEB,75.77,2,Z2,CALLAO,False,False,True,False,41561.0,ELIPTIC OFTENO 5ML PF PERU,FEBRERO,0.876631233,16081.78,70691.40098,61970.29,270,5
PHARMA - Z2,OPTIMA VISION SRL,FLUMETOL NF,2,FEB,343.02,6,Z2,CALLAO,False,False,True,False,40513.0,FLUMETOL NF OFTENO 5ML,FEBRERO,1.285457107,84540.52,101550.4985,130538.81,270,6
PHARMA - Z2,OPTIMA VISION SRL,GAAP PF,2,FEB,901.55,10,Z2,CALLAO,False,False,True,False,41567.0,GAAP OFTENO LIBRE DE CONSER PF 3 ML PERU,FEBRERO,0.820494884,80205.04,92164.06035,75620.14,270,8
PHARMA - Z2,OPTIMA VISION SRL,LAGRICEL PF,2,FEB,286.3,6,Z2,CALLAO,False,False,True,False,41582.0,LAGRICEL OFTENO LIBRE DE CONSERVADORES (PF) 10 ML,FEBRERO,1.01762066,244371.43,248182.4906,252555.63,270,10
PHARMA - Z2,OPTIMA VISION SRL,SOPHIPREN,2,FEB,304.92,6,Z2,CALLAO,False,False,True,False,40338.0,SOPHIPREN OFTENO 5 ML,FEBRERO,1.300787434,39394.05,56555.62783,73566.85,270,12
PHARMA - Z2,OPTIMA VISION SRL,TRAZIDEX O,2,FEB,416.75,9,Z2,CALLAO,False,False,True,False,40341.0,TRAZIDEX OFTENO 5 ML.,FEBRERO,0.868398954,99642.69,95524.58531,82953.45,270,13
PHARMA - Z2,OPTIMA VISION SRL,TRAZIDEX U,2,FEB,392.74,7,Z2,CALLAO,False,False,True,False,40342.0,TRAZIDEX UNGENA 3.5 G,FEBRERO,0.737379291,111697.65,148184.091,109267.88,270,14
PHARMA - Z2,OPTIMA VISION SRL,ZEBESTEN,2,FEB,98.18,2,Z2,CALLAO,False,False,True,False,41604.0,ZEBESTEN 5ML PERU,FEBRERO,0.998966691,24271.56,27459.43408,27431.06,270,15
PHARMA - Z2,OPTIMA VISION SRL,DUSTALOX,3,MAR,164.08,4,Z2,CALLAO,False,False,True,False,41121.0,DUSTALOX 5ML,MARZO,0.887447361,6813.43,11070.27913,9824.29,270,2
PHARMA - Z2,OPTIMA VISION SRL,FLUMETOL NF,3,MAR,228.68,4,Z2,CALLAO,False,False,True,False,40513.0,FLUMETOL NF OFTENO 5ML,MARZO,1.399890715,84540.52,101550.4985,142159.6,270,6
PHARMA - Z2,OPTIMA VISION SRL,GAAP PF,3,MAR,901.55,10,Z2,CALLAO,False,False,True,False,41567.0,GAAP OFTENO LIBRE DE CONSER PF 3 ML PERU,MARZO,0.894697886,80205.04,92164.06035,82458.99,270,8
PHARMA - Z2,OPTIMA VISION SRL,LAGRICEL PF,3,MAR,190.86,4,Z2,CALLAO,False,False,True,False,41582.0,LAGRICEL OFTENO LIBRE DE CONSERVADORES (PF) 10 ML,MARZO,1.041573922,244371.43,248182.4906,258500.41,270,10
PHARMA - Z2,OPTIMA VISION SRL,TRAZIDEX O,3,MAR,555.66,12,Z2,CALLAO,False,False,True,False,40341.0,TRAZIDEX OFTENO 5 ML.,MARZO,0.841410928,99642.69,95524.58531,80375.43,270,13
PHARMA - Z2,OPTIMA VISION SRL,TRAZIDEX U,3,MAR,561.06,10,Z2,CALLAO,False,False,True,False,40342.0,TRAZIDEX UNGENA 3.5 G,MARZO,0.890660186,111697.65,148184.091,131981.67,270,14
PHARMA - Z2,OPTIMA VISION SRL,AGGLAD,4,ABR,220.0,4,Z2,CALLAO,False,False,True,False,40351.0,AGGLAD OFTENO 5 ML,ABRIL,0.757043269,24635.46,120891.2407,91519.9,270,0
PHARMA - Z2,OPTIMA VISION SRL,AQUADRAN,4,ABR,216.0,4,Z2,CALLAO,False,False,True,False,41945.0,AQUADRAN 10G,ABRIL,1.367885669,18754.2,35738.51318,48886.2,270,1
PHARMA - Z2,OPTIMA VISION SRL,ELAR-B,4,ABR,345.0,6,Z2,CALLAO,False,False,True,False,42098.0,ELAR-B 5 ML,ABRIL,0.614395812,0.0,24407.71845,14996.0,270,3
PHARMA - Z2,OPTIMA VISION SRL,ELIPTIC PF,4,ABR,227.0,6,Z2,CALLAO,False,False,True,False,41561.0,ELIPTIC OFTENO 5ML PF PERU,ABRIL,0.502083754,28406.63,74583.69182,37447.26,270,5
PHARMA - Z2,OPTIMA VISION SRL,FLUMETOL NF,4,ABR,457.0,8,Z2,CALLAO,False,False,True,False,40513.0,FLUMETOL NF OFTENO 5ML,ABRIL,1.22328994,97096.28,107397.8095,131378.66,270,6
PHARMA - Z2,OPTIMA VISION SRL,GAAP PF,4,ABR,0.0,12,Z2,CALLAO,False,False,True,True,41567.0,GAAP OFTENO LIBRE DE CONSER PF 3 ML PERU,ABRIL,0.580041645,82952.14,97315.99528,56447.33,270,8
PHARMA - Z2,OPTIMA VISION SRL,LAGRICEL PF,4,ABR,286.0,6,Z2,CALLAO,False,False,True,False,41582.0,LAGRICEL OFTENO LIBRE DE CONSERVADORES (PF) 10 ML,ABRIL,1.234011277,222585.45,261957.3873,323258.37,270,10
PHARMA - Z2,OPTIMA VISION SRL,TRAZIDEX O,4,ABR,278.0,6,Z2,CALLAO,False,False,True,False,40341.0,TRAZIDEX OFTENO 5 ML.,ABRIL,0.966120714,91975.94,101185.0264,97756.95,270,13
PHARMA - Z2,OPTIMA VISION SRL,TRAZIDEX U,4,ABR,337.0,6,Z2,CALLAO,False,False,True,False,40342.0,TRAZIDEX UNGENA 3.5 G,ABRIL,0.810349246,131494.88,156358.3363,126704.86,270,14
PHARMA - Z2,OPTIMA VISION SRL,ZEBESTEN,4,ABR,295.0,6,Z2,CALLAO,False,False,True,False,41604.0,ZEBESTEN 5ML PERU,ABRIL,1.062586642,26953.56,29060.89609,30879.72,270,15
PHARMA - Z2,OPTIMA VISION SRL,AGGLAD,5,MAY,110.0,2,Z2,CALLAO,False,False,True,False,40351.0,AGGLAD OFTENO 5 ML,MAYO,0.670022241,26193.67,120891.2407,80999.82,270,0
PHARMA - Z2,OPTIMA VISION SRL,AQUADRAN,5,MAY,162.0,3,Z2,CALLAO,False,False,True,False,41945.0,AQUADRAN 10G,MAYO,1.308504351,13786.2,35738.51318,46764.0,270,1
PHARMA - Z2,OPTIMA VISION SRL,ELAR-B,5,MAY,230.0,4,Z2,CALLAO,False,False,True,False,42098.0,ELAR-B 5 ML,MAYO,0.690959707,0.0,24407.71845,16864.75,270,3
PHARMA - Z2,OPTIMA VISION SRL,FLUMETOL NF,5,MAY,229.0,4,Z2,CALLAO,False,False,True,False,40513.0,FLUMETOL NF OFTENO 5ML,MAYO,1.182290501,84208.66,107397.8095,126975.41,270,6
PHARMA - Z2,OPTIMA VISION SRL,LAGRICEL PF,5,MAY,573.0,12,Z2,CALLAO,False,False,True,False,41582.0,LAGRICEL OFTENO LIBRE DE CONSERVADORES (PF) 10 ML,MAYO,0.852391423,198666.14,261957.3873,223290.23,270,10
PHARMA - Z2,OPTIMA VISION SRL,SOPHIPREN,5,MAY,203.0,4,Z2,CALLAO,False,False,True,False,40338.0,SOPHIPREN OFTENO 5 ML,MAYO,0.947602386,43314.92,59671.10342,56544.48,270,12
PHARMA - Z2,OPTIMA VISION SRL,TRAZIDEX O,5,MAY,463.0,10,Z2,CALLAO,False,False,True,False,40341.0,TRAZIDEX OFTENO 5 ML.,MAYO,0.725790194,64098.19,101185.0264,73439.1,270,13
PHARMA - Z2,OPTIMA VISION SRL,TRAZIDEX U,5,MAY,898.0,16,Z2,CALLAO,False,False,True,False,40342.0,TRAZIDEX UNGENA 3.5 G,MAYO,0.799544258,131001.94,156358.3363,125015.41,270,14
PHARMA - Z2,OPTIMA VISION SRL,AGGLAD,6,JUN,110.0,2,Z2,CALLAO,False,False,True,False,40351.0,AGGLAD OFTENO 5 ML,JUNIO,-0.235301917,20271.95,120891.2407,92445.3,270,0
PHARMA - Z2,OPTIMA VISION SRL,ELAR-B,6,JUN,805.0,14,Z2,CALLAO,False,False,True,False,42098.0,ELAR-B 5 ML,JUNIO,-0.29490542,0.0,24407.71845,17209.75,270,3
PHARMA - Z2,OPTIMA VISION SRL,ELIPTIC PF,6,JUN,76.0,2,Z2,CALLAO,False,False,True,False,41561.0,ELIPTIC OFTENO 5ML PF PERU,JUNIO,-0.431896719,12781.68,74583.69182,42371.24,270,5
PHARMA - Z2,OPTIMA VISION SRL,FLUMETOL NF,6,JUN,229.0,4,Z2,CALLAO,False,False,True,False,40513.0,FLUMETOL NF OFTENO 5ML,JUNIO,0.071788154,87288.94,107397.8095,115107.7,270,6
PHARMA - Z2,OPTIMA VISION SRL,GAAP PF,6,JUN,180.0,2,Z2,CALLAO,False,False,True,False,41567.0,GAAP OFTENO LIBRE DE CONSER PF 3 ML PERU,JUNIO,-0.151410313,75783.27,97315.99528,82581.35,270,8
PHARMA - Z2,OPTIMA VISION SRL,LAGRICEL PF,6,JUN,382.0,8,Z2,CALLAO,False,False,True,False,41582.0,LAGRICEL OFTENO LIBRE DE CONSERVADORES (PF) 10 ML,JUNIO,-0.085958779,182516.9,261957.3873,239439.85,270,10
PHARMA - Z2,OPTIMA VISION SRL,TRAZIDEX U,6,JUN,168.0,3,Z2,CALLAO,False,False,True,False,40342.0,TRAZIDEX UNGENA 3.5 G,JUNIO,-0.144707451,114383.92,156358.3363,133732.12,270,14
PHARMA - Z2,OPTIMA VISION SRL,AGGLAD,7,JUL,110.0,2,Z2,CALLAO,False,False,True,False,40351.0,AGGLAD OFTENO 5 ML,JULIO,-0.863449228,29784.66,133581.4492,18240.65,270,0
PHARMA - Z2,OPTIMA VISION SRL,ELAR-B,7,JUL,230.0,4,Z2,CALLAO,False,False,True,False,42098.0,ELAR-B 5 ML,JULIO,-0.748065157,0.0,26863.09645,6767.75,270,3
PHARMA - Z2,OPTIMA VISION SRL,GAAP PF,7,JUL,180.0,2,Z2,CALLAO,False,False,True,False,41567.0,GAAP OFTENO LIBRE DE CONSER PF 3 ML PERU,JULIO,-0.767903816,96163.14,107619.8651,24978.16,270,8
PHARMA - Z2,OPTIMA VISION SRL,LAGRICEL PF,7,JUL,382.0,8,Z2,CALLAO,False,False,True,False,41582.0,LAGRICEL OFTENO LIBRE DE CONSERVADORES (PF) 10 ML,JULIO,-0.871300153,205886.66,289507.1807,37259.53,270,10
PHARMA - Z2,OPTOPLUS E.I.R.L.,AGGLAD,1,ENE,1222.8,10,Z2,CALLAO,False,False,True,False,40351.0,AGGLAD OFTENO 5 ML,ENERO,1.0,22534.35,110094.81,110094.81,271,0
PHARMA - Z2,OPTOPLUS E.I.R.L.,ELAR-B,1,ENE,2875.0,50,Z2,CALLAO,False,False,True,False,42098.0,ELAR-B 5 ML,ENERO,1.0,0.0,10200.5,10200.5,271,3
PHARMA - Z2,OPTOPLUS E.I.R.L.,GAAP PF,1,ENE,901.55,10,Z2,CALLAO,False,False,True,False,41567.0,GAAP OFTENO LIBRE DE CONSER PF 3 ML PERU,ENERO,1.0,67726.3,99013.28,99013.28,271,8
PHARMA - Z2,OPTOPLUS E.I.R.L.,LAGRICEL PF,1,ENE,2556.23,50,Z2,CALLAO,False,False,True,False,41582.0,LAGRICEL OFTENO LIBRE DE CONSERVADORES (PF) 10 ML,ENERO,1.0,241357.65,244552.3,244552.3,271,10
PHARMA - Z2,OPTOPLUS E.I.R.L.,LANDAX,1,ENE,2330.5,50,Z2,CALLAO,False,False,True,False,41804.0,LANDAX 5ML,ENERO,1.0,2843.21,23761.78,23761.78,271,11
PHARMA - Z2,OPTOPLUS E.I.R.L.,SOPHIPREN,1,ENE,1821.05,50,Z2,CALLAO,False,False,True,False,40338.0,SOPHIPREN OFTENO 5 ML,ENERO,1.0,41450.28,50525.9,50525.9,271,12
PHARMA - Z2,OPTOPLUS E.I.R.L.,TRAZIDEX O,1,ENE,2315.25,50,Z2,CALLAO,False,False,True,False,40341.0,TRAZIDEX OFTENO 5 ML.,ENERO,1.0,107782.12,170736.47,170736.47,271,13
PHARMA - Z2,OPTOPLUS E.I.R.L.,AGGLAD,2,FEB,1375.65,25,Z2,CALLAO,False,False,True,False,40351.0,AGGLAD OFTENO 5 ML,FEBRERO,0.96716156,31785.06,114546.1364,110784.62,271,0
PHARMA - Z2,OPTOPLUS E.I.R.L.,ELIPTIC,2,FEB,741.7,25,Z2,CALLAO,False,False,True,False,41076.0,ELIPTIC OFTENO 5ML,FEBRERO,0.601609541,3462.73,37097.88238,22318.44,271,4
PHARMA - Z2,OPTOPLUS E.I.R.L.,LAGRICEL PF,2,FEB,2556.23,50,Z2,CALLAO,False,False,True,False,41582.0,LAGRICEL OFTENO LIBRE DE CONSERVADORES (PF) 10 ML,FEBRERO,1.01762066,244371.43,248182.4906,252555.63,271,10
PHARMA - Z2,OPTOPLUS E.I.R.L.,SOPHIPREN,2,FEB,1821.05,50,Z2,CALLAO,False,False,True,False,40338.0,SOPHIPREN OFTENO 5 ML,FEBRERO,1.300787434,39394.05,56555.62783,73566.85,271,12
PHARMA - Z2,OPTOPLUS E.I.R.L.,AGGLAD,3,MAR,1375.65,25,Z2,CALLAO,False,False,True,False,40351.0,AGGLAD OFTENO 5 ML,MARZO,0.708033745,31785.06,114546.1364,81102.53,271,0
PHARMA - Z2,OPTOPLUS E.I.R.L.,ELIPTIC,3,MAR,741.7,25,Z2,CALLAO,False,False,True,False,41076.0,ELIPTIC OFTENO 5ML,MARZO,0.61397952,3462.73,37097.88238,22777.34,271,4
PHARMA - Z2,OPTOPLUS E.I.R.L.,LAGRICEL PF,3,MAR,1278.11,25,Z2,CALLAO,False,False,True,False,41582.0,LAGRICEL OFTENO LIBRE DE CONSERVADORES (PF) 10 ML,MARZO,1.041573922,244371.43,248182.4906,258500.41,271,10
PHARMA - Z2,OPTOPLUS E.I.R.L.,LANDAX,3,MAR,1165.25,25,Z2,CALLAO,False,False,True,False,41804.0,LANDAX 5ML,MARZO,0.673401888,4684.31,21117.7311,14220.72,271,11
PHARMA - Z2,OPTOPLUS E.I.R.L.,SOPHIPREN,3,MAR,1821.05,50,Z2,CALLAO,False,False,True,False,40338.0,SOPHIPREN OFTENO 5 ML,MARZO,1.018181783,39394.05,56555.62783,57583.91,271,12
PHARMA - Z2,OPTOPLUS E.I.R.L.,TRAZIDEX O,3,MAR,1157.63,25,Z2,CALLAO,False,False,True,False,40341.0,TRAZIDEX OFTENO 5 ML.,MARZO,0.841410928,99642.69,95524.58531,80375.43,271,13
PHARMA - Z2,OPTOPLUS E.I.R.L.,DUSTALOX,4,ABR,697.0,17,Z2,CALLAO,False,False,True,False,41121.0,DUSTALOX 5ML,ABRIL,0.650326442,9428.91,11675.36719,7592.8,271,2
PHARMA - Z2,OPTOPLUS E.I.R.L.,LAGRICEL PF,4,ABR,0.0,25,Z2,CALLAO,False,False,True,True,41582.0,LAGRICEL OFTENO LIBRE DE CONSERVADORES (PF) 10 ML,ABRIL,1.234011277,222585.45,261957.3873,323258.37,271,10
PHARMA - Z2,OPTOPLUS E.I.R.L.,SOPHIPREN,4,ABR,911.0,25,Z2,CALLAO,False,False,True,False,40338.0,SOPHIPREN OFTENO 5 ML,ABRIL,1.125758804,51339.43,59671.10342,67175.27,271,12
PHARMA - Z2,OPTOPLUS E.I.R.L.,TRAZIDEX O,4,ABR,0.0,25,Z2,CALLAO,False,False,True,True,40341.0,TRAZIDEX OFTENO 5 ML.,ABRIL,0.966120714,91975.94,101185.0264,97756.95,271,13
PHARMA - Z2,OPTOPLUS E.I.R.L.,AGGLAD,5,MAY,0.0,25,Z2,CALLAO,False,False,True,True,40351.0,AGGLAD OFTENO 5 ML,MAYO,0.670022241,26193.67,120891.2407,80999.82,271,0
PHARMA - Z2,OPTOPLUS E.I.R.L.,AQUADRAN,5,MAY,810.0,15,Z2,CALLAO,False,False,True,False,41945.0,AQUADRAN 10G,MAYO,1.308504351,13786.2,35738.51318,46764.0,271,1
PHARMA - Z2,OPTOPLUS E.I.R.L.,GAAP PF,5,MAY,0.0,20,Z2,CALLAO,False,False,True,True,41567.0,GAAP OFTENO LIBRE DE CONSER PF 3 ML PERU,MAYO,0.695728383,103158.58,97315.99528,67705.5,271,8
PHARMA - Z2,OPTOPLUS E.I.R.L.,SOPHIPREN,5,MAY,0.0,50,Z2,CALLAO,False,False,True,True,40338.0,SOPHIPREN OFTENO 5 ML,MAYO,0.947602386,43314.92,59671.10342,56544.48,271,12
PHARMA - Z2,OPTOPLUS E.I.R.L.,TRAZIDEX O,5,MAY,0.0,25,Z2,CALLAO,False,False,True,True,40341.0,TRAZIDEX OFTENO 5 ML.,MAYO,0.725790194,64098.19,101185.0264,73439.1,271,13
PHARMA - Z2,OPTOPLUS E.I.R.L.,AQUADRAN,6,JUN,0.0,25,Z2,CALLAO,False,False,True,True,41945.0,AQUADRAN 10G,JUNIO,0.329694376,15957.0,35738.51318,47521.3,271,1
PHARMA - Z2,OPTOPLUS E.I.R.L.,ELIPTIC,6,JUN,742.0,25,Z2,CALLAO,False,False,True,False,41076.0,ELIPTIC OFTENO 5ML,JUNIO,-0.521091319,5789.48,39043.81097,18698.42,271,4
PHARMA - Z2,OPTOPLUS E.I.R.L.,LAGRICEL PF,6,JUN,0.0,25,Z2,CALLAO,False,False,True,True,41582.0,LAGRICEL OFTENO LIBRE DE CONSERVADORES (PF) 10 ML,JUNIO,-0.085958779,182516.9,261957.3873,239439.85,271,10
PHARMA - Z2,OPTOPLUS E.I.R.L.,LANDAX,6,JUN,0.0,25,Z2,CALLAO,False,False,True,True,41804.0,LANDAX 5ML,JUNIO,-0.340308868,5574.56,22304.8625,14714.32,271,11
PHARMA - Z2,OPTOPLUS E.I.R.L.,SOPHIPREN,6,JUN,0.0,50,Z2,CALLAO,False,False,True,True,40338.0,SOPHIPREN OFTENO 5 ML,JUNIO,0.072135193,48676.87,59671.10342,63975.49,271,12
PHARMA - Z2,OSMICE E.I.R.L.,FLUMETOL NF,1,ENE,2041.75,50,Z2,CALLAO,False,False,True,False,40513.0,FLUMETOL NF OFTENO 5ML,ENERO,1.0,106644.0,144656.97,144656.97,272,6
PHARMA - Z2,OSMICE E.I.R.L.,TRAZIDEX O,1,ENE,2083.73,50,Z2,CALLAO,False,False,True,False,40341.0,TRAZIDEX OFTENO 5 ML.,ENERO,1.0,107782.12,170736.47,170736.47,272,13
PHARMA - Z2,OSMICE E.I.R.L.,ELIPTIC PF,2,FEB,816.5,25,Z2,CALLAO,False,False,True,False,41561.0,ELIPTIC OFTENO 5ML PF PERU,FEBRERO,0.876631233,16081.78,70691.40098,61970.29,272,5
PHARMA - Z2,OSMICE E.I.R.L.,ELIPTIC PF,5,MAY,653.0,20,Z2,CALLAO,False,False,True,False,41561.0,ELIPTIC OFTENO 5ML PF PERU,MAYO,0.635068724,11669.87,74583.69182,47365.77,272,5
PHARMA - Z2,OSMICE E.I.R.L.,ELIPTIC PF,7,JUL,653.0,20,Z2,CALLAO,False,False,True,False,41561.0,ELIPTIC OFTENO 5ML PF PERU,JULIO,-0.90997274,15960.78,82368.2735,7415.39,272,5
PHARMA - Z2,OSMICE E.I.R.L.,FLUMETOL NF,7,JUL,817.0,20,Z2,CALLAO,False,False,True,False,40513.0,FLUMETOL NF OFTENO 5ML,JULIO,-0.833324001,99312.38,119092.4315,19849.85,272,6
PHARMA - Z2,OSTOS RICRA LEONISA,SOPHIPREN,2,FEB,762.3,20,Z2,CALLAO,False,False,True,False,40338.0,SOPHIPREN OFTENO 5 ML,FEBRERO,1.300787434,39394.05,56555.62783,73566.85,273,12
PHARMA - Z2,OSTOS RICRA LEONISA,SOPHIPREN,6,JUN,762.0,20,Z2,CALLAO,False,False,True,False,40338.0,SOPHIPREN OFTENO 5 ML,JUNIO,0.072135193,48676.87,59671.10342,63975.49,273,12
PHARMA - Z2,PARROQUIA SAN BENITO,TRAZIDEX U,3,MAR,561.06,12,Z2,CALLAO,False,False,True,False,40342.0,TRAZIDEX UNGENA 3.5 G,MARZO,0.890660186,111697.65,148184.091,131981.67,274,14
PHARMA - Z2,PARROQUIA SAN BENITO,TRAZIDEX U,5,MAY,935.0,20,Z2,CALLAO,False,False,True,False,40342.0,TRAZIDEX UNGENA 3.5 G,MAYO,0.799544258,131001.94,156358.3363,125015.41,274,14
PHARMA - Z2,POLICLINICO OFTALMO SALUD S.A.C.,TRAZIDEX O,1,ENE,722.36,12,Z2,CALLAO,False,False,True,False,40341.0,TRAZIDEX OFTENO 5 ML.,ENERO,1.0,107782.12,170736.47,170736.47,275,13
PHARMA - Z2,POLICLINICO OFTALMO SALUD S.A.C.,TRAZIDEX U,1,ENE,729.38,12,Z2,CALLAO,False,False,True,False,40342.0,TRAZIDEX UNGENA 3.5 G,ENERO,1.0,127130.48,135275.35,135275.35,275,14
PHARMA - Z2,POLICLINICO OFTALMO SALUD S.A.C.,AGGLAD,4,ABR,318.0,4,Z2,CALLAO,False,False,True,False,40351.0,AGGLAD OFTENO 5 ML,ABRIL,0.757043269,24635.46,120891.2407,91519.9,275,0
PHARMA - Z2,POLICLINICO OFTALMO SALUD S.A.C.,AQUADRAN,4,ABR,842.0,12,Z2,CALLAO,False,False,True,False,41945.0,AQUADRAN 10G,ABRIL,1.367885669,18754.2,35738.51318,48886.2,275,1
PHARMA - Z2,POLICLINICO OFTALMO SALUD S.A.C.,ELIPTIC PF,4,ABR,941.0,12,Z2,CALLAO,False,False,True,False,41561.0,ELIPTIC OFTENO 5ML PF PERU,ABRIL,0.502083754,28406.63,74583.69182,37447.26,275,5
PHARMA - Z2,POLICLINICO OFTALMO SALUD S.A.C.,TRAZIDEX U,4,ABR,608.0,10,Z2,CALLAO,False,False,True,False,40342.0,TRAZIDEX UNGENA 3.5 G,ABRIL,0.810349246,131494.88,156358.3363,126704.86,275,14
PHARMA - Z2,POLICLINICO OFTALMO SALUD S.A.C.,AQUADRAN,6,JUN,421.0,6,Z2,CALLAO,False,False,True,False,41945.0,AQUADRAN 10G,JUNIO,0.329694376,15957.0,35738.51318,47521.3,275,1
PHARMA - Z2,POLICLINICO OFTALMO SALUD S.A.C.,GAAP PF,6,JUN,703.0,6,Z2,CALLAO,False,False,True,False,41567.0,GAAP OFTENO LIBRE DE CONSER PF 3 ML PERU,JUNIO,-0.151410313,75783.27,97315.99528,82581.35,275,8
PHARMA - Z2,POLICLINICO OFTALMO SALUD S.A.C.,TRAZIDEX U,6,JUN,729.0,12,Z2,CALLAO,False,False,True,False,40342.0,TRAZIDEX UNGENA 3.5 G,JUNIO,-0.144707451,114383.92,156358.3363,133732.12,275,14
PHARMA - N2,POLICLINICO PEDIATRICO DEL NORTE E.I.R.L.,AQUADRAN,2,FEB,270.0,5,N2,TRUJILLO,False,False,True,False,41945.0,AQUADRAN 10G,FEBRERO,1.033824379,13176.0,33810.57818,34954.2,276,1
PHARMA - N2,POLICLINICO PEDIATRICO DEL NORTE E.I.R.L.,LANDAX,2,FEB,209.75,5,N2,TRUJILLO,False,False,True,False,41804.0,LANDAX 5ML,FEBRERO,0.765660853,4684.31,21117.7311,16169.02,276,11
PHARMA - N2,POLICLINICO PEDIATRICO DEL NORTE E.I.R.L.,SOPHIPREN,2,FEB,931.7,20,N2,TRUJILLO,False,False,True,False,40338.0,SOPHIPREN OFTENO 5 ML,FEBRERO,1.300787434,39394.05,56555.62783,73566.85,276,12
PHARMA - N2,POLICLINICO PEDIATRICO DEL NORTE E.I.R.L.,ZEBESTEN,2,FEB,490.88,10,N2,TRUJILLO,False,False,True,False,41604.0,ZEBESTEN 5ML PERU,FEBRERO,0.998966691,24271.56,27459.43408,27431.06,276,15
PHARMA - N2,POLICLINICO PEDIATRICO DEL NORTE E.I.R.L.,ELAR-B,3,MAR,2300.0,50,N2,TRUJILLO,False,False,True,False,42098.0,ELAR-B 5 ML,MARZO,0.892513965,0.0,23180.02945,20688.5,276,3
PHARMA - N2,POLICLINICO PEDIATRICO DEL NORTE E.I.R.L.,FLUMETOL NF,3,MAR,2041.75,50,N2,TRUJILLO,False,False,True,False,40513.0,FLUMETOL NF OFTENO 5ML,MARZO,1.399890715,84540.52,101550.4985,142159.6,276,6
PHARMA - N2,POLICLINICO PEDIATRICO DEL NORTE E.I.R.L.,AQUADRAN,4,ABR,540.0,10,N2,TRUJILLO,False,False,True,False,41945.0,AQUADRAN 10G,ABRIL,1.367885669,18754.2,35738.51318,48886.2,276,1
PHARMA - N2,POLICLINICO PEDIATRICO DEL NORTE E.I.R.L.,ZEBESTEN,4,ABR,491.0,10,N2,TRUJILLO,False,False,True,False,41604.0,ZEBESTEN 5ML PERU,ABRIL,1.062586642,26953.56,29060.89609,30879.72,276,15
PHARMA - Z3,POLICLINICO VIRGEN DEL ROSARIO E.I.R.L.,ELAR-B,1,ENE,287.5,5,Z3,NORTE CHICO,False,False,True,False,42098.0,ELAR-B 5 ML,ENERO,1.0,0.0,10200.5,10200.5,277,3
PHARMA - Z3,POLICLINICO VIRGEN DEL ROSARIO E.I.R.L.,FLUMETOL NF,1,ENE,816.71,20,Z3,NORTE CHICO,False,False,True,False,40513.0,FLUMETOL NF OFTENO 5ML,ENERO,1.0,106644.0,144656.97,144656.97,277,6
PHARMA - Z3,POLICLINICO VIRGEN DEL ROSARIO E.I.R.L.,LAGRICEL PF,1,ENE,1136.1,20,Z3,NORTE CHICO,False,False,True,False,41582.0,LAGRICEL OFTENO LIBRE DE CONSERVADORES (PF) 10 ML,ENERO,1.0,241357.65,244552.3,244552.3,277,10
PHARMA - Z3,POLICLINICO VIRGEN DEL ROSARIO E.I.R.L.,SOPHIPREN,1,ENE,635.25,15,Z3,NORTE CHICO,False,False,True,False,40338.0,SOPHIPREN OFTENO 5 ML,ENERO,1.0,41450.28,50525.9,50525.9,277,12
PHARMA - Z3,POLICLINICO VIRGEN DEL ROSARIO E.I.R.L.,TRAZIDEX U,1,ENE,935.1,20,Z3,NORTE CHICO,False,False,True,False,40342.0,TRAZIDEX UNGENA 3.5 G,ENERO,1.0,127130.48,135275.35,135275.35,277,14
PHARMA - Z3,POLICLINICO VIRGEN DEL ROSARIO E.I.R.L.,ZEBESTEN,1,ENE,490.88,10,Z3,NORTE CHICO,False,False,True,False,41604.0,ZEBESTEN 5ML PERU,ENERO,1.0,31496.43,43862.02,43862.02,277,15
PHARMA - Z3,POLICLINICO VIRGEN DEL ROSARIO E.I.R.L.,FLUMETOL NF,2,FEB,612.53,15,Z3,NORTE CHICO,False,False,True,False,40513.0,FLUMETOL NF OFTENO 5ML,FEBRERO,1.285457107,84540.52,101550.4985,130538.81,277,6
PHARMA - Z3,POLICLINICO VIRGEN DEL ROSARIO E.I.R.L.,LAGRICEL,2,FEB,511.75,10,Z3,NORTE CHICO,False,False,True,False,40515.0,LAGRICEL OFTENO 0.5 ML,FEBRERO,0.970823097,194840.09,165898.7416,161058.33,277,9
PHARMA - Z3,POLICLINICO VIRGEN DEL ROSARIO E.I.R.L.,LANDAX,2,FEB,932.2,20,Z3,NORTE CHICO,False,False,True,False,41804.0,LANDAX 5ML,FEBRERO,0.765660853,4684.31,21117.7311,16169.02,277,11
PHARMA - Z3,POLICLINICO VIRGEN DEL ROSARIO E.I.R.L.,SOPHIPREN,2,FEB,635.25,15,Z3,NORTE CHICO,False,False,True,False,40338.0,SOPHIPREN OFTENO 5 ML,FEBRERO,1.300787434,39394.05,56555.62783,73566.85,277,12
PHARMA - Z3,POLICLINICO VIRGEN DEL ROSARIO E.I.R.L.,TRAZIDEX O,2,FEB,1852.2,40,Z3,NORTE CHICO,False,False,True,False,40341.0,TRAZIDEX OFTENO 5 ML.,FEBRERO,0.868398954,99642.69,95524.58531,82953.45,277,13
PHARMA - Z3,POLICLINICO VIRGEN DEL ROSARIO E.I.R.L.,ELAR-B,3,MAR,1725.0,30,Z3,NORTE CHICO,False,False,True,False,42098.0,ELAR-B 5 ML,MARZO,0.892513965,0.0,23180.02945,20688.5,277,3
PHARMA - Z3,POLICLINICO VIRGEN DEL ROSARIO E.I.R.L.,ELIPTIC PF,3,MAR,261.28,5,Z3,NORTE CHICO,False,False,True,False,41561.0,ELIPTIC OFTENO 5ML PF PERU,MARZO,0.543724406,16081.78,70691.40098,38436.64,277,5
PHARMA - Z3,POLICLINICO VIRGEN DEL ROSARIO E.I.R.L.,FLUMETOL NF,3,MAR,2041.75,50,Z3,NORTE CHICO,False,False,True,False,40513.0,FLUMETOL NF OFTENO 5ML,MARZO,1.399890715,84540.52,101550.4985,142159.6,277,6
PHARMA - Z3,POLICLINICO VIRGEN DEL ROSARIO E.I.R.L.,LAGRICEL PF,3,MAR,1420.13,25,Z3,NORTE CHICO,False,False,True,False,41582.0,LAGRICEL OFTENO LIBRE DE CONSERVADORES (PF) 10 ML,MARZO,1.041573922,244371.43,248182.4906,258500.41,277,10
PHARMA - Z3,POLICLINICO VIRGEN DEL ROSARIO E.I.R.L.,TRAZIDEX O,3,MAR,926.1,20,Z3,NORTE CHICO,False,False,True,False,40341.0,TRAZIDEX OFTENO 5 ML.,MARZO,0.841410928,99642.69,95524.58531,80375.43,277,13
PHARMA - Z3,POLICLINICO VIRGEN DEL ROSARIO E.I.R.L.,FLUMETOL NF,4,ABR,817.0,20,Z3,NORTE CHICO,False,False,True,False,40513.0,FLUMETOL NF OFTENO 5ML,ABRIL,1.22328994,97096.28,107397.8095,131378.66,277,6
PHARMA - Z3,POLICLINICO VIRGEN DEL ROSARIO E.I.R.L.,LAGRICEL PF,4,ABR,0.0,20,Z3,NORTE CHICO,False,False,True,True,41582.0,LAGRICEL OFTENO LIBRE DE CONSERVADORES (PF) 10 ML,ABRIL,1.234011277,222585.45,261957.3873,323258.37,277,10
PHARMA - Z3,POLICLINICO VIRGEN DEL ROSARIO E.I.R.L.,LANDAX,4,ABR,932.0,20,Z3,NORTE CHICO,False,False,True,False,41804.0,LANDAX 5ML,ABRIL,0.967730243,9326.66,22304.8625,21585.09,277,11
PHARMA - Z3,POLICLINICO VIRGEN DEL ROSARIO E.I.R.L.,SOPHIPREN,4,ABR,847.0,20,Z3,NORTE CHICO,False,False,True,False,40338.0,SOPHIPREN OFTENO 5 ML,ABRIL,1.125758804,51339.43,59671.10342,67175.27,277,12
PHARMA - Z3,POLICLINICO VIRGEN DEL ROSARIO E.I.R.L.,ZEBESTEN,4,ABR,982.0,20,Z3,NORTE CHICO,False,False,True,False,41604.0,ZEBESTEN 5ML PERU,ABRIL,1.062586642,26953.56,29060.89609,30879.72,277,15
PHARMA - Z3,POLICLINICO VIRGEN DEL ROSARIO E.I.R.L.,FLUMETOL NF,6,JUN,817.0,20,Z3,NORTE CHICO,False,False,True,False,40513.0,FLUMETOL NF OFTENO 5ML,JUNIO,0.071788154,87288.94,107397.8095,115107.7,277,6
PHARMA - Z3,POLICLINICO VIRGEN DEL ROSARIO E.I.R.L.,LAGRICEL PF,6,JUN,852.0,15,Z3,NORTE CHICO,False,False,True,False,41582.0,LAGRICEL OFTENO LIBRE DE CONSERVADORES (PF) 10 ML,JUNIO,-0.085958779,182516.9,261957.3873,239439.85,277,10
PHARMA - Z3,POLICLINICO VIRGEN DEL ROSARIO E.I.R.L.,SOPHIPREN,6,JUN,847.0,20,Z3,NORTE CHICO,False,False,True,False,40338.0,SOPHIPREN OFTENO 5 ML,JUNIO,0.072135193,48676.87,59671.10342,63975.49,277,12
PHARMA - Z3,POLICLINICO VIRGEN DEL ROSARIO E.I.R.L.,TRAZIDEX O,6,JUN,926.0,20,Z3,NORTE CHICO,False,False,True,False,40341.0,TRAZIDEX OFTENO 5 ML.,JUNIO,-0.192738462,70697.29,101185.0264,81682.78,277,13
PHARMA - Z3,POLICLINICO VIRGEN DEL ROSARIO E.I.R.L.,ZEBESTEN,6,JUN,736.0,15,Z3,NORTE CHICO,False,False,True,False,41604.0,ZEBESTEN 5ML PERU,JUNIO,0.156870039,15690.19,29060.89609,33619.68,277,15
PHARMA - Z1,PREMIUM OPHTHALMIC EMPRESA INDIVIDUAL DE RESPONSABILIDAD LIMITADA,LANDAX,4,ABR,47.0,1,Z1,LIMA,False,False,True,False,41804.0,LANDAX 5ML,ABRIL,0.967730243,9326.66,22304.8625,21585.09,278,11
PHARMA - Z1,PREMIUM OPHTHALMIC EMPRESA INDIVIDUAL DE RESPONSABILIDAD LIMITADA,SOPHIPREN,4,ABR,42.0,1,Z1,LIMA,False,False,True,False,40338.0,SOPHIPREN OFTENO 5 ML,ABRIL,1.125758804,51339.43,59671.10342,67175.27,278,12
PHARMA - Z1,PROMOTORA ASISTENCIAL S.A.C CLINICA LIMATAMBO - PROMOSA SAC CLINICA LIMATAMBO,AGGLAD,1,ENE,110.05,2,Z1,LIMA,False,False,True,False,40351.0,AGGLAD OFTENO 5 ML,ENERO,1.0,22534.35,110094.81,110094.81,279,0
PHARMA - Z1,PROMOTORA ASISTENCIAL S.A.C CLINICA LIMATAMBO - PROMOSA SAC CLINICA LIMATAMBO,FLUMETOL NF,1,ENE,36.75,1,Z1,LIMA,False,False,True,False,40513.0,FLUMETOL NF OFTENO 5ML,ENERO,1.0,106644.0,144656.97,144656.97,279,6
PHARMA - Z1,PROMOTORA ASISTENCIAL S.A.C CLINICA LIMATAMBO - PROMOSA SAC CLINICA LIMATAMBO,GAAP,1,ENE,315.11,4,Z1,LIMA,False,False,True,False,40498.0,GAAP OFTENO 3 ML,ENERO,1.0,101352.36,99775.16,99775.16,279,7
PHARMA - Z1,PROMOTORA ASISTENCIAL S.A.C CLINICA LIMATAMBO - PROMOSA SAC CLINICA LIMATAMBO,LAGRICEL,1,ENE,644.81,14,Z1,LIMA,False,False,True,False,40515.0,LAGRICEL OFTENO 0.5 ML,ENERO,1.0,154236.51,132452.04,132452.04,279,9
PHARMA - Z1,PROMOTORA ASISTENCIAL S.A.C CLINICA LIMATAMBO - PROMOSA SAC CLINICA LIMATAMBO,GAAP,2,FEB,787.77,10,Z1,LIMA,False,False,True,False,40498.0,GAAP OFTENO 3 ML,FEBRERO,0.873555976,85355.44,97172.18164,84885.34,279,7
PHARMA - Z1,PROMOTORA ASISTENCIAL S.A.C CLINICA LIMATAMBO - PROMOSA SAC CLINICA LIMATAMBO,LAGRICEL,2,FEB,460.58,10,Z1,LIMA,False,False,True,False,40515.0,LAGRICEL OFTENO 0.5 ML,FEBRERO,0.970823097,194840.09,165898.7416,161058.33,279,9
PHARMA - Z1,PROMOTORA ASISTENCIAL S.A.C CLINICA LIMATAMBO - PROMOSA SAC CLINICA LIMATAMBO,FLUMETOL NF,3,MAR,183.75,5,Z1,LIMA,False,False,True,False,40513.0,FLUMETOL NF OFTENO 5ML,MARZO,1.399890715,84540.52,101550.4985,142159.6,279,6
PHARMA - Z1,PROMOTORA ASISTENCIAL S.A.C CLINICA LIMATAMBO - PROMOSA SAC CLINICA LIMATAMBO,GAAP,3,MAR,472.66,6,Z1,LIMA,False,False,True,False,40498.0,GAAP OFTENO 3 ML,MARZO,0.701456825,85355.44,97172.18164,68162.09,279,7
PHARMA - Z1,PROMOTORA ASISTENCIAL S.A.C CLINICA LIMATAMBO - PROMOSA SAC CLINICA LIMATAMBO,LAGRICEL,3,MAR,552.7,12,Z1,LIMA,False,False,True,False,40515.0,LAGRICEL OFTENO 0.5 ML,MARZO,1.138987362,194840.09,165898.7416,188956.57,279,9
PHARMA - Z1,PROMOTORA ASISTENCIAL S.A.C CLINICA LIMATAMBO - PROMOSA SAC CLINICA LIMATAMBO,DUSTALOX,4,ABR,164.0,4,Z1,LIMA,False,False,True,False,41121.0,DUSTALOX 5ML,ABRIL,0.650326442,9428.91,11675.36719,7592.8,279,2
PHARMA - Z1,PROMOTORA ASISTENCIAL S.A.C CLINICA LIMATAMBO - PROMOSA SAC CLINICA LIMATAMBO,FLUMETOL NF,4,ABR,221.0,6,Z1,LIMA,False,False,True,False,40513.0,FLUMETOL NF OFTENO 5ML,ABRIL,1.22328994,97096.28,107397.8095,131378.66,279,6
PHARMA - Z1,PROMOTORA ASISTENCIAL S.A.C CLINICA LIMATAMBO - PROMOSA SAC CLINICA LIMATAMBO,GAAP,4,ABR,551.0,7,Z1,LIMA,False,False,True,False,40498.0,GAAP OFTENO 3 ML,ABRIL,0.475712047,79645.31,102582.687,48799.82,279,7
PHARMA - Z1,PROMOTORA ASISTENCIAL S.A.C CLINICA LIMATAMBO - PROMOSA SAC CLINICA LIMATAMBO,LAGRICEL,4,ABR,921.0,20,Z1,LIMA,False,False,True,False,40515.0,LAGRICEL OFTENO 0.5 ML,ABRIL,0.760754197,152829.6,174961.4402,133102.65,279,9
PHARMA - Z1,PROMOTORA ASISTENCIAL S.A.C CLINICA LIMATAMBO - PROMOSA SAC CLINICA LIMATAMBO,DUSTALOX,5,MAY,205.0,5,Z1,LIMA,False,False,True,False,41121.0,DUSTALOX 5ML,MAYO,0.508953586,12191.14,11675.36719,5942.22,279,2
PHARMA - Z1,PROMOTORA ASISTENCIAL S.A.C CLINICA LIMATAMBO - PROMOSA SAC CLINICA LIMATAMBO,FLUMETOL NF,5,MAY,110.0,3,Z1,LIMA,False,False,True,False,40513.0,FLUMETOL NF OFTENO 5ML,MAYO,1.182290501,84208.66,107397.8095,126975.41,279,6
PHARMA - Z1,PROMOTORA ASISTENCIAL S.A.C CLINICA LIMATAMBO - PROMOSA SAC CLINICA LIMATAMBO,GAAP,5,MAY,945.0,12,Z1,LIMA,False,False,True,False,40498.0,GAAP OFTENO 3 ML,MAYO,0.567550546,86214.37,102582.687,58220.86,279,7
PHARMA - Z1,PROMOTORA ASISTENCIAL S.A.C CLINICA LIMATAMBO - PROMOSA SAC CLINICA LIMATAMBO,FLUMETOL NF,6,JUN,184.0,5,Z1,LIMA,False,False,True,False,40513.0,FLUMETOL NF OFTENO 5ML,JUNIO,0.071788154,87288.94,107397.8095,115107.7,279,6
PHARMA - Z1,PROMOTORA ASISTENCIAL S.A.C CLINICA LIMATAMBO - PROMOSA SAC CLINICA LIMATAMBO,LAGRICEL,6,JUN,230.0,5,Z1,LIMA,False,False,True,False,40515.0,LAGRICEL OFTENO 0.5 ML,JUNIO,-0.157973323,129483.27,174961.4402,147322.2,279,9
PHARMA - S,PROVIDENCIA E.I.R.L,AGGLAD,1,ENE,495.24,9,S,CADENAS,False,False,True,False,40351.0,AGGLAD OFTENO 5 ML,ENERO,1.0,22534.35,110094.81,110094.81,280,0
PHARMA - S,PROVIDENCIA E.I.R.L,ELIPTIC PF,1,ENE,305.7,9,S,CADENAS,False,False,True,False,41561.0,ELIPTIC OFTENO 5ML PF PERU,ENERO,1.0,16201.95,62857.68,62857.68,280,5
PHARMA - S,PROVIDENCIA E.I.R.L,TRAZIDEX U,1,ENE,280.53,6,S,CADENAS,False,False,True,False,40342.0,TRAZIDEX UNGENA 3.5 G,ENERO,1.0,127130.48,135275.35,135275.35,280,14
PHARMA - S,PROVIDENCIA E.I.R.L,ZEBESTEN,1,ENE,147.26,3,S,CADENAS,False,False,True,False,41604.0,ZEBESTEN 5ML PERU,ENERO,1.0,31496.43,43862.02,43862.02,280,15
PHARMA - S,PROVIDENCIA E.I.R.L,AGGLAD,3,MAR,330.16,6,S,CADENAS,False,False,True,False,40351.0,AGGLAD OFTENO 5 ML,MARZO,0.708033745,31785.06,114546.1364,81102.53,280,0
PHARMA - S,PROVIDENCIA E.I.R.L,AQUADRAN,3,MAR,162.0,3,S,CADENAS,False,False,True,False,41945.0,AQUADRAN 10G,MARZO,1.286810293,13176.0,33810.57818,43507.8,280,1
PHARMA - S,PROVIDENCIA E.I.R.L,ELIPTIC PF,3,MAR,203.8,6,S,CADENAS,False,False,True,False,41561.0,ELIPTIC OFTENO 5ML PF PERU,MARZO,0.543724406,16081.78,70691.40098,38436.64,280,5
PHARMA - S,PROVIDENCIA E.I.R.L,FLUMETOL NF,3,MAR,134.76,3,S,CADENAS,False,False,True,False,40513.0,FLUMETOL NF OFTENO 5ML,MARZO,1.399890715,84540.52,101550.4985,142159.6,280,6
PHARMA - S,PROVIDENCIA E.I.R.L,GAAP PF,3,MAR,1081.86,20,S,CADENAS,False,False,True,False,41567.0,GAAP OFTENO LIBRE DE CONSER PF 3 ML PERU,MARZO,0.894697886,80205.04,92164.06035,82458.99,280,8
PHARMA - S,PROVIDENCIA E.I.R.L,LAGRICEL,3,MAR,102.35,2,S,CADENAS,False,False,True,False,40515.0,LAGRICEL OFTENO 0.5 ML,MARZO,1.138987362,194840.09,165898.7416,188956.57,280,9
PHARMA - S,PROVIDENCIA E.I.R.L,TRAZIDEX U,3,MAR,561.06,12,S,CADENAS,False,False,True,False,40342.0,TRAZIDEX UNGENA 3.5 G,MARZO,0.890660186,111697.65,148184.091,131981.67,280,14
PHARMA - S,PROVIDENCIA E.I.R.L,AQUADRAN,5,MAY,216.0,4,S,CADENAS,False,False,True,False,41945.0,AQUADRAN 10G,MAYO,1.308504351,13786.2,35738.51318,46764.0,280,1
PHARMA - S,PROVIDENCIA E.I.R.L,ELAR-B,5,MAY,173.0,3,S,CADENAS,False,False,True,False,42098.0,ELAR-B 5 ML,MAYO,0.690959707,0.0,24407.71845,16864.75,280,3
PHARMA - S,PROVIDENCIA E.I.R.L,ELIPTIC PF,5,MAY,204.0,6,S,CADENAS,False,False,True,False,41561.0,ELIPTIC OFTENO 5ML PF PERU,MAYO,0.635068724,11669.87,74583.69182,47365.77,280,5
PHARMA - S,PROVIDENCIA E.I.R.L,LAGRICEL,5,MAY,205.0,4,S,CADENAS,False,False,True,False,40515.0,LAGRICEL OFTENO 0.5 ML,MAYO,0.714118093,158816.35,174961.4402,124943.13,280,9
PHARMA - S,PROVIDENCIA E.I.R.L,LAGRICEL PF,5,MAY,954.0,20,S,CADENAS,False,False,True,False,41582.0,LAGRICEL OFTENO LIBRE DE CONSERVADORES (PF) 10 ML,MAYO,0.852391423,198666.14,261957.3873,223290.23,280,10
PHARMA - S,PROVIDENCIA E.I.R.L,ZEBESTEN,5,MAY,147.0,3,S,CADENAS,False,False,True,False,41604.0,ZEBESTEN 5ML PERU,MAYO,0.825216123,27515.83,29060.89609,23981.52,280,15
PHARMA - Z1,PROVISION 2000 S.A.C.,AGGLAD,1,ENE,1467.36,24,Z1,LIMA,False,False,True,False,40351.0,AGGLAD OFTENO 5 ML,ENERO,1.0,22534.35,110094.81,110094.81,281,0
PHARMA - Z1,PROVISION 2000 S.A.C.,AQUADRAN,1,ENE,648.0,12,Z1,LIMA,False,False,True,False,41945.0,AQUADRAN 10G,ENERO,1.0,3348.0,44517.6,44517.6,281,1
PHARMA - Z1,PROVISION 2000 S.A.C.,GAAP,1,ENE,4376.5,50,Z1,LIMA,False,False,True,False,40498.0,GAAP OFTENO 3 ML,ENERO,1.0,101352.36,99775.16,99775.16,281,7
PHARMA - Z1,PROVISION 2000 S.A.C.,LAGRICEL,1,ENE,1279.38,25,Z1,LIMA,False,False,True,False,40515.0,LAGRICEL OFTENO 0.5 ML,ENERO,1.0,154236.51,132452.04,132452.04,281,9
PHARMA - Z1,PROVISION 2000 S.A.C.,TRAZIDEX O,1,ENE,1000.19,24,Z1,LIMA,False,False,True,False,40341.0,TRAZIDEX OFTENO 5 ML.,ENERO,1.0,107782.12,170736.47,170736.47,281,13
PHARMA - Z1,PROVISION 2000 S.A.C.,AGGLAD,2,FEB,2201.04,36,Z1,LIMA,False,False,True,False,40351.0,AGGLAD OFTENO 5 ML,FEBRERO,0.96716156,31785.06,114546.1364,110784.62,281,0
PHARMA - Z1,PROVISION 2000 S.A.C.,AQUADRAN,2,FEB,1296.0,24,Z1,LIMA,False,False,True,False,41945.0,AQUADRAN 10G,FEBRERO,1.033824379,13176.0,33810.57818,34954.2,281,1
PHARMA - Z1,PROVISION 2000 S.A.C.,GAAP,2,FEB,4201.44,48,Z1,LIMA,False,False,True,False,40498.0,GAAP OFTENO 3 ML,FEBRERO,0.873555976,85355.44,97172.18164,84885.34,281,7
PHARMA - Z1,PROVISION 2000 S.A.C.,LAGRICEL,2,FEB,1228.2,24,Z1,LIMA,False,False,True,False,40515.0,LAGRICEL OFTENO 0.5 ML,FEBRERO,0.970823097,194840.09,165898.7416,161058.33,281,9
PHARMA - Z1,PROVISION 2000 S.A.C.,TRAZIDEX U,2,FEB,1009.91,24,Z1,LIMA,False,False,True,False,40342.0,TRAZIDEX UNGENA 3.5 G,FEBRERO,0.737379291,111697.65,148184.091,109267.88,281,14
PHARMA - Z1,PROVISION 2000 S.A.C.,AGGLAD,3,MAR,1467.36,24,Z1,LIMA,False,False,True,False,40351.0,AGGLAD OFTENO 5 ML,MARZO,0.708033745,31785.06,114546.1364,81102.53,281,0
PHARMA - Z1,PROVISION 2000 S.A.C.,AQUADRAN,3,MAR,1944.0,36,Z1,LIMA,False,False,True,False,41945.0,AQUADRAN 10G,MARZO,1.286810293,13176.0,33810.57818,43507.8,281,1
PHARMA - Z1,PROVISION 2000 S.A.C.,FLUMETOL NF,3,MAR,269.51,6,Z1,LIMA,False,False,True,False,40513.0,FLUMETOL NF OFTENO 5ML,MARZO,1.399890715,84540.52,101550.4985,142159.6,281,6
PHARMA - Z1,PROVISION 2000 S.A.C.,GAAP,3,MAR,4201.44,48,Z1,LIMA,False,False,True,False,40498.0,GAAP OFTENO 3 ML,MARZO,0.701456825,85355.44,97172.18164,68162.09,281,7
PHARMA - Z1,PROVISION 2000 S.A.C.,LAGRICEL,3,MAR,1279.38,25,Z1,LIMA,False,False,True,False,40515.0,LAGRICEL OFTENO 0.5 ML,MARZO,1.138987362,194840.09,165898.7416,188956.57,281,9
PHARMA - Z1,PROVISION 2000 S.A.C.,TRAZIDEX O,3,MAR,500.09,12,Z1,LIMA,False,False,True,False,40341.0,TRAZIDEX OFTENO 5 ML.,MARZO,0.841410928,99642.69,95524.58531,80375.43,281,13
PHARMA - Z1,PROVISION 2000 S.A.C.,AGGLAD,4,ABR,0.0,48,Z1,LIMA,False,False,True,True,40351.0,AGGLAD OFTENO 5 ML,ABRIL,0.757043269,24635.46,120891.2407,91519.9,281,0
PHARMA - Z1,PROVISION 2000 S.A.C.,AQUADRAN,4,ABR,0.0,24,Z1,LIMA,False,False,True,True,41945.0,AQUADRAN 10G,ABRIL,1.367885669,18754.2,35738.51318,48886.2,281,1
PHARMA - Z1,PROVISION 2000 S.A.C.,GAAP,4,ABR,0.0,36,Z1,LIMA,False,False,True,True,40498.0,GAAP OFTENO 3 ML,ABRIL,0.475712047,79645.31,102582.687,48799.82,281,7
PHARMA - Z1,PROVISION 2000 S.A.C.,TRAZIDEX O,4,ABR,0.0,24,Z1,LIMA,False,False,True,True,40341.0,TRAZIDEX OFTENO 5 ML.,ABRIL,0.966120714,91975.94,101185.0264,97756.95,281,13
PHARMA - Z1,PROVISION 2000 S.A.C.,TRAZIDEX U,4,ABR,0.0,24,Z1,LIMA,False,False,True,True,40342.0,TRAZIDEX UNGENA 3.5 G,ABRIL,0.810349246,131494.88,156358.3363,126704.86,281,14
PHARMA - Z1,PROVISION 2000 S.A.C.,AGGLAD,5,MAY,0.0,24,Z1,LIMA,False,False,True,True,40351.0,AGGLAD OFTENO 5 ML,MAYO,0.670022241,26193.67,120891.2407,80999.82,281,0
PHARMA - Z1,PROVISION 2000 S.A.C.,AQUADRAN,5,MAY,0.0,24,Z1,LIMA,False,False,True,True,41945.0,AQUADRAN 10G,MAYO,1.308504351,13786.2,35738.51318,46764.0,281,1
PHARMA - Z1,PROVISION 2000 S.A.C.,LAGRICEL,5,MAY,0.0,36,Z1,LIMA,False,False,True,True,40515.0,LAGRICEL OFTENO 0.5 ML,MAYO,0.714118093,158816.35,174961.4402,124943.13,281,9
PHARMA - Z1,PROVISION 2000 S.A.C.,TRAZIDEX O,5,MAY,0.0,24,Z1,LIMA,False,False,True,True,40341.0,TRAZIDEX OFTENO 5 ML.,MAYO,0.725790194,64098.19,101185.0264,73439.1,281,13
PHARMA - Z1,PROVISION 2000 S.A.C.,AGGLAD,6,JUN,0.0,24,Z1,LIMA,False,False,True,True,40351.0,AGGLAD OFTENO 5 ML,JUNIO,-0.235301917,20271.95,120891.2407,92445.3,281,0
PHARMA - Z1,PROVISION 2000 S.A.C.,AQUADRAN,6,JUN,0.0,24,Z1,LIMA,False,False,True,True,41945.0,AQUADRAN 10G,JUNIO,0.329694376,15957.0,35738.51318,47521.3,281,1
PHARMA - Z1,PROVISION 2000 S.A.C.,GAAP,6,JUN,0.0,48,Z1,LIMA,False,False,True,True,40498.0,GAAP OFTENO 3 ML,JUNIO,-0.271295457,79907.03,102582.687,74752.47,281,7
PHARMA - Z1,PROVISION 2000 S.A.C.,LAGRICEL,6,JUN,0.0,24,Z1,LIMA,False,False,True,True,40515.0,LAGRICEL OFTENO 0.5 ML,JUNIO,-0.157973323,129483.27,174961.4402,147322.2,281,9
PHARMA - Z1,PROVISION 2000 S.A.C.,SOPHIPREN,6,JUN,140.0,3,Z1,LIMA,False,False,True,False,40338.0,SOPHIPREN OFTENO 5 ML,JUNIO,0.072135193,48676.87,59671.10342,63975.49,281,12
PHARMA - Z1,PROVISION 2000 S.A.C.,TRAZIDEX O,6,JUN,500.0,12,Z1,LIMA,False,False,True,False,40341.0,TRAZIDEX OFTENO 5 ML.,JUNIO,-0.192738462,70697.29,101185.0264,81682.78,281,13
PHARMA - Z1,PROVISION 2000 S.A.C.,TRAZIDEX U,6,JUN,0.0,24,Z1,LIMA,False,False,True,True,40342.0,TRAZIDEX UNGENA 3.5 G,JUNIO,-0.144707451,114383.92,156358.3363,133732.12,281,14
PHARMA - N1,PROVISUAL-OFTALMOLOGIA Y SALUD OCULAR E.I.R.L.,FLUMETOL NF,4,ABR,539.0,12,N1,CHICLAYO,False,False,True,False,40513.0,FLUMETOL NF OFTENO 5ML,ABRIL,1.22328994,97096.28,107397.8095,131378.66,282,6
PHARMA - N1,PROVISUAL-OFTALMOLOGIA Y SALUD OCULAR E.I.R.L.,LANDAX,4,ABR,559.0,12,N1,CHICLAYO,False,False,True,False,41804.0,LANDAX 5ML,ABRIL,0.967730243,9326.66,22304.8625,21585.09,282,11
PHARMA - N1,PROVISUAL-OFTALMOLOGIA Y SALUD OCULAR E.I.R.L.,SOPHIPREN,4,ABR,559.0,12,N1,CHICLAYO,False,False,True,False,40338.0,SOPHIPREN OFTENO 5 ML,ABRIL,1.125758804,51339.43,59671.10342,67175.27,282,12
PHARMA - N1,PROVISUAL-OFTALMOLOGIA Y SALUD OCULAR E.I.R.L.,TRAZIDEX U,4,ABR,617.0,12,N1,CHICLAYO,False,False,True,False,40342.0,TRAZIDEX UNGENA 3.5 G,ABRIL,0.810349246,131494.88,156358.3363,126704.86,282,14
PHARMA - N1,PROVISUAL-OFTALMOLOGIA Y SALUD OCULAR E.I.R.L.,AGGLAD,5,MAY,660.0,12,N1,CHICLAYO,False,False,True,False,40351.0,AGGLAD OFTENO 5 ML,MAYO,0.670022241,26193.67,120891.2407,80999.82,282,0
PHARMA - N1,PROVISUAL-OFTALMOLOGIA Y SALUD OCULAR E.I.R.L.,ELIPTIC PF,5,MAY,407.0,12,N1,CHICLAYO,False,False,True,False,41561.0,ELIPTIC OFTENO 5ML PF PERU,MAYO,0.635068724,11669.87,74583.69182,47365.77,282,5
PHARMA - N1,PROVISUAL-OFTALMOLOGIA Y SALUD OCULAR E.I.R.L.,FLUMETOL NF,6,JUN,539.0,12,N1,CHICLAYO,False,False,True,False,40513.0,FLUMETOL NF OFTENO 5ML,JUNIO,0.071788154,87288.94,107397.8095,115107.7,282,6
PHARMA - Z1,PROYECTOS MEDICOS S.A.,TRAZIDEX U,7,JUL,281.0,6,Z1,LIMA,False,False,True,False,40342.0,TRAZIDEX UNGENA 3.5 G,JULIO,-0.835453002,134186.98,172706.827,28418.39,283,14
PHARMA - N2,Q VISION CAMPOS E.I.R.L.,LAGRICEL PF,6,JUN,0.0,50,N2,TRUJILLO,False,False,True,True,41582.0,LAGRICEL OFTENO LIBRE DE CONSERVADORES (PF) 10 ML,JUNIO,-0.085958779,182516.9,261957.3873,239439.85,284,10
PHARMA - Z1,QUALITY VISION SOCIEDAD ANONIMA CERRADA,AGGLAD,1,ENE,660.31,12,Z1,LIMA,False,False,True,False,40351.0,AGGLAD OFTENO 5 ML,ENERO,1.0,22534.35,110094.81,110094.81,285,0
PHARMA - Z1,QUALITY VISION SOCIEDAD ANONIMA CERRADA,ELIPTIC PF,1,ENE,344.89,12,Z1,LIMA,False,False,True,False,41561.0,ELIPTIC OFTENO 5ML PF PERU,ENERO,1.0,16201.95,62857.68,62857.68,285,5
PHARMA - Z1,QUALITY VISION SOCIEDAD ANONIMA CERRADA,LANDAX,1,ENE,559.32,12,Z1,LIMA,False,False,True,False,41804.0,LANDAX 5ML,ENERO,1.0,2843.21,23761.78,23761.78,285,11
PHARMA - Z1,QUALITY VISION SOCIEDAD ANONIMA CERRADA,TRAZIDEX O,1,ENE,500.09,12,Z1,LIMA,False,False,True,False,40341.0,TRAZIDEX OFTENO 5 ML.,ENERO,1.0,107782.12,170736.47,170736.47,285,13
PHARMA - Z1,QUALITY VISION SOCIEDAD ANONIMA CERRADA,TRAZIDEX U,1,ENE,1009.91,24,Z1,LIMA,False,False,True,False,40342.0,TRAZIDEX UNGENA 3.5 G,ENERO,1.0,127130.48,135275.35,135275.35,285,14
PHARMA - Z1,QUALITY VISION SOCIEDAD ANONIMA CERRADA,AGGLAD,3,MAR,660.31,12,Z1,LIMA,False,False,True,False,40351.0,AGGLAD OFTENO 5 ML,MARZO,0.708033745,31785.06,114546.1364,81102.53,285,0
PHARMA - Z1,QUALITY VISION SOCIEDAD ANONIMA CERRADA,ELIPTIC PF,3,MAR,344.89,12,Z1,LIMA,False,False,True,False,41561.0,ELIPTIC OFTENO 5ML PF PERU,MARZO,0.543724406,16081.78,70691.40098,38436.64,285,5
PHARMA - Z1,QUALITY VISION SOCIEDAD ANONIMA CERRADA,FLUMETOL NF,3,MAR,539.02,12,Z1,LIMA,False,False,True,False,40513.0,FLUMETOL NF OFTENO 5ML,MARZO,1.399890715,84540.52,101550.4985,142159.6,285,6
PHARMA - Z1,QUALITY VISION SOCIEDAD ANONIMA CERRADA,GAAP PF,3,MAR,649.12,12,Z1,LIMA,False,False,True,False,41567.0,GAAP OFTENO LIBRE DE CONSER PF 3 ML PERU,MARZO,0.894697886,80205.04,92164.06035,82458.99,285,8
PHARMA - Z1,QUALITY VISION SOCIEDAD ANONIMA CERRADA,LAGRICEL PF,3,MAR,681.66,12,Z1,LIMA,False,False,True,False,41582.0,LAGRICEL OFTENO LIBRE DE CONSERVADORES (PF) 10 ML,MARZO,1.041573922,244371.43,248182.4906,258500.41,285,10
PHARMA - Z1,QUALITY VISION SOCIEDAD ANONIMA CERRADA,LANDAX,3,MAR,559.32,12,Z1,LIMA,False,False,True,False,41804.0,LANDAX 5ML,MARZO,0.673401888,4684.31,21117.7311,14220.72,285,11
PHARMA - Z1,QUALITY VISION SOCIEDAD ANONIMA CERRADA,TRAZIDEX O,3,MAR,1000.19,24,Z1,LIMA,False,False,True,False,40341.0,TRAZIDEX OFTENO 5 ML.,MARZO,0.841410928,99642.69,95524.58531,80375.43,285,13
PHARMA - Z1,QUALITY VISION SOCIEDAD ANONIMA CERRADA,TRAZIDEX U,3,MAR,1009.91,24,Z1,LIMA,False,False,True,False,40342.0,TRAZIDEX UNGENA 3.5 G,MARZO,0.890660186,111697.65,148184.091,131981.67,285,14
PHARMA - Z1,QUALITY VISION SOCIEDAD ANONIMA CERRADA,AGGLAD,4,ABR,550.0,10,Z1,LIMA,False,False,True,False,40351.0,AGGLAD OFTENO 5 ML,ABRIL,0.757043269,24635.46,120891.2407,91519.9,285,0
PHARMA - Z1,QUALITY VISION SOCIEDAD ANONIMA CERRADA,ELIPTIC PF,4,ABR,287.0,10,Z1,LIMA,False,False,True,False,41561.0,ELIPTIC OFTENO 5ML PF PERU,ABRIL,0.502083754,28406.63,74583.69182,37447.26,285,5
PHARMA - Z1,QUALITY VISION SOCIEDAD ANONIMA CERRADA,GAAP PF,4,ABR,541.0,10,Z1,LIMA,False,False,True,False,41567.0,GAAP OFTENO LIBRE DE CONSER PF 3 ML PERU,ABRIL,0.580041645,82952.14,97315.99528,56447.33,285,8
PHARMA - Z1,QUALITY VISION SOCIEDAD ANONIMA CERRADA,LAGRICEL PF,4,ABR,682.0,12,Z1,LIMA,False,False,True,False,41582.0,LAGRICEL OFTENO LIBRE DE CONSERVADORES (PF) 10 ML,ABRIL,1.234011277,222585.45,261957.3873,323258.37,285,10
PHARMA - Z1,QUALITY VISION SOCIEDAD ANONIMA CERRADA,TRAZIDEX O,4,ABR,500.0,12,Z1,LIMA,False,False,True,False,40341.0,TRAZIDEX OFTENO 5 ML.,ABRIL,0.966120714,91975.94,101185.0264,97756.95,285,13
PHARMA - Z1,QUALITY VISION SOCIEDAD ANONIMA CERRADA,TRAZIDEX U,4,ABR,0.0,24,Z1,LIMA,False,False,True,True,40342.0,TRAZIDEX UNGENA 3.5 G,ABRIL,0.810349246,131494.88,156358.3363,126704.86,285,14
PHARMA - Z1,QUALITY VISION SOCIEDAD ANONIMA CERRADA,LAGRICEL PF,5,MAY,682.0,12,Z1,LIMA,False,False,True,False,41582.0,LAGRICEL OFTENO LIBRE DE CONSERVADORES (PF) 10 ML,MAYO,0.852391423,198666.14,261957.3873,223290.23,285,10
PHARMA - Z1,QUALITY VISION SOCIEDAD ANONIMA CERRADA,LANDAX,5,MAY,559.0,12,Z1,LIMA,False,False,True,False,41804.0,LANDAX 5ML,MAYO,0.638188198,10589.8,22304.8625,14234.7,285,11
PHARMA - Z1,QUALITY VISION SOCIEDAD ANONIMA CERRADA,TRAZIDEX U,5,MAY,505.0,12,Z1,LIMA,False,False,True,False,40342.0,TRAZIDEX UNGENA 3.5 G,MAYO,0.799544258,131001.94,156358.3363,125015.41,285,14
PHARMA - N2,"RAMIREZ QUITO,SILVIA JACKELINE",AGGLAD,1,ENE,67.25,1,N2,TRUJILLO,False,False,True,False,40351.0,AGGLAD OFTENO 5 ML,ENERO,1.0,22534.35,110094.81,110094.81,286,0
PHARMA - N2,"RAMIREZ QUITO,SILVIA JACKELINE",ELIPTIC PF,1,ENE,76.27,3,N2,TRUJILLO,False,False,True,False,41561.0,ELIPTIC OFTENO 5ML PF PERU,ENERO,1.0,16201.95,62857.68,62857.68,286,5
PHARMA - N2,"RAMIREZ QUITO,SILVIA JACKELINE",FLUMETOL NF,1,ENE,134.76,3,N2,TRUJILLO,False,False,True,False,40513.0,FLUMETOL NF OFTENO 5ML,ENERO,1.0,106644.0,144656.97,144656.97,286,6
PHARMA - N2,"RAMIREZ QUITO,SILVIA JACKELINE",GAAP,1,ENE,481.42,5,N2,TRUJILLO,False,False,True,False,40498.0,GAAP OFTENO 3 ML,ENERO,1.0,101352.36,99775.16,99775.16,286,7
PHARMA - N2,"RAMIREZ QUITO,SILVIA JACKELINE",AGGLAD,2,FEB,538.03,8,N2,TRUJILLO,False,False,True,False,40351.0,AGGLAD OFTENO 5 ML,FEBRERO,0.96716156,31785.06,114546.1364,110784.62,286,0
PHARMA - N2,"RAMIREZ QUITO,SILVIA JACKELINE",ELIPTIC PF,2,FEB,203.38,8,N2,TRUJILLO,False,False,True,False,41561.0,ELIPTIC OFTENO 5ML PF PERU,FEBRERO,0.876631233,16081.78,70691.40098,61970.29,286,5
PHARMA - N2,"RAMIREZ QUITO,SILVIA JACKELINE",AGGLAD,3,MAR,336.27,5,N2,TRUJILLO,False,False,True,False,40351.0,AGGLAD OFTENO 5 ML,MARZO,0.708033745,31785.06,114546.1364,81102.53,286,0
PHARMA - N2,"RAMIREZ QUITO,SILVIA JACKELINE",GAAP,3,MAR,481.42,5,N2,TRUJILLO,False,False,True,False,40498.0,GAAP OFTENO 3 ML,MARZO,0.701456825,85355.44,97172.18164,68162.09,286,7
PHARMA - Z3,RED SALUD NORTE S.A.C.,FLUMETOL NF,1,ENE,179.68,4,Z3,NORTE CHICO,False,False,True,False,40513.0,FLUMETOL NF OFTENO 5ML,ENERO,1.0,106644.0,144656.97,144656.97,287,6
PHARMA - Z3,RED SALUD NORTE S.A.C.,LAGRICEL PF,1,ENE,1635.98,24,Z3,NORTE CHICO,False,False,True,False,41582.0,LAGRICEL OFTENO LIBRE DE CONSERVADORES (PF) 10 ML,ENERO,1.0,241357.65,244552.3,244552.3,287,10
PHARMA - Z3,RED SALUD NORTE S.A.C.,TRAZIDEX O,1,ENE,1852.2,40,Z3,NORTE CHICO,False,False,True,False,40341.0,TRAZIDEX OFTENO 5 ML.,ENERO,1.0,107782.12,170736.47,170736.47,287,13
PHARMA - Z3,RED SALUD NORTE S.A.C.,TRAZIDEX U,1,ENE,467.56,10,Z3,NORTE CHICO,False,False,True,False,40342.0,TRAZIDEX UNGENA 3.5 G,ENERO,1.0,127130.48,135275.35,135275.35,287,14
PHARMA - Z3,RED SALUD NORTE S.A.C.,FLUMETOL NF,2,FEB,224.59,5,Z3,NORTE CHICO,False,False,True,False,40513.0,FLUMETOL NF OFTENO 5ML,FEBRERO,1.285457107,84540.52,101550.4985,130538.81,287,6
PHARMA - Z3,RED SALUD NORTE S.A.C.,LAGRICEL PF,2,FEB,1635.98,24,Z3,NORTE CHICO,False,False,True,False,41582.0,LAGRICEL OFTENO LIBRE DE CONSERVADORES (PF) 10 ML,FEBRERO,1.01762066,244371.43,248182.4906,252555.63,287,10
PHARMA - Z3,RED SALUD NORTE S.A.C.,TRAZIDEX U,2,FEB,467.55,10,Z3,NORTE CHICO,False,False,True,False,40342.0,TRAZIDEX UNGENA 3.5 G,FEBRERO,0.737379291,111697.65,148184.091,109267.88,287,14
PHARMA - Z3,RED SALUD NORTE S.A.C.,TRAZIDEX O,3,MAR,555.66,12,Z3,NORTE CHICO,False,False,True,False,40341.0,TRAZIDEX OFTENO 5 ML.,MARZO,0.841410928,99642.69,95524.58531,80375.43,287,13
PHARMA - Z3,RED SALUD NORTE S.A.C.,AGGLAD,4,ABR,306.0,5,Z3,NORTE CHICO,False,False,True,False,40351.0,AGGLAD OFTENO 5 ML,ABRIL,0.757043269,24635.46,120891.2407,91519.9,287,0
PHARMA - Z3,RED SALUD NORTE S.A.C.,ELIPTIC PF,4,ABR,202.0,5,Z3,NORTE CHICO,False,False,True,False,41561.0,ELIPTIC OFTENO 5ML PF PERU,ABRIL,0.502083754,28406.63,74583.69182,37447.26,287,5
PHARMA - Z3,RED SALUD NORTE S.A.C.,LAGRICEL PF,4,ABR,0.0,25,Z3,NORTE CHICO,False,False,True,True,41582.0,LAGRICEL OFTENO LIBRE DE CONSERVADORES (PF) 10 ML,ABRIL,1.234011277,222585.45,261957.3873,323258.37,287,10
PHARMA - Z3,RED SALUD NORTE S.A.C.,TRAZIDEX O,5,MAY,695.0,15,Z3,NORTE CHICO,False,False,True,False,40341.0,TRAZIDEX OFTENO 5 ML.,MAYO,0.725790194,64098.19,101185.0264,73439.1,287,13
PHARMA - Z3,RED SALUD NORTE S.A.C.,AGGLAD,6,JUN,611.0,10,Z3,NORTE CHICO,False,False,True,False,40351.0,AGGLAD OFTENO 5 ML,JUNIO,-0.235301917,20271.95,120891.2407,92445.3,287,0
PHARMA - Z3,RED SALUD NORTE S.A.C.,ELIPTIC PF,6,JUN,405.0,10,Z3,NORTE CHICO,False,False,True,False,41561.0,ELIPTIC OFTENO 5ML PF PERU,JUNIO,-0.431896719,12781.68,74583.69182,42371.24,287,5
PHARMA - Z3,RED SALUD NORTE S.A.C.,LAGRICEL PF,6,JUN,0.0,20,Z3,NORTE CHICO,False,False,True,True,41582.0,LAGRICEL OFTENO LIBRE DE CONSERVADORES (PF) 10 ML,JUNIO,-0.085958779,182516.9,261957.3873,239439.85,287,10
PHARMA - Z3,RED SALUD NORTE S.A.C.,TRAZIDEX O,6,JUN,556.0,12,Z3,NORTE CHICO,False,False,True,False,40341.0,TRAZIDEX OFTENO 5 ML.,JUNIO,-0.192738462,70697.29,101185.0264,81682.78,287,13
PHARMA - Z3,RED SALUD NORTE S.A.C.,AGGLAD,7,JUL,611.0,10,Z3,NORTE CHICO,False,False,True,False,40351.0,AGGLAD OFTENO 5 ML,JULIO,-0.863449228,29784.66,133581.4492,18240.65,287,0
PHARMA - Z3,RED SALUD NORTE S.A.C.,ELIPTIC PF,7,JUL,810.0,20,Z3,NORTE CHICO,False,False,True,False,41561.0,ELIPTIC OFTENO 5ML PF PERU,JULIO,-0.90997274,15960.78,82368.2735,7415.39,287,5
PHARMA - Z3,RED SALUD NORTE S.A.C.,LAGRICEL PF,7,JUL,0.0,20,Z3,NORTE CHICO,False,False,True,True,41582.0,LAGRICEL OFTENO LIBRE DE CONSERVADORES (PF) 10 ML,JULIO,-0.871300153,205886.66,289507.1807,37259.53,287,10
PHARMA - S,RETINA LASER EMPRESA INDIVIDUAL DE RESPONSABILIDAD LIMITADA,FLUMETOL NF,3,MAR,980.04,24,S,CADENAS,False,False,True,False,40513.0,FLUMETOL NF OFTENO 5ML,MARZO,1.399890715,84540.52,101550.4985,142159.6,288,6
PHARMA - S,RETINA LASER EMPRESA INDIVIDUAL DE RESPONSABILIDAD LIMITADA,LAGRICEL PF,3,MAR,954.32,20,S,CADENAS,False,False,True,False,41582.0,LAGRICEL OFTENO LIBRE DE CONSERVADORES (PF) 10 ML,MARZO,1.041573922,244371.43,248182.4906,258500.41,288,10
PHARMA - S,RETINA LASER EMPRESA INDIVIDUAL DE RESPONSABILIDAD LIMITADA,SOPHIPREN,3,MAR,1016.4,24,S,CADENAS,False,False,True,False,40338.0,SOPHIPREN OFTENO 5 ML,MARZO,1.018181783,39394.05,56555.62783,57583.91,288,12
PHARMA - S,RETINA LASER EMPRESA INDIVIDUAL DE RESPONSABILIDAD LIMITADA,AQUADRAN,4,ABR,0.0,24,S,CADENAS,False,False,True,True,41945.0,AQUADRAN 10G,ABRIL,1.367885669,18754.2,35738.51318,48886.2,288,1
PHARMA - S,RETINA LASER EMPRESA INDIVIDUAL DE RESPONSABILIDAD LIMITADA,LAGRICEL PF,4,ABR,0.0,30,S,CADENAS,False,False,True,True,41582.0,LAGRICEL OFTENO LIBRE DE CONSERVADORES (PF) 10 ML,ABRIL,1.234011277,222585.45,261957.3873,323258.37,288,10
PHARMA - S,RETINA LASER EMPRESA INDIVIDUAL DE RESPONSABILIDAD LIMITADA,SOPHIPREN,4,ABR,0.0,30,S,CADENAS,False,False,True,True,40338.0,SOPHIPREN OFTENO 5 ML,ABRIL,1.125758804,51339.43,59671.10342,67175.27,288,12
PHARMA - S,RETINA LASER EMPRESA INDIVIDUAL DE RESPONSABILIDAD LIMITADA,TRAZIDEX U,4,ABR,0.0,30,S,CADENAS,False,False,True,True,40342.0,TRAZIDEX UNGENA 3.5 G,ABRIL,0.810349246,131494.88,156358.3363,126704.86,288,14
PHARMA - S,RETINA LASER EMPRESA INDIVIDUAL DE RESPONSABILIDAD LIMITADA,GAAP,5,MAY,0.0,20,S,CADENAS,False,False,True,True,40498.0,GAAP OFTENO 3 ML,MAYO,0.567550546,86214.37,102582.687,58220.86,288,7
PHARMA - Z3,RETINA VISION E.I.R.L.,FLUMETOL NF,1,ENE,816.7,20,Z3,NORTE CHICO,False,False,True,False,40513.0,FLUMETOL NF OFTENO 5ML,ENERO,1.0,106644.0,144656.97,144656.97,289,6
PHARMA - Z3,RETINA VISION E.I.R.L.,LAGRICEL PF,1,ENE,1090.66,20,Z3,NORTE CHICO,False,False,True,False,41582.0,LAGRICEL OFTENO LIBRE DE CONSERVADORES (PF) 10 ML,ENERO,1.0,241357.65,244552.3,244552.3,289,10
PHARMA - Z3,RETINA VISION E.I.R.L.,SOPHIPREN,1,ENE,847.0,20,Z3,NORTE CHICO,False,False,True,False,40338.0,SOPHIPREN OFTENO 5 ML,ENERO,1.0,41450.28,50525.9,50525.9,289,12
PHARMA - Z3,RETINA VISION E.I.R.L.,TRAZIDEX O,1,ENE,463.05,10,Z3,NORTE CHICO,False,False,True,False,40341.0,TRAZIDEX OFTENO 5 ML.,ENERO,1.0,107782.12,170736.47,170736.47,289,13
PHARMA - Z3,RETINA VISION E.I.R.L.,FLUMETOL NF,2,FEB,1633.4,40,Z3,NORTE CHICO,False,False,True,False,40513.0,FLUMETOL NF OFTENO 5ML,FEBRERO,1.285457107,84540.52,101550.4985,130538.81,289,6
PHARMA - Z3,RETINA VISION E.I.R.L.,LAGRICEL PF,2,FEB,1090.66,20,Z3,NORTE CHICO,False,False,True,False,41582.0,LAGRICEL OFTENO LIBRE DE CONSERVADORES (PF) 10 ML,FEBRERO,1.01762066,244371.43,248182.4906,252555.63,289,10
PHARMA - Z3,RETINA VISION E.I.R.L.,TRAZIDEX O,2,FEB,926.1,20,Z3,NORTE CHICO,False,False,True,False,40341.0,TRAZIDEX OFTENO 5 ML.,FEBRERO,0.868398954,99642.69,95524.58531,82953.45,289,13
PHARMA - Z3,RETINA VISION E.I.R.L.,AGGLAD,4,ABR,330.0,6,Z3,NORTE CHICO,False,False,True,False,40351.0,AGGLAD OFTENO 5 ML,ABRIL,0.757043269,24635.46,120891.2407,91519.9,289,0
PHARMA - Z3,RETINA VISION E.I.R.L.,ELIPTIC PF,4,ABR,227.0,6,Z3,NORTE CHICO,False,False,True,False,41561.0,ELIPTIC OFTENO 5ML PF PERU,ABRIL,0.502083754,28406.63,74583.69182,37447.26,289,5
PHARMA - Z3,RETINA VISION E.I.R.L.,FLUMETOL NF,4,ABR,817.0,20,Z3,NORTE CHICO,False,False,True,False,40513.0,FLUMETOL NF OFTENO 5ML,ABRIL,1.22328994,97096.28,107397.8095,131378.66,289,6
PHARMA - Z3,RETINA VISION E.I.R.L.,LAGRICEL PF,4,ABR,0.0,50,Z3,NORTE CHICO,False,False,True,True,41582.0,LAGRICEL OFTENO LIBRE DE CONSERVADORES (PF) 10 ML,ABRIL,1.234011277,222585.45,261957.3873,323258.37,289,10
PHARMA - Z3,RETINA VISION E.I.R.L.,SOPHIPREN,4,ABR,847.0,20,Z3,NORTE CHICO,False,False,True,False,40338.0,SOPHIPREN OFTENO 5 ML,ABRIL,1.125758804,51339.43,59671.10342,67175.27,289,12
PHARMA - Z3,RETINA VISION E.I.R.L.,FLUMETOL NF,5,MAY,0.0,40,Z3,NORTE CHICO,False,False,True,True,40513.0,FLUMETOL NF OFTENO 5ML,MAYO,1.182290501,84208.66,107397.8095,126975.41,289,6
PHARMA - Z3,RETINA VISION E.I.R.L.,LAGRICEL PF,5,MAY,0.0,40,Z3,NORTE CHICO,False,False,True,True,41582.0,LAGRICEL OFTENO LIBRE DE CONSERVADORES (PF) 10 ML,MAYO,0.852391423,198666.14,261957.3873,223290.23,289,10
PHARMA - Z3,RETINA VISION E.I.R.L.,ELIPTIC PF,6,JUN,227.0,6,Z3,NORTE CHICO,False,False,True,False,41561.0,ELIPTIC OFTENO 5ML PF PERU,JUNIO,-0.431896719,12781.68,74583.69182,42371.24,289,5
PHARMA - Z3,RETINA VISION E.I.R.L.,FLUMETOL NF,6,JUN,817.0,20,Z3,NORTE CHICO,False,False,True,False,40513.0,FLUMETOL NF OFTENO 5ML,JUNIO,0.071788154,87288.94,107397.8095,115107.7,289,6
PHARMA - Z3,RETINA VISION E.I.R.L.,LAGRICEL PF,6,JUN,0.0,20,Z3,NORTE CHICO,False,False,True,True,41582.0,LAGRICEL OFTENO LIBRE DE CONSERVADORES (PF) 10 ML,JUNIO,-0.085958779,182516.9,261957.3873,239439.85,289,10
PHARMA - Z3,RETINA VISION E.I.R.L.,SOPHIPREN,6,JUN,847.0,20,Z3,NORTE CHICO,False,False,True,False,40338.0,SOPHIPREN OFTENO 5 ML,JUNIO,0.072135193,48676.87,59671.10342,63975.49,289,12
PHARMA - Z1,"REYES TRUJILLO,VIOLETA FELICITAS",LAGRICEL PF,3,MAR,477.16,10,Z1,LIMA,False,False,True,False,41582.0,LAGRICEL OFTENO LIBRE DE CONSERVADORES (PF) 10 ML,MARZO,1.041573922,244371.43,248182.4906,258500.41,290,10
PHARMA - N1,"REYNA DE ESCOBEDO,ELVIA SABINA",FLUMETOL NF,2,FEB,490.02,12,N1,CHICLAYO,False,False,True,False,40513.0,FLUMETOL NF OFTENO 5ML,FEBRERO,1.285457107,84540.52,101550.4985,130538.81,291,6
PHARMA - N1,"REYNA DE ESCOBEDO,ELVIA SABINA",GAAP PF,2,FEB,649.12,12,N1,CHICLAYO,False,False,True,False,41567.0,GAAP OFTENO LIBRE DE CONSER PF 3 ML PERU,FEBRERO,0.820494884,80205.04,92164.06035,75620.14,291,8
PHARMA - N1,"REYNA DE ESCOBEDO,ELVIA SABINA",TRAZIDEX U,2,FEB,1122.12,24,N1,CHICLAYO,False,False,True,False,40342.0,TRAZIDEX UNGENA 3.5 G,FEBRERO,0.737379291,111697.65,148184.091,109267.88,291,14
PHARMA - Z1,RIDOUTT  SANCHEZ PATRICIA ELIZABETH,AGGLAD,1,ENE,55.03,1,Z1,LIMA,False,False,True,False,40351.0,AGGLAD OFTENO 5 ML,ENERO,1.0,22534.35,110094.81,110094.81,292,0
PHARMA - Z1,RIDOUTT  SANCHEZ PATRICIA ELIZABETH,LAGRICEL PF,1,ENE,56.81,1,Z1,LIMA,False,False,True,False,41582.0,LAGRICEL OFTENO LIBRE DE CONSERVADORES (PF) 10 ML,ENERO,1.0,241357.65,244552.3,244552.3,292,10
PHARMA - Z1,RIDOUTT  SANCHEZ PATRICIA ELIZABETH,LAGRICEL PF,2,FEB,113.62,2,Z1,LIMA,False,False,True,False,41582.0,LAGRICEL OFTENO LIBRE DE CONSERVADORES (PF) 10 ML,FEBRERO,1.01762066,244371.43,248182.4906,252555.63,292,10
PHARMA - Z1,RIDOUTT  SANCHEZ PATRICIA ELIZABETH,AGGLAD,4,ABR,55.0,1,Z1,LIMA,False,False,True,False,40351.0,AGGLAD OFTENO 5 ML,ABRIL,0.757043269,24635.46,120891.2407,91519.9,292,0
PHARMA - Z1,RIDOUTT  SANCHEZ PATRICIA ELIZABETH,LAGRICEL PF,5,MAY,57.0,1,Z1,LIMA,False,False,True,False,41582.0,LAGRICEL OFTENO LIBRE DE CONSERVADORES (PF) 10 ML,MAYO,0.852391423,198666.14,261957.3873,223290.23,292,10
PHARMA - S,RIOS PRETEL VICENTE,TRAZIDEX U,2,FEB,504.95,12,S,CADENAS,False,False,True,False,40342.0,TRAZIDEX UNGENA 3.5 G,FEBRERO,0.737379291,111697.65,148184.091,109267.88,293,14
PHARMA - S,RIOS PRETEL VICENTE,TRAZIDEX U,5,MAY,505.0,12,S,CADENAS,False,False,True,False,40342.0,TRAZIDEX UNGENA 3.5 G,MAYO,0.799544258,131001.94,156358.3363,125015.41,293,14
PHARMA - Z1,RIVAS S. CIVIL DE R.L.,AGGLAD,1,ENE,330.16,6,Z1,LIMA,False,False,True,False,40351.0,AGGLAD OFTENO 5 ML,ENERO,1.0,22534.35,110094.81,110094.81,294,0
PHARMA - Z1,RIVAS S. CIVIL DE R.L.,ELIPTIC PF,1,ENE,227.31,6,Z1,LIMA,False,False,True,False,41561.0,ELIPTIC OFTENO 5ML PF PERU,ENERO,1.0,16201.95,62857.68,62857.68,294,5
PHARMA - Z2,RIVERA BERROSPI MIRCO ALFREDO,AQUADRAN,2,FEB,648.0,12,Z2,CALLAO,False,False,True,False,41945.0,AQUADRAN 10G,FEBRERO,1.033824379,13176.0,33810.57818,34954.2,295,1
PHARMA - Z2,RIVERA BERROSPI MIRCO ALFREDO,FLUMETOL NF,2,FEB,980.04,24,Z2,CALLAO,False,False,True,False,40513.0,FLUMETOL NF OFTENO 5ML,FEBRERO,1.285457107,84540.52,101550.4985,130538.81,295,6
PHARMA - Z2,RIVERA BERROSPI MIRCO ALFREDO,LAGRICEL PF,2,FEB,1363.32,24,Z2,CALLAO,False,False,True,False,41582.0,LAGRICEL OFTENO LIBRE DE CONSERVADORES (PF) 10 ML,FEBRERO,1.01762066,244371.43,248182.4906,252555.63,295,10
PHARMA - Z2,RIVERA BERROSPI MIRCO ALFREDO,FLUMETOL NF,4,ABR,980.0,24,Z2,CALLAO,False,False,True,False,40513.0,FLUMETOL NF OFTENO 5ML,ABRIL,1.22328994,97096.28,107397.8095,131378.66,295,6
PHARMA - Z2,RIVERA BERROSPI MIRCO ALFREDO,LAGRICEL PF,4,ABR,0.0,24,Z2,CALLAO,False,False,True,True,41582.0,LAGRICEL OFTENO LIBRE DE CONSERVADORES (PF) 10 ML,ABRIL,1.234011277,222585.45,261957.3873,323258.37,295,10
PHARMA - Z2,RIVERA BERROSPI MIRCO ALFREDO,AQUADRAN,5,MAY,648.0,12,Z2,CALLAO,False,False,True,False,41945.0,AQUADRAN 10G,MAYO,1.308504351,13786.2,35738.51318,46764.0,295,1
PHARMA - Z2,RIVERA BERROSPI MIRCO ALFREDO,FLUMETOL NF,5,MAY,980.0,24,Z2,CALLAO,False,False,True,False,40513.0,FLUMETOL NF OFTENO 5ML,MAYO,1.182290501,84208.66,107397.8095,126975.41,295,6
PHARMA - Z2,RIVERA BERROSPI MIRCO ALFREDO,LAGRICEL PF,5,MAY,682.0,12,Z2,CALLAO,False,False,True,False,41582.0,LAGRICEL OFTENO LIBRE DE CONSERVADORES (PF) 10 ML,MAYO,0.852391423,198666.14,261957.3873,223290.23,295,10
PHARMA - Z2,RIVERA BERROSPI MIRCO ALFREDO,FLUMETOL NF,6,JUN,980.0,24,Z2,CALLAO,False,False,True,False,40513.0,FLUMETOL NF OFTENO 5ML,JUNIO,0.071788154,87288.94,107397.8095,115107.7,295,6
PHARMA - Z2,RIVERA BERROSPI MIRCO ALFREDO,LAGRICEL PF,6,JUN,0.0,24,Z2,CALLAO,False,False,True,True,41582.0,LAGRICEL OFTENO LIBRE DE CONSERVADORES (PF) 10 ML,JUNIO,-0.085958779,182516.9,261957.3873,239439.85,295,10
PHARMA - S,RODRIGUEZ GRANADA HANSEL MIGUEL,AGGLAD,1,ENE,660.31,12,S,CADENAS,False,False,True,False,40351.0,AGGLAD OFTENO 5 ML,ENERO,1.0,22534.35,110094.81,110094.81,296,0
PHARMA - S,RODRIGUEZ GRANADA HANSEL MIGUEL,DUSTALOX,1,ENE,541.46,12,S,CADENAS,False,False,True,False,41121.0,DUSTALOX 5ML,ENERO,1.0,13592.53,8778.28,8778.28,296,2
PHARMA - S,RODRIGUEZ GRANADA HANSEL MIGUEL,ELIPTIC PF,1,ENE,406.81,12,S,CADENAS,False,False,True,False,41561.0,ELIPTIC OFTENO 5ML PF PERU,ENERO,1.0,16201.95,62857.68,62857.68,296,5
PHARMA - S,RODRIGUEZ GRANADA HANSEL MIGUEL,FLUMETOL NF,1,ENE,490.02,12,S,CADENAS,False,False,True,False,40513.0,FLUMETOL NF OFTENO 5ML,ENERO,1.0,106644.0,144656.97,144656.97,296,6
PHARMA - S,RODRIGUEZ GRANADA HANSEL MIGUEL,GAAP,1,ENE,945.32,12,S,CADENAS,False,False,True,False,40498.0,GAAP OFTENO 3 ML,ENERO,1.0,101352.36,99775.16,99775.16,296,7
PHARMA - S,RODRIGUEZ GRANADA HANSEL MIGUEL,SOPHIPREN,1,ENE,508.2,12,S,CADENAS,False,False,True,False,40338.0,SOPHIPREN OFTENO 5 ML,ENERO,1.0,41450.28,50525.9,50525.9,296,12
PHARMA - S,RODRIGUEZ GRANADA HANSEL MIGUEL,TRAZIDEX O,1,ENE,500.09,12,S,CADENAS,False,False,True,False,40341.0,TRAZIDEX OFTENO 5 ML.,ENERO,1.0,107782.12,170736.47,170736.47,296,13
PHARMA - S,RODRIGUEZ GRANADA HANSEL MIGUEL,TRAZIDEX U,1,ENE,504.95,12,S,CADENAS,False,False,True,False,40342.0,TRAZIDEX UNGENA 3.5 G,ENERO,1.0,127130.48,135275.35,135275.35,296,14
PHARMA - S,RODRIGUEZ GRANADA HANSEL MIGUEL,AGGLAD,3,MAR,550.26,10,S,CADENAS,False,False,True,False,40351.0,AGGLAD OFTENO 5 ML,MARZO,0.708033745,31785.06,114546.1364,81102.53,296,0
PHARMA - S,RODRIGUEZ GRANADA HANSEL MIGUEL,FLUMETOL NF,3,MAR,408.35,10,S,CADENAS,False,False,True,False,40513.0,FLUMETOL NF OFTENO 5ML,MARZO,1.399890715,84540.52,101550.4985,142159.6,296,6
PHARMA - S,RODRIGUEZ GRANADA HANSEL MIGUEL,GAAP,3,MAR,787.77,10,S,CADENAS,False,False,True,False,40498.0,GAAP OFTENO 3 ML,MARZO,0.701456825,85355.44,97172.18164,68162.09,296,7
PHARMA - S,RODRIGUEZ GRANADA HANSEL MIGUEL,SOPHIPREN,3,MAR,508.2,12,S,CADENAS,False,False,True,False,40338.0,SOPHIPREN OFTENO 5 ML,MARZO,1.018181783,39394.05,56555.62783,57583.91,296,12
PHARMA - S,RODRIGUEZ GRANADA HANSEL MIGUEL,TRAZIDEX U,3,MAR,420.8,10,S,CADENAS,False,False,True,False,40342.0,TRAZIDEX UNGENA 3.5 G,MARZO,0.890660186,111697.65,148184.091,131981.67,296,14
PHARMA - S,RODRIGUEZ GRANADA HANSEL MIGUEL,ELIPTIC PF,5,MAY,339.0,10,S,CADENAS,False,False,True,False,41561.0,ELIPTIC OFTENO 5ML PF PERU,MAYO,0.635068724,11669.87,74583.69182,47365.77,296,5
PHARMA - S,RODRIGUEZ GRANADA HANSEL MIGUEL,GAAP,5,MAY,788.0,10,S,CADENAS,False,False,True,False,40498.0,GAAP OFTENO 3 ML,MAYO,0.567550546,86214.37,102582.687,58220.86,296,7
PHARMA - S,RODRIGUEZ GRANADA HANSEL MIGUEL,LAGRICEL,5,MAY,307.0,6,S,CADENAS,False,False,True,False,40515.0,LAGRICEL OFTENO 0.5 ML,MAYO,0.714118093,158816.35,174961.4402,124943.13,296,9
PHARMA - S,RODRIGUEZ GRANADA HANSEL MIGUEL,LAGRICEL PF,5,MAY,286.0,6,S,CADENAS,False,False,True,False,41582.0,LAGRICEL OFTENO LIBRE DE CONSERVADORES (PF) 10 ML,MAYO,0.852391423,198666.14,261957.3873,223290.23,296,10
PHARMA - S,RODRIGUEZ GRANADA HANSEL MIGUEL,SOPHIPREN,5,MAY,254.0,6,S,CADENAS,False,False,True,False,40338.0,SOPHIPREN OFTENO 5 ML,MAYO,0.947602386,43314.92,59671.10342,56544.48,296,12
PHARMA - S,RODRIGUEZ GRANADA HANSEL MIGUEL,TRAZIDEX U,5,MAY,421.0,10,S,CADENAS,False,False,True,False,40342.0,TRAZIDEX UNGENA 3.5 G,MAYO,0.799544258,131001.94,156358.3363,125015.41,296,14
PHARMA - S,RODRIGUEZ GRANADA HANSEL MIGUEL,AGGLAD,6,JUN,660.0,12,S,CADENAS,False,False,True,False,40351.0,AGGLAD OFTENO 5 ML,JUNIO,-0.235301917,20271.95,120891.2407,92445.3,296,0
PHARMA - S,RODRIGUEZ GRANADA HANSEL MIGUEL,DUSTALOX,6,JUN,541.0,12,S,CADENAS,False,False,True,False,41121.0,DUSTALOX 5ML,JUNIO,-0.44241925,5938.11,11675.36719,6509.96,296,2
PHARMA - S,RODRIGUEZ GRANADA HANSEL MIGUEL,ELIPTIC PF,6,JUN,407.0,12,S,CADENAS,False,False,True,False,41561.0,ELIPTIC OFTENO 5ML PF PERU,JUNIO,-0.431896719,12781.68,74583.69182,42371.24,296,5
PHARMA - S,RODRIGUEZ GRANADA HANSEL MIGUEL,FLUMETOL NF,6,JUN,490.0,12,S,CADENAS,False,False,True,False,40513.0,FLUMETOL NF OFTENO 5ML,JUNIO,0.071788154,87288.94,107397.8095,115107.7,296,6
PHARMA - S,RODRIGUEZ GRANADA HANSEL MIGUEL,GAAP,6,JUN,945.0,12,S,CADENAS,False,False,True,False,40498.0,GAAP OFTENO 3 ML,JUNIO,-0.271295457,79907.03,102582.687,74752.47,296,7
PHARMA - S,RODRIGUEZ GRANADA HANSEL MIGUEL,LAGRICEL PF,6,JUN,477.0,10,S,CADENAS,False,False,True,False,41582.0,LAGRICEL OFTENO LIBRE DE CONSERVADORES (PF) 10 ML,JUNIO,-0.085958779,182516.9,261957.3873,239439.85,296,10
PHARMA - S,RODRIGUEZ GRANADA HANSEL MIGUEL,SOPHIPREN,6,JUN,508.0,12,S,CADENAS,False,False,True,False,40338.0,SOPHIPREN OFTENO 5 ML,JUNIO,0.072135193,48676.87,59671.10342,63975.49,296,12
PHARMA - S,RODRIGUEZ GRANADA HANSEL MIGUEL,TRAZIDEX O,6,JUN,500.0,12,S,CADENAS,False,False,True,False,40341.0,TRAZIDEX OFTENO 5 ML.,JUNIO,-0.192738462,70697.29,101185.0264,81682.78,296,13
PHARMA - S,RODRIGUEZ GRANADA HANSEL MIGUEL,TRAZIDEX U,6,JUN,505.0,12,S,CADENAS,False,False,True,False,40342.0,TRAZIDEX UNGENA 3.5 G,JUNIO,-0.144707451,114383.92,156358.3363,133732.12,296,14
PHARMA - N1,"ROJAS VALDIVIA,HUGO",LAGRICEL PF,2,FEB,949.15,20,N1,CHICLAYO,False,False,True,False,41582.0,LAGRICEL OFTENO LIBRE DE CONSERVADORES (PF) 10 ML,FEBRERO,1.01762066,244371.43,248182.4906,252555.63,297,10
PHARMA - N1,"ROJAS VALDIVIA,HUGO",AGGLAD,4,ABR,0.0,20,N1,CHICLAYO,False,False,True,True,40351.0,AGGLAD OFTENO 5 ML,ABRIL,0.757043269,24635.46,120891.2407,91519.9,297,0
PHARMA - N1,"ROJAS VALDIVIA,HUGO",ELIPTIC PF,4,ABR,678.0,20,N1,CHICLAYO,False,False,True,False,41561.0,ELIPTIC OFTENO 5ML PF PERU,ABRIL,0.502083754,28406.63,74583.69182,37447.26,297,5
PHARMA - N1,RONCAL FERNANDEZ SONIA EDITH,FLUMETOL NF,5,MAY,449.0,10,N1,CHICLAYO,False,False,True,False,40513.0,FLUMETOL NF OFTENO 5ML,MAYO,1.182290501,84208.66,107397.8095,126975.41,298,6
PHARMA - N1,RONCAL FERNANDEZ SONIA EDITH,TRAZIDEX O,5,MAY,509.0,10,N1,CHICLAYO,False,False,True,False,40341.0,TRAZIDEX OFTENO 5 ML.,MAYO,0.725790194,64098.19,101185.0264,73439.1,298,13
PHARMA - N2,RUIZ VIGO JORGE EDUARDO,LAGRICEL,1,ENE,767.63,15,N2,TRUJILLO,False,False,True,False,40515.0,LAGRICEL OFTENO 0.5 ML,ENERO,1.0,154236.51,132452.04,132452.04,299,9
PHARMA - N2,RUIZ VIGO JORGE EDUARDO,TRAZIDEX O,1,ENE,611.23,12,N2,TRUJILLO,False,False,True,False,40341.0,TRAZIDEX OFTENO 5 ML.,ENERO,1.0,107782.12,170736.47,170736.47,299,13
PHARMA - N2,RUIZ VIGO JORGE EDUARDO,TRAZIDEX U,1,ENE,617.17,12,N2,TRUJILLO,False,False,True,False,40342.0,TRAZIDEX UNGENA 3.5 G,ENERO,1.0,127130.48,135275.35,135275.35,299,14
PHARMA - N2,RUIZ VIGO JORGE EDUARDO,TRAZIDEX O,2,FEB,611.23,12,N2,TRUJILLO,False,False,True,False,40341.0,TRAZIDEX OFTENO 5 ML.,FEBRERO,0.868398954,99642.69,95524.58531,82953.45,299,13
PHARMA - N2,RUIZ VIGO JORGE EDUARDO,TRAZIDEX O,5,MAY,153.0,3,N2,TRUJILLO,False,False,True,False,40341.0,TRAZIDEX OFTENO 5 ML.,MAYO,0.725790194,64098.19,101185.0264,73439.1,299,13
PHARMA - Z1,RVM 20 E.I.R.L.,SOPHIPREN,1,ENE,931.7,20,Z1,LIMA,False,False,True,False,40338.0,SOPHIPREN OFTENO 5 ML,ENERO,1.0,41450.28,50525.9,50525.9,300,12
PHARMA - Z3,S & P OFTALMOLOGOS S.A.C.,DUSTALOX,1,ENE,443.02,12,Z3,NORTE CHICO,False,False,True,False,41121.0,DUSTALOX 5ML,ENERO,1.0,13592.53,8778.28,8778.28,301,2
PHARMA - Z3,S & P OFTALMOLOGOS S.A.C.,FLUMETOL NF,1,ENE,612.53,15,Z3,NORTE CHICO,False,False,True,False,40513.0,FLUMETOL NF OFTENO 5ML,ENERO,1.0,106644.0,144656.97,144656.97,301,6
PHARMA - Z3,S & P OFTALMOLOGOS S.A.C.,FLUMETOL NF,2,FEB,612.53,15,Z3,NORTE CHICO,False,False,True,False,40513.0,FLUMETOL NF OFTENO 5ML,FEBRERO,1.285457107,84540.52,101550.4985,130538.81,301,6
PHARMA - Z3,S & P OFTALMOLOGOS S.A.C.,ZEBESTEN,2,FEB,736.31,15,Z3,NORTE CHICO,False,False,True,False,41604.0,ZEBESTEN 5ML PERU,FEBRERO,0.998966691,24271.56,27459.43408,27431.06,301,15
PHARMA - Z3,S & P OFTALMOLOGOS S.A.C.,AQUADRAN,3,MAR,583.2,12,Z3,NORTE CHICO,False,False,True,False,41945.0,AQUADRAN 10G,MARZO,1.286810293,13176.0,33810.57818,43507.8,301,1
PHARMA - Z3,S & P OFTALMOLOGOS S.A.C.,ELIPTIC PF,3,MAR,783.84,15,Z3,NORTE CHICO,False,False,True,False,41561.0,ELIPTIC OFTENO 5ML PF PERU,MARZO,0.543724406,16081.78,70691.40098,38436.64,301,5
PHARMA - Z3,S & P OFTALMOLOGOS S.A.C.,FLUMETOL NF,3,MAR,1102.55,27,Z3,NORTE CHICO,False,False,True,False,40513.0,FLUMETOL NF OFTENO 5ML,MARZO,1.399890715,84540.52,101550.4985,142159.6,301,6
PHARMA - Z3,S & P OFTALMOLOGOS S.A.C.,SOPHIPREN,3,MAR,508.2,12,Z3,NORTE CHICO,False,False,True,False,40338.0,SOPHIPREN OFTENO 5 ML,MARZO,1.018181783,39394.05,56555.62783,57583.91,301,12
PHARMA - Z3,S & P OFTALMOLOGOS S.A.C.,AGGLAD,4,ABR,330.0,6,Z3,NORTE CHICO,False,False,True,False,40351.0,AGGLAD OFTENO 5 ML,ABRIL,0.757043269,24635.46,120891.2407,91519.9,301,0
PHARMA - Z3,S & P OFTALMOLOGOS S.A.C.,DUSTALOX,4,ABR,554.0,15,Z3,NORTE CHICO,False,False,True,False,41121.0,DUSTALOX 5ML,ABRIL,0.650326442,9428.91,11675.36719,7592.8,301,2
PHARMA - Z3,S & P OFTALMOLOGOS S.A.C.,FLUMETOL NF,4,ABR,0.0,30,Z3,NORTE CHICO,False,False,True,True,40513.0,FLUMETOL NF OFTENO 5ML,ABRIL,1.22328994,97096.28,107397.8095,131378.66,301,6
PHARMA - Z3,S & P OFTALMOLOGOS S.A.C.,GAAP PF,4,ABR,335.0,6,Z3,NORTE CHICO,False,False,True,False,41567.0,GAAP OFTENO LIBRE DE CONSER PF 3 ML PERU,ABRIL,0.580041645,82952.14,97315.99528,56447.33,301,8
PHARMA - Z3,"SALINAS MONDRAGON,ANA MARIA",AQUADRAN,4,ABR,486.0,10,Z3,NORTE CHICO,False,False,True,False,41945.0,AQUADRAN 10G,ABRIL,1.367885669,18754.2,35738.51318,48886.2,302,1
PHARMA - Z3,SALUD VISUAL OPTICA Y OFTALMOLOGIA EMPRESA INDIVIDUAL DE RESPONSABILIDAD LIMITADA,GAAP PF,2,FEB,649.12,12,Z3,NORTE CHICO,False,False,True,False,41567.0,GAAP OFTENO LIBRE DE CONSER PF 3 ML PERU,FEBRERO,0.820494884,80205.04,92164.06035,75620.14,303,8
PHARMA - Z3,SALUD VISUAL OPTICA Y OFTALMOLOGIA EMPRESA INDIVIDUAL DE RESPONSABILIDAD LIMITADA,GAAP PF,6,JUN,649.0,12,Z3,NORTE CHICO,False,False,True,False,41567.0,GAAP OFTENO LIBRE DE CONSER PF 3 ML PERU,JUNIO,-0.151410313,75783.27,97315.99528,82581.35,303,8
PHARMA - Z3,SALUD VISUAL OPTICA Y OFTALMOLOGIA EMPRESA INDIVIDUAL DE RESPONSABILIDAD LIMITADA,TRAZIDEX U,6,JUN,281.0,6,Z3,NORTE CHICO,False,False,True,False,40342.0,TRAZIDEX UNGENA 3.5 G,JUNIO,-0.144707451,114383.92,156358.3363,133732.12,303,14
PHARMA - Z3,SALUD VISUAL OPTICA Y OFTALMOLOGIA EMPRESA INDIVIDUAL DE RESPONSABILIDAD LIMITADA,ZEBESTEN,6,JUN,295.0,6,Z3,NORTE CHICO,False,False,True,False,41604.0,ZEBESTEN 5ML PERU,JUNIO,0.156870039,15690.19,29060.89609,33619.68,303,15
PHARMA - Z1,SALUD VISUAL Y ESPECIALIDADES SOCIEDAD COMERCIAL DE RESPONSABILIDAD LIMITADA,LAGRICEL PF,1,ENE,2840.25,50,Z1,LIMA,False,False,True,False,41582.0,LAGRICEL OFTENO LIBRE DE CONSERVADORES (PF) 10 ML,ENERO,1.0,241357.65,244552.3,244552.3,304,10
PHARMA - Z1,SALUD VISUAL Y ESPECIALIDADES SOCIEDAD COMERCIAL DE RESPONSABILIDAD LIMITADA,TRAZIDEX U,1,ENE,935.1,20,Z1,LIMA,False,False,True,False,40342.0,TRAZIDEX UNGENA 3.5 G,ENERO,1.0,127130.48,135275.35,135275.35,304,14
PHARMA - Z1,SALUD VISUAL Y ESPECIALIDADES SOCIEDAD COMERCIAL DE RESPONSABILIDAD LIMITADA,ZEBESTEN,1,ENE,1472.63,30,Z1,LIMA,False,False,True,False,41604.0,ZEBESTEN 5ML PERU,ENERO,1.0,31496.43,43862.02,43862.02,304,15
PHARMA - Z1,SALUD VISUAL Y ESPECIALIDADES SOCIEDAD COMERCIAL DE RESPONSABILIDAD LIMITADA,AQUADRAN,3,MAR,2862.0,53,Z1,LIMA,False,False,True,False,41945.0,AQUADRAN 10G,MARZO,1.286810293,13176.0,33810.57818,43507.8,304,1
PHARMA - Z1,SALUD VISUAL Y ESPECIALIDADES SOCIEDAD COMERCIAL DE RESPONSABILIDAD LIMITADA,DUSTALOX,3,MAR,3076.5,75,Z1,LIMA,False,False,True,False,41121.0,DUSTALOX 5ML,MARZO,0.887447361,6813.43,11070.27913,9824.29,304,2
PHARMA - Z1,SALUD VISUAL Y ESPECIALIDADES SOCIEDAD COMERCIAL DE RESPONSABILIDAD LIMITADA,GAAP PF,3,MAR,2253.88,25,Z1,LIMA,False,False,True,False,41567.0,GAAP OFTENO LIBRE DE CONSER PF 3 ML PERU,MARZO,0.894697886,80205.04,92164.06035,82458.99,304,8
PHARMA - Z1,SALUD VISUAL Y ESPECIALIDADES SOCIEDAD COMERCIAL DE RESPONSABILIDAD LIMITADA,LAGRICEL PF,3,MAR,4089.96,80,Z1,LIMA,False,False,True,False,41582.0,LAGRICEL OFTENO LIBRE DE CONSERVADORES (PF) 10 ML,MARZO,1.041573922,244371.43,248182.4906,258500.41,304,10
PHARMA - Z1,SALUD VISUAL Y ESPECIALIDADES SOCIEDAD COMERCIAL DE RESPONSABILIDAD LIMITADA,TRAZIDEX U,3,MAR,1262.39,27,Z1,LIMA,False,False,True,False,40342.0,TRAZIDEX UNGENA 3.5 G,MARZO,0.890660186,111697.65,148184.091,131981.67,304,14
PHARMA - Z1,SALUD VISUAL Y ESPECIALIDADES SOCIEDAD COMERCIAL DE RESPONSABILIDAD LIMITADA,ZEBESTEN,3,MAR,1963.5,40,Z1,LIMA,False,False,True,False,41604.0,ZEBESTEN 5ML PERU,MARZO,1.283372043,24271.56,27459.43408,35240.67,304,15
PHARMA - Z1,SALUD VISUAL Y ESPECIALIDADES SOCIEDAD COMERCIAL DE RESPONSABILIDAD LIMITADA,AQUADRAN,5,MAY,540.0,10,Z1,LIMA,False,False,True,False,41945.0,AQUADRAN 10G,MAYO,1.308504351,13786.2,35738.51318,46764.0,304,1
PHARMA - Z1,SALUD VISUAL Y ESPECIALIDADES SOCIEDAD COMERCIAL DE RESPONSABILIDAD LIMITADA,GAAP PF,5,MAY,757.0,15,Z1,LIMA,False,False,True,False,41567.0,GAAP OFTENO LIBRE DE CONSER PF 3 ML PERU,MAYO,0.695728383,103158.58,97315.99528,67705.5,304,8
PHARMA - Z1,SALUD VISUAL Y ESPECIALIDADES SOCIEDAD COMERCIAL DE RESPONSABILIDAD LIMITADA,LAGRICEL PF,5,MAY,0.0,30,Z1,LIMA,False,False,True,True,41582.0,LAGRICEL OFTENO LIBRE DE CONSERVADORES (PF) 10 ML,MAYO,0.852391423,198666.14,261957.3873,223290.23,304,10
PHARMA - Z1,SALUD VISUAL Y ESPECIALIDADES SOCIEDAD COMERCIAL DE RESPONSABILIDAD LIMITADA,SOPHIPREN,5,MAY,381.0,10,Z1,LIMA,False,False,True,False,40338.0,SOPHIPREN OFTENO 5 ML,MAYO,0.947602386,43314.92,59671.10342,56544.48,304,12
PHARMA - Z1,SALUD VISUAL Y ESPECIALIDADES SOCIEDAD COMERCIAL DE RESPONSABILIDAD LIMITADA,TRAZIDEX U,5,MAY,468.0,10,Z1,LIMA,False,False,True,False,40342.0,TRAZIDEX UNGENA 3.5 G,MAYO,0.799544258,131001.94,156358.3363,125015.41,304,14
PHARMA - Z2,SANAR SM E.I.R.L,TRAZIDEX U,1,ENE,3740.4,100,Z2,CALLAO,False,False,True,False,40342.0,TRAZIDEX UNGENA 3.5 G,ENERO,1.0,127130.48,135275.35,135275.35,305,14
PHARMA - Z2,SANAR SM E.I.R.L,GAAP,2,FEB,945.32,12,Z2,CALLAO,False,False,True,False,40498.0,GAAP OFTENO 3 ML,FEBRERO,0.873555976,85355.44,97172.18164,84885.34,305,7
PHARMA - Z2,SANAR SM E.I.R.L,TRAZIDEX U,3,MAR,3740.4,100,Z2,CALLAO,False,False,True,False,40342.0,TRAZIDEX UNGENA 3.5 G,MARZO,0.890660186,111697.65,148184.091,131981.67,305,14
PHARMA - Z2,SANAR SM E.I.R.L,FLUMETOL NF,4,ABR,0.0,50,Z2,CALLAO,False,False,True,True,40513.0,FLUMETOL NF OFTENO 5ML,ABRIL,1.22328994,97096.28,107397.8095,131378.66,305,6
PHARMA - Z2,SANAR SM E.I.R.L,GAAP PF,6,JUN,0.0,50,Z2,CALLAO,False,False,True,True,41567.0,GAAP OFTENO LIBRE DE CONSER PF 3 ML PERU,JUNIO,-0.151410313,75783.27,97315.99528,82581.35,305,8
PHARMA - Z3,SERVI OFTALMOMED ALVARO E.I.R.L.,AQUADRAN,2,FEB,648.0,12,Z3,NORTE CHICO,False,False,True,False,41945.0,AQUADRAN 10G,FEBRERO,1.033824379,13176.0,33810.57818,34954.2,306,1
PHARMA - Z3,SERVI OFTALMOMED ALVARO E.I.R.L.,ELAR-B,2,FEB,310.5,6,Z3,NORTE CHICO,False,False,True,False,42098.0,ELAR-B 5 ML,FEBRERO,0.622378415,0.0,23180.02945,14426.75,306,3
PHARMA - Z3,SERVI OFTALMOMED ALVARO E.I.R.L.,SOPHIPREN,2,FEB,1016.4,24,Z3,NORTE CHICO,False,False,True,False,40338.0,SOPHIPREN OFTENO 5 ML,FEBRERO,1.300787434,39394.05,56555.62783,73566.85,306,12
PHARMA - Z3,SERVI OFTALMOMED ALVARO E.I.R.L.,TRAZIDEX O,2,FEB,555.66,12,Z3,NORTE CHICO,False,False,True,False,40341.0,TRAZIDEX OFTENO 5 ML.,FEBRERO,0.868398954,99642.69,95524.58531,82953.45,306,13
PHARMA - Z3,SERVI OFTALMOMED ALVARO E.I.R.L.,DUSTALOX,3,MAR,492.24,12,Z3,NORTE CHICO,False,False,True,False,41121.0,DUSTALOX 5ML,MARZO,0.887447361,6813.43,11070.27913,9824.29,306,2
PHARMA - Z3,SERVI OFTALMOMED ALVARO E.I.R.L.,FLUMETOL NF,3,MAR,490.02,12,Z3,NORTE CHICO,False,False,True,False,40513.0,FLUMETOL NF OFTENO 5ML,MARZO,1.399890715,84540.52,101550.4985,142159.6,306,6
PHARMA - Z3,SERVI OFTALMOMED ALVARO E.I.R.L.,LAGRICEL,3,MAR,614.1,12,Z3,NORTE CHICO,False,False,True,False,40515.0,LAGRICEL OFTENO 0.5 ML,MARZO,1.138987362,194840.09,165898.7416,188956.57,306,9
PHARMA - Z3,SERVI OFTALMOMED ALVARO E.I.R.L.,ELAR-B,4,ABR,621.0,12,Z3,NORTE CHICO,False,False,True,False,42098.0,ELAR-B 5 ML,ABRIL,0.614395812,0.0,24407.71845,14996.0,306,3
PHARMA - Z3,SERVI OFTALMOMED ALVARO E.I.R.L.,LAGRICEL,4,ABR,614.0,12,Z3,NORTE CHICO,False,False,True,False,40515.0,LAGRICEL OFTENO 0.5 ML,ABRIL,0.760754197,152829.6,174961.4402,133102.65,306,9
PHARMA - Z3,SERVI OFTALMOMED ALVARO E.I.R.L.,SOPHIPREN,4,ABR,0.0,24,Z3,NORTE CHICO,False,False,True,True,40338.0,SOPHIPREN OFTENO 5 ML,ABRIL,1.125758804,51339.43,59671.10342,67175.27,306,12
PHARMA - Z3,SERVI OFTALMOMED ALVARO E.I.R.L.,TRAZIDEX O,4,ABR,556.0,12,Z3,NORTE CHICO,False,False,True,False,40341.0,TRAZIDEX OFTENO 5 ML.,ABRIL,0.966120714,91975.94,101185.0264,97756.95,306,13
PHARMA - Z3,SERVI OFTALMOMED ALVARO E.I.R.L.,TRAZIDEX U,4,ABR,561.0,12,Z3,NORTE CHICO,False,False,True,False,40342.0,TRAZIDEX UNGENA 3.5 G,ABRIL,0.810349246,131494.88,156358.3363,126704.86,306,14
PHARMA - Z3,SERVI OFTALMOMED ALVARO E.I.R.L.,DUSTALOX,6,JUN,492.0,12,Z3,NORTE CHICO,False,False,True,False,41121.0,DUSTALOX 5ML,JUNIO,-0.44241925,5938.11,11675.36719,6509.96,306,2
PHARMA - Z3,SERVI OFTALMOMED ALVARO E.I.R.L.,SOPHIPREN,6,JUN,508.0,12,Z3,NORTE CHICO,False,False,True,False,40338.0,SOPHIPREN OFTENO 5 ML,JUNIO,0.072135193,48676.87,59671.10342,63975.49,306,12
PHARMA - Z2,SERVICIOS DE FARMACIA OFTALMOLOGICA YAHUI EIRL,AGGLAD,1,ENE,4402.08,80,Z2,CALLAO,False,False,True,False,40351.0,AGGLAD OFTENO 5 ML,ENERO,1.0,22534.35,110094.81,110094.81,307,0
PHARMA - Z2,SERVICIOS DE FARMACIA OFTALMOLOGICA YAHUI EIRL,ELAR-B,1,ENE,2300.0,40,Z2,CALLAO,False,False,True,False,42098.0,ELAR-B 5 ML,ENERO,1.0,0.0,10200.5,10200.5,307,3
PHARMA - Z2,SERVICIOS DE FARMACIA OFTALMOLOGICA YAHUI EIRL,ELIPTIC PF,1,ENE,3030.85,80,Z2,CALLAO,False,False,True,False,41561.0,ELIPTIC OFTENO 5ML PF PERU,ENERO,1.0,16201.95,62857.68,62857.68,307,5
PHARMA - Z2,SERVICIOS DE FARMACIA OFTALMOLOGICA YAHUI EIRL,FLUMETOL NF,1,ENE,3593.48,80,Z2,CALLAO,False,False,True,False,40513.0,FLUMETOL NF OFTENO 5ML,ENERO,1.0,106644.0,144656.97,144656.97,307,6
PHARMA - Z2,SERVICIOS DE FARMACIA OFTALMOLOGICA YAHUI EIRL,LAGRICEL,1,ENE,4094.0,100,Z2,CALLAO,False,False,True,False,40515.0,LAGRICEL OFTENO 0.5 ML,ENERO,1.0,154236.51,132452.04,132452.04,307,9
PHARMA - Z2,SERVICIOS DE FARMACIA OFTALMOLOGICA YAHUI EIRL,LAGRICEL PF,1,ENE,17041.5,300,Z2,CALLAO,False,False,True,False,41582.0,LAGRICEL OFTENO LIBRE DE CONSERVADORES (PF) 10 ML,ENERO,1.0,241357.65,244552.3,244552.3,307,10
PHARMA - Z2,SERVICIOS DE FARMACIA OFTALMOLOGICA YAHUI EIRL,SOPHIPREN,1,ENE,3345.65,79,Z2,CALLAO,False,False,True,False,40338.0,SOPHIPREN OFTENO 5 ML,ENERO,1.0,41450.28,50525.9,50525.9,307,12
PHARMA - Z2,SERVICIOS DE FARMACIA OFTALMOLOGICA YAHUI EIRL,TRAZIDEX U,1,ENE,4207.95,100,Z2,CALLAO,False,False,True,False,40342.0,TRAZIDEX UNGENA 3.5 G,ENERO,1.0,127130.48,135275.35,135275.35,307,14
PHARMA - Z2,SERVICIOS DE FARMACIA OFTALMOLOGICA YAHUI EIRL,ZEBESTEN,1,ENE,3927.0,80,Z2,CALLAO,False,False,True,False,41604.0,ZEBESTEN 5ML PERU,ENERO,1.0,31496.43,43862.02,43862.02,307,15
PHARMA - Z2,SERVICIOS DE FARMACIA OFTALMOLOGICA YAHUI EIRL,AGGLAD,2,FEB,5502.6,100,Z2,CALLAO,False,False,True,False,40351.0,AGGLAD OFTENO 5 ML,FEBRERO,0.96716156,31785.06,114546.1364,110784.62,307,0
PHARMA - Z2,SERVICIOS DE FARMACIA OFTALMOLOGICA YAHUI EIRL,DUSTALOX,2,FEB,3609.76,80,Z2,CALLAO,False,False,True,False,41121.0,DUSTALOX 5ML,FEBRERO,0.568411142,6813.43,11070.27913,6292.47,307,2
PHARMA - Z2,SERVICIOS DE FARMACIA OFTALMOLOGICA YAHUI EIRL,ELAR-B,2,FEB,4600.0,80,Z2,CALLAO,False,False,True,False,42098.0,ELAR-B 5 ML,FEBRERO,0.622378415,0.0,23180.02945,14426.75,307,3
PHARMA - Z2,SERVICIOS DE FARMACIA OFTALMOLOGICA YAHUI EIRL,ELIPTIC PF,2,FEB,6819.41,180,Z2,CALLAO,False,False,True,False,41561.0,ELIPTIC OFTENO 5ML PF PERU,FEBRERO,0.876631233,16081.78,70691.40098,61970.29,307,5
PHARMA - Z2,SERVICIOS DE FARMACIA OFTALMOLOGICA YAHUI EIRL,FLUMETOL NF,2,FEB,4491.85,100,Z2,CALLAO,False,False,True,False,40513.0,FLUMETOL NF OFTENO 5ML,FEBRERO,1.285457107,84540.52,101550.4985,130538.81,307,6
PHARMA - Z2,SERVICIOS DE FARMACIA OFTALMOLOGICA YAHUI EIRL,GAAP PF,2,FEB,14424.8,160,Z2,CALLAO,False,False,True,False,41567.0,GAAP OFTENO LIBRE DE CONSER PF 3 ML PERU,FEBRERO,0.820494884,80205.04,92164.06035,75620.14,307,8
PHARMA - Z2,SERVICIOS DE FARMACIA OFTALMOLOGICA YAHUI EIRL,LAGRICEL,2,FEB,4094.0,100,Z2,CALLAO,False,False,True,False,40515.0,LAGRICEL OFTENO 0.5 ML,FEBRERO,0.970823097,194840.09,165898.7416,161058.33,307,9
PHARMA - Z2,SERVICIOS DE FARMACIA OFTALMOLOGICA YAHUI EIRL,LAGRICEL PF,2,FEB,22722.0,400,Z2,CALLAO,False,False,True,False,41582.0,LAGRICEL OFTENO LIBRE DE CONSERVADORES (PF) 10 ML,FEBRERO,1.01762066,244371.43,248182.4906,252555.63,307,10
PHARMA - Z2,SERVICIOS DE FARMACIA OFTALMOLOGICA YAHUI EIRL,LANDAX,2,FEB,4661.0,100,Z2,CALLAO,False,False,True,False,41804.0,LANDAX 5ML,FEBRERO,0.765660853,4684.31,21117.7311,16169.02,307,11
PHARMA - Z2,SERVICIOS DE FARMACIA OFTALMOLOGICA YAHUI EIRL,SOPHIPREN,2,FEB,8470.0,200,Z2,CALLAO,False,False,True,False,40338.0,SOPHIPREN OFTENO 5 ML,FEBRERO,1.300787434,39394.05,56555.62783,73566.85,307,12
PHARMA - Z2,SERVICIOS DE FARMACIA OFTALMOLOGICA YAHUI EIRL,TRAZIDEX O,2,FEB,16669.8,400,Z2,CALLAO,False,False,True,False,40341.0,TRAZIDEX OFTENO 5 ML.,FEBRERO,0.868398954,99642.69,95524.58531,82953.45,307,13
PHARMA - Z2,SERVICIOS DE FARMACIA OFTALMOLOGICA YAHUI EIRL,TRAZIDEX U,2,FEB,12623.85,300,Z2,CALLAO,False,False,True,False,40342.0,TRAZIDEX UNGENA 3.5 G,FEBRERO,0.737379291,111697.65,148184.091,109267.88,307,14
PHARMA - Z2,SERVICIOS DE FARMACIA OFTALMOLOGICA YAHUI EIRL,ZEBESTEN,2,FEB,3927.0,80,Z2,CALLAO,False,False,True,False,41604.0,ZEBESTEN 5ML PERU,FEBRERO,0.998966691,24271.56,27459.43408,27431.06,307,15
PHARMA - Z2,SERVICIOS DE FARMACIA OFTALMOLOGICA YAHUI EIRL,AGGLAD,3,MAR,4402.08,80,Z2,CALLAO,False,False,True,False,40351.0,AGGLAD OFTENO 5 ML,MARZO,0.708033745,31785.06,114546.1364,81102.53,307,0
PHARMA - Z2,SERVICIOS DE FARMACIA OFTALMOLOGICA YAHUI EIRL,ELIPTIC PF,3,MAR,3788.56,100,Z2,CALLAO,False,False,True,False,41561.0,ELIPTIC OFTENO 5ML PF PERU,MARZO,0.543724406,16081.78,70691.40098,38436.64,307,5
PHARMA - Z2,SERVICIOS DE FARMACIA OFTALMOLOGICA YAHUI EIRL,FLUMETOL NF,3,MAR,4491.85,100,Z2,CALLAO,False,False,True,False,40513.0,FLUMETOL NF OFTENO 5ML,MARZO,1.399890715,84540.52,101550.4985,142159.6,307,6
PHARMA - Z2,SERVICIOS DE FARMACIA OFTALMOLOGICA YAHUI EIRL,GAAP PF,3,MAR,7212.4,80,Z2,CALLAO,False,False,True,False,41567.0,GAAP OFTENO LIBRE DE CONSER PF 3 ML PERU,MARZO,0.894697886,80205.04,92164.06035,82458.99,307,8
PHARMA - Z2,SERVICIOS DE FARMACIA OFTALMOLOGICA YAHUI EIRL,LAGRICEL,3,MAR,4094.0,100,Z2,CALLAO,False,False,True,False,40515.0,LAGRICEL OFTENO 0.5 ML,MARZO,1.138987362,194840.09,165898.7416,188956.57,307,9
PHARMA - Z2,SERVICIOS DE FARMACIA OFTALMOLOGICA YAHUI EIRL,LAGRICEL PF,3,MAR,17041.5,300,Z2,CALLAO,False,False,True,False,41582.0,LAGRICEL OFTENO LIBRE DE CONSERVADORES (PF) 10 ML,MARZO,1.041573922,244371.43,248182.4906,258500.41,307,10
PHARMA - Z2,SERVICIOS DE FARMACIA OFTALMOLOGICA YAHUI EIRL,SOPHIPREN,3,MAR,6352.5,150,Z2,CALLAO,False,False,True,False,40338.0,SOPHIPREN OFTENO 5 ML,MARZO,1.018181783,39394.05,56555.62783,57583.91,307,12
PHARMA - Z2,SERVICIOS DE FARMACIA OFTALMOLOGICA YAHUI EIRL,TRAZIDEX U,3,MAR,12623.85,300,Z2,CALLAO,False,False,True,False,40342.0,TRAZIDEX UNGENA 3.5 G,MARZO,0.890660186,111697.65,148184.091,131981.67,307,14
PHARMA - Z2,SERVICIOS DE FARMACIA OFTALMOLOGICA YAHUI EIRL,ZEBESTEN,3,MAR,4908.75,100,Z2,CALLAO,False,False,True,False,41604.0,ZEBESTEN 5ML PERU,MARZO,1.283372043,24271.56,27459.43408,35240.67,307,15
PHARMA - Z2,SERVICIOS DE FARMACIA OFTALMOLOGICA YAHUI EIRL,AGGLAD,4,ABR,0.0,100,Z2,CALLAO,False,False,True,True,40351.0,AGGLAD OFTENO 5 ML,ABRIL,0.757043269,24635.46,120891.2407,91519.9,307,0
PHARMA - Z2,SERVICIOS DE FARMACIA OFTALMOLOGICA YAHUI EIRL,AQUADRAN,4,ABR,0.0,100,Z2,CALLAO,False,False,True,True,41945.0,AQUADRAN 10G,ABRIL,1.367885669,18754.2,35738.51318,48886.2,307,1
PHARMA - Z2,SERVICIOS DE FARMACIA OFTALMOLOGICA YAHUI EIRL,FLUMETOL NF,4,ABR,0.0,100,Z2,CALLAO,False,False,True,True,40513.0,FLUMETOL NF OFTENO 5ML,ABRIL,1.22328994,97096.28,107397.8095,131378.66,307,6
PHARMA - Z2,SERVICIOS DE FARMACIA OFTALMOLOGICA YAHUI EIRL,LAGRICEL PF,4,ABR,0.0,350,Z2,CALLAO,False,False,True,True,41582.0,LAGRICEL OFTENO LIBRE DE CONSERVADORES (PF) 10 ML,ABRIL,1.234011277,222585.45,261957.3873,323258.37,307,10
PHARMA - Z2,SERVICIOS DE FARMACIA OFTALMOLOGICA YAHUI EIRL,SOPHIPREN,4,ABR,0.0,100,Z2,CALLAO,False,False,True,True,40338.0,SOPHIPREN OFTENO 5 ML,ABRIL,1.125758804,51339.43,59671.10342,67175.27,307,12
PHARMA - Z2,SERVICIOS DE FARMACIA OFTALMOLOGICA YAHUI EIRL,TRAZIDEX O,4,ABR,0.0,150,Z2,CALLAO,False,False,True,True,40341.0,TRAZIDEX OFTENO 5 ML.,ABRIL,0.966120714,91975.94,101185.0264,97756.95,307,13
PHARMA - Z2,SERVICIOS DE FARMACIA OFTALMOLOGICA YAHUI EIRL,TRAZIDEX U,4,ABR,0.0,100,Z2,CALLAO,False,False,True,True,40342.0,TRAZIDEX UNGENA 3.5 G,ABRIL,0.810349246,131494.88,156358.3363,126704.86,307,14
PHARMA - Z2,SERVICIOS DE FARMACIA OFTALMOLOGICA YAHUI EIRL,AGGLAD,5,MAY,0.0,100,Z2,CALLAO,False,False,True,True,40351.0,AGGLAD OFTENO 5 ML,MAYO,0.670022241,26193.67,120891.2407,80999.82,307,0
PHARMA - Z2,SERVICIOS DE FARMACIA OFTALMOLOGICA YAHUI EIRL,AQUADRAN,5,MAY,0.0,60,Z2,CALLAO,False,False,True,True,41945.0,AQUADRAN 10G,MAYO,1.308504351,13786.2,35738.51318,46764.0,307,1
PHARMA - Z2,SERVICIOS DE FARMACIA OFTALMOLOGICA YAHUI EIRL,ELAR-B,5,MAY,0.0,20,Z2,CALLAO,False,False,True,True,42098.0,ELAR-B 5 ML,MAYO,0.690959707,0.0,24407.71845,16864.75,307,3
PHARMA - Z2,SERVICIOS DE FARMACIA OFTALMOLOGICA YAHUI EIRL,ELIPTIC PF,5,MAY,0.0,230,Z2,CALLAO,False,False,True,True,41561.0,ELIPTIC OFTENO 5ML PF PERU,MAYO,0.635068724,11669.87,74583.69182,47365.77,307,5
PHARMA - Z2,SERVICIOS DE FARMACIA OFTALMOLOGICA YAHUI EIRL,FLUMETOL NF,5,MAY,0.0,200,Z2,CALLAO,False,False,True,True,40513.0,FLUMETOL NF OFTENO 5ML,MAYO,1.182290501,84208.66,107397.8095,126975.41,307,6
PHARMA - Z2,SERVICIOS DE FARMACIA OFTALMOLOGICA YAHUI EIRL,GAAP PF,5,MAY,0.0,180,Z2,CALLAO,False,False,True,True,41567.0,GAAP OFTENO LIBRE DE CONSER PF 3 ML PERU,MAYO,0.695728383,103158.58,97315.99528,67705.5,307,8
PHARMA - Z2,SERVICIOS DE FARMACIA OFTALMOLOGICA YAHUI EIRL,LAGRICEL,5,MAY,0.0,180,Z2,CALLAO,False,False,True,True,40515.0,LAGRICEL OFTENO 0.5 ML,MAYO,0.714118093,158816.35,174961.4402,124943.13,307,9
PHARMA - Z2,SERVICIOS DE FARMACIA OFTALMOLOGICA YAHUI EIRL,LAGRICEL PF,5,MAY,0.0,400,Z2,CALLAO,False,False,True,True,41582.0,LAGRICEL OFTENO LIBRE DE CONSERVADORES (PF) 10 ML,MAYO,0.852391423,198666.14,261957.3873,223290.23,307,10
PHARMA - Z2,SERVICIOS DE FARMACIA OFTALMOLOGICA YAHUI EIRL,LANDAX,5,MAY,0.0,100,Z2,CALLAO,False,False,True,True,41804.0,LANDAX 5ML,MAYO,0.638188198,10589.8,22304.8625,14234.7,307,11
PHARMA - Z2,SERVICIOS DE FARMACIA OFTALMOLOGICA YAHUI EIRL,SOPHIPREN,5,MAY,0.0,100,Z2,CALLAO,False,False,True,True,40338.0,SOPHIPREN OFTENO 5 ML,MAYO,0.947602386,43314.92,59671.10342,56544.48,307,12
PHARMA - Z2,SERVICIOS DE FARMACIA OFTALMOLOGICA YAHUI EIRL,TRAZIDEX O,5,MAY,0.0,100,Z2,CALLAO,False,False,True,True,40341.0,TRAZIDEX OFTENO 5 ML.,MAYO,0.725790194,64098.19,101185.0264,73439.1,307,13
PHARMA - Z2,SERVICIOS DE FARMACIA OFTALMOLOGICA YAHUI EIRL,TRAZIDEX U,5,MAY,0.0,250,Z2,CALLAO,False,False,True,True,40342.0,TRAZIDEX UNGENA 3.5 G,MAYO,0.799544258,131001.94,156358.3363,125015.41,307,14
PHARMA - Z2,SERVICIOS DE FARMACIA OFTALMOLOGICA YAHUI EIRL,ZEBESTEN,5,MAY,0.0,100,Z2,CALLAO,False,False,True,True,41604.0,ZEBESTEN 5ML PERU,MAYO,0.825216123,27515.83,29060.89609,23981.52,307,15
PHARMA - Z2,SERVICIOS DE FARMACIA OFTALMOLOGICA YAHUI EIRL,AGGLAD,6,JUN,0.0,100,Z2,CALLAO,False,False,True,True,40351.0,AGGLAD OFTENO 5 ML,JUNIO,-0.235301917,20271.95,120891.2407,92445.3,307,0
PHARMA - Z2,SERVICIOS DE FARMACIA OFTALMOLOGICA YAHUI EIRL,ELIPTIC PF,6,JUN,0.0,80,Z2,CALLAO,False,False,True,True,41561.0,ELIPTIC OFTENO 5ML PF PERU,JUNIO,-0.431896719,12781.68,74583.69182,42371.24,307,5
PHARMA - Z2,SERVICIOS DE FARMACIA OFTALMOLOGICA YAHUI EIRL,FLUMETOL NF,6,JUN,0.0,100,Z2,CALLAO,False,False,True,True,40513.0,FLUMETOL NF OFTENO 5ML,JUNIO,0.071788154,87288.94,107397.8095,115107.7,307,6
PHARMA - Z2,SERVICIOS DE FARMACIA OFTALMOLOGICA YAHUI EIRL,LAGRICEL PF,6,JUN,0.0,300,Z2,CALLAO,False,False,True,True,41582.0,LAGRICEL OFTENO LIBRE DE CONSERVADORES (PF) 10 ML,JUNIO,-0.085958779,182516.9,261957.3873,239439.85,307,10
PHARMA - Z2,SERVICIOS DE FARMACIA OFTALMOLOGICA YAHUI EIRL,TRAZIDEX O,6,JUN,0.0,100,Z2,CALLAO,False,False,True,True,40341.0,TRAZIDEX OFTENO 5 ML.,JUNIO,-0.192738462,70697.29,101185.0264,81682.78,307,13
PHARMA - Z2,SERVICIOS DE FARMACIA OFTALMOLOGICA YAHUI EIRL,ZEBESTEN,6,JUN,0.0,80,Z2,CALLAO,False,False,True,True,41604.0,ZEBESTEN 5ML PERU,JUNIO,0.156870039,15690.19,29060.89609,33619.68,307,15
PHARMA - Z2,SERVICIOS DE FARMACIA OFTALMOLOGICA YAHUI EIRL,ELAR-B,7,JUL,0.0,60,Z2,CALLAO,False,False,True,True,42098.0,ELAR-B 5 ML,JULIO,-0.748065157,0.0,26863.09645,6767.75,307,3
PHARMA - Z2,SERVICIOS DE FARMACIA OFTALMOLOGICA YAHUI EIRL,GAAP PF,7,JUL,0.0,80,Z2,CALLAO,False,False,True,True,41567.0,GAAP OFTENO LIBRE DE CONSER PF 3 ML PERU,JULIO,-0.767903816,96163.14,107619.8651,24978.16,307,8
PHARMA - Z2,SERVICIOS DE FARMACIA OFTALMOLOGICA YAHUI EIRL,LAGRICEL PF,7,JUL,0.0,150,Z2,CALLAO,False,False,True,True,41582.0,LAGRICEL OFTENO LIBRE DE CONSERVADORES (PF) 10 ML,JULIO,-0.871300153,205886.66,289507.1807,37259.53,307,10
PHARMA - Z2,SERVICIOS DE FARMACIA OFTALMOLOGICA YAHUI EIRL,SOPHIPREN,7,JUL,0.0,100,Z2,CALLAO,False,False,True,True,40338.0,SOPHIPREN OFTENO 5 ML,JULIO,-0.815953083,49954.18,65902.05458,12129.07,307,12
PHARMA - Z2,SERVICIOS DE FARMACIA OFTALMOLOGICA YAHUI EIRL,TRAZIDEX U,7,JUL,0.0,100,Z2,CALLAO,False,False,True,True,40342.0,TRAZIDEX UNGENA 3.5 G,JULIO,-0.835453002,134186.98,172706.827,28418.39,307,14
PHARMA - Z2,SERVICIOS DE SALUD ALTAVISION E.I.R.L.,FLUMETOL NF,3,MAR,1347.56,30,Z2,CALLAO,False,False,True,False,40513.0,FLUMETOL NF OFTENO 5ML,MARZO,1.399890715,84540.52,101550.4985,142159.6,308,6
PHARMA - Z2,SERVICIOS DE SALUD ALTAVISION E.I.R.L.,LAGRICEL PF,3,MAR,1136.1,20,Z2,CALLAO,False,False,True,False,41582.0,LAGRICEL OFTENO LIBRE DE CONSERVADORES (PF) 10 ML,MARZO,1.041573922,244371.43,248182.4906,258500.41,308,10
PHARMA - Z2,SERVICIOS DE SALUD ALTAVISION E.I.R.L.,TRAZIDEX O,3,MAR,1250.24,30,Z2,CALLAO,False,False,True,False,40341.0,TRAZIDEX OFTENO 5 ML.,MARZO,0.841410928,99642.69,95524.58531,80375.43,308,13
PHARMA - Z2,SERVICIOS DE SALUD ALTAVISION E.I.R.L.,TRAZIDEX O,4,ABR,0.0,50,Z2,CALLAO,False,False,True,True,40341.0,TRAZIDEX OFTENO 5 ML.,ABRIL,0.966120714,91975.94,101185.0264,97756.95,308,13
PHARMA - N2,SERVICIOS DE SALUD LOS FRESNOS S.A.C.,FLUMETOL NF,1,ENE,980.04,20,N2,TRUJILLO,False,False,True,False,40513.0,FLUMETOL NF OFTENO 5ML,ENERO,1.0,106644.0,144656.97,144656.97,309,6
PHARMA - N2,SERVICIOS DE SALUD LOS FRESNOS S.A.C.,FLUMETOL NF,2,FEB,1470.06,30,N2,TRUJILLO,False,False,True,False,40513.0,FLUMETOL NF OFTENO 5ML,FEBRERO,1.285457107,84540.52,101550.4985,130538.81,309,6
PHARMA - N2,SERVICIOS DE SALUD LOS FRESNOS S.A.C.,FLUMETOL NF,3,MAR,980.04,20,N2,TRUJILLO,False,False,True,False,40513.0,FLUMETOL NF OFTENO 5ML,MARZO,1.399890715,84540.52,101550.4985,142159.6,309,6
PHARMA - N2,SERVICIOS DE SALUD LOS FRESNOS S.A.C.,LAGRICEL,3,MAR,1023.5,20,N2,TRUJILLO,False,False,True,False,40515.0,LAGRICEL OFTENO 0.5 ML,MARZO,1.138987362,194840.09,165898.7416,188956.57,309,9
PHARMA - N2,SERVICIOS DE SALUD LOS FRESNOS S.A.C.,AGGLAD,5,MAY,202.0,3,N2,TRUJILLO,False,False,True,False,40351.0,AGGLAD OFTENO 5 ML,MAYO,0.670022241,26193.67,120891.2407,80999.82,309,0
PHARMA - N2,SERVICIOS DE SALUD LOS FRESNOS S.A.C.,FLUMETOL NF,5,MAY,0.0,50,N2,TRUJILLO,False,False,True,True,40513.0,FLUMETOL NF OFTENO 5ML,MAYO,1.182290501,84208.66,107397.8095,126975.41,309,6
PHARMA - Z1,SERVICIOS DE SALUD MONTEFIORI SAC,AGGLAD,1,ENE,165.08,3,Z1,LIMA,False,False,True,False,40351.0,AGGLAD OFTENO 5 ML,ENERO,1.0,22534.35,110094.81,110094.81,310,0
PHARMA - Z1,SERVICIOS DE SALUD MONTEFIORI SAC,FLUMETOL NF,1,ENE,612.53,15,Z1,LIMA,False,False,True,False,40513.0,FLUMETOL NF OFTENO 5ML,ENERO,1.0,106644.0,144656.97,144656.97,310,6
PHARMA - Z1,SERVICIOS DE SALUD MONTEFIORI SAC,AGGLAD,2,FEB,110.05,2,Z1,LIMA,False,False,True,False,40351.0,AGGLAD OFTENO 5 ML,FEBRERO,0.96716156,31785.06,114546.1364,110784.62,310,0
PHARMA - Z1,SERVICIOS DE SALUD MONTEFIORI SAC,FLUMETOL NF,2,FEB,204.18,5,Z1,LIMA,False,False,True,False,40513.0,FLUMETOL NF OFTENO 5ML,FEBRERO,1.285457107,84540.52,101550.4985,130538.81,310,6
PHARMA - Z1,SERVICIOS DE SALUD MONTEFIORI SAC,AGGLAD,3,MAR,55.03,1,Z1,LIMA,False,False,True,False,40351.0,AGGLAD OFTENO 5 ML,MARZO,0.708033745,31785.06,114546.1364,81102.53,310,0
PHARMA - Z1,SERVICIOS DE SALUD MONTEFIORI SAC,FLUMETOL NF,3,MAR,204.18,5,Z1,LIMA,False,False,True,False,40513.0,FLUMETOL NF OFTENO 5ML,MARZO,1.399890715,84540.52,101550.4985,142159.6,310,6
PHARMA - Z1,SERVICIOS DE SALUD MONTEFIORI SAC,AGGLAD,4,ABR,330.0,6,Z1,LIMA,False,False,True,False,40351.0,AGGLAD OFTENO 5 ML,ABRIL,0.757043269,24635.46,120891.2407,91519.9,310,0
PHARMA - Z1,SERVICIOS DE SALUD MONTEFIORI SAC,FLUMETOL NF,4,ABR,735.0,18,Z1,LIMA,False,False,True,False,40513.0,FLUMETOL NF OFTENO 5ML,ABRIL,1.22328994,97096.28,107397.8095,131378.66,310,6
PHARMA - Z1,SERVICIOS DE SALUD MONTEFIORI SAC,AGGLAD,6,JUN,550.0,10,Z1,LIMA,False,False,True,False,40351.0,AGGLAD OFTENO 5 ML,JUNIO,-0.235301917,20271.95,120891.2407,92445.3,310,0
PHARMA - Z1,SERVICIOS DE SALUD MONTEFIORI SAC,FLUMETOL NF,6,JUN,0.0,25,Z1,LIMA,False,False,True,True,40513.0,FLUMETOL NF OFTENO 5ML,JUNIO,0.071788154,87288.94,107397.8095,115107.7,310,6
PHARMA - Z1,SERVICIOS ESPECIALIZADOS EN SALUD VISUAL E.I.R.L.,AGGLAD,4,ABR,275.0,5,Z1,LIMA,False,False,True,False,40351.0,AGGLAD OFTENO 5 ML,ABRIL,0.757043269,24635.46,120891.2407,91519.9,311,0
PHARMA - Z1,SERVICIOS ESPECIALIZADOS EN SALUD VISUAL E.I.R.L.,ELIPTIC PF,4,ABR,163.0,5,Z1,LIMA,False,False,True,False,41561.0,ELIPTIC OFTENO 5ML PF PERU,ABRIL,0.502083754,28406.63,74583.69182,37447.26,311,5
PHARMA - Z1,SERVICIOS ESPECIALIZADOS EN SALUD VISUAL E.I.R.L.,GAAP PF,4,ABR,270.0,5,Z1,LIMA,False,False,True,False,41567.0,GAAP OFTENO LIBRE DE CONSER PF 3 ML PERU,ABRIL,0.580041645,82952.14,97315.99528,56447.33,311,8
PHARMA - Z1,SERVICIOS ESPECIALIZADOS EN SALUD VISUAL E.I.R.L.,AGGLAD,6,JUN,275.0,5,Z1,LIMA,False,False,True,False,40351.0,AGGLAD OFTENO 5 ML,JUNIO,-0.235301917,20271.95,120891.2407,92445.3,311,0
PHARMA - Z1,SERVICIOS ESPECIALIZADOS EN SALUD VISUAL E.I.R.L.,ELIPTIC PF,6,JUN,163.0,5,Z1,LIMA,False,False,True,False,41561.0,ELIPTIC OFTENO 5ML PF PERU,JUNIO,-0.431896719,12781.68,74583.69182,42371.24,311,5
PHARMA - Z1,SERVICIOS ESPECIALIZADOS EN SALUD VISUAL E.I.R.L.,GAAP PF,6,JUN,270.0,5,Z1,LIMA,False,False,True,False,41567.0,GAAP OFTENO LIBRE DE CONSER PF 3 ML PERU,JUNIO,-0.151410313,75783.27,97315.99528,82581.35,311,8
PHARMA - S,SERVICIOS HAMPI PERU SOCIEDAD ANONIMA CERRADA,AQUADRAN,4,ABR,540.0,10,S,CADENAS,False,False,True,False,41945.0,AQUADRAN 10G,ABRIL,1.367885669,18754.2,35738.51318,48886.2,312,1
PHARMA - S,SERVICIOS HAMPI PERU SOCIEDAD ANONIMA CERRADA,FLUMETOL NF,4,ABR,0.0,50,S,CADENAS,False,False,True,True,40513.0,FLUMETOL NF OFTENO 5ML,ABRIL,1.22328994,97096.28,107397.8095,131378.66,312,6
PHARMA - S,SERVICIOS HAMPI PERU SOCIEDAD ANONIMA CERRADA,TRAZIDEX U,4,ABR,234.0,5,S,CADENAS,False,False,True,False,40342.0,TRAZIDEX UNGENA 3.5 G,ABRIL,0.810349246,131494.88,156358.3363,126704.86,312,14
PHARMA - N2,SERVICIOS OFTALMOLOGICOS FLORES JAUREGUI S.A.C.,AGGLAD,4,ABR,807.0,12,N2,TRUJILLO,False,False,True,False,40351.0,AGGLAD OFTENO 5 ML,ABRIL,0.757043269,24635.46,120891.2407,91519.9,313,0
PHARMA - N2,SERVICIOS OFTALMOLOGICOS FLORES JAUREGUI S.A.C.,ELIPTIC PF,4,ABR,593.0,20,N2,TRUJILLO,False,False,True,False,41561.0,ELIPTIC OFTENO 5ML PF PERU,ABRIL,0.502083754,28406.63,74583.69182,37447.26,313,5
PHARMA - N2,SERVICIOS OFTALMOLOGICOS FLORES JAUREGUI S.A.C.,FLUMETOL NF,4,ABR,898.0,20,N2,TRUJILLO,False,False,True,False,40513.0,FLUMETOL NF OFTENO 5ML,ABRIL,1.22328994,97096.28,107397.8095,131378.66,313,6
PHARMA - N2,SERVICIOS OFTALMOLOGICOS FLORES JAUREGUI S.A.C.,GAAP PF,4,ABR,0.0,24,N2,TRUJILLO,False,False,True,True,41567.0,GAAP OFTENO LIBRE DE CONSER PF 3 ML PERU,ABRIL,0.580041645,82952.14,97315.99528,56447.33,313,8
PHARMA - N2,SERVICIOS OFTALMOLOGICOS FLORES JAUREGUI S.A.C.,LAGRICEL,4,ABR,0.0,30,N2,TRUJILLO,False,False,True,True,40515.0,LAGRICEL OFTENO 0.5 ML,ABRIL,0.760754197,152829.6,174961.4402,133102.65,313,9
PHARMA - N2,SERVICIOS OFTALMOLOGICOS FLORES JAUREGUI S.A.C.,ZEBESTEN,4,ABR,295.0,6,N2,TRUJILLO,False,False,True,False,41604.0,ZEBESTEN 5ML PERU,ABRIL,1.062586642,26953.56,29060.89609,30879.72,313,15
PHARMA - N2,SERVICIOS OFTALMOLOGICOS FLORES JAUREGUI S.A.C.,AGGLAD,5,MAY,0.0,20,N2,TRUJILLO,False,False,True,True,40351.0,AGGLAD OFTENO 5 ML,MAYO,0.670022241,26193.67,120891.2407,80999.82,313,0
PHARMA - N2,SERVICIOS OFTALMOLOGICOS FLORES JAUREGUI S.A.C.,FLUMETOL NF,5,MAY,539.0,12,N2,TRUJILLO,False,False,True,False,40513.0,FLUMETOL NF OFTENO 5ML,MAYO,1.182290501,84208.66,107397.8095,126975.41,313,6
PHARMA - N2,SERVICIOS OFTALMOLOGICOS FLORES JAUREGUI S.A.C.,GAAP PF,5,MAY,0.0,20,N2,TRUJILLO,False,False,True,True,41567.0,GAAP OFTENO LIBRE DE CONSER PF 3 ML PERU,MAYO,0.695728383,103158.58,97315.99528,67705.5,313,8
PHARMA - N2,SERVICIOS OFTALMOLOGICOS FLORES JAUREGUI S.A.C.,LAGRICEL,5,MAY,0.0,80,N2,TRUJILLO,False,False,True,True,40515.0,LAGRICEL OFTENO 0.5 ML,MAYO,0.714118093,158816.35,174961.4402,124943.13,313,9
PHARMA - N2,SERVICIOS OFTALMOLOGICOS FLORES JAUREGUI S.A.C.,TRAZIDEX O,5,MAY,250.0,6,N2,TRUJILLO,False,False,True,False,40341.0,TRAZIDEX OFTENO 5 ML.,MAYO,0.725790194,64098.19,101185.0264,73439.1,313,13
PHARMA - N2,SERVICIOS OFTALMOLOGICOS FLORES JAUREGUI S.A.C.,TRAZIDEX U,5,MAY,309.0,6,N2,TRUJILLO,False,False,True,False,40342.0,TRAZIDEX UNGENA 3.5 G,MAYO,0.799544258,131001.94,156358.3363,125015.41,313,14
PHARMA - N2,SERVICIOS OFTALMOLOGICOS FLORES JAUREGUI S.A.C.,AGGLAD,6,JUN,0.0,20,N2,TRUJILLO,False,False,True,True,40351.0,AGGLAD OFTENO 5 ML,JUNIO,-0.235301917,20271.95,120891.2407,92445.3,313,0
PHARMA - N2,SERVICIOS OFTALMOLOGICOS FLORES JAUREGUI S.A.C.,ELIPTIC PF,6,JUN,593.0,20,N2,TRUJILLO,False,False,True,False,41561.0,ELIPTIC OFTENO 5ML PF PERU,JUNIO,-0.431896719,12781.68,74583.69182,42371.24,313,5
PHARMA - N2,SERVICIOS OFTALMOLOGICOS FLORES JAUREGUI S.A.C.,GAAP PF,6,JUN,0.0,20,N2,TRUJILLO,False,False,True,True,41567.0,GAAP OFTENO LIBRE DE CONSER PF 3 ML PERU,JUNIO,-0.151410313,75783.27,97315.99528,82581.35,313,8
PHARMA - N2,SERVICIOS OFTALMOLOGICOS FLORES JAUREGUI S.A.C.,LAGRICEL,6,JUN,0.0,45,N2,TRUJILLO,False,False,True,True,40515.0,LAGRICEL OFTENO 0.5 ML,JUNIO,-0.157973323,129483.27,174961.4402,147322.2,313,9
PHARMA - N2,SERVICIOS OFTALMOLOGICOS FLORES JAUREGUI S.A.C.,SOPHIPREN,6,JUN,280.0,6,N2,TRUJILLO,False,False,True,False,40338.0,SOPHIPREN OFTENO 5 ML,JUNIO,0.072135193,48676.87,59671.10342,63975.49,313,12
PHARMA - N2,SERVICIOS OFTALMOLOGICOS FLORES JAUREGUI S.A.C.,TRAZIDEX U,6,JUN,309.0,6,N2,TRUJILLO,False,False,True,False,40342.0,TRAZIDEX UNGENA 3.5 G,JUNIO,-0.144707451,114383.92,156358.3363,133732.12,313,14
PHARMA - N1,SERVICIOS OFTALMOLOGICOS GENERALES EIRL,AQUADRAN,2,FEB,1166.4,24,N1,CHICLAYO,False,False,True,False,41945.0,AQUADRAN 10G,FEBRERO,1.033824379,13176.0,33810.57818,34954.2,314,1
PHARMA - N1,SERVICIOS OFTALMOLOGICOS GENERALES EIRL,AQUADRAN,3,MAR,1166.4,24,N1,CHICLAYO,False,False,True,False,41945.0,AQUADRAN 10G,MARZO,1.286810293,13176.0,33810.57818,43507.8,314,1
PHARMA - N1,SERVICIOS OFTALMOLOGICOS GENERALES EIRL,SOPHIPREN,5,MAY,0.0,24,N1,CHICLAYO,False,False,True,True,40338.0,SOPHIPREN OFTENO 5 ML,MAYO,0.947602386,43314.92,59671.10342,56544.48,314,12
PHARMA - N1,SERVIMED PERU S.A.C.,ELIPTIC PF,1,ENE,815.19,24,N1,CHICLAYO,False,False,True,False,41561.0,ELIPTIC OFTENO 5ML PF PERU,ENERO,1.0,16201.95,62857.68,62857.68,315,5
PHARMA - N1,SERVIMED PERU S.A.C.,AGGLAD,2,FEB,2152.13,32,N1,CHICLAYO,False,False,True,False,40351.0,AGGLAD OFTENO 5 ML,FEBRERO,0.96716156,31785.06,114546.1364,110784.62,315,0
PHARMA - N1,SERVIMED PERU S.A.C.,ELIPTIC,2,FEB,1674.28,24,N1,CHICLAYO,False,False,True,False,41076.0,ELIPTIC OFTENO 5ML,FEBRERO,0.601609541,3462.73,37097.88238,22318.44,315,4
PHARMA - N1,SERVIMED PERU S.A.C.,ELIPTIC PF,2,FEB,407.6,12,N1,CHICLAYO,False,False,True,False,41561.0,ELIPTIC OFTENO 5ML PF PERU,FEBRERO,0.876631233,16081.78,70691.40098,61970.29,315,5
PHARMA - N1,SERVIMED PERU S.A.C.,TRAZIDEX U,2,FEB,514.31,10,N1,CHICLAYO,False,False,True,False,40342.0,TRAZIDEX UNGENA 3.5 G,FEBRERO,0.737379291,111697.65,148184.091,109267.88,315,14
PHARMA - N1,SERVIMED PERU S.A.C.,ZEBESTEN,2,FEB,981.75,20,N1,CHICLAYO,False,False,True,False,41604.0,ZEBESTEN 5ML PERU,FEBRERO,0.998966691,24271.56,27459.43408,27431.06,315,15
PHARMA - N1,SERVIMED PERU S.A.C.,AQUADRAN,3,MAR,648.0,12,N1,CHICLAYO,False,False,True,False,41945.0,AQUADRAN 10G,MARZO,1.286810293,13176.0,33810.57818,43507.8,315,1
PHARMA - N1,SERVIMED PERU S.A.C.,GAAP,3,MAR,1925.66,20,N1,CHICLAYO,False,False,True,False,40498.0,GAAP OFTENO 3 ML,MARZO,0.701456825,85355.44,97172.18164,68162.09,315,7
PHARMA - N1,SERVIMED PERU S.A.C.,GAAP PF,3,MAR,1857.19,20,N1,CHICLAYO,False,False,True,False,41567.0,GAAP OFTENO LIBRE DE CONSER PF 3 ML PERU,MARZO,0.894697886,80205.04,92164.06035,82458.99,315,8
PHARMA - N1,SERVIMED PERU S.A.C.,LAGRICEL,3,MAR,844.39,15,N1,CHICLAYO,False,False,True,False,40515.0,LAGRICEL OFTENO 0.5 ML,MARZO,1.138987362,194840.09,165898.7416,188956.57,315,9
PHARMA - N1,SERVIMED PERU S.A.C.,LAGRICEL PF,3,MAR,5623.7,90,N1,CHICLAYO,False,False,True,False,41582.0,LAGRICEL OFTENO LIBRE DE CONSERVADORES (PF) 10 ML,MARZO,1.041573922,244371.43,248182.4906,258500.41,315,10
PHARMA - N1,SERVIMED PERU S.A.C.,TRAZIDEX O,3,MAR,764.03,15,N1,CHICLAYO,False,False,True,False,40341.0,TRAZIDEX OFTENO 5 ML.,MARZO,0.841410928,99642.69,95524.58531,80375.43,315,13
PHARMA - N1,SERVIMED PERU S.A.C.,TRAZIDEX U,3,MAR,771.46,15,N1,CHICLAYO,False,False,True,False,40342.0,TRAZIDEX UNGENA 3.5 G,MARZO,0.890660186,111697.65,148184.091,131981.67,315,14
PHARMA - N1,SERVIMED PERU S.A.C.,AGGLAD,4,ABR,807.0,12,N1,CHICLAYO,False,False,True,False,40351.0,AGGLAD OFTENO 5 ML,ABRIL,0.757043269,24635.46,120891.2407,91519.9,315,0
PHARMA - N1,SERVIMED PERU S.A.C.,AQUADRAN,4,ABR,324.0,6,N1,CHICLAYO,False,False,True,False,41945.0,AQUADRAN 10G,ABRIL,1.367885669,18754.2,35738.51318,48886.2,315,1
PHARMA - N1,SERVIMED PERU S.A.C.,GAAP,4,ABR,963.0,10,N1,CHICLAYO,False,False,True,False,40498.0,GAAP OFTENO 3 ML,ABRIL,0.475712047,79645.31,102582.687,48799.82,315,7
PHARMA - N1,SERVIMED PERU S.A.C.,LAGRICEL PF,4,ABR,0.0,50,N1,CHICLAYO,False,False,True,True,41582.0,LAGRICEL OFTENO LIBRE DE CONSERVADORES (PF) 10 ML,ABRIL,1.234011277,222585.45,261957.3873,323258.37,315,10
PHARMA - N1,SERVIMED PERU S.A.C.,TRAZIDEX U,4,ABR,514.0,10,N1,CHICLAYO,False,False,True,False,40342.0,TRAZIDEX UNGENA 3.5 G,ABRIL,0.810349246,131494.88,156358.3363,126704.86,315,14
PHARMA - N1,SERVIMED PERU S.A.C.,ZEBESTEN,4,ABR,491.0,10,N1,CHICLAYO,False,False,True,False,41604.0,ZEBESTEN 5ML PERU,ABRIL,1.062586642,26953.56,29060.89609,30879.72,315,15
PHARMA - N1,SERVIMED PERU S.A.C.,ELIPTIC,5,MAY,0.0,20,N1,CHICLAYO,False,False,True,True,41076.0,ELIPTIC OFTENO 5ML,MAYO,0.349092716,2803.71,39043.81097,13629.91,315,4
PHARMA - N1,SERVIMED PERU S.A.C.,ELIPTIC PF,5,MAY,679.0,20,N1,CHICLAYO,False,False,True,False,41561.0,ELIPTIC OFTENO 5ML PF PERU,MAYO,0.635068724,11669.87,74583.69182,47365.77,315,5
PHARMA - N1,SERVIMED PERU S.A.C.,FLUMETOL NF,5,MAY,539.0,12,N1,CHICLAYO,False,False,True,False,40513.0,FLUMETOL NF OFTENO 5ML,MAYO,1.182290501,84208.66,107397.8095,126975.41,315,6
PHARMA - N1,SERVIMED PERU S.A.C.,GAAP,5,MAY,963.0,10,N1,CHICLAYO,False,False,True,False,40498.0,GAAP OFTENO 3 ML,MAYO,0.567550546,86214.37,102582.687,58220.86,315,7
PHARMA - N1,SERVIMED PERU S.A.C.,LAGRICEL,5,MAY,0.0,20,N1,CHICLAYO,False,False,True,True,40515.0,LAGRICEL OFTENO 0.5 ML,MAYO,0.714118093,158816.35,174961.4402,124943.13,315,9
PHARMA - N1,SERVIMED PERU S.A.C.,LAGRICEL PF,5,MAY,0.0,120,N1,CHICLAYO,False,False,True,True,41582.0,LAGRICEL OFTENO LIBRE DE CONSERVADORES (PF) 10 ML,MAYO,0.852391423,198666.14,261957.3873,223290.23,315,10
PHARMA - N1,SERVIMED PERU S.A.C.,TRAZIDEX O,5,MAY,0.0,20,N1,CHICLAYO,False,False,True,True,40341.0,TRAZIDEX OFTENO 5 ML.,MAYO,0.725790194,64098.19,101185.0264,73439.1,315,13
PHARMA - N1,SERVIMED PERU S.A.C.,TRAZIDEX U,5,MAY,0.0,20,N1,CHICLAYO,False,False,True,True,40342.0,TRAZIDEX UNGENA 3.5 G,MAYO,0.799544258,131001.94,156358.3363,125015.41,315,14
PHARMA - N1,SERVIMED PERU S.A.C.,ZEBESTEN,5,MAY,491.0,10,N1,CHICLAYO,False,False,True,False,41604.0,ZEBESTEN 5ML PERU,MAYO,0.825216123,27515.83,29060.89609,23981.52,315,15
PHARMA - N1,SERVIMED PERU S.A.C.,AQUADRAN,6,JUN,324.0,6,N1,CHICLAYO,False,False,True,False,41945.0,AQUADRAN 10G,JUNIO,0.329694376,15957.0,35738.51318,47521.3,315,1
PHARMA - N1,SERVIMED PERU S.A.C.,ELIPTIC PF,6,JUN,679.0,20,N1,CHICLAYO,False,False,True,False,41561.0,ELIPTIC OFTENO 5ML PF PERU,JUNIO,-0.431896719,12781.68,74583.69182,42371.24,315,5
PHARMA - N1,SERVIMED PERU S.A.C.,FLUMETOL NF,6,JUN,898.0,20,N1,CHICLAYO,False,False,True,False,40513.0,FLUMETOL NF OFTENO 5ML,JUNIO,0.071788154,87288.94,107397.8095,115107.7,315,6
PHARMA - N1,SERVIMED PERU S.A.C.,GAAP,6,JUN,0.0,20,N1,CHICLAYO,False,False,True,True,40498.0,GAAP OFTENO 3 ML,JUNIO,-0.271295457,79907.03,102582.687,74752.47,315,7
PHARMA - N1,SERVIMED PERU S.A.C.,GAAP PF,6,JUN,0.0,20,N1,CHICLAYO,False,False,True,True,41567.0,GAAP OFTENO LIBRE DE CONSER PF 3 ML PERU,JUNIO,-0.151410313,75783.27,97315.99528,82581.35,315,8
PHARMA - N1,SERVIMED PERU S.A.C.,LAGRICEL,6,JUN,0.0,20,N1,CHICLAYO,False,False,True,True,40515.0,LAGRICEL OFTENO 0.5 ML,JUNIO,-0.157973323,129483.27,174961.4402,147322.2,315,9
PHARMA - N1,SERVIMED PERU S.A.C.,LAGRICEL PF,6,JUN,0.0,60,N1,CHICLAYO,False,False,True,True,41582.0,LAGRICEL OFTENO LIBRE DE CONSERVADORES (PF) 10 ML,JUNIO,-0.085958779,182516.9,261957.3873,239439.85,315,10
PHARMA - N1,SERVIMED PERU S.A.C.,ZEBESTEN,6,JUN,0.0,40,N1,CHICLAYO,False,False,True,True,41604.0,ZEBESTEN 5ML PERU,JUNIO,0.156870039,15690.19,29060.89609,33619.68,315,15
PHARMA - N1,SERVIMEDICOS S.A.C.,FLUMETOL NF,1,ENE,1085.54,23,N1,CHICLAYO,False,False,True,False,40513.0,FLUMETOL NF OFTENO 5ML,ENERO,1.0,106644.0,144656.97,144656.97,316,6
PHARMA - N1,SERVIMEDICOS S.A.C.,LAGRICEL,2,FEB,1774.44,30,N1,CHICLAYO,False,False,True,False,40515.0,LAGRICEL OFTENO 0.5 ML,FEBRERO,0.970823097,194840.09,165898.7416,161058.33,316,9
PHARMA - N1,SERVIMEDICOS S.A.C.,LAGRICEL PF,2,FEB,2975.45,50,N1,CHICLAYO,False,False,True,False,41582.0,LAGRICEL OFTENO LIBRE DE CONSERVADORES (PF) 10 ML,FEBRERO,1.01762066,244371.43,248182.4906,252555.63,316,10
PHARMA - N1,SERVIMEDICOS S.A.C.,GAAP,3,MAR,258.76,3,N1,CHICLAYO,False,False,True,False,40498.0,GAAP OFTENO 3 ML,MARZO,0.701456825,85355.44,97172.18164,68162.09,316,7
PHARMA - N1,SERVIMEDICOS S.A.C.,TRAZIDEX O,3,MAR,225.54,6,N1,CHICLAYO,False,False,True,False,40341.0,TRAZIDEX OFTENO 5 ML.,MARZO,0.841410928,99642.69,95524.58531,80375.43,316,13
PHARMA - N1,SERVIMEDICOS S.A.C.,FLUMETOL NF,4,ABR,0.0,23,N1,CHICLAYO,False,False,True,True,40513.0,FLUMETOL NF OFTENO 5ML,ABRIL,1.22328994,97096.28,107397.8095,131378.66,316,6
PHARMA - N1,SERVIMEDICOS S.A.C.,GAAP,4,ABR,0.0,14,N1,CHICLAYO,False,False,True,True,40498.0,GAAP OFTENO 3 ML,ABRIL,0.475712047,79645.31,102582.687,48799.82,316,7
PHARMA - N1,SERVIMEDICOS S.A.C.,LAGRICEL,4,ABR,0.0,20,N1,CHICLAYO,False,False,True,True,40515.0,LAGRICEL OFTENO 0.5 ML,ABRIL,0.760754197,152829.6,174961.4402,133102.65,316,9
PHARMA - N1,SERVIMEDICOS S.A.C.,LAGRICEL PF,4,ABR,0.0,211,N1,CHICLAYO,False,False,True,True,41582.0,LAGRICEL OFTENO LIBRE DE CONSERVADORES (PF) 10 ML,ABRIL,1.234011277,222585.45,261957.3873,323258.37,316,10
PHARMA - N1,SERVIMEDICOS S.A.C.,TRAZIDEX O,4,ABR,301.0,8,N1,CHICLAYO,False,False,True,False,40341.0,TRAZIDEX OFTENO 5 ML.,ABRIL,0.966120714,91975.94,101185.0264,97756.95,316,13
PHARMA - N1,SERVIMEDICOS S.A.C.,TRAZIDEX U,4,ABR,84.0,2,N1,CHICLAYO,False,False,True,False,40342.0,TRAZIDEX UNGENA 3.5 G,ABRIL,0.810349246,131494.88,156358.3363,126704.86,316,14
PHARMA - N1,SERVIMEDICOS S.A.C.,FLUMETOL NF,5,MAY,576.0,15,N1,CHICLAYO,False,False,True,False,40513.0,FLUMETOL NF OFTENO 5ML,MAYO,1.182290501,84208.66,107397.8095,126975.41,316,6
PHARMA - N1,SERVIMEDICOS S.A.C.,GAAP,5,MAY,441.0,6,N1,CHICLAYO,False,False,True,False,40498.0,GAAP OFTENO 3 ML,MAYO,0.567550546,86214.37,102582.687,58220.86,316,7
PHARMA - N1,SERVIMEDICOS S.A.C.,ELIPTIC PF,6,JUN,172.0,4,N1,CHICLAYO,False,False,True,False,41561.0,ELIPTIC OFTENO 5ML PF PERU,JUNIO,-0.431896719,12781.68,74583.69182,42371.24,316,5
PHARMA - N1,SERVIMEDICOS S.A.C.,FLUMETOL NF,6,JUN,576.0,15,N1,CHICLAYO,False,False,True,False,40513.0,FLUMETOL NF OFTENO 5ML,JUNIO,0.071788154,87288.94,107397.8095,115107.7,316,6
PHARMA - N1,SERVIMEDICOS S.A.C.,GAAP,6,JUN,368.0,5,N1,CHICLAYO,False,False,True,False,40498.0,GAAP OFTENO 3 ML,JUNIO,-0.271295457,79907.03,102582.687,74752.47,316,7
PHARMA - N1,SERVIMEDICOS S.A.C.,LAGRICEL,6,JUN,0.0,27,N1,CHICLAYO,False,False,True,True,40515.0,LAGRICEL OFTENO 0.5 ML,JUNIO,-0.157973323,129483.27,174961.4402,147322.2,316,9
PHARMA - N1,SERVIMEDICOS S.A.C.,LAGRICEL PF,6,JUN,0.0,90,N1,CHICLAYO,False,False,True,True,41582.0,LAGRICEL OFTENO LIBRE DE CONSERVADORES (PF) 10 ML,JUNIO,-0.085958779,182516.9,261957.3873,239439.85,316,10
PHARMA - N1,SERVIMEDICOS S.A.C.,SOPHIPREN,6,JUN,73.0,2,N1,CHICLAYO,False,False,True,False,40338.0,SOPHIPREN OFTENO 5 ML,JUNIO,0.072135193,48676.87,59671.10342,63975.49,316,12
PHARMA - N1,SERVIMEDICOS S.A.C.,TRAZIDEX O,6,JUN,232.0,10,N1,CHICLAYO,False,False,True,False,40341.0,TRAZIDEX OFTENO 5 ML.,JUNIO,-0.192738462,70697.29,101185.0264,81682.78,316,13
PHARMA - N1,SERVIMEDICOS S.A.C.,GAAP,7,JUL,221.0,3,N1,CHICLAYO,False,False,True,False,40498.0,GAAP OFTENO 3 ML,JULIO,-0.93275572,98357.17,113403.6977,7625.75,316,7
PHARMA - N1,SERVIMEDICOS S.A.C.,LAGRICEL PF,7,JUL,909.0,20,N1,CHICLAYO,False,False,True,False,41582.0,LAGRICEL OFTENO LIBRE DE CONSERVADORES (PF) 10 ML,JULIO,-0.871300153,205886.66,289507.1807,37259.53,316,10
PHARMA - N1,SERVIMEDICOS S.A.C.,TRAZIDEX O,7,JUL,185.0,8,N1,CHICLAYO,False,False,True,False,40341.0,TRAZIDEX OFTENO 5 ML.,JULIO,-0.912844311,118392.28,112505.9086,9805.53,316,13
PHARMA - S,SILVA ESTELA PAUL DANY,FLUMETOL NF,1,ENE,816.7,20,S,CADENAS,False,False,True,False,40513.0,FLUMETOL NF OFTENO 5ML,ENERO,1.0,106644.0,144656.97,144656.97,317,6
PHARMA - S,SILVA ESTELA PAUL DANY,FLUMETOL NF,5,MAY,817.0,20,S,CADENAS,False,False,True,False,40513.0,FLUMETOL NF OFTENO 5ML,MAYO,1.182290501,84208.66,107397.8095,126975.41,317,6
PHARMA - Z1,SISTEMAS DE ADMINISTRACION HOSPITALARIA S.A.C.,AGGLAD,1,ENE,388.24,10,Z1,LIMA,False,False,True,False,40351.0,AGGLAD OFTENO 5 ML,ENERO,1.0,22534.35,110094.81,110094.81,318,0
PHARMA - Z1,SISTEMAS DE ADMINISTRACION HOSPITALARIA S.A.C.,ELIPTIC,1,ENE,487.07,16,Z1,LIMA,False,False,True,False,41076.0,ELIPTIC OFTENO 5ML,ENERO,1.0,1539.11,12243.87,12243.87,318,4
PHARMA - Z1,SISTEMAS DE ADMINISTRACION HOSPITALARIA S.A.C.,ELIPTIC PF,1,ENE,2037.99,65,Z1,LIMA,False,False,True,False,41561.0,ELIPTIC OFTENO 5ML PF PERU,ENERO,1.0,16201.95,62857.68,62857.68,318,5
PHARMA - Z1,SISTEMAS DE ADMINISTRACION HOSPITALARIA S.A.C.,FLUMETOL NF,1,ENE,1892.15,64,Z1,LIMA,False,False,True,False,40513.0,FLUMETOL NF OFTENO 5ML,ENERO,1.0,106644.0,144656.97,144656.97,318,6
PHARMA - Z1,SISTEMAS DE ADMINISTRACION HOSPITALARIA S.A.C.,GAAP,1,ENE,583.47,10,Z1,LIMA,False,False,True,False,40498.0,GAAP OFTENO 3 ML,ENERO,1.0,101352.36,99775.16,99775.16,318,7
PHARMA - Z1,SISTEMAS DE ADMINISTRACION HOSPITALARIA S.A.C.,GAAP PF,1,ENE,126.22,2,Z1,LIMA,False,False,True,False,41567.0,GAAP OFTENO LIBRE DE CONSER PF 3 ML PERU,ENERO,1.0,67726.3,99013.28,99013.28,318,8
PHARMA - Z1,SISTEMAS DE ADMINISTRACION HOSPITALARIA S.A.C.,LAGRICEL,1,ENE,10544.1,303,Z1,LIMA,False,False,True,False,40515.0,LAGRICEL OFTENO 0.5 ML,ENERO,1.0,154236.51,132452.04,132452.04,318,9
PHARMA - Z1,SISTEMAS DE ADMINISTRACION HOSPITALARIA S.A.C.,LAGRICEL PF,1,ENE,3053.84,80,Z1,LIMA,False,False,True,False,41582.0,LAGRICEL OFTENO LIBRE DE CONSERVADORES (PF) 10 ML,ENERO,1.0,241357.65,244552.3,244552.3,318,10
PHARMA - Z1,SISTEMAS DE ADMINISTRACION HOSPITALARIA S.A.C.,TRAZIDEX O,1,ENE,2380.08,100,Z1,LIMA,False,False,True,False,40341.0,TRAZIDEX OFTENO 5 ML.,ENERO,1.0,107782.12,170736.47,170736.47,318,13
PHARMA - Z1,SISTEMAS DE ADMINISTRACION HOSPITALARIA S.A.C.,TRAZIDEX U,1,ENE,9405.61,330,Z1,LIMA,False,False,True,False,40342.0,TRAZIDEX UNGENA 3.5 G,ENERO,1.0,127130.48,135275.35,135275.35,318,14
PHARMA - Z1,SISTEMAS DE ADMINISTRACION HOSPITALARIA S.A.C.,AGGLAD,2,FEB,776.48,20,Z1,LIMA,False,False,True,False,40351.0,AGGLAD OFTENO 5 ML,FEBRERO,0.96716156,31785.06,114546.1364,110784.62,318,0
PHARMA - Z1,SISTEMAS DE ADMINISTRACION HOSPITALARIA S.A.C.,ELIPTIC,2,FEB,152.21,5,Z1,LIMA,False,False,True,False,41076.0,ELIPTIC OFTENO 5ML,FEBRERO,0.601609541,3462.73,37097.88238,22318.44,318,4
PHARMA - Z1,SISTEMAS DE ADMINISTRACION HOSPITALARIA S.A.C.,ELIPTIC PF,2,FEB,313.54,10,Z1,LIMA,False,False,True,False,41561.0,ELIPTIC OFTENO 5ML PF PERU,FEBRERO,0.876631233,16081.78,70691.40098,61970.29,318,5
PHARMA - Z1,SISTEMAS DE ADMINISTRACION HOSPITALARIA S.A.C.,FLUMETOL NF,2,FEB,6208.56,210,Z1,LIMA,False,False,True,False,40513.0,FLUMETOL NF OFTENO 5ML,FEBRERO,1.285457107,84540.52,101550.4985,130538.81,318,6
PHARMA - Z1,SISTEMAS DE ADMINISTRACION HOSPITALARIA S.A.C.,GAAP,2,FEB,875.21,15,Z1,LIMA,False,False,True,False,40498.0,GAAP OFTENO 3 ML,FEBRERO,0.873555976,85355.44,97172.18164,84885.34,318,7
PHARMA - Z1,SISTEMAS DE ADMINISTRACION HOSPITALARIA S.A.C.,GAAP PF,2,FEB,2271.91,36,Z1,LIMA,False,False,True,False,41567.0,GAAP OFTENO LIBRE DE CONSER PF 3 ML PERU,FEBRERO,0.820494884,80205.04,92164.06035,75620.14,318,8
PHARMA - Z1,SISTEMAS DE ADMINISTRACION HOSPITALARIA S.A.C.,LAGRICEL,2,FEB,22236.56,639,Z1,LIMA,False,False,True,False,40515.0,LAGRICEL OFTENO 0.5 ML,FEBRERO,0.970823097,194840.09,165898.7416,161058.33,318,9
PHARMA - Z1,SISTEMAS DE ADMINISTRACION HOSPITALARIA S.A.C.,LAGRICEL PF,2,FEB,5878.63,154,Z1,LIMA,False,False,True,False,41582.0,LAGRICEL OFTENO LIBRE DE CONSERVADORES (PF) 10 ML,FEBRERO,1.01762066,244371.43,248182.4906,252555.63,318,10
PHARMA - Z1,SISTEMAS DE ADMINISTRACION HOSPITALARIA S.A.C.,TRAZIDEX O,2,FEB,1428.05,60,Z1,LIMA,False,False,True,False,40341.0,TRAZIDEX OFTENO 5 ML.,FEBRERO,0.868398954,99642.69,95524.58531,82953.45,318,13
PHARMA - Z1,SISTEMAS DE ADMINISTRACION HOSPITALARIA S.A.C.,TRAZIDEX U,2,FEB,6697.94,235,Z1,LIMA,False,False,True,False,40342.0,TRAZIDEX UNGENA 3.5 G,FEBRERO,0.737379291,111697.65,148184.091,109267.88,318,14
PHARMA - Z1,SISTEMAS DE ADMINISTRACION HOSPITALARIA S.A.C.,AGGLAD,3,MAR,3222.39,83,Z1,LIMA,False,False,True,False,40351.0,AGGLAD OFTENO 5 ML,MARZO,0.708033745,31785.06,114546.1364,81102.53,318,0
PHARMA - Z1,SISTEMAS DE ADMINISTRACION HOSPITALARIA S.A.C.,ELIPTIC,3,MAR,2267.9,88,Z1,LIMA,False,False,True,False,41076.0,ELIPTIC OFTENO 5ML,MARZO,0.61397952,3462.73,37097.88238,22777.34,318,4
PHARMA - Z1,SISTEMAS DE ADMINISTRACION HOSPITALARIA S.A.C.,FLUMETOL NF,3,MAR,4848.6,164,Z1,LIMA,False,False,True,False,40513.0,FLUMETOL NF OFTENO 5ML,MARZO,1.399890715,84540.52,101550.4985,142159.6,318,6
PHARMA - Z1,SISTEMAS DE ADMINISTRACION HOSPITALARIA S.A.C.,GAAP,3,MAR,875.21,15,Z1,LIMA,False,False,True,False,40498.0,GAAP OFTENO 3 ML,MARZO,0.701456825,85355.44,97172.18164,68162.09,318,7
PHARMA - Z1,SISTEMAS DE ADMINISTRACION HOSPITALARIA S.A.C.,GAAP PF,3,MAR,1036.78,25,Z1,LIMA,False,False,True,False,41567.0,GAAP OFTENO LIBRE DE CONSER PF 3 ML PERU,MARZO,0.894697886,80205.04,92164.06035,82458.99,318,8
PHARMA - Z1,SISTEMAS DE ADMINISTRACION HOSPITALARIA S.A.C.,LAGRICEL,3,MAR,14489.7,429,Z1,LIMA,False,False,True,False,40515.0,LAGRICEL OFTENO 0.5 ML,MARZO,1.138987362,194840.09,165898.7416,188956.57,318,9
PHARMA - Z1,SISTEMAS DE ADMINISTRACION HOSPITALARIA S.A.C.,LAGRICEL PF,3,MAR,3635.62,100,Z1,LIMA,False,False,True,False,41582.0,LAGRICEL OFTENO LIBRE DE CONSERVADORES (PF) 10 ML,MARZO,1.041573922,244371.43,248182.4906,258500.41,318,10
PHARMA - Z1,SISTEMAS DE ADMINISTRACION HOSPITALARIA S.A.C.,TRAZIDEX O,3,MAR,952.04,40,Z1,LIMA,False,False,True,False,40341.0,TRAZIDEX OFTENO 5 ML.,MARZO,0.841410928,99642.69,95524.58531,80375.43,318,13
PHARMA - Z1,SISTEMAS DE ADMINISTRACION HOSPITALARIA S.A.C.,TRAZIDEX U,3,MAR,9206.12,323,Z1,LIMA,False,False,True,False,40342.0,TRAZIDEX UNGENA 3.5 G,MARZO,0.890660186,111697.65,148184.091,131981.67,318,14
PHARMA - Z1,SISTEMAS DE ADMINISTRACION HOSPITALARIA S.A.C.,ZEBESTEN,3,MAR,245.44,5,Z1,LIMA,False,False,True,False,41604.0,ZEBESTEN 5ML PERU,MARZO,1.283372043,24271.56,27459.43408,35240.67,318,15
PHARMA - Z1,SISTEMAS DE ADMINISTRACION HOSPITALARIA S.A.C.,AGGLAD,4,ABR,0.0,122,Z1,LIMA,False,False,True,True,40351.0,AGGLAD OFTENO 5 ML,ABRIL,0.757043269,24635.46,120891.2407,91519.9,318,0
PHARMA - Z1,SISTEMAS DE ADMINISTRACION HOSPITALARIA S.A.C.,ELIPTIC,4,ABR,0.0,57,Z1,LIMA,False,False,True,True,41076.0,ELIPTIC OFTENO 5ML,ABRIL,0.367779928,4871.41,39043.81097,14359.53,318,4
PHARMA - Z1,SISTEMAS DE ADMINISTRACION HOSPITALARIA S.A.C.,ELIPTIC PF,4,ABR,0.0,100,Z1,LIMA,False,False,True,True,41561.0,ELIPTIC OFTENO 5ML PF PERU,ABRIL,0.502083754,28406.63,74583.69182,37447.26,318,5
PHARMA - Z1,SISTEMAS DE ADMINISTRACION HOSPITALARIA S.A.C.,FLUMETOL NF,4,ABR,0.0,152,Z1,LIMA,False,False,True,True,40513.0,FLUMETOL NF OFTENO 5ML,ABRIL,1.22328994,97096.28,107397.8095,131378.66,318,6
PHARMA - Z1,SISTEMAS DE ADMINISTRACION HOSPITALARIA S.A.C.,GAAP PF,4,ABR,0.0,27,Z1,LIMA,False,False,True,True,41567.0,GAAP OFTENO LIBRE DE CONSER PF 3 ML PERU,ABRIL,0.580041645,82952.14,97315.99528,56447.33,318,8
PHARMA - Z1,SISTEMAS DE ADMINISTRACION HOSPITALARIA S.A.C.,LAGRICEL,4,ABR,0.0,545,Z1,LIMA,False,False,True,True,40515.0,LAGRICEL OFTENO 0.5 ML,ABRIL,0.760754197,152829.6,174961.4402,133102.65,318,9
PHARMA - Z1,SISTEMAS DE ADMINISTRACION HOSPITALARIA S.A.C.,LAGRICEL PF,4,ABR,0.0,108,Z1,LIMA,False,False,True,True,41582.0,LAGRICEL OFTENO LIBRE DE CONSERVADORES (PF) 10 ML,ABRIL,1.234011277,222585.45,261957.3873,323258.37,318,10
PHARMA - Z1,SISTEMAS DE ADMINISTRACION HOSPITALARIA S.A.C.,TRAZIDEX O,4,ABR,0.0,125,Z1,LIMA,False,False,True,True,40341.0,TRAZIDEX OFTENO 5 ML.,ABRIL,0.966120714,91975.94,101185.0264,97756.95,318,13
PHARMA - Z1,SISTEMAS DE ADMINISTRACION HOSPITALARIA S.A.C.,TRAZIDEX U,4,ABR,0.0,231,Z1,LIMA,False,False,True,True,40342.0,TRAZIDEX UNGENA 3.5 G,ABRIL,0.810349246,131494.88,156358.3363,126704.86,318,14
PHARMA - Z1,SISTEMAS DE ADMINISTRACION HOSPITALARIA S.A.C.,ZEBESTEN,4,ABR,393.0,8,Z1,LIMA,False,False,True,False,41604.0,ZEBESTEN 5ML PERU,ABRIL,1.062586642,26953.56,29060.89609,30879.72,318,15
PHARMA - Z1,SISTEMAS DE ADMINISTRACION HOSPITALARIA S.A.C.,AGGLAD,5,MAY,0.0,39,Z1,LIMA,False,False,True,True,40351.0,AGGLAD OFTENO 5 ML,MAYO,0.670022241,26193.67,120891.2407,80999.82,318,0
PHARMA - Z1,SISTEMAS DE ADMINISTRACION HOSPITALARIA S.A.C.,DUSTALOX,5,MAY,138.0,4,Z1,LIMA,False,False,True,False,41121.0,DUSTALOX 5ML,MAYO,0.508953586,12191.14,11675.36719,5942.22,318,2
PHARMA - Z1,SISTEMAS DE ADMINISTRACION HOSPITALARIA S.A.C.,ELIPTIC,5,MAY,0.0,71,Z1,LIMA,False,False,True,True,41076.0,ELIPTIC OFTENO 5ML,MAYO,0.349092716,2803.71,39043.81097,13629.91,318,4
PHARMA - Z1,SISTEMAS DE ADMINISTRACION HOSPITALARIA S.A.C.,FLUMETOL NF,5,MAY,0.0,97,Z1,LIMA,False,False,True,True,40513.0,FLUMETOL NF OFTENO 5ML,MAYO,1.182290501,84208.66,107397.8095,126975.41,318,6
PHARMA - Z1,SISTEMAS DE ADMINISTRACION HOSPITALARIA S.A.C.,GAAP PF,5,MAY,0.0,112,Z1,LIMA,False,False,True,True,41567.0,GAAP OFTENO LIBRE DE CONSER PF 3 ML PERU,MAYO,0.695728383,103158.58,97315.99528,67705.5,318,8
PHARMA - Z1,SISTEMAS DE ADMINISTRACION HOSPITALARIA S.A.C.,LAGRICEL,5,MAY,0.0,381,Z1,LIMA,False,False,True,True,40515.0,LAGRICEL OFTENO 0.5 ML,MAYO,0.714118093,158816.35,174961.4402,124943.13,318,9
PHARMA - Z1,SISTEMAS DE ADMINISTRACION HOSPITALARIA S.A.C.,LAGRICEL PF,5,MAY,0.0,151,Z1,LIMA,False,False,True,True,41582.0,LAGRICEL OFTENO LIBRE DE CONSERVADORES (PF) 10 ML,MAYO,0.852391423,198666.14,261957.3873,223290.23,318,10
PHARMA - Z1,SISTEMAS DE ADMINISTRACION HOSPITALARIA S.A.C.,TRAZIDEX O,5,MAY,0.0,86,Z1,LIMA,False,False,True,True,40341.0,TRAZIDEX OFTENO 5 ML.,MAYO,0.725790194,64098.19,101185.0264,73439.1,318,13
PHARMA - Z1,SISTEMAS DE ADMINISTRACION HOSPITALARIA S.A.C.,TRAZIDEX U,5,MAY,0.0,331,Z1,LIMA,False,False,True,True,40342.0,TRAZIDEX UNGENA 3.5 G,MAYO,0.799544258,131001.94,156358.3363,125015.41,318,14
PHARMA - Z1,SISTEMAS DE ADMINISTRACION HOSPITALARIA S.A.C.,ZEBESTEN,5,MAY,491.0,10,Z1,LIMA,False,False,True,False,41604.0,ZEBESTEN 5ML PERU,MAYO,0.825216123,27515.83,29060.89609,23981.52,318,15
PHARMA - Z1,SISTEMAS DE ADMINISTRACION HOSPITALARIA S.A.C.,AGGLAD,6,JUN,0.0,61,Z1,LIMA,False,False,True,True,40351.0,AGGLAD OFTENO 5 ML,JUNIO,-0.235301917,20271.95,120891.2407,92445.3,318,0
PHARMA - Z1,SISTEMAS DE ADMINISTRACION HOSPITALARIA S.A.C.,DUSTALOX,6,JUN,172.0,5,Z1,LIMA,False,False,True,False,41121.0,DUSTALOX 5ML,JUNIO,-0.44241925,5938.11,11675.36719,6509.96,318,2
PHARMA - Z1,SISTEMAS DE ADMINISTRACION HOSPITALARIA S.A.C.,ELIPTIC,6,JUN,507.0,20,Z1,LIMA,False,False,True,False,41076.0,ELIPTIC OFTENO 5ML,JUNIO,-0.521091319,5789.48,39043.81097,18698.42,318,4
PHARMA - Z1,SISTEMAS DE ADMINISTRACION HOSPITALARIA S.A.C.,ELIPTIC PF,6,JUN,0.0,60,Z1,LIMA,False,False,True,True,41561.0,ELIPTIC OFTENO 5ML PF PERU,JUNIO,-0.431896719,12781.68,74583.69182,42371.24,318,5
PHARMA - Z1,SISTEMAS DE ADMINISTRACION HOSPITALARIA S.A.C.,FLUMETOL NF,6,JUN,0.0,133,Z1,LIMA,False,False,True,True,40513.0,FLUMETOL NF OFTENO 5ML,JUNIO,0.071788154,87288.94,107397.8095,115107.7,318,6
PHARMA - Z1,SISTEMAS DE ADMINISTRACION HOSPITALARIA S.A.C.,GAAP PF,6,JUN,0.0,47,Z1,LIMA,False,False,True,True,41567.0,GAAP OFTENO LIBRE DE CONSER PF 3 ML PERU,JUNIO,-0.151410313,75783.27,97315.99528,82581.35,318,8
PHARMA - Z1,SISTEMAS DE ADMINISTRACION HOSPITALARIA S.A.C.,LAGRICEL,6,JUN,0.0,591,Z1,LIMA,False,False,True,True,40515.0,LAGRICEL OFTENO 0.5 ML,JUNIO,-0.157973323,129483.27,174961.4402,147322.2,318,9
PHARMA - Z1,SISTEMAS DE ADMINISTRACION HOSPITALARIA S.A.C.,LAGRICEL PF,6,JUN,0.0,218,Z1,LIMA,False,False,True,True,41582.0,LAGRICEL OFTENO LIBRE DE CONSERVADORES (PF) 10 ML,JUNIO,-0.085958779,182516.9,261957.3873,239439.85,318,10
PHARMA - Z1,SISTEMAS DE ADMINISTRACION HOSPITALARIA S.A.C.,TRAZIDEX O,6,JUN,0.0,168,Z1,LIMA,False,False,True,True,40341.0,TRAZIDEX OFTENO 5 ML.,JUNIO,-0.192738462,70697.29,101185.0264,81682.78,318,13
PHARMA - Z1,SISTEMAS DE ADMINISTRACION HOSPITALARIA S.A.C.,TRAZIDEX U,6,JUN,0.0,344,Z1,LIMA,False,False,True,True,40342.0,TRAZIDEX UNGENA 3.5 G,JUNIO,-0.144707451,114383.92,156358.3363,133732.12,318,14
PHARMA - Z1,SISTEMAS DE ADMINISTRACION HOSPITALARIA S.A.C.,ZEBESTEN,6,JUN,736.0,15,Z1,LIMA,False,False,True,False,41604.0,ZEBESTEN 5ML PERU,JUNIO,0.156870039,15690.19,29060.89609,33619.68,318,15
PHARMA - Z1,SISTEMAS DE ADMINISTRACION HOSPITALARIA S.A.C.,AGGLAD,7,JUL,0.0,71,Z1,LIMA,False,False,True,True,40351.0,AGGLAD OFTENO 5 ML,JULIO,-0.863449228,29784.66,133581.4492,18240.65,318,0
PHARMA - Z1,SISTEMAS DE ADMINISTRACION HOSPITALARIA S.A.C.,ELIPTIC,7,JUL,0.0,65,Z1,LIMA,False,False,True,True,41076.0,ELIPTIC OFTENO 5ML,JULIO,-0.934712557,5917.09,42935.66816,2803.16,318,4
PHARMA - Z1,SISTEMAS DE ADMINISTRACION HOSPITALARIA S.A.C.,FLUMETOL NF,7,JUL,0.0,152,Z1,LIMA,False,False,True,True,40513.0,FLUMETOL NF OFTENO 5ML,JULIO,-0.833324001,99312.38,119092.4315,19849.85,318,6
PHARMA - Z1,SISTEMAS DE ADMINISTRACION HOSPITALARIA S.A.C.,GAAP PF,7,JUL,0.0,44,Z1,LIMA,False,False,True,True,41567.0,GAAP OFTENO LIBRE DE CONSER PF 3 ML PERU,JULIO,-0.767903816,96163.14,107619.8651,24978.16,318,8
PHARMA - Z1,SISTEMAS DE ADMINISTRACION HOSPITALARIA S.A.C.,LAGRICEL,7,JUL,0.0,307,Z1,LIMA,False,False,True,True,40515.0,LAGRICEL OFTENO 0.5 ML,JULIO,-0.84932888,184824.49,193086.8374,29092.61,318,9
PHARMA - Z1,SISTEMAS DE ADMINISTRACION HOSPITALARIA S.A.C.,LAGRICEL PF,7,JUL,0.0,50,Z1,LIMA,False,False,True,True,41582.0,LAGRICEL OFTENO LIBRE DE CONSERVADORES (PF) 10 ML,JULIO,-0.871300153,205886.66,289507.1807,37259.53,318,10
PHARMA - Z1,SISTEMAS DE ADMINISTRACION HOSPITALARIA S.A.C.,TRAZIDEX O,7,JUL,0.0,60,Z1,LIMA,False,False,True,True,40341.0,TRAZIDEX OFTENO 5 ML.,JULIO,-0.912844311,118392.28,112505.9086,9805.53,318,13
PHARMA - Z1,SISTEMAS DE ADMINISTRACION HOSPITALARIA S.A.C.,TRAZIDEX U,7,JUL,0.0,294,Z1,LIMA,False,False,True,True,40342.0,TRAZIDEX UNGENA 3.5 G,JULIO,-0.835453002,134186.98,172706.827,28418.39,318,14
PHARMA - Z3,SOCIAL MEDICAL S.A.C.,AGGLAD,2,FEB,733.68,12,Z3,NORTE CHICO,False,False,True,False,40351.0,AGGLAD OFTENO 5 ML,FEBRERO,0.96716156,31785.06,114546.1364,110784.62,319,0
PHARMA - Z3,SOCIAL MEDICAL S.A.C.,ELIPTIC PF,2,FEB,435.82,12,Z3,NORTE CHICO,False,False,True,False,41561.0,ELIPTIC OFTENO 5ML PF PERU,FEBRERO,0.876631233,16081.78,70691.40098,61970.29,319,5
PHARMA - Z3,SOCIAL MEDICAL S.A.C.,FLUMETOL NF,2,FEB,490.02,12,Z3,NORTE CHICO,False,False,True,False,40513.0,FLUMETOL NF OFTENO 5ML,FEBRERO,1.285457107,84540.52,101550.4985,130538.81,319,6
PHARMA - Z3,SOCIAL MEDICAL S.A.C.,AGGLAD,6,JUN,367.0,6,Z3,NORTE CHICO,False,False,True,False,40351.0,AGGLAD OFTENO 5 ML,JUNIO,-0.235301917,20271.95,120891.2407,92445.3,319,0
PHARMA - Z3,SOCIAL MEDICAL S.A.C.,ELIPTIC PF,6,JUN,218.0,6,Z3,NORTE CHICO,False,False,True,False,41561.0,ELIPTIC OFTENO 5ML PF PERU,JUNIO,-0.431896719,12781.68,74583.69182,42371.24,319,5
PHARMA - Z3,SOCIAL MEDICAL S.A.C.,FLUMETOL NF,6,JUN,490.0,12,Z3,NORTE CHICO,False,False,True,False,40513.0,FLUMETOL NF OFTENO 5ML,JUNIO,0.071788154,87288.94,107397.8095,115107.7,319,6
PHARMA - Z3,SOCIAL MEDICAL S.A.C.,LAGRICEL PF,6,JUN,283.0,6,Z3,NORTE CHICO,False,False,True,False,41582.0,LAGRICEL OFTENO LIBRE DE CONSERVADORES (PF) 10 ML,JUNIO,-0.085958779,182516.9,261957.3873,239439.85,319,10
PHARMA - Z1,SOCIEDAD MEDICA OFTALMYCA SRL,LAGRICEL PF,6,JUN,286.0,6,Z1,LIMA,False,False,True,False,41582.0,LAGRICEL OFTENO LIBRE DE CONSERVADORES (PF) 10 ML,JUNIO,-0.085958779,182516.9,261957.3873,239439.85,320,10
PHARMA - Z1,SOCIEDAD MEDICA OFTALMYCA SRL,TRAZIDEX U,6,JUN,281.0,6,Z1,LIMA,False,False,True,False,40342.0,TRAZIDEX UNGENA 3.5 G,JUNIO,-0.144707451,114383.92,156358.3363,133732.12,320,14
PHARMA - Z3,SOLUCIONES E INVERSIONES EN SALUD SOCIEDAD ANONIMA CERRADA - SOLINSALUD SAC.,LAGRICEL PF,1,ENE,1278.11,25,Z3,NORTE CHICO,False,False,True,False,41582.0,LAGRICEL OFTENO LIBRE DE CONSERVADORES (PF) 10 ML,ENERO,1.0,241357.65,244552.3,244552.3,321,10
PHARMA - Z3,SOLUCIONES E INVERSIONES EN SALUD SOCIEDAD ANONIMA CERRADA - SOLINSALUD SAC.,SOPHIPREN,1,ENE,1058.75,25,Z3,NORTE CHICO,False,False,True,False,40338.0,SOPHIPREN OFTENO 5 ML,ENERO,1.0,41450.28,50525.9,50525.9,321,12
PHARMA - Z3,SOLUCIONES E INVERSIONES EN SALUD SOCIEDAD ANONIMA CERRADA - SOLINSALUD SAC.,TRAZIDEX O,1,ENE,1157.63,25,Z3,NORTE CHICO,False,False,True,False,40341.0,TRAZIDEX OFTENO 5 ML.,ENERO,1.0,107782.12,170736.47,170736.47,321,13
PHARMA - Z3,SOLUCIONES E INVERSIONES EN SALUD SOCIEDAD ANONIMA CERRADA - SOLINSALUD SAC.,TRAZIDEX U,1,ENE,631.19,15,Z3,NORTE CHICO,False,False,True,False,40342.0,TRAZIDEX UNGENA 3.5 G,ENERO,1.0,127130.48,135275.35,135275.35,321,14
PHARMA - Z3,SOLUCIONES E INVERSIONES EN SALUD SOCIEDAD ANONIMA CERRADA - SOLINSALUD SAC.,ZEBESTEN,1,ENE,1227.19,25,Z3,NORTE CHICO,False,False,True,False,41604.0,ZEBESTEN 5ML PERU,ENERO,1.0,31496.43,43862.02,43862.02,321,15
PHARMA - Z3,SOLUCIONES E INVERSIONES EN SALUD SOCIEDAD ANONIMA CERRADA - SOLINSALUD SAC.,ELIPTIC PF,2,FEB,764.24,30,Z3,NORTE CHICO,False,False,True,False,41561.0,ELIPTIC OFTENO 5ML PF PERU,FEBRERO,0.876631233,16081.78,70691.40098,61970.29,321,5
PHARMA - Z3,SOLUCIONES E INVERSIONES EN SALUD SOCIEDAD ANONIMA CERRADA - SOLINSALUD SAC.,TRAZIDEX O,2,FEB,1620.68,35,Z3,NORTE CHICO,False,False,True,False,40341.0,TRAZIDEX OFTENO 5 ML.,FEBRERO,0.868398954,99642.69,95524.58531,82953.45,321,13
PHARMA - Z3,SOLUCIONES E INVERSIONES EN SALUD SOCIEDAD ANONIMA CERRADA - SOLINSALUD SAC.,TRAZIDEX U,2,FEB,1472.78,35,Z3,NORTE CHICO,False,False,True,False,40342.0,TRAZIDEX UNGENA 3.5 G,FEBRERO,0.737379291,111697.65,148184.091,109267.88,321,14
PHARMA - Z3,SOLUCIONES E INVERSIONES EN SALUD SOCIEDAD ANONIMA CERRADA - SOLINSALUD SAC.,SOPHIPREN,3,MAR,1270.5,30,Z3,NORTE CHICO,False,False,True,False,40338.0,SOPHIPREN OFTENO 5 ML,MARZO,1.018181783,39394.05,56555.62783,57583.91,321,12
PHARMA - Z3,SOLUCIONES E INVERSIONES EN SALUD SOCIEDAD ANONIMA CERRADA - SOLINSALUD SAC.,TRAZIDEX O,3,MAR,1389.15,30,Z3,NORTE CHICO,False,False,True,False,40341.0,TRAZIDEX OFTENO 5 ML.,MARZO,0.841410928,99642.69,95524.58531,80375.43,321,13
PHARMA - Z3,SOLUCIONES E INVERSIONES EN SALUD SOCIEDAD ANONIMA CERRADA - SOLINSALUD SAC.,ZEBESTEN,3,MAR,1472.63,30,Z3,NORTE CHICO,False,False,True,False,41604.0,ZEBESTEN 5ML PERU,MARZO,1.283372043,24271.56,27459.43408,35240.67,321,15
PHARMA - Z3,SOLUCIONES E INVERSIONES EN SALUD SOCIEDAD ANONIMA CERRADA - SOLINSALUD SAC.,ELAR-B,5,MAY,776.0,15,Z3,NORTE CHICO,False,False,True,False,42098.0,ELAR-B 5 ML,MAYO,0.690959707,0.0,24407.71845,16864.75,321,3
PHARMA - Z3,SOLUCIONES E INVERSIONES EN SALUD SOCIEDAD ANONIMA CERRADA - SOLINSALUD SAC.,ELIPTIC PF,5,MAY,510.0,20,Z3,NORTE CHICO,False,False,True,False,41561.0,ELIPTIC OFTENO 5ML PF PERU,MAYO,0.635068724,11669.87,74583.69182,47365.77,321,5
PHARMA - Z3,SOLUCIONES E INVERSIONES EN SALUD SOCIEDAD ANONIMA CERRADA - SOLINSALUD SAC.,LAGRICEL PF,5,MAY,0.0,20,Z3,NORTE CHICO,False,False,True,True,41582.0,LAGRICEL OFTENO LIBRE DE CONSERVADORES (PF) 10 ML,MAYO,0.852391423,198666.14,261957.3873,223290.23,321,10
PHARMA - Z3,SOLUCIONES E INVERSIONES EN SALUD SOCIEDAD ANONIMA CERRADA - SOLINSALUD SAC.,TRAZIDEX O,5,MAY,0.0,30,Z3,NORTE CHICO,False,False,True,True,40341.0,TRAZIDEX OFTENO 5 ML.,MAYO,0.725790194,64098.19,101185.0264,73439.1,321,13
PHARMA - Z3,SOLUCIONES E INVERSIONES EN SALUD SOCIEDAD ANONIMA CERRADA - SOLINSALUD SAC.,TRAZIDEX U,5,MAY,842.0,20,Z3,NORTE CHICO,False,False,True,False,40342.0,TRAZIDEX UNGENA 3.5 G,MAYO,0.799544258,131001.94,156358.3363,125015.41,321,14
PHARMA - Z3,SOLUCIONES E INVERSIONES EN SALUD SOCIEDAD ANONIMA CERRADA - SOLINSALUD SAC.,ZEBESTEN,5,MAY,982.0,20,Z3,NORTE CHICO,False,False,True,False,41604.0,ZEBESTEN 5ML PERU,MAYO,0.825216123,27515.83,29060.89609,23981.52,321,15
PHARMA - Z3,SOLUCIONES E INVERSIONES EN SALUD SOCIEDAD ANONIMA CERRADA - SOLINSALUD SAC.,FLUMETOL NF,6,JUN,0.0,25,Z3,NORTE CHICO,False,False,True,True,40513.0,FLUMETOL NF OFTENO 5ML,JUNIO,0.071788154,87288.94,107397.8095,115107.7,321,6
PHARMA - Z3,SOLUCIONES E INVERSIONES EN SALUD SOCIEDAD ANONIMA CERRADA - SOLINSALUD SAC.,SOPHIPREN,6,JUN,0.0,25,Z3,NORTE CHICO,False,False,True,True,40338.0,SOPHIPREN OFTENO 5 ML,JUNIO,0.072135193,48676.87,59671.10342,63975.49,321,12
PHARMA - Z3,SOLUCIONES E INVERSIONES EN SALUD SOCIEDAD ANONIMA CERRADA - SOLINSALUD SAC.,ZEBESTEN,6,JUN,0.0,25,Z3,NORTE CHICO,False,False,True,True,41604.0,ZEBESTEN 5ML PERU,JUNIO,0.156870039,15690.19,29060.89609,33619.68,321,15
PHARMA - Z3,SOLUCIONES E INVERSIONES EN SALUD SOCIEDAD ANONIMA CERRADA - SOLINSALUD SAC.,AQUADRAN,7,JUL,540.0,10,Z3,NORTE CHICO,False,False,True,False,41945.0,AQUADRAN 10G,JULIO,-0.866344679,19218.6,39594.38318,5292.0,321,1
PHARMA - Z3,SOLUCIONES E INVERSIONES EN SALUD SOCIEDAD ANONIMA CERRADA - SOLINSALUD SAC.,ELIPTIC PF,7,JUL,255.0,10,Z3,NORTE CHICO,False,False,True,False,41561.0,ELIPTIC OFTENO 5ML PF PERU,JULIO,-0.90997274,15960.78,82368.2735,7415.39,321,5
PHARMA - Z3,SOLUCIONES E INVERSIONES EN SALUD SOCIEDAD ANONIMA CERRADA - SOLINSALUD SAC.,TRAZIDEX U,7,JUL,0.0,30,Z3,NORTE CHICO,False,False,True,True,40342.0,TRAZIDEX UNGENA 3.5 G,JULIO,-0.835453002,134186.98,172706.827,28418.39,321,14
PHARMA - S,"SOTO MENDOZA,FERNANDO GUSTAVO",AGGLAD,4,ABR,550.0,10,S,CADENAS,False,False,True,False,40351.0,AGGLAD OFTENO 5 ML,ABRIL,0.757043269,24635.46,120891.2407,91519.9,322,0
PHARMA - S,"SOTO MENDOZA,FERNANDO GUSTAVO",ELIPTIC PF,4,ABR,340.0,10,S,CADENAS,False,False,True,False,41561.0,ELIPTIC OFTENO 5ML PF PERU,ABRIL,0.502083754,28406.63,74583.69182,37447.26,322,5
PHARMA - S,"SOTO MENDOZA,FERNANDO GUSTAVO",LAGRICEL,4,ABR,512.0,10,S,CADENAS,False,False,True,False,40515.0,LAGRICEL OFTENO 0.5 ML,ABRIL,0.760754197,152829.6,174961.4402,133102.65,322,9
PHARMA - S,"SOTO MENDOZA,FERNANDO GUSTAVO",LAGRICEL PF,4,ABR,954.0,20,S,CADENAS,False,False,True,False,41582.0,LAGRICEL OFTENO LIBRE DE CONSERVADORES (PF) 10 ML,ABRIL,1.234011277,222585.45,261957.3873,323258.37,322,10
PHARMA - S,"SOTO MENDOZA,FERNANDO GUSTAVO",TRAZIDEX O,4,ABR,250.0,6,S,CADENAS,False,False,True,False,40341.0,TRAZIDEX OFTENO 5 ML.,ABRIL,0.966120714,91975.94,101185.0264,97756.95,322,13
PHARMA - S,"SOTO MENDOZA,FERNANDO GUSTAVO",TRAZIDEX U,4,ABR,252.0,6,S,CADENAS,False,False,True,False,40342.0,TRAZIDEX UNGENA 3.5 G,ABRIL,0.810349246,131494.88,156358.3363,126704.86,322,14
PHARMA - S,"SOUTHERN PERU COPPER CORPORATION, SUCURSAL DEL PERÉ",AQUADRAN,1,ENE,6480.0,120,S,CADENAS,False,False,True,False,41945.0,AQUADRAN 10G,ENERO,1.0,3348.0,44517.6,44517.6,323,1
PHARMA - S,"SOUTHERN PERU COPPER CORPORATION, SUCURSAL DEL PERÉ",ELIPTIC PF,1,ENE,7315.84,160,S,CADENAS,False,False,True,False,41561.0,ELIPTIC OFTENO 5ML PF PERU,ENERO,1.0,16201.95,62857.68,62857.68,323,5
PHARMA - S,"SOUTHERN PERU COPPER CORPORATION, SUCURSAL DEL PERÉ",FLUMETOL NF,1,ENE,4410.18,120,S,CADENAS,False,False,True,False,40513.0,FLUMETOL NF OFTENO 5ML,ENERO,1.0,106644.0,144656.97,144656.97,323,6
PHARMA - S,"SOUTHERN PERU COPPER CORPORATION, SUCURSAL DEL PERÉ",GAAP PF,1,ENE,11539.84,160,S,CADENAS,False,False,True,False,41567.0,GAAP OFTENO LIBRE DE CONSER PF 3 ML PERU,ENERO,1.0,67726.3,99013.28,99013.28,323,8
PHARMA - S,"SOUTHERN PERU COPPER CORPORATION, SUCURSAL DEL PERÉ",LAGRICEL,1,ENE,5702.74,130,S,CADENAS,False,False,True,False,40515.0,LAGRICEL OFTENO 0.5 ML,ENERO,1.0,154236.51,132452.04,132452.04,323,9
PHARMA - S,"SOUTHERN PERU COPPER CORPORATION, SUCURSAL DEL PERÉ",TRAZIDEX U,1,ENE,2394.18,65,S,CADENAS,False,False,True,False,40342.0,TRAZIDEX UNGENA 3.5 G,ENERO,1.0,127130.48,135275.35,135275.35,323,14
PHARMA - S,"SOUTHERN PERU COPPER CORPORATION, SUCURSAL DEL PERÉ",GAAP PF,2,FEB,360.62,5,S,CADENAS,False,False,True,False,41567.0,GAAP OFTENO LIBRE DE CONSER PF 3 ML PERU,FEBRERO,0.820494884,80205.04,92164.06035,75620.14,323,8
PHARMA - S,"SOUTHERN PERU COPPER CORPORATION, SUCURSAL DEL PERÉ",LAGRICEL,2,FEB,10528.13,240,S,CADENAS,False,False,True,False,40515.0,LAGRICEL OFTENO 0.5 ML,FEBRERO,0.970823097,194840.09,165898.7416,161058.33,323,9
PHARMA - S,"SOUTHERN PERU COPPER CORPORATION, SUCURSAL DEL PERÉ",TRAZIDEX U,2,FEB,2025.85,55,S,CADENAS,False,False,True,False,40342.0,TRAZIDEX UNGENA 3.5 G,FEBRERO,0.737379291,111697.65,148184.091,109267.88,323,14
PHARMA - S,"SOUTHERN PERU COPPER CORPORATION, SUCURSAL DEL PERÉ",AQUADRAN,3,MAR,1080.0,20,S,CADENAS,False,False,True,False,41945.0,AQUADRAN 10G,MARZO,1.286810293,13176.0,33810.57818,43507.8,323,1
PHARMA - S,"SOUTHERN PERU COPPER CORPORATION, SUCURSAL DEL PERÉ",ELIPTIC PF,3,MAR,457.24,10,S,CADENAS,False,False,True,False,41561.0,ELIPTIC OFTENO 5ML PF PERU,MARZO,0.543724406,16081.78,70691.40098,38436.64,323,5
PHARMA - S,"SOUTHERN PERU COPPER CORPORATION, SUCURSAL DEL PERÉ",FLUMETOL NF,3,MAR,1102.55,30,S,CADENAS,False,False,True,False,40513.0,FLUMETOL NF OFTENO 5ML,MARZO,1.399890715,84540.52,101550.4985,142159.6,323,6
PHARMA - S,"SOUTHERN PERU COPPER CORPORATION, SUCURSAL DEL PERÉ",GAAP PF,3,MAR,5048.68,70,S,CADENAS,False,False,True,False,41567.0,GAAP OFTENO LIBRE DE CONSER PF 3 ML PERU,MARZO,0.894697886,80205.04,92164.06035,82458.99,323,8
PHARMA - S,"SOUTHERN PERU COPPER CORPORATION, SUCURSAL DEL PERÉ",LAGRICEL,3,MAR,30707.05,700,S,CADENAS,False,False,True,False,40515.0,LAGRICEL OFTENO 0.5 ML,MARZO,1.138987362,194840.09,165898.7416,188956.57,323,9
PHARMA - S,"SOUTHERN PERU COPPER CORPORATION, SUCURSAL DEL PERÉ",TRAZIDEX U,3,MAR,736.67,20,S,CADENAS,False,False,True,False,40342.0,TRAZIDEX UNGENA 3.5 G,MARZO,0.890660186,111697.65,148184.091,131981.67,323,14
PHARMA - S,"SOUTHERN PERU COPPER CORPORATION, SUCURSAL DEL PERÉ",AQUADRAN,4,ABR,0.0,20,S,CADENAS,False,False,True,True,41945.0,AQUADRAN 10G,ABRIL,1.367885669,18754.2,35738.51318,48886.2,323,1
PHARMA - S,"SOUTHERN PERU COPPER CORPORATION, SUCURSAL DEL PERÉ",ELIPTIC PF,4,ABR,914.0,20,S,CADENAS,False,False,True,False,41561.0,ELIPTIC OFTENO 5ML PF PERU,ABRIL,0.502083754,28406.63,74583.69182,37447.26,323,5
PHARMA - S,"SOUTHERN PERU COPPER CORPORATION, SUCURSAL DEL PERÉ",GAAP PF,4,ABR,721.0,10,S,CADENAS,False,False,True,False,41567.0,GAAP OFTENO LIBRE DE CONSER PF 3 ML PERU,ABRIL,0.580041645,82952.14,97315.99528,56447.33,323,8
PHARMA - S,"SOUTHERN PERU COPPER CORPORATION, SUCURSAL DEL PERÉ",LAGRICEL,4,ABR,0.0,400,S,CADENAS,False,False,True,True,40515.0,LAGRICEL OFTENO 0.5 ML,ABRIL,0.760754197,152829.6,174961.4402,133102.65,323,9
PHARMA - S,"SOUTHERN PERU COPPER CORPORATION, SUCURSAL DEL PERÉ",TRAZIDEX U,4,ABR,0.0,50,S,CADENAS,False,False,True,True,40342.0,TRAZIDEX UNGENA 3.5 G,ABRIL,0.810349246,131494.88,156358.3363,126704.86,323,14
PHARMA - S,"SOUTHERN PERU COPPER CORPORATION, SUCURSAL DEL PERÉ",AQUADRAN,5,MAY,0.0,20,S,CADENAS,False,False,True,True,41945.0,AQUADRAN 10G,MAYO,1.308504351,13786.2,35738.51318,46764.0,323,1
PHARMA - S,"SOUTHERN PERU COPPER CORPORATION, SUCURSAL DEL PERÉ",ELAR-B,5,MAY,0.0,20,S,CADENAS,False,False,True,True,42098.0,ELAR-B 5 ML,MAYO,0.690959707,0.0,24407.71845,16864.75,323,3
PHARMA - S,"SOUTHERN PERU COPPER CORPORATION, SUCURSAL DEL PERÉ",ELIPTIC PF,5,MAY,457.0,10,S,CADENAS,False,False,True,False,41561.0,ELIPTIC OFTENO 5ML PF PERU,MAYO,0.635068724,11669.87,74583.69182,47365.77,323,5
PHARMA - S,"SOUTHERN PERU COPPER CORPORATION, SUCURSAL DEL PERÉ",FLUMETOL NF,5,MAY,0.0,40,S,CADENAS,False,False,True,True,40513.0,FLUMETOL NF OFTENO 5ML,MAYO,1.182290501,84208.66,107397.8095,126975.41,323,6
PHARMA - S,"SOUTHERN PERU COPPER CORPORATION, SUCURSAL DEL PERÉ",GAAP PF,5,MAY,0.0,20,S,CADENAS,False,False,True,True,41567.0,GAAP OFTENO LIBRE DE CONSER PF 3 ML PERU,MAYO,0.695728383,103158.58,97315.99528,67705.5,323,8
PHARMA - S,"SOUTHERN PERU COPPER CORPORATION, SUCURSAL DEL PERÉ",LAGRICEL,5,MAY,0.0,560,S,CADENAS,False,False,True,True,40515.0,LAGRICEL OFTENO 0.5 ML,MAYO,0.714118093,158816.35,174961.4402,124943.13,323,9
PHARMA - S,"SOUTHERN PERU COPPER CORPORATION, SUCURSAL DEL PERÉ",AQUADRAN,6,JUN,0.0,40,S,CADENAS,False,False,True,True,41945.0,AQUADRAN 10G,JUNIO,0.329694376,15957.0,35738.51318,47521.3,323,1
PHARMA - S,"SOUTHERN PERU COPPER CORPORATION, SUCURSAL DEL PERÉ",ELIPTIC PF,6,JUN,0.0,30,S,CADENAS,False,False,True,True,41561.0,ELIPTIC OFTENO 5ML PF PERU,JUNIO,-0.431896719,12781.68,74583.69182,42371.24,323,5
PHARMA - S,"SOUTHERN PERU COPPER CORPORATION, SUCURSAL DEL PERÉ",GAAP PF,6,JUN,0.0,15,S,CADENAS,False,False,True,True,41567.0,GAAP OFTENO LIBRE DE CONSER PF 3 ML PERU,JUNIO,-0.151410313,75783.27,97315.99528,82581.35,323,8
PHARMA - S,"SOUTHERN PERU COPPER CORPORATION, SUCURSAL DEL PERÉ",LAGRICEL,6,JUN,0.0,400,S,CADENAS,False,False,True,True,40515.0,LAGRICEL OFTENO 0.5 ML,JUNIO,-0.157973323,129483.27,174961.4402,147322.2,323,9
PHARMA - S,"SOUTHERN PERU COPPER CORPORATION, SUCURSAL DEL PERÉ",TRAZIDEX U,6,JUN,0.0,85,S,CADENAS,False,False,True,True,40342.0,TRAZIDEX UNGENA 3.5 G,JUNIO,-0.144707451,114383.92,156358.3363,133732.12,323,14
PHARMA - Z1,SUCARI JAEN JOSE CARLOS,GAAP PF,2,FEB,540.93,10,Z1,LIMA,False,False,True,False,41567.0,GAAP OFTENO LIBRE DE CONSER PF 3 ML PERU,FEBRERO,0.820494884,80205.04,92164.06035,75620.14,324,8
PHARMA - Z1,SUCARI JAEN JOSE CARLOS,LAGRICEL PF,2,FEB,954.32,20,Z1,LIMA,False,False,True,False,41582.0,LAGRICEL OFTENO LIBRE DE CONSERVADORES (PF) 10 ML,FEBRERO,1.01762066,244371.43,248182.4906,252555.63,324,10
PHARMA - Z1,SUCARI JAEN JOSE CARLOS,TRAZIDEX O,2,FEB,926.1,20,Z1,LIMA,False,False,True,False,40341.0,TRAZIDEX OFTENO 5 ML.,FEBRERO,0.868398954,99642.69,95524.58531,82953.45,324,13
PHARMA - Z1,SUCARI JAEN JOSE CARLOS,FLUMETOL NF,4,ABR,408.0,10,Z1,LIMA,False,False,True,False,40513.0,FLUMETOL NF OFTENO 5ML,ABRIL,1.22328994,97096.28,107397.8095,131378.66,324,6
PHARMA - Z1,SUCARI JAEN JOSE CARLOS,GAAP PF,4,ABR,811.0,15,Z1,LIMA,False,False,True,False,41567.0,GAAP OFTENO LIBRE DE CONSER PF 3 ML PERU,ABRIL,0.580041645,82952.14,97315.99528,56447.33,324,8
PHARMA - Z1,SUCARI JAEN JOSE CARLOS,LAGRICEL PF,4,ABR,954.0,20,Z1,LIMA,False,False,True,False,41582.0,LAGRICEL OFTENO LIBRE DE CONSERVADORES (PF) 10 ML,ABRIL,1.234011277,222585.45,261957.3873,323258.37,324,10
PHARMA - Z1,SUCARI JAEN JOSE CARLOS,TRAZIDEX O,4,ABR,926.0,20,Z1,LIMA,False,False,True,False,40341.0,TRAZIDEX OFTENO 5 ML.,ABRIL,0.966120714,91975.94,101185.0264,97756.95,324,13
PHARMA - Z1,SUCARI JAEN JOSE CARLOS,AGGLAD,6,JUN,0.0,24,Z1,LIMA,False,False,True,True,40351.0,AGGLAD OFTENO 5 ML,JUNIO,-0.235301917,20271.95,120891.2407,92445.3,324,0
PHARMA - Z1,SUCARI JAEN JOSE CARLOS,ELIPTIC PF,6,JUN,784.0,24,Z1,LIMA,False,False,True,False,41561.0,ELIPTIC OFTENO 5ML PF PERU,JUNIO,-0.431896719,12781.68,74583.69182,42371.24,324,5
PHARMA - Z1,SUCARI JAEN JOSE CARLOS,GAAP PF,6,JUN,325.0,6,Z1,LIMA,False,False,True,False,41567.0,GAAP OFTENO LIBRE DE CONSER PF 3 ML PERU,JUNIO,-0.151410313,75783.27,97315.99528,82581.35,324,8
PHARMA - Z1,SUCARI JAEN JOSE CARLOS,LAGRICEL PF,6,JUN,0.0,24,Z1,LIMA,False,False,True,True,41582.0,LAGRICEL OFTENO LIBRE DE CONSERVADORES (PF) 10 ML,JUNIO,-0.085958779,182516.9,261957.3873,239439.85,324,10
PHARMA - Z1,SUCARI JAEN JOSE CARLOS,TRAZIDEX O,6,JUN,0.0,24,Z1,LIMA,False,False,True,True,40341.0,TRAZIDEX OFTENO 5 ML.,JUNIO,-0.192738462,70697.29,101185.0264,81682.78,324,13
PHARMA - N2,SURFACE LASER CENTER S.A.C.,ZEBESTEN,2,FEB,294.53,6,N2,TRUJILLO,False,False,True,False,41604.0,ZEBESTEN 5ML PERU,FEBRERO,0.998966691,24271.56,27459.43408,27431.06,325,15
PHARMA - N2,SURFACE LASER CENTER S.A.C.,ZEBESTEN,5,MAY,295.0,6,N2,TRUJILLO,False,False,True,False,41604.0,ZEBESTEN 5ML PERU,MAYO,0.825216123,27515.83,29060.89609,23981.52,325,15
PHARMA - Z1,TG LASER OFTALMICA SA,AGGLAD,1,ENE,3766.22,56,Z1,LIMA,False,False,True,False,40351.0,AGGLAD OFTENO 5 ML,ENERO,1.0,22534.35,110094.81,110094.81,326,0
PHARMA - Z1,TG LASER OFTALMICA SA,AQUADRAN,1,ENE,270.0,5,Z1,LIMA,False,False,True,False,41945.0,AQUADRAN 10G,ENERO,1.0,3348.0,44517.6,44517.6,326,1
PHARMA - Z1,TG LASER OFTALMICA SA,DUSTALOX,1,ENE,90.24,2,Z1,LIMA,False,False,True,False,41121.0,DUSTALOX 5ML,ENERO,1.0,13592.53,8778.28,8778.28,326,2
PHARMA - Z1,TG LASER OFTALMICA SA,ELIPTIC,1,ENE,2219.7,35,Z1,LIMA,False,False,True,False,41076.0,ELIPTIC OFTENO 5ML,ENERO,1.0,1539.11,12243.87,12243.87,326,4
PHARMA - Z1,TG LASER OFTALMICA SA,ELIPTIC PF,1,ENE,522.56,10,Z1,LIMA,False,False,True,False,41561.0,ELIPTIC OFTENO 5ML PF PERU,ENERO,1.0,16201.95,62857.68,62857.68,326,5
PHARMA - Z1,TG LASER OFTALMICA SA,FLUMETOL NF,1,ENE,449.19,10,Z1,LIMA,False,False,True,False,40513.0,FLUMETOL NF OFTENO 5ML,ENERO,1.0,106644.0,144656.97,144656.97,326,6
PHARMA - Z1,TG LASER OFTALMICA SA,GAAP,1,ENE,5776.98,60,Z1,LIMA,False,False,True,False,40498.0,GAAP OFTENO 3 ML,ENERO,1.0,101352.36,99775.16,99775.16,326,7
PHARMA - Z1,TG LASER OFTALMICA SA,GAAP PF,1,ENE,450.78,5,Z1,LIMA,False,False,True,False,41567.0,GAAP OFTENO LIBRE DE CONSER PF 3 ML PERU,ENERO,1.0,67726.3,99013.28,99013.28,326,8
PHARMA - Z1,TG LASER OFTALMICA SA,LAGRICEL,1,ENE,562.93,10,Z1,LIMA,False,False,True,False,40515.0,LAGRICEL OFTENO 0.5 ML,ENERO,1.0,154236.51,132452.04,132452.04,326,9
PHARMA - Z1,TG LASER OFTALMICA SA,LAGRICEL PF,1,ENE,1363.32,20,Z1,LIMA,False,False,True,False,41582.0,LAGRICEL OFTENO LIBRE DE CONSERVADORES (PF) 10 ML,ENERO,1.0,241357.65,244552.3,244552.3,326,10
PHARMA - Z1,TG LASER OFTALMICA SA,LANDAX,1,ENE,46.61,1,Z1,LIMA,False,False,True,False,41804.0,LANDAX 5ML,ENERO,1.0,2843.21,23761.78,23761.78,326,11
PHARMA - Z1,TG LASER OFTALMICA SA,SOPHIPREN,1,ENE,232.93,5,Z1,LIMA,False,False,True,False,40338.0,SOPHIPREN OFTENO 5 ML,ENERO,1.0,41450.28,50525.9,50525.9,326,12
PHARMA - Z1,TG LASER OFTALMICA SA,TRAZIDEX O,1,ENE,926.1,20,Z1,LIMA,False,False,True,False,40341.0,TRAZIDEX OFTENO 5 ML.,ENERO,1.0,107782.12,170736.47,170736.47,326,13
PHARMA - Z1,TG LASER OFTALMICA SA,TRAZIDEX U,1,ENE,935.1,20,Z1,LIMA,False,False,True,False,40342.0,TRAZIDEX UNGENA 3.5 G,ENERO,1.0,127130.48,135275.35,135275.35,326,14
PHARMA - Z1,TG LASER OFTALMICA SA,AGGLAD,2,FEB,1345.08,20,Z1,LIMA,False,False,True,False,40351.0,AGGLAD OFTENO 5 ML,FEBRERO,0.96716156,31785.06,114546.1364,110784.62,326,0
PHARMA - Z1,TG LASER OFTALMICA SA,ELIPTIC,2,FEB,2536.8,40,Z1,LIMA,False,False,True,False,41076.0,ELIPTIC OFTENO 5ML,FEBRERO,0.601609541,3462.73,37097.88238,22318.44,326,4
PHARMA - Z1,TG LASER OFTALMICA SA,FLUMETOL NF,2,FEB,898.38,20,Z1,LIMA,False,False,True,False,40513.0,FLUMETOL NF OFTENO 5ML,FEBRERO,1.285457107,84540.52,101550.4985,130538.81,326,6
PHARMA - Z1,TG LASER OFTALMICA SA,GAAP,2,FEB,5776.98,60,Z1,LIMA,False,False,True,False,40498.0,GAAP OFTENO 3 ML,FEBRERO,0.873555976,85355.44,97172.18164,84885.34,326,7
PHARMA - Z1,TG LASER OFTALMICA SA,LAGRICEL,2,FEB,562.93,10,Z1,LIMA,False,False,True,False,40515.0,LAGRICEL OFTENO 0.5 ML,FEBRERO,0.970823097,194840.09,165898.7416,161058.33,326,9
PHARMA - Z1,TG LASER OFTALMICA SA,LAGRICEL PF,2,FEB,2044.98,30,Z1,LIMA,False,False,True,False,41582.0,LAGRICEL OFTENO LIBRE DE CONSERVADORES (PF) 10 ML,FEBRERO,1.01762066,244371.43,248182.4906,252555.63,326,10
PHARMA - Z1,TG LASER OFTALMICA SA,SOPHIPREN,2,FEB,465.85,10,Z1,LIMA,False,False,True,False,40338.0,SOPHIPREN OFTENO 5 ML,FEBRERO,1.300787434,39394.05,56555.62783,73566.85,326,12
PHARMA - Z1,TG LASER OFTALMICA SA,TRAZIDEX U,2,FEB,1402.65,30,Z1,LIMA,False,False,True,False,40342.0,TRAZIDEX UNGENA 3.5 G,FEBRERO,0.737379291,111697.65,148184.091,109267.88,326,14
PHARMA - Z1,TG LASER OFTALMICA SA,ZEBESTEN,2,FEB,490.88,10,Z1,LIMA,False,False,True,False,41604.0,ZEBESTEN 5ML PERU,FEBRERO,0.998966691,24271.56,27459.43408,27431.06,326,15
PHARMA - Z1,TG LASER OFTALMICA SA,AGGLAD,3,MAR,2017.62,30,Z1,LIMA,False,False,True,False,40351.0,AGGLAD OFTENO 5 ML,MARZO,0.708033745,31785.06,114546.1364,81102.53,326,0
PHARMA - Z1,TG LASER OFTALMICA SA,ELIPTIC,3,MAR,1902.6,30,Z1,LIMA,False,False,True,False,41076.0,ELIPTIC OFTENO 5ML,MARZO,0.61397952,3462.73,37097.88238,22777.34,326,4
PHARMA - Z1,TG LASER OFTALMICA SA,FLUMETOL NF,3,MAR,449.19,10,Z1,LIMA,False,False,True,False,40513.0,FLUMETOL NF OFTENO 5ML,MARZO,1.399890715,84540.52,101550.4985,142159.6,326,6
PHARMA - Z1,TG LASER OFTALMICA SA,GAAP,3,MAR,1925.66,20,Z1,LIMA,False,False,True,False,40498.0,GAAP OFTENO 3 ML,MARZO,0.701456825,85355.44,97172.18164,68162.09,326,7
PHARMA - Z1,TG LASER OFTALMICA SA,GAAP PF,3,MAR,450.78,5,Z1,LIMA,False,False,True,False,41567.0,GAAP OFTENO LIBRE DE CONSER PF 3 ML PERU,MARZO,0.894697886,80205.04,92164.06035,82458.99,326,8
PHARMA - Z1,TG LASER OFTALMICA SA,LAGRICEL,3,MAR,1125.85,20,Z1,LIMA,False,False,True,False,40515.0,LAGRICEL OFTENO 0.5 ML,MARZO,1.138987362,194840.09,165898.7416,188956.57,326,9
PHARMA - Z1,TG LASER OFTALMICA SA,LAGRICEL PF,3,MAR,1363.32,20,Z1,LIMA,False,False,True,False,41582.0,LAGRICEL OFTENO LIBRE DE CONSERVADORES (PF) 10 ML,MARZO,1.041573922,244371.43,248182.4906,258500.41,326,10
PHARMA - Z1,TG LASER OFTALMICA SA,TRAZIDEX O,3,MAR,463.05,10,Z1,LIMA,False,False,True,False,40341.0,TRAZIDEX OFTENO 5 ML.,MARZO,0.841410928,99642.69,95524.58531,80375.43,326,13
PHARMA - Z1,TG LASER OFTALMICA SA,TRAZIDEX U,3,MAR,935.1,20,Z1,LIMA,False,False,True,False,40342.0,TRAZIDEX UNGENA 3.5 G,MARZO,0.890660186,111697.65,148184.091,131981.67,326,14
PHARMA - Z1,TG LASER OFTALMICA SA,ZEBESTEN,3,MAR,490.88,10,Z1,LIMA,False,False,True,False,41604.0,ZEBESTEN 5ML PERU,MARZO,1.283372043,24271.56,27459.43408,35240.67,326,15
PHARMA - Z1,TG LASER OFTALMICA SA,AGGLAD,4,ABR,0.0,30,Z1,LIMA,False,False,True,True,40351.0,AGGLAD OFTENO 5 ML,ABRIL,0.757043269,24635.46,120891.2407,91519.9,326,0
PHARMA - Z1,TG LASER OFTALMICA SA,DUSTALOX,4,ABR,226.0,5,Z1,LIMA,False,False,True,False,41121.0,DUSTALOX 5ML,ABRIL,0.650326442,9428.91,11675.36719,7592.8,326,2
PHARMA - Z1,TG LASER OFTALMICA SA,ELIPTIC,4,ABR,0.0,20,Z1,LIMA,False,False,True,True,41076.0,ELIPTIC OFTENO 5ML,ABRIL,0.367779928,4871.41,39043.81097,14359.53,326,4
PHARMA - Z1,TG LASER OFTALMICA SA,ELIPTIC PF,4,ABR,261.0,5,Z1,LIMA,False,False,True,False,41561.0,ELIPTIC OFTENO 5ML PF PERU,ABRIL,0.502083754,28406.63,74583.69182,37447.26,326,5
PHARMA - Z1,TG LASER OFTALMICA SA,FLUMETOL NF,4,ABR,898.0,20,Z1,LIMA,False,False,True,False,40513.0,FLUMETOL NF OFTENO 5ML,ABRIL,1.22328994,97096.28,107397.8095,131378.66,326,6
PHARMA - Z1,TG LASER OFTALMICA SA,GAAP,4,ABR,0.0,50,Z1,LIMA,False,False,True,True,40498.0,GAAP OFTENO 3 ML,ABRIL,0.475712047,79645.31,102582.687,48799.82,326,7
PHARMA - Z1,TG LASER OFTALMICA SA,GAAP PF,4,ABR,451.0,5,Z1,LIMA,False,False,True,False,41567.0,GAAP OFTENO LIBRE DE CONSER PF 3 ML PERU,ABRIL,0.580041645,82952.14,97315.99528,56447.33,326,8
PHARMA - Z1,TG LASER OFTALMICA SA,LAGRICEL,4,ABR,0.0,20,Z1,LIMA,False,False,True,True,40515.0,LAGRICEL OFTENO 0.5 ML,ABRIL,0.760754197,152829.6,174961.4402,133102.65,326,9
PHARMA - Z1,TG LASER OFTALMICA SA,LAGRICEL PF,4,ABR,0.0,20,Z1,LIMA,False,False,True,True,41582.0,LAGRICEL OFTENO LIBRE DE CONSERVADORES (PF) 10 ML,ABRIL,1.234011277,222585.45,261957.3873,323258.37,326,10
PHARMA - Z1,TG LASER OFTALMICA SA,SOPHIPREN,4,ABR,466.0,10,Z1,LIMA,False,False,True,False,40338.0,SOPHIPREN OFTENO 5 ML,ABRIL,1.125758804,51339.43,59671.10342,67175.27,326,12
PHARMA - Z1,TG LASER OFTALMICA SA,ZEBESTEN,4,ABR,491.0,10,Z1,LIMA,False,False,True,False,41604.0,ZEBESTEN 5ML PERU,ABRIL,1.062586642,26953.56,29060.89609,30879.72,326,15
PHARMA - Z1,TG LASER OFTALMICA SA,AGGLAD,5,MAY,0.0,20,Z1,LIMA,False,False,True,True,40351.0,AGGLAD OFTENO 5 ML,MAYO,0.670022241,26193.67,120891.2407,80999.82,326,0
PHARMA - Z1,TG LASER OFTALMICA SA,ELAR-B,5,MAY,288.0,5,Z1,LIMA,False,False,True,False,42098.0,ELAR-B 5 ML,MAYO,0.690959707,0.0,24407.71845,16864.75,326,3
PHARMA - Z1,TG LASER OFTALMICA SA,ELIPTIC PF,5,MAY,523.0,10,Z1,LIMA,False,False,True,False,41561.0,ELIPTIC OFTENO 5ML PF PERU,MAYO,0.635068724,11669.87,74583.69182,47365.77,326,5
PHARMA - Z1,TG LASER OFTALMICA SA,GAAP,5,MAY,0.0,40,Z1,LIMA,False,False,True,True,40498.0,GAAP OFTENO 3 ML,MAYO,0.567550546,86214.37,102582.687,58220.86,326,7
PHARMA - Z1,TG LASER OFTALMICA SA,GAAP PF,5,MAY,451.0,5,Z1,LIMA,False,False,True,False,41567.0,GAAP OFTENO LIBRE DE CONSER PF 3 ML PERU,MAYO,0.695728383,103158.58,97315.99528,67705.5,326,8
PHARMA - Z1,TG LASER OFTALMICA SA,LAGRICEL PF,5,MAY,0.0,20,Z1,LIMA,False,False,True,True,41582.0,LAGRICEL OFTENO LIBRE DE CONSERVADORES (PF) 10 ML,MAYO,0.852391423,198666.14,261957.3873,223290.23,326,10
PHARMA - Z1,TG LASER OFTALMICA SA,TRAZIDEX O,5,MAY,463.0,10,Z1,LIMA,False,False,True,False,40341.0,TRAZIDEX OFTENO 5 ML.,MAYO,0.725790194,64098.19,101185.0264,73439.1,326,13
PHARMA - Z1,TG LASER OFTALMICA SA,TRAZIDEX U,5,MAY,935.0,20,Z1,LIMA,False,False,True,False,40342.0,TRAZIDEX UNGENA 3.5 G,MAYO,0.799544258,131001.94,156358.3363,125015.41,326,14
PHARMA - Z1,TG LASER OFTALMICA SA,AGGLAD,6,JUN,0.0,20,Z1,LIMA,False,False,True,True,40351.0,AGGLAD OFTENO 5 ML,JUNIO,-0.235301917,20271.95,120891.2407,92445.3,326,0
PHARMA - Z1,TG LASER OFTALMICA SA,ELAR-B,6,JUN,288.0,5,Z1,LIMA,False,False,True,False,42098.0,ELAR-B 5 ML,JUNIO,-0.29490542,0.0,24407.71845,17209.75,326,3
PHARMA - Z1,TG LASER OFTALMICA SA,ELIPTIC,6,JUN,0.0,20,Z1,LIMA,False,False,True,True,41076.0,ELIPTIC OFTENO 5ML,JUNIO,-0.521091319,5789.48,39043.81097,18698.42,326,4
PHARMA - Z1,TG LASER OFTALMICA SA,GAAP,6,JUN,0.0,20,Z1,LIMA,False,False,True,True,40498.0,GAAP OFTENO 3 ML,JUNIO,-0.271295457,79907.03,102582.687,74752.47,326,7
PHARMA - Z1,TG LASER OFTALMICA SA,LAGRICEL PF,6,JUN,682.0,10,Z1,LIMA,False,False,True,False,41582.0,LAGRICEL OFTENO LIBRE DE CONSERVADORES (PF) 10 ML,JUNIO,-0.085958779,182516.9,261957.3873,239439.85,326,10
PHARMA - Z1,TG LASER OFTALMICA SA,TRAZIDEX U,6,JUN,935.0,20,Z1,LIMA,False,False,True,False,40342.0,TRAZIDEX UNGENA 3.5 G,JUNIO,-0.144707451,114383.92,156358.3363,133732.12,326,14
PHARMA - Z1,TG LASER OFTALMICA SA,FLUMETOL NF,7,JUL,449.0,10,Z1,LIMA,False,False,True,False,40513.0,FLUMETOL NF OFTENO 5ML,JULIO,-0.833324001,99312.38,119092.4315,19849.85,326,6
PHARMA - Z1,TG LASER OFTALMICA SA,GAAP,7,JUL,0.0,20,Z1,LIMA,False,False,True,True,40498.0,GAAP OFTENO 3 ML,JULIO,-0.93275572,98357.17,113403.6977,7625.75,326,7
PHARMA - Z1,TG LASER OFTALMICA SA,LAGRICEL PF,7,JUL,0.0,20,Z1,LIMA,False,False,True,True,41582.0,LAGRICEL OFTENO LIBRE DE CONSERVADORES (PF) 10 ML,JULIO,-0.871300153,205886.66,289507.1807,37259.53,326,10
PHARMA - Z1,TG LASER OFTALMICA SA,ZEBESTEN,7,JUL,491.0,10,Z1,LIMA,False,False,True,False,41604.0,ZEBESTEN 5ML PERU,JULIO,-0.92254451,24070.81,32263.82012,2499.01,326,15
PHARMA - Z2,TILCARA E.I.R.L,FLUMETOL NF,4,ABR,490.0,12,Z2,CALLAO,False,False,True,False,40513.0,FLUMETOL NF OFTENO 5ML,ABRIL,1.22328994,97096.28,107397.8095,131378.66,327,6
PHARMA - Z2,TILCARA E.I.R.L,AGGLAD,5,MAY,660.0,12,Z2,CALLAO,False,False,True,False,40351.0,AGGLAD OFTENO 5 ML,MAYO,0.670022241,26193.67,120891.2407,80999.82,327,0
PHARMA - Z2,TILCARA E.I.R.L,ELIPTIC PF,5,MAY,423.0,12,Z2,CALLAO,False,False,True,False,41561.0,ELIPTIC OFTENO 5ML PF PERU,MAYO,0.635068724,11669.87,74583.69182,47365.77,327,5
PHARMA - Z2,UNOVE S.A.C.,DUSTALOX,1,ENE,902.44,20,Z2,CALLAO,False,False,True,False,41121.0,DUSTALOX 5ML,ENERO,1.0,13592.53,8778.28,8778.28,328,2
PHARMA - Z2,UNOVE S.A.C.,GAAP,1,ENE,787.77,10,Z2,CALLAO,False,False,True,False,40498.0,GAAP OFTENO 3 ML,ENERO,1.0,101352.36,99775.16,99775.16,328,7
PHARMA - Z2,UNOVE S.A.C.,LAGRICEL PF,1,ENE,2385.81,50,Z2,CALLAO,False,False,True,False,41582.0,LAGRICEL OFTENO LIBRE DE CONSERVADORES (PF) 10 ML,ENERO,1.0,241357.65,244552.3,244552.3,328,10
PHARMA - Z2,UNOVE S.A.C.,TRAZIDEX O,1,ENE,1852.2,40,Z2,CALLAO,False,False,True,False,40341.0,TRAZIDEX OFTENO 5 ML.,ENERO,1.0,107782.12,170736.47,170736.47,328,13
PHARMA - Z2,UNOVE S.A.C.,TRAZIDEX U,1,ENE,841.59,20,Z2,CALLAO,False,False,True,False,40342.0,TRAZIDEX UNGENA 3.5 G,ENERO,1.0,127130.48,135275.35,135275.35,328,14
PHARMA - Z2,UNOVE S.A.C.,ZEBESTEN,1,ENE,928.2,20,Z2,CALLAO,False,False,True,False,41604.0,ZEBESTEN 5ML PERU,ENERO,1.0,31496.43,43862.02,43862.02,328,15
PHARMA - Z2,UNOVE S.A.C.,AGGLAD,2,FEB,1100.52,20,Z2,CALLAO,False,False,True,False,40351.0,AGGLAD OFTENO 5 ML,FEBRERO,0.96716156,31785.06,114546.1364,110784.62,328,0
PHARMA - Z2,UNOVE S.A.C.,ELIPTIC,2,FEB,761.04,20,Z2,CALLAO,False,False,True,False,41076.0,ELIPTIC OFTENO 5ML,FEBRERO,0.601609541,3462.73,37097.88238,22318.44,328,4
PHARMA - Z2,UNOVE S.A.C.,TRAZIDEX O,2,FEB,926.1,20,Z2,CALLAO,False,False,True,False,40341.0,TRAZIDEX OFTENO 5 ML.,FEBRERO,0.868398954,99642.69,95524.58531,82953.45,328,13
PHARMA - Z2,UNOVE S.A.C.,TRAZIDEX U,2,FEB,841.59,20,Z2,CALLAO,False,False,True,False,40342.0,TRAZIDEX UNGENA 3.5 G,FEBRERO,0.737379291,111697.65,148184.091,109267.88,328,14
PHARMA - Z2,UNOVE S.A.C.,ELIPTIC PF,3,MAR,940.61,20,Z2,CALLAO,False,False,True,False,41561.0,ELIPTIC OFTENO 5ML PF PERU,MARZO,0.543724406,16081.78,70691.40098,38436.64,328,5
PHARMA - Z2,UNOVE S.A.C.,GAAP,3,MAR,1575.54,20,Z2,CALLAO,False,False,True,False,40498.0,GAAP OFTENO 3 ML,MARZO,0.701456825,85355.44,97172.18164,68162.09,328,7
PHARMA - Z2,UNOVE S.A.C.,LAGRICEL PF,3,MAR,2385.81,50,Z2,CALLAO,False,False,True,False,41582.0,LAGRICEL OFTENO LIBRE DE CONSERVADORES (PF) 10 ML,MARZO,1.041573922,244371.43,248182.4906,258500.41,328,10
PHARMA - Z2,UNOVE S.A.C.,TRAZIDEX O,3,MAR,1852.2,40,Z2,CALLAO,False,False,True,False,40341.0,TRAZIDEX OFTENO 5 ML.,MARZO,0.841410928,99642.69,95524.58531,80375.43,328,13
PHARMA - Z2,UNOVE S.A.C.,TRAZIDEX U,3,MAR,1683.18,40,Z2,CALLAO,False,False,True,False,40342.0,TRAZIDEX UNGENA 3.5 G,MARZO,0.890660186,111697.65,148184.091,131981.67,328,14
PHARMA - Z2,UNOVE S.A.C.,ZEBESTEN,3,MAR,464.1,10,Z2,CALLAO,False,False,True,False,41604.0,ZEBESTEN 5ML PERU,MARZO,1.283372043,24271.56,27459.43408,35240.67,328,15
PHARMA - Z2,UNOVE S.A.C.,LAGRICEL PF,4,ABR,0.0,50,Z2,CALLAO,False,False,True,True,41582.0,LAGRICEL OFTENO LIBRE DE CONSERVADORES (PF) 10 ML,ABRIL,1.234011277,222585.45,261957.3873,323258.37,328,10
PHARMA - Z2,UNOVE S.A.C.,TRAZIDEX O,4,ABR,0.0,40,Z2,CALLAO,False,False,True,True,40341.0,TRAZIDEX OFTENO 5 ML.,ABRIL,0.966120714,91975.94,101185.0264,97756.95,328,13
PHARMA - Z2,UNOVE S.A.C.,TRAZIDEX U,4,ABR,0.0,40,Z2,CALLAO,False,False,True,True,40342.0,TRAZIDEX UNGENA 3.5 G,ABRIL,0.810349246,131494.88,156358.3363,126704.86,328,14
PHARMA - Z2,UNOVE S.A.C.,AGGLAD,5,MAY,550.0,10,Z2,CALLAO,False,False,True,False,40351.0,AGGLAD OFTENO 5 ML,MAYO,0.670022241,26193.67,120891.2407,80999.82,328,0
PHARMA - Z2,UNOVE S.A.C.,DUSTALOX,5,MAY,451.0,10,Z2,CALLAO,False,False,True,False,41121.0,DUSTALOX 5ML,MAYO,0.508953586,12191.14,11675.36719,5942.22,328,2
PHARMA - Z2,UNOVE S.A.C.,ELIPTIC PF,5,MAY,941.0,20,Z2,CALLAO,False,False,True,False,41561.0,ELIPTIC OFTENO 5ML PF PERU,MAYO,0.635068724,11669.87,74583.69182,47365.77,328,5
PHARMA - Z2,UNOVE S.A.C.,GAAP PF,5,MAY,902.0,10,Z2,CALLAO,False,False,True,False,41567.0,GAAP OFTENO LIBRE DE CONSER PF 3 ML PERU,MAYO,0.695728383,103158.58,97315.99528,67705.5,328,8
PHARMA - Z2,UNOVE S.A.C.,TRAZIDEX O,5,MAY,0.0,40,Z2,CALLAO,False,False,True,True,40341.0,TRAZIDEX OFTENO 5 ML.,MAYO,0.725790194,64098.19,101185.0264,73439.1,328,13
PHARMA - Z2,UNOVE S.A.C.,TRAZIDEX U,5,MAY,842.0,20,Z2,CALLAO,False,False,True,False,40342.0,TRAZIDEX UNGENA 3.5 G,MAYO,0.799544258,131001.94,156358.3363,125015.41,328,14
PHARMA - Z2,UNOVE S.A.C.,ZEBESTEN,5,MAY,928.0,20,Z2,CALLAO,False,False,True,False,41604.0,ZEBESTEN 5ML PERU,MAYO,0.825216123,27515.83,29060.89609,23981.52,328,15
PHARMA - Z2,UNOVE S.A.C.,ELIPTIC PF,6,JUN,470.0,10,Z2,CALLAO,False,False,True,False,41561.0,ELIPTIC OFTENO 5ML PF PERU,JUNIO,-0.431896719,12781.68,74583.69182,42371.24,328,5
PHARMA - Z2,UNOVE S.A.C.,GAAP,6,JUN,788.0,10,Z2,CALLAO,False,False,True,False,40498.0,GAAP OFTENO 3 ML,JUNIO,-0.271295457,79907.03,102582.687,74752.47,328,7
PHARMA - Z2,UNOVE S.A.C.,LAGRICEL PF,6,JUN,0.0,50,Z2,CALLAO,False,False,True,True,41582.0,LAGRICEL OFTENO LIBRE DE CONSERVADORES (PF) 10 ML,JUNIO,-0.085958779,182516.9,261957.3873,239439.85,328,10
PHARMA - Z2,UNOVE S.A.C.,TRAZIDEX O,6,JUN,0.0,40,Z2,CALLAO,False,False,True,True,40341.0,TRAZIDEX OFTENO 5 ML.,JUNIO,-0.192738462,70697.29,101185.0264,81682.78,328,13
PHARMA - Z2,UNOVE S.A.C.,TRAZIDEX U,6,JUN,0.0,40,Z2,CALLAO,False,False,True,True,40342.0,TRAZIDEX UNGENA 3.5 G,JUNIO,-0.144707451,114383.92,156358.3363,133732.12,328,14
PHARMA - N1,URBINA SANTA MARIA MARCO ANTONIO,ELIPTIC PF,1,ENE,407.6,12,N1,CHICLAYO,False,False,True,False,41561.0,ELIPTIC OFTENO 5ML PF PERU,ENERO,1.0,16201.95,62857.68,62857.68,329,5
PHARMA - N1,URBINA SANTA MARIA MARCO ANTONIO,AGGLAD,2,FEB,1100.52,20,N1,CHICLAYO,False,False,True,False,40351.0,AGGLAD OFTENO 5 ML,FEBRERO,0.96716156,31785.06,114546.1364,110784.62,329,0
PHARMA - N1,URBINA SANTA MARIA MARCO ANTONIO,ELIPTIC PF,2,FEB,679.33,20,N1,CHICLAYO,False,False,True,False,41561.0,ELIPTIC OFTENO 5ML PF PERU,FEBRERO,0.876631233,16081.78,70691.40098,61970.29,329,5
PHARMA - N1,URBINA SANTA MARIA MARCO ANTONIO,FLUMETOL NF,3,MAR,898.37,20,N1,CHICLAYO,False,False,True,False,40513.0,FLUMETOL NF OFTENO 5ML,MARZO,1.399890715,84540.52,101550.4985,142159.6,329,6
PHARMA - N1,URBINA SANTA MARIA MARCO ANTONIO,AGGLAD,4,ABR,0.0,20,N1,CHICLAYO,False,False,True,True,40351.0,AGGLAD OFTENO 5 ML,ABRIL,0.757043269,24635.46,120891.2407,91519.9,329,0
PHARMA - N1,URBINA SANTA MARIA MARCO ANTONIO,ELIPTIC PF,4,ABR,0.0,40,N1,CHICLAYO,False,False,True,True,41561.0,ELIPTIC OFTENO 5ML PF PERU,ABRIL,0.502083754,28406.63,74583.69182,37447.26,329,5
PHARMA - N1,URBINA SANTA MARIA MARCO ANTONIO,FLUMETOL NF,4,ABR,898.0,20,N1,CHICLAYO,False,False,True,False,40513.0,FLUMETOL NF OFTENO 5ML,ABRIL,1.22328994,97096.28,107397.8095,131378.66,329,6
PHARMA - N1,URBINA SANTA MARIA MARCO ANTONIO,GAAP PF,4,ABR,0.0,20,N1,CHICLAYO,False,False,True,True,41567.0,GAAP OFTENO LIBRE DE CONSER PF 3 ML PERU,ABRIL,0.580041645,82952.14,97315.99528,56447.33,329,8
PHARMA - N1,URBINA SANTA MARIA MARCO ANTONIO,SOPHIPREN,4,ABR,932.0,20,N1,CHICLAYO,False,False,True,False,40338.0,SOPHIPREN OFTENO 5 ML,ABRIL,1.125758804,51339.43,59671.10342,67175.27,329,12
PHARMA - N1,URBINA SANTA MARIA MARCO ANTONIO,TRAZIDEX O,4,ABR,0.0,20,N1,CHICLAYO,False,False,True,True,40341.0,TRAZIDEX OFTENO 5 ML.,ABRIL,0.966120714,91975.94,101185.0264,97756.95,329,13
PHARMA - N1,URBINA SANTA MARIA MARCO ANTONIO,ELIPTIC PF,5,MAY,408.0,12,N1,CHICLAYO,False,False,True,False,41561.0,ELIPTIC OFTENO 5ML PF PERU,MAYO,0.635068724,11669.87,74583.69182,47365.77,329,5
PHARMA - N1,URBINA SANTA MARIA MARCO ANTONIO,TRAZIDEX O,5,MAY,611.0,12,N1,CHICLAYO,False,False,True,False,40341.0,TRAZIDEX OFTENO 5 ML.,MAYO,0.725790194,64098.19,101185.0264,73439.1,329,13
PHARMA - N1,URBINA SANTA MARIA MARCO ANTONIO,ZEBESTEN,5,MAY,589.0,12,N1,CHICLAYO,False,False,True,False,41604.0,ZEBESTEN 5ML PERU,MAYO,0.825216123,27515.83,29060.89609,23981.52,329,15
PHARMA - N1,URBINA SANTA MARIA MARCO ANTONIO,FLUMETOL NF,6,JUN,898.0,20,N1,CHICLAYO,False,False,True,False,40513.0,FLUMETOL NF OFTENO 5ML,JUNIO,0.071788154,87288.94,107397.8095,115107.7,329,6
PHARMA - Z1,VALEVISION S.A.C.,AQUADRAN,1,ENE,972.0,20,Z1,LIMA,False,False,True,False,41945.0,AQUADRAN 10G,ENERO,1.0,3348.0,44517.6,44517.6,330,1
PHARMA - Z1,VALEVISION S.A.C.,TRAZIDEX U,1,ENE,467.56,10,Z1,LIMA,False,False,True,False,40342.0,TRAZIDEX UNGENA 3.5 G,ENERO,1.0,127130.48,135275.35,135275.35,330,14
PHARMA - Z1,VALEVISION S.A.C.,AGGLAD,2,FEB,1100.52,20,Z1,LIMA,False,False,True,False,40351.0,AGGLAD OFTENO 5 ML,FEBRERO,0.96716156,31785.06,114546.1364,110784.62,330,0
PHARMA - Z1,VALEVISION S.A.C.,ELIPTIC PF,2,FEB,679.33,20,Z1,LIMA,False,False,True,False,41561.0,ELIPTIC OFTENO 5ML PF PERU,FEBRERO,0.876631233,16081.78,70691.40098,61970.29,330,5
PHARMA - Z1,VALEVISION S.A.C.,TRAZIDEX U,2,FEB,467.55,10,Z1,LIMA,False,False,True,False,40342.0,TRAZIDEX UNGENA 3.5 G,FEBRERO,0.737379291,111697.65,148184.091,109267.88,330,14
PHARMA - Z1,VALEVISION S.A.C.,AQUADRAN,3,MAR,486.0,10,Z1,LIMA,False,False,True,False,41945.0,AQUADRAN 10G,MARZO,1.286810293,13176.0,33810.57818,43507.8,330,1
PHARMA - Z1,VALEVISION S.A.C.,FLUMETOL NF,3,MAR,408.35,10,Z1,LIMA,False,False,True,False,40513.0,FLUMETOL NF OFTENO 5ML,MARZO,1.399890715,84540.52,101550.4985,142159.6,330,6
PHARMA - Z1,VALEVISION S.A.C.,GAAP PF,3,MAR,901.55,10,Z1,LIMA,False,False,True,False,41567.0,GAAP OFTENO LIBRE DE CONSER PF 3 ML PERU,MARZO,0.894697886,80205.04,92164.06035,82458.99,330,8
PHARMA - Z1,VALEVISION S.A.C.,LAGRICEL PF,3,MAR,238.58,5,Z1,LIMA,False,False,True,False,41582.0,LAGRICEL OFTENO LIBRE DE CONSERVADORES (PF) 10 ML,MARZO,1.041573922,244371.43,248182.4906,258500.41,330,10
PHARMA - Z1,VALEVISION S.A.C.,TRAZIDEX U,3,MAR,467.55,10,Z1,LIMA,False,False,True,False,40342.0,TRAZIDEX UNGENA 3.5 G,MARZO,0.890660186,111697.65,148184.091,131981.67,330,14
PHARMA - Z1,VALEVISION S.A.C.,LAGRICEL PF,4,ABR,477.0,10,Z1,LIMA,False,False,True,False,41582.0,LAGRICEL OFTENO LIBRE DE CONSERVADORES (PF) 10 ML,ABRIL,1.234011277,222585.45,261957.3873,323258.37,330,10
PHARMA - Z1,VALEVISION S.A.C.,TRAZIDEX U,4,ABR,468.0,10,Z1,LIMA,False,False,True,False,40342.0,TRAZIDEX UNGENA 3.5 G,ABRIL,0.810349246,131494.88,156358.3363,126704.86,330,14
PHARMA - Z1,VALEVISION S.A.C.,AQUADRAN,5,MAY,486.0,10,Z1,LIMA,False,False,True,False,41945.0,AQUADRAN 10G,MAYO,1.308504351,13786.2,35738.51318,46764.0,330,1
PHARMA - Z1,VALEVISION S.A.C.,TRAZIDEX U,5,MAY,935.0,20,Z1,LIMA,False,False,True,False,40342.0,TRAZIDEX UNGENA 3.5 G,MAYO,0.799544258,131001.94,156358.3363,125015.41,330,14
PHARMA - Z1,VALEVISION S.A.C.,AQUADRAN,6,JUN,486.0,10,Z1,LIMA,False,False,True,False,41945.0,AQUADRAN 10G,JUNIO,0.329694376,15957.0,35738.51318,47521.3,330,1
PHARMA - Z1,VALEVISION S.A.C.,GAAP PF,6,JUN,902.0,10,Z1,LIMA,False,False,True,False,41567.0,GAAP OFTENO LIBRE DE CONSER PF 3 ML PERU,JUNIO,-0.151410313,75783.27,97315.99528,82581.35,330,8
PHARMA - Z1,VALEVISION S.A.C.,LAGRICEL PF,6,JUN,477.0,10,Z1,LIMA,False,False,True,False,41582.0,LAGRICEL OFTENO LIBRE DE CONSERVADORES (PF) 10 ML,JUNIO,-0.085958779,182516.9,261957.3873,239439.85,330,10
PHARMA - Z1,VALEVISION S.A.C.,FLUMETOL NF,7,JUL,408.0,10,Z1,LIMA,False,False,True,False,40513.0,FLUMETOL NF OFTENO 5ML,JULIO,-0.833324001,99312.38,119092.4315,19849.85,330,6
PHARMA - Z1,VALEVISION S.A.C.,LAGRICEL PF,7,JUL,477.0,10,Z1,LIMA,False,False,True,False,41582.0,LAGRICEL OFTENO LIBRE DE CONSERVADORES (PF) 10 ML,JULIO,-0.871300153,205886.66,289507.1807,37259.53,330,10
PHARMA - Z1,VALEVISION S.A.C.,TRAZIDEX U,7,JUL,468.0,10,Z1,LIMA,False,False,True,False,40342.0,TRAZIDEX UNGENA 3.5 G,JULIO,-0.835453002,134186.98,172706.827,28418.39,330,14
PHARMA - Z1,VELASQUEZ RUIZ JULIO CESAR,LAGRICEL PF,6,JUN,477.0,10,Z1,LIMA,False,False,True,False,41582.0,LAGRICEL OFTENO LIBRE DE CONSERVADORES (PF) 10 ML,JUNIO,-0.085958779,182516.9,261957.3873,239439.85,331,10
PHARMA - Z1,VENUS BELLEZA Y SALUD S.A.C.,AGGLAD,1,ENE,134.51,2,Z1,LIMA,False,False,True,False,40351.0,AGGLAD OFTENO 5 ML,ENERO,1.0,22534.35,110094.81,110094.81,332,0
PHARMA - Z1,VENUS BELLEZA Y SALUD S.A.C.,FLUMETOL NF,1,ENE,53.09,1,Z1,LIMA,False,False,True,False,40513.0,FLUMETOL NF OFTENO 5ML,ENERO,1.0,106644.0,144656.97,144656.97,332,6
PHARMA - Z1,VENUS BELLEZA Y SALUD S.A.C.,LAGRICEL PF,1,ENE,147.69,2,Z1,LIMA,False,False,True,False,41582.0,LAGRICEL OFTENO LIBRE DE CONSERVADORES (PF) 10 ML,ENERO,1.0,241357.65,244552.3,244552.3,332,10
PHARMA - Z1,VENUS BELLEZA Y SALUD S.A.C.,SOPHIPREN,1,ENE,110.11,2,Z1,LIMA,False,False,True,False,40338.0,SOPHIPREN OFTENO 5 ML,ENERO,1.0,41450.28,50525.9,50525.9,332,12
PHARMA - Z1,VENUS BELLEZA Y SALUD S.A.C.,TRAZIDEX O,1,ENE,120.39,2,Z1,LIMA,False,False,True,False,40341.0,TRAZIDEX OFTENO 5 ML.,ENERO,1.0,107782.12,170736.47,170736.47,332,13
PHARMA - Z1,VENUS BELLEZA Y SALUD S.A.C.,TRAZIDEX U,1,ENE,121.56,2,Z1,LIMA,False,False,True,False,40342.0,TRAZIDEX UNGENA 3.5 G,ENERO,1.0,127130.48,135275.35,135275.35,332,14
PHARMA - Z1,VESALIO S.A.,AGGLAD,1,ENE,126.76,2,Z1,LIMA,False,False,True,False,40351.0,AGGLAD OFTENO 5 ML,ENERO,1.0,22534.35,110094.81,110094.81,333,0
PHARMA - Z1,VESALIO S.A.,FLUMETOL NF,1,ENE,120.72,3,Z1,LIMA,False,False,True,False,40513.0,FLUMETOL NF OFTENO 5ML,ENERO,1.0,106644.0,144656.97,144656.97,333,6
PHARMA - Z1,VESALIO S.A.,GAAP PF,1,ENE,2704.66,30,Z1,LIMA,False,False,True,False,41567.0,GAAP OFTENO LIBRE DE CONSER PF 3 ML PERU,ENERO,1.0,67726.3,99013.28,99013.28,333,8
PHARMA - Z1,VESALIO S.A.,TRAZIDEX U,1,ENE,636.94,19,Z1,LIMA,False,False,True,False,40342.0,TRAZIDEX UNGENA 3.5 G,ENERO,1.0,127130.48,135275.35,135275.35,333,14
PHARMA - Z1,VESALIO S.A.,AGGLAD,2,FEB,380.27,6,Z1,LIMA,False,False,True,False,40351.0,AGGLAD OFTENO 5 ML,FEBRERO,0.96716156,31785.06,114546.1364,110784.62,333,0
PHARMA - Z1,VESALIO S.A.,GAAP PF,2,FEB,2253.88,25,Z1,LIMA,False,False,True,False,41567.0,GAAP OFTENO LIBRE DE CONSER PF 3 ML PERU,FEBRERO,0.820494884,80205.04,92164.06035,75620.14,333,8
PHARMA - Z1,VESALIO S.A.,LAGRICEL,2,FEB,414.42,10,Z1,LIMA,False,False,True,False,40515.0,LAGRICEL OFTENO 0.5 ML,FEBRERO,0.970823097,194840.09,165898.7416,161058.33,333,9
PHARMA - Z1,VESALIO S.A.,TRAZIDEX U,2,FEB,536.37,16,Z1,LIMA,False,False,True,False,40342.0,TRAZIDEX UNGENA 3.5 G,FEBRERO,0.737379291,111697.65,148184.091,109267.88,333,14
PHARMA - Z1,VESALIO S.A.,AGGLAD,3,MAR,316.89,5,Z1,LIMA,False,False,True,False,40351.0,AGGLAD OFTENO 5 ML,MARZO,0.708033745,31785.06,114546.1364,81102.53,333,0
PHARMA - Z1,VESALIO S.A.,GAAP PF,3,MAR,270.47,3,Z1,LIMA,False,False,True,False,41567.0,GAAP OFTENO LIBRE DE CONSER PF 3 ML PERU,MARZO,0.894697886,80205.04,92164.06035,82458.99,333,8
PHARMA - Z1,VESALIO S.A.,LAGRICEL,3,MAR,207.2,5,Z1,LIMA,False,False,True,False,40515.0,LAGRICEL OFTENO 0.5 ML,MARZO,1.138987362,194840.09,165898.7416,188956.57,333,9
PHARMA - Z1,VESALIO S.A.,TRAZIDEX U,3,MAR,569.9,17,Z1,LIMA,False,False,True,False,40342.0,TRAZIDEX UNGENA 3.5 G,MARZO,0.890660186,111697.65,148184.091,131981.67,333,14
PHARMA - Z1,VESALIO S.A.,GAAP PF,4,ABR,0.0,18,Z1,LIMA,False,False,True,True,41567.0,GAAP OFTENO LIBRE DE CONSER PF 3 ML PERU,ABRIL,0.580041645,82952.14,97315.99528,56447.33,333,8
PHARMA - Z1,VESALIO S.A.,LAGRICEL,4,ABR,497.0,12,Z1,LIMA,False,False,True,False,40515.0,LAGRICEL OFTENO 0.5 ML,ABRIL,0.760754197,152829.6,174961.4402,133102.65,333,9
PHARMA - Z1,VESALIO S.A.,AGGLAD,5,MAY,317.0,5,Z1,LIMA,False,False,True,False,40351.0,AGGLAD OFTENO 5 ML,MAYO,0.670022241,26193.67,120891.2407,80999.82,333,0
PHARMA - Z1,VESALIO S.A.,GAAP PF,5,MAY,631.0,7,Z1,LIMA,False,False,True,False,41567.0,GAAP OFTENO LIBRE DE CONSER PF 3 ML PERU,MAYO,0.695728383,103158.58,97315.99528,67705.5,333,8
PHARMA - Z1,VESALIO S.A.,LAGRICEL,5,MAY,705.0,17,Z1,LIMA,False,False,True,False,40515.0,LAGRICEL OFTENO 0.5 ML,MAYO,0.714118093,158816.35,174961.4402,124943.13,333,9
PHARMA - Z1,VESALIO S.A.,FLUMETOL NF,6,JUN,121.0,3,Z1,LIMA,False,False,True,False,40513.0,FLUMETOL NF OFTENO 5ML,JUNIO,0.071788154,87288.94,107397.8095,115107.7,333,6
PHARMA - Z1,VESALIO S.A.,GAAP PF,6,JUN,0.0,30,Z1,LIMA,False,False,True,True,41567.0,GAAP OFTENO LIBRE DE CONSER PF 3 ML PERU,JUNIO,-0.151410313,75783.27,97315.99528,82581.35,333,8
PHARMA - Z1,VESALIO S.A.,LAGRICEL,6,JUN,622.0,15,Z1,LIMA,False,False,True,False,40515.0,LAGRICEL OFTENO 0.5 ML,JUNIO,-0.157973323,129483.27,174961.4402,147322.2,333,9
PHARMA - Z1,VESALIO S.A.,TRAZIDEX U,6,JUN,603.0,18,Z1,LIMA,False,False,True,False,40342.0,TRAZIDEX UNGENA 3.5 G,JUNIO,-0.144707451,114383.92,156358.3363,133732.12,333,14
PHARMA - Z3,"VILLAFUERTE PANDURO,JHON STIP",FLUMETOL NF,5,MAY,408.0,10,Z3,NORTE CHICO,False,False,True,False,40513.0,FLUMETOL NF OFTENO 5ML,MAYO,1.182290501,84208.66,107397.8095,126975.41,334,6
PHARMA - Z3,"VILLAFUERTE PANDURO,JHON STIP",LAGRICEL PF,5,MAY,477.0,10,Z3,NORTE CHICO,False,False,True,False,41582.0,LAGRICEL OFTENO LIBRE DE CONSERVADORES (PF) 10 ML,MAYO,0.852391423,198666.14,261957.3873,223290.23,334,10
PHARMA - Z3,"VILLAFUERTE PANDURO,JHON STIP",AQUADRAN,6,JUN,583.0,12,Z3,NORTE CHICO,False,False,True,False,41945.0,AQUADRAN 10G,JUNIO,0.329694376,15957.0,35738.51318,47521.3,334,1
PHARMA - Z3,"VILLAFUERTE PANDURO,JHON STIP",FLUMETOL NF,6,JUN,490.0,12,Z3,NORTE CHICO,False,False,True,False,40513.0,FLUMETOL NF OFTENO 5ML,JUNIO,0.071788154,87288.94,107397.8095,115107.7,334,6
PHARMA - Z3,"VILLAFUERTE PANDURO,JHON STIP",LAGRICEL PF,6,JUN,573.0,12,Z3,NORTE CHICO,False,False,True,False,41582.0,LAGRICEL OFTENO LIBRE DE CONSERVADORES (PF) 10 ML,JUNIO,-0.085958779,182516.9,261957.3873,239439.85,334,10
PHARMA - N2,VIMED-OFTALMOLOGIA ESPECIALIZADA S.A.C.,ELIPTIC,3,MAR,296.55,10,N2,TRUJILLO,False,False,True,False,41076.0,ELIPTIC OFTENO 5ML,MARZO,0.61397952,3462.73,37097.88238,22777.34,335,4
PHARMA - N2,VIMED-OFTALMOLOGIA ESPECIALIZADA S.A.C.,FLUMETOL NF,3,MAR,449.19,10,N2,TRUJILLO,False,False,True,False,40513.0,FLUMETOL NF OFTENO 5ML,MARZO,1.399890715,84540.52,101550.4985,142159.6,335,6
PHARMA - Z3,VISANA CLINICA ESPECIALIZADA S.A.C,AGGLAD,1,ENE,1222.8,20,Z3,NORTE CHICO,False,False,True,False,40351.0,AGGLAD OFTENO 5 ML,ENERO,1.0,22534.35,110094.81,110094.81,336,0
PHARMA - Z3,VISANA CLINICA ESPECIALIZADA S.A.C,ELIPTIC PF,1,ENE,679.33,20,Z3,NORTE CHICO,False,False,True,False,41561.0,ELIPTIC OFTENO 5ML PF PERU,ENERO,1.0,16201.95,62857.68,62857.68,336,5
PHARMA - Z3,VISANA CLINICA ESPECIALIZADA S.A.C,FLUMETOL NF,1,ENE,1633.4,40,Z3,NORTE CHICO,False,False,True,False,40513.0,FLUMETOL NF OFTENO 5ML,ENERO,1.0,106644.0,144656.97,144656.97,336,6
PHARMA - Z3,VISANA CLINICA ESPECIALIZADA S.A.C,GAAP PF,1,ENE,1803.1,20,Z3,NORTE CHICO,False,False,True,False,41567.0,GAAP OFTENO LIBRE DE CONSER PF 3 ML PERU,ENERO,1.0,67726.3,99013.28,99013.28,336,8
PHARMA - Z3,VISANA CLINICA ESPECIALIZADA S.A.C,LAGRICEL PF,1,ENE,2862.98,60,Z3,NORTE CHICO,False,False,True,False,41582.0,LAGRICEL OFTENO LIBRE DE CONSERVADORES (PF) 10 ML,ENERO,1.0,241357.65,244552.3,244552.3,336,10
PHARMA - Z3,VISANA CLINICA ESPECIALIZADA S.A.C,TRAZIDEX O,1,ENE,1250.24,30,Z3,NORTE CHICO,False,False,True,False,40341.0,TRAZIDEX OFTENO 5 ML.,ENERO,1.0,107782.12,170736.47,170736.47,336,13
PHARMA - Z3,VISANA CLINICA ESPECIALIZADA S.A.C,TRAZIDEX U,1,ENE,1963.71,50,Z3,NORTE CHICO,False,False,True,False,40342.0,TRAZIDEX UNGENA 3.5 G,ENERO,1.0,127130.48,135275.35,135275.35,336,14
PHARMA - Z3,VISANA CLINICA ESPECIALIZADA S.A.C,ZEBESTEN,1,ENE,1338.75,30,Z3,NORTE CHICO,False,False,True,False,41604.0,ZEBESTEN 5ML PERU,ENERO,1.0,31496.43,43862.02,43862.02,336,15
PHARMA - Z3,VISANA CLINICA ESPECIALIZADA S.A.C,AGGLAD,2,FEB,1222.8,20,Z3,NORTE CHICO,False,False,True,False,40351.0,AGGLAD OFTENO 5 ML,FEBRERO,0.96716156,31785.06,114546.1364,110784.62,336,0
PHARMA - Z3,VISANA CLINICA ESPECIALIZADA S.A.C,ELAR-B,2,FEB,1150.0,20,Z3,NORTE CHICO,False,False,True,False,42098.0,ELAR-B 5 ML,FEBRERO,0.622378415,0.0,23180.02945,14426.75,336,3
PHARMA - Z3,VISANA CLINICA ESPECIALIZADA S.A.C,ELIPTIC PF,2,FEB,679.33,20,Z3,NORTE CHICO,False,False,True,False,41561.0,ELIPTIC OFTENO 5ML PF PERU,FEBRERO,0.876631233,16081.78,70691.40098,61970.29,336,5
PHARMA - Z3,VISANA CLINICA ESPECIALIZADA S.A.C,FLUMETOL NF,2,FEB,816.7,20,Z3,NORTE CHICO,False,False,True,False,40513.0,FLUMETOL NF OFTENO 5ML,FEBRERO,1.285457107,84540.52,101550.4985,130538.81,336,6
PHARMA - Z3,VISANA CLINICA ESPECIALIZADA S.A.C,LAGRICEL PF,2,FEB,2862.98,60,Z3,NORTE CHICO,False,False,True,False,41582.0,LAGRICEL OFTENO LIBRE DE CONSERVADORES (PF) 10 ML,FEBRERO,1.01762066,244371.43,248182.4906,252555.63,336,10
PHARMA - Z3,VISANA CLINICA ESPECIALIZADA S.A.C,TRAZIDEX O,2,FEB,833.49,20,Z3,NORTE CHICO,False,False,True,False,40341.0,TRAZIDEX OFTENO 5 ML.,FEBRERO,0.868398954,99642.69,95524.58531,82953.45,336,13
PHARMA - Z3,VISANA CLINICA ESPECIALIZADA S.A.C,TRAZIDEX U,2,FEB,1178.23,30,Z3,NORTE CHICO,False,False,True,False,40342.0,TRAZIDEX UNGENA 3.5 G,FEBRERO,0.737379291,111697.65,148184.091,109267.88,336,14
PHARMA - Z3,VISANA CLINICA ESPECIALIZADA S.A.C,ZEBESTEN,2,FEB,892.5,20,Z3,NORTE CHICO,False,False,True,False,41604.0,ZEBESTEN 5ML PERU,FEBRERO,0.998966691,24271.56,27459.43408,27431.06,336,15
PHARMA - Z3,VISANA CLINICA ESPECIALIZADA S.A.C,ELAR-B,3,MAR,1150.0,20,Z3,NORTE CHICO,False,False,True,False,42098.0,ELAR-B 5 ML,MARZO,0.892513965,0.0,23180.02945,20688.5,336,3
PHARMA - Z3,VISANA CLINICA ESPECIALIZADA S.A.C,ELIPTIC PF,3,MAR,679.33,20,Z3,NORTE CHICO,False,False,True,False,41561.0,ELIPTIC OFTENO 5ML PF PERU,MARZO,0.543724406,16081.78,70691.40098,38436.64,336,5
PHARMA - Z3,VISANA CLINICA ESPECIALIZADA S.A.C,GAAP PF,3,MAR,1803.1,20,Z3,NORTE CHICO,False,False,True,False,41567.0,GAAP OFTENO LIBRE DE CONSER PF 3 ML PERU,MARZO,0.894697886,80205.04,92164.06035,82458.99,336,8
PHARMA - Z3,VISANA CLINICA ESPECIALIZADA S.A.C,LAGRICEL PF,3,MAR,2385.81,50,Z3,NORTE CHICO,False,False,True,False,41582.0,LAGRICEL OFTENO LIBRE DE CONSERVADORES (PF) 10 ML,MARZO,1.041573922,244371.43,248182.4906,258500.41,336,10
PHARMA - Z3,VISANA CLINICA ESPECIALIZADA S.A.C,TRAZIDEX U,3,MAR,1178.23,30,Z3,NORTE CHICO,False,False,True,False,40342.0,TRAZIDEX UNGENA 3.5 G,MARZO,0.890660186,111697.65,148184.091,131981.67,336,14
PHARMA - Z3,VISANA CLINICA ESPECIALIZADA S.A.C,LAGRICEL PF,4,ABR,0.0,30,Z3,NORTE CHICO,False,False,True,True,41582.0,LAGRICEL OFTENO LIBRE DE CONSERVADORES (PF) 10 ML,ABRIL,1.234011277,222585.45,261957.3873,323258.37,336,10
PHARMA - Z3,VISANA CLINICA ESPECIALIZADA S.A.C,TRAZIDEX O,4,ABR,833.0,20,Z3,NORTE CHICO,False,False,True,False,40341.0,TRAZIDEX OFTENO 5 ML.,ABRIL,0.966120714,91975.94,101185.0264,97756.95,336,13
PHARMA - Z3,VISANA CLINICA ESPECIALIZADA S.A.C,TRAZIDEX U,4,ABR,785.0,20,Z3,NORTE CHICO,False,False,True,False,40342.0,TRAZIDEX UNGENA 3.5 G,ABRIL,0.810349246,131494.88,156358.3363,126704.86,336,14
PHARMA - Z3,VISANA CLINICA ESPECIALIZADA S.A.C,ZEBESTEN,4,ABR,893.0,20,Z3,NORTE CHICO,False,False,True,False,41604.0,ZEBESTEN 5ML PERU,ABRIL,1.062586642,26953.56,29060.89609,30879.72,336,15
PHARMA - Z3,VISANA CLINICA ESPECIALIZADA S.A.C,AGGLAD,5,MAY,0.0,20,Z3,NORTE CHICO,False,False,True,True,40351.0,AGGLAD OFTENO 5 ML,MAYO,0.670022241,26193.67,120891.2407,80999.82,336,0
PHARMA - Z3,VISANA CLINICA ESPECIALIZADA S.A.C,ELIPTIC PF,5,MAY,679.0,20,Z3,NORTE CHICO,False,False,True,False,41561.0,ELIPTIC OFTENO 5ML PF PERU,MAYO,0.635068724,11669.87,74583.69182,47365.77,336,5
PHARMA - Z3,VISANA CLINICA ESPECIALIZADA S.A.C,FLUMETOL NF,5,MAY,817.0,20,Z3,NORTE CHICO,False,False,True,False,40513.0,FLUMETOL NF OFTENO 5ML,MAYO,1.182290501,84208.66,107397.8095,126975.41,336,6
PHARMA - Z3,VISANA CLINICA ESPECIALIZADA S.A.C,LAGRICEL PF,5,MAY,954.0,20,Z3,NORTE CHICO,False,False,True,False,41582.0,LAGRICEL OFTENO LIBRE DE CONSERVADORES (PF) 10 ML,MAYO,0.852391423,198666.14,261957.3873,223290.23,336,10
PHARMA - Z3,VISANA CLINICA ESPECIALIZADA S.A.C,TRAZIDEX U,5,MAY,785.0,20,Z3,NORTE CHICO,False,False,True,False,40342.0,TRAZIDEX UNGENA 3.5 G,MAYO,0.799544258,131001.94,156358.3363,125015.41,336,14
PHARMA - Z3,VISANA CLINICA ESPECIALIZADA S.A.C,ZEBESTEN,5,MAY,893.0,20,Z3,NORTE CHICO,False,False,True,False,41604.0,ZEBESTEN 5ML PERU,MAYO,0.825216123,27515.83,29060.89609,23981.52,336,15
PHARMA - Z3,VISANA CLINICA ESPECIALIZADA S.A.C,AGGLAD,6,JUN,0.0,20,Z3,NORTE CHICO,False,False,True,True,40351.0,AGGLAD OFTENO 5 ML,JUNIO,-0.235301917,20271.95,120891.2407,92445.3,336,0
PHARMA - Z3,VISANA CLINICA ESPECIALIZADA S.A.C,ELAR-B,6,JUN,0.0,30,Z3,NORTE CHICO,False,False,True,True,42098.0,ELAR-B 5 ML,JUNIO,-0.29490542,0.0,24407.71845,17209.75,336,3
PHARMA - Z3,VISANA CLINICA ESPECIALIZADA S.A.C,ELIPTIC PF,6,JUN,679.0,20,Z3,NORTE CHICO,False,False,True,False,41561.0,ELIPTIC OFTENO 5ML PF PERU,JUNIO,-0.431896719,12781.68,74583.69182,42371.24,336,5
PHARMA - Z3,VISANA CLINICA ESPECIALIZADA S.A.C,LAGRICEL PF,6,JUN,0.0,80,Z3,NORTE CHICO,False,False,True,True,41582.0,LAGRICEL OFTENO LIBRE DE CONSERVADORES (PF) 10 ML,JUNIO,-0.085958779,182516.9,261957.3873,239439.85,336,10
PHARMA - Z3,VISANA CLINICA ESPECIALIZADA S.A.C,TRAZIDEX O,6,JUN,833.0,20,Z3,NORTE CHICO,False,False,True,False,40341.0,TRAZIDEX OFTENO 5 ML.,JUNIO,-0.192738462,70697.29,101185.0264,81682.78,336,13
PHARMA - Z3,VISANA CLINICA ESPECIALIZADA S.A.C,TRAZIDEX U,6,JUN,0.0,30,Z3,NORTE CHICO,False,False,True,True,40342.0,TRAZIDEX UNGENA 3.5 G,JUNIO,-0.144707451,114383.92,156358.3363,133732.12,336,14
PHARMA - Z3,VISANA CLINICA ESPECIALIZADA S.A.C,ZEBESTEN,6,JUN,893.0,20,Z3,NORTE CHICO,False,False,True,False,41604.0,ZEBESTEN 5ML PERU,JUNIO,0.156870039,15690.19,29060.89609,33619.68,336,15
PHARMA - Z3,VISANA CLINICA ESPECIALIZADA S.A.C,TRAZIDEX U,7,JUL,0.0,30,Z3,NORTE CHICO,False,False,True,True,40342.0,TRAZIDEX UNGENA 3.5 G,JULIO,-0.835453002,134186.98,172706.827,28418.39,336,14
PHARMA - Z3,VISION ACTUAL E.I.R.L,TRAZIDEX U,3,MAR,140.27,3,Z3,NORTE CHICO,False,False,True,False,40342.0,TRAZIDEX UNGENA 3.5 G,MARZO,0.890660186,111697.65,148184.091,131981.67,337,14
PHARMA - Z3,VISION ACTUAL E.I.R.L,TRAZIDEX U,4,ABR,140.0,3,Z3,NORTE CHICO,False,False,True,False,40342.0,TRAZIDEX UNGENA 3.5 G,ABRIL,0.810349246,131494.88,156358.3363,126704.86,337,14
PHARMA - Z1,VISION AF VEGA E.I.R.L.,FLUMETOL NF,4,ABR,0.0,50,Z1,LIMA,False,False,True,True,40513.0,FLUMETOL NF OFTENO 5ML,ABRIL,1.22328994,97096.28,107397.8095,131378.66,338,6
PHARMA - S,VISION CUSCO OFTALMOLOGIA SOCIEDAD ANONIMA CERRADA,FLUMETOL NF,1,ENE,1225.05,30,S,CADENAS,False,False,True,False,40513.0,FLUMETOL NF OFTENO 5ML,ENERO,1.0,106644.0,144656.97,144656.97,339,6
PHARMA - S,VISION CUSCO OFTALMOLOGIA SOCIEDAD ANONIMA CERRADA,AQUADRAN,3,MAR,540.0,10,S,CADENAS,False,False,True,False,41945.0,AQUADRAN 10G,MARZO,1.286810293,13176.0,33810.57818,43507.8,339,1
PHARMA - S,VISION CUSCO OFTALMOLOGIA SOCIEDAD ANONIMA CERRADA,GAAP PF,3,MAR,1081.86,20,S,CADENAS,False,False,True,False,41567.0,GAAP OFTENO LIBRE DE CONSER PF 3 ML PERU,MARZO,0.894697886,80205.04,92164.06035,82458.99,339,8
PHARMA - S,VISION CUSCO OFTALMOLOGIA SOCIEDAD ANONIMA CERRADA,LAGRICEL PF,3,MAR,1431.49,30,S,CADENAS,False,False,True,False,41582.0,LAGRICEL OFTENO LIBRE DE CONSERVADORES (PF) 10 ML,MARZO,1.041573922,244371.43,248182.4906,258500.41,339,10
PHARMA - S,VISION CUSCO OFTALMOLOGIA SOCIEDAD ANONIMA CERRADA,FLUMETOL NF,5,MAY,817.0,20,S,CADENAS,False,False,True,False,40513.0,FLUMETOL NF OFTENO 5ML,MAYO,1.182290501,84208.66,107397.8095,126975.41,339,6
PHARMA - N2,VISION GROUP OFTALMOLOGOS S.A.C.,ELAR-B,3,MAR,776.25,15,N2,TRUJILLO,False,False,True,False,42098.0,ELAR-B 5 ML,MARZO,0.892513965,0.0,23180.02945,20688.5,340,3
PHARMA - N2,VISION GROUP OFTALMOLOGOS S.A.C.,LAGRICEL PF,3,MAR,852.08,15,N2,TRUJILLO,False,False,True,False,41582.0,LAGRICEL OFTENO LIBRE DE CONSERVADORES (PF) 10 ML,MARZO,1.041573922,244371.43,248182.4906,258500.41,340,10
PHARMA - N2,VISIONE OPTICAS Y ACCESORIOS E.I.R.L.,ELIPTIC PF,6,JUN,408.0,12,N2,TRUJILLO,False,False,True,False,41561.0,ELIPTIC OFTENO 5ML PF PERU,JUNIO,-0.431896719,12781.68,74583.69182,42371.24,341,5
PHARMA - N2,VISIONE OPTICAS Y ACCESORIOS E.I.R.L.,LAGRICEL PF,6,JUN,573.0,12,N2,TRUJILLO,False,False,True,False,41582.0,LAGRICEL OFTENO LIBRE DE CONSERVADORES (PF) 10 ML,JUNIO,-0.085958779,182516.9,261957.3873,239439.85,341,10
PHARMA - N2,VISIONE OPTICAS Y ACCESORIOS E.I.R.L.,LANDAX,6,JUN,503.0,12,N2,TRUJILLO,False,False,True,False,41804.0,LANDAX 5ML,JUNIO,-0.340308868,5574.56,22304.8625,14714.32,341,11
PHARMA - Z3,VISUAL CENTER S.A.C.,AGGLAD,1,ENE,917.1,15,Z3,NORTE CHICO,False,False,True,False,40351.0,AGGLAD OFTENO 5 ML,ENERO,1.0,22534.35,110094.81,110094.81,342,0
PHARMA - Z3,VISUAL CENTER S.A.C.,AQUADRAN,1,ENE,486.0,10,Z3,NORTE CHICO,False,False,True,False,41945.0,AQUADRAN 10G,ENERO,1.0,3348.0,44517.6,44517.6,342,1
PHARMA - Z3,VISUAL CENTER S.A.C.,ELAR-B,1,ENE,310.5,6,Z3,NORTE CHICO,False,False,True,False,42098.0,ELAR-B 5 ML,ENERO,1.0,0.0,10200.5,10200.5,342,3
PHARMA - Z3,VISUAL CENTER S.A.C.,ELIPTIC PF,1,ENE,1567.68,30,Z3,NORTE CHICO,False,False,True,False,41561.0,ELIPTIC OFTENO 5ML PF PERU,ENERO,1.0,16201.95,62857.68,62857.68,342,5
PHARMA - Z3,VISUAL CENTER S.A.C.,FLUMETOL NF,1,ENE,673.78,15,Z3,NORTE CHICO,False,False,True,False,40513.0,FLUMETOL NF OFTENO 5ML,ENERO,1.0,106644.0,144656.97,144656.97,342,6
PHARMA - Z3,VISUAL CENTER S.A.C.,GAAP PF,1,ENE,1352.33,15,Z3,NORTE CHICO,False,False,True,False,41567.0,GAAP OFTENO LIBRE DE CONSER PF 3 ML PERU,ENERO,1.0,67726.3,99013.28,99013.28,342,8
PHARMA - Z3,VISUAL CENTER S.A.C.,LAGRICEL,1,ENE,255.88,5,Z3,NORTE CHICO,False,False,True,False,40515.0,LAGRICEL OFTENO 0.5 ML,ENERO,1.0,154236.51,132452.04,132452.04,342,9
PHARMA - Z3,VISUAL CENTER S.A.C.,LAGRICEL PF,1,ENE,2840.25,50,Z3,NORTE CHICO,False,False,True,False,41582.0,LAGRICEL OFTENO LIBRE DE CONSERVADORES (PF) 10 ML,ENERO,1.0,241357.65,244552.3,244552.3,342,10
PHARMA - Z3,VISUAL CENTER S.A.C.,TRAZIDEX O,1,ENE,926.1,20,Z3,NORTE CHICO,False,False,True,False,40341.0,TRAZIDEX OFTENO 5 ML.,ENERO,1.0,107782.12,170736.47,170736.47,342,13
PHARMA - Z3,VISUAL CENTER S.A.C.,TRAZIDEX U,1,ENE,2571.53,50,Z3,NORTE CHICO,False,False,True,False,40342.0,TRAZIDEX UNGENA 3.5 G,ENERO,1.0,127130.48,135275.35,135275.35,342,14
PHARMA - Z3,VISUAL CENTER S.A.C.,ZEBESTEN,1,ENE,946.06,20,Z3,NORTE CHICO,False,False,True,False,41604.0,ZEBESTEN 5ML PERU,ENERO,1.0,31496.43,43862.02,43862.02,342,15
PHARMA - Z3,VISUAL CENTER S.A.C.,AGGLAD,2,FEB,1222.8,20,Z3,NORTE CHICO,False,False,True,False,40351.0,AGGLAD OFTENO 5 ML,FEBRERO,0.96716156,31785.06,114546.1364,110784.62,342,0
PHARMA - Z3,VISUAL CENTER S.A.C.,ELAR-B,2,FEB,258.75,5,Z3,NORTE CHICO,False,False,True,False,42098.0,ELAR-B 5 ML,FEBRERO,0.622378415,0.0,23180.02945,14426.75,342,3
PHARMA - Z3,VISUAL CENTER S.A.C.,ELIPTIC PF,2,FEB,2090.24,40,Z3,NORTE CHICO,False,False,True,False,41561.0,ELIPTIC OFTENO 5ML PF PERU,FEBRERO,0.876631233,16081.78,70691.40098,61970.29,342,5
PHARMA - Z3,VISUAL CENTER S.A.C.,GAAP PF,2,FEB,2704.65,30,Z3,NORTE CHICO,False,False,True,False,41567.0,GAAP OFTENO LIBRE DE CONSER PF 3 ML PERU,FEBRERO,0.820494884,80205.04,92164.06035,75620.14,342,8
PHARMA - Z3,VISUAL CENTER S.A.C.,LAGRICEL,2,FEB,255.88,5,Z3,NORTE CHICO,False,False,True,False,40515.0,LAGRICEL OFTENO 0.5 ML,FEBRERO,0.970823097,194840.09,165898.7416,161058.33,342,9
PHARMA - Z3,VISUAL CENTER S.A.C.,LAGRICEL PF,2,FEB,2272.2,40,Z3,NORTE CHICO,False,False,True,False,41582.0,LAGRICEL OFTENO LIBRE DE CONSERVADORES (PF) 10 ML,FEBRERO,1.01762066,244371.43,248182.4906,252555.63,342,10
PHARMA - Z3,VISUAL CENTER S.A.C.,TRAZIDEX U,2,FEB,2057.22,40,Z3,NORTE CHICO,False,False,True,False,40342.0,TRAZIDEX UNGENA 3.5 G,FEBRERO,0.737379291,111697.65,148184.091,109267.88,342,14
PHARMA - Z3,VISUAL CENTER S.A.C.,ZEBESTEN,2,FEB,473.03,10,Z3,NORTE CHICO,False,False,True,False,41604.0,ZEBESTEN 5ML PERU,FEBRERO,0.998966691,24271.56,27459.43408,27431.06,342,15
PHARMA - Z3,VISUAL CENTER S.A.C.,AGGLAD,3,MAR,1222.8,20,Z3,NORTE CHICO,False,False,True,False,40351.0,AGGLAD OFTENO 5 ML,MARZO,0.708033745,31785.06,114546.1364,81102.53,342,0
PHARMA - Z3,VISUAL CENTER S.A.C.,AQUADRAN,3,MAR,486.0,10,Z3,NORTE CHICO,False,False,True,False,41945.0,AQUADRAN 10G,MARZO,1.286810293,13176.0,33810.57818,43507.8,342,1
PHARMA - Z3,VISUAL CENTER S.A.C.,ELAR-B,3,MAR,258.75,5,Z3,NORTE CHICO,False,False,True,False,42098.0,ELAR-B 5 ML,MARZO,0.892513965,0.0,23180.02945,20688.5,342,3
PHARMA - Z3,VISUAL CENTER S.A.C.,ELIPTIC PF,3,MAR,2090.24,40,Z3,NORTE CHICO,False,False,True,False,41561.0,ELIPTIC OFTENO 5ML PF PERU,MARZO,0.543724406,16081.78,70691.40098,38436.64,342,5
PHARMA - Z3,VISUAL CENTER S.A.C.,FLUMETOL NF,3,MAR,449.19,10,Z3,NORTE CHICO,False,False,True,False,40513.0,FLUMETOL NF OFTENO 5ML,MARZO,1.399890715,84540.52,101550.4985,142159.6,342,6
PHARMA - Z3,VISUAL CENTER S.A.C.,GAAP PF,3,MAR,901.55,10,Z3,NORTE CHICO,False,False,True,False,41567.0,GAAP OFTENO LIBRE DE CONSER PF 3 ML PERU,MARZO,0.894697886,80205.04,92164.06035,82458.99,342,8
PHARMA - Z3,VISUAL CENTER S.A.C.,LAGRICEL,3,MAR,255.88,5,Z3,NORTE CHICO,False,False,True,False,40515.0,LAGRICEL OFTENO 0.5 ML,MARZO,1.138987362,194840.09,165898.7416,188956.57,342,9
PHARMA - Z3,VISUAL CENTER S.A.C.,LAGRICEL PF,3,MAR,1704.15,30,Z3,NORTE CHICO,False,False,True,False,41582.0,LAGRICEL OFTENO LIBRE DE CONSERVADORES (PF) 10 ML,MARZO,1.041573922,244371.43,248182.4906,258500.41,342,10
PHARMA - Z3,VISUAL CENTER S.A.C.,TRAZIDEX O,3,MAR,463.05,10,Z3,NORTE CHICO,False,False,True,False,40341.0,TRAZIDEX OFTENO 5 ML.,MARZO,0.841410928,99642.69,95524.58531,80375.43,342,13
PHARMA - Z3,VISUAL CENTER S.A.C.,TRAZIDEX U,3,MAR,2571.53,50,Z3,NORTE CHICO,False,False,True,False,40342.0,TRAZIDEX UNGENA 3.5 G,MARZO,0.890660186,111697.65,148184.091,131981.67,342,14
PHARMA - Z3,VISUAL CENTER S.A.C.,ZEBESTEN,3,MAR,946.06,20,Z3,NORTE CHICO,False,False,True,False,41604.0,ZEBESTEN 5ML PERU,MARZO,1.283372043,24271.56,27459.43408,35240.67,342,15
PHARMA - Z3,VISUAL CENTER S.A.C.,AGGLAD,4,ABR,0.0,40,Z3,NORTE CHICO,False,False,True,True,40351.0,AGGLAD OFTENO 5 ML,ABRIL,0.757043269,24635.46,120891.2407,91519.9,342,0
PHARMA - Z3,VISUAL CENTER S.A.C.,AQUADRAN,4,ABR,486.0,10,Z3,NORTE CHICO,False,False,True,False,41945.0,AQUADRAN 10G,ABRIL,1.367885669,18754.2,35738.51318,48886.2,342,1
PHARMA - Z3,VISUAL CENTER S.A.C.,ELAR-B,4,ABR,259.0,5,Z3,NORTE CHICO,False,False,True,False,42098.0,ELAR-B 5 ML,ABRIL,0.614395812,0.0,24407.71845,14996.0,342,3
PHARMA - Z3,VISUAL CENTER S.A.C.,ELIPTIC PF,4,ABR,0.0,60,Z3,NORTE CHICO,False,False,True,True,41561.0,ELIPTIC OFTENO 5ML PF PERU,ABRIL,0.502083754,28406.63,74583.69182,37447.26,342,5
PHARMA - Z3,VISUAL CENTER S.A.C.,FLUMETOL NF,4,ABR,449.0,10,Z3,NORTE CHICO,False,False,True,False,40513.0,FLUMETOL NF OFTENO 5ML,ABRIL,1.22328994,97096.28,107397.8095,131378.66,342,6
PHARMA - Z3,VISUAL CENTER S.A.C.,GAAP PF,4,ABR,902.0,10,Z3,NORTE CHICO,False,False,True,False,41567.0,GAAP OFTENO LIBRE DE CONSER PF 3 ML PERU,ABRIL,0.580041645,82952.14,97315.99528,56447.33,342,8
PHARMA - Z3,VISUAL CENTER S.A.C.,LAGRICEL,4,ABR,512.0,10,Z3,NORTE CHICO,False,False,True,False,40515.0,LAGRICEL OFTENO 0.5 ML,ABRIL,0.760754197,152829.6,174961.4402,133102.65,342,9
PHARMA - Z3,VISUAL CENTER S.A.C.,LAGRICEL PF,4,ABR,0.0,30,Z3,NORTE CHICO,False,False,True,True,41582.0,LAGRICEL OFTENO LIBRE DE CONSERVADORES (PF) 10 ML,ABRIL,1.234011277,222585.45,261957.3873,323258.37,342,10
PHARMA - Z3,VISUAL CENTER S.A.C.,TRAZIDEX U,4,ABR,0.0,50,Z3,NORTE CHICO,False,False,True,True,40342.0,TRAZIDEX UNGENA 3.5 G,ABRIL,0.810349246,131494.88,156358.3363,126704.86,342,14
PHARMA - Z3,VISUAL CENTER S.A.C.,AGGLAD,5,MAY,0.0,20,Z3,NORTE CHICO,False,False,True,True,40351.0,AGGLAD OFTENO 5 ML,MAYO,0.670022241,26193.67,120891.2407,80999.82,342,0
PHARMA - Z3,VISUAL CENTER S.A.C.,ELAR-B,5,MAY,518.0,10,Z3,NORTE CHICO,False,False,True,False,42098.0,ELAR-B 5 ML,MAYO,0.690959707,0.0,24407.71845,16864.75,342,3
PHARMA - Z3,VISUAL CENTER S.A.C.,ELIPTIC PF,5,MAY,0.0,60,Z3,NORTE CHICO,False,False,True,True,41561.0,ELIPTIC OFTENO 5ML PF PERU,MAYO,0.635068724,11669.87,74583.69182,47365.77,342,5
PHARMA - Z3,VISUAL CENTER S.A.C.,FLUMETOL NF,5,MAY,449.0,10,Z3,NORTE CHICO,False,False,True,False,40513.0,FLUMETOL NF OFTENO 5ML,MAYO,1.182290501,84208.66,107397.8095,126975.41,342,6
PHARMA - Z3,VISUAL CENTER S.A.C.,GAAP PF,5,MAY,902.0,10,Z3,NORTE CHICO,False,False,True,False,41567.0,GAAP OFTENO LIBRE DE CONSER PF 3 ML PERU,MAYO,0.695728383,103158.58,97315.99528,67705.5,342,8
PHARMA - Z3,VISUAL CENTER S.A.C.,LAGRICEL PF,5,MAY,0.0,30,Z3,NORTE CHICO,False,False,True,True,41582.0,LAGRICEL OFTENO LIBRE DE CONSERVADORES (PF) 10 ML,MAYO,0.852391423,198666.14,261957.3873,223290.23,342,10
PHARMA - Z3,VISUAL CENTER S.A.C.,TRAZIDEX O,5,MAY,463.0,10,Z3,NORTE CHICO,False,False,True,False,40341.0,TRAZIDEX OFTENO 5 ML.,MAYO,0.725790194,64098.19,101185.0264,73439.1,342,13
PHARMA - Z3,VISUAL CENTER S.A.C.,TRAZIDEX U,5,MAY,0.0,50,Z3,NORTE CHICO,False,False,True,True,40342.0,TRAZIDEX UNGENA 3.5 G,MAYO,0.799544258,131001.94,156358.3363,125015.41,342,14
PHARMA - Z3,VISUAL CENTER S.A.C.,ZEBESTEN,5,MAY,946.0,20,Z3,NORTE CHICO,False,False,True,False,41604.0,ZEBESTEN 5ML PERU,MAYO,0.825216123,27515.83,29060.89609,23981.52,342,15
PHARMA - Z3,VISUAL CENTER S.A.C.,AGGLAD,6,JUN,0.0,30,Z3,NORTE CHICO,False,False,True,True,40351.0,AGGLAD OFTENO 5 ML,JUNIO,-0.235301917,20271.95,120891.2407,92445.3,342,0
PHARMA - Z3,VISUAL CENTER S.A.C.,AQUADRAN,6,JUN,486.0,10,Z3,NORTE CHICO,False,False,True,False,41945.0,AQUADRAN 10G,JUNIO,0.329694376,15957.0,35738.51318,47521.3,342,1
PHARMA - Z3,VISUAL CENTER S.A.C.,ELAR-B,6,JUN,518.0,10,Z3,NORTE CHICO,False,False,True,False,42098.0,ELAR-B 5 ML,JUNIO,-0.29490542,0.0,24407.71845,17209.75,342,3
PHARMA - Z3,VISUAL CENTER S.A.C.,ELIPTIC PF,6,JUN,0.0,50,Z3,NORTE CHICO,False,False,True,True,41561.0,ELIPTIC OFTENO 5ML PF PERU,JUNIO,-0.431896719,12781.68,74583.69182,42371.24,342,5
PHARMA - Z3,VISUAL CENTER S.A.C.,FLUMETOL NF,6,JUN,449.0,10,Z3,NORTE CHICO,False,False,True,False,40513.0,FLUMETOL NF OFTENO 5ML,JUNIO,0.071788154,87288.94,107397.8095,115107.7,342,6
PHARMA - Z3,VISUAL CENTER S.A.C.,GAAP PF,6,JUN,0.0,20,Z3,NORTE CHICO,False,False,True,True,41567.0,GAAP OFTENO LIBRE DE CONSER PF 3 ML PERU,JUNIO,-0.151410313,75783.27,97315.99528,82581.35,342,8
PHARMA - Z3,VISUAL CENTER S.A.C.,LAGRICEL PF,6,JUN,0.0,20,Z3,NORTE CHICO,False,False,True,True,41582.0,LAGRICEL OFTENO LIBRE DE CONSERVADORES (PF) 10 ML,JUNIO,-0.085958779,182516.9,261957.3873,239439.85,342,10
PHARMA - Z3,VISUAL CENTER S.A.C.,SOPHIPREN,6,JUN,390.0,10,Z3,NORTE CHICO,False,False,True,False,40338.0,SOPHIPREN OFTENO 5 ML,JUNIO,0.072135193,48676.87,59671.10342,63975.49,342,12
PHARMA - Z3,VISUAL CENTER S.A.C.,TRAZIDEX O,6,JUN,463.0,10,Z3,NORTE CHICO,False,False,True,False,40341.0,TRAZIDEX OFTENO 5 ML.,JUNIO,-0.192738462,70697.29,101185.0264,81682.78,342,13
PHARMA - Z3,VISUAL CENTER S.A.C.,TRAZIDEX U,6,JUN,0.0,40,Z3,NORTE CHICO,False,False,True,True,40342.0,TRAZIDEX UNGENA 3.5 G,JUNIO,-0.144707451,114383.92,156358.3363,133732.12,342,14
PHARMA - Z3,VISUAL CENTER S.A.C.,ZEBESTEN,6,JUN,473.0,10,Z3,NORTE CHICO,False,False,True,False,41604.0,ZEBESTEN 5ML PERU,JUNIO,0.156870039,15690.19,29060.89609,33619.68,342,15
PHARMA - Z3,VISUAL CENTER S.A.C.,ELAR-B,7,JUL,518.0,10,Z3,NORTE CHICO,False,False,True,False,42098.0,ELAR-B 5 ML,JULIO,-0.748065157,0.0,26863.09645,6767.75,342,3
PHARMA - Z3,VISUAL CENTER S.A.C.,ELIPTIC PF,7,JUL,536.0,20,Z3,NORTE CHICO,False,False,True,False,41561.0,ELIPTIC OFTENO 5ML PF PERU,JULIO,-0.90997274,15960.78,82368.2735,7415.39,342,5
PHARMA - Z3,VISUAL CENTER S.A.C.,LAGRICEL PF,7,JUL,568.0,10,Z3,NORTE CHICO,False,False,True,False,41582.0,LAGRICEL OFTENO LIBRE DE CONSERVADORES (PF) 10 ML,JULIO,-0.871300153,205886.66,289507.1807,37259.53,342,10
PHARMA - Z3,VISUAL CENTER S.A.C.,TRAZIDEX O,7,JUL,463.0,10,Z3,NORTE CHICO,False,False,True,False,40341.0,TRAZIDEX OFTENO 5 ML.,JULIO,-0.912844311,118392.28,112505.9086,9805.53,342,13
PHARMA - Z3,VISUAL CENTER S.A.C.,TRAZIDEX U,7,JUL,0.0,20,Z3,NORTE CHICO,False,False,True,True,40342.0,TRAZIDEX UNGENA 3.5 G,JULIO,-0.835453002,134186.98,172706.827,28418.39,342,14
PHARMA - Z3,VISUAL CENTER S.A.C.,ZEBESTEN,7,JUL,473.0,10,Z3,NORTE CHICO,False,False,True,False,41604.0,ZEBESTEN 5ML PERU,JULIO,-0.92254451,24070.81,32263.82012,2499.01,342,15
PHARMA - Z3,VISUAL M&M E.I.R.L,ELAR-B,2,FEB,345.0,6,Z3,NORTE CHICO,False,False,True,False,42098.0,ELAR-B 5 ML,FEBRERO,0.622378415,0.0,23180.02945,14426.75,343,3
PHARMA - Z3,VISUAL M&M E.I.R.L,FLUMETOL NF,2,FEB,980.04,24,Z3,NORTE CHICO,False,False,True,False,40513.0,FLUMETOL NF OFTENO 5ML,FEBRERO,1.285457107,84540.52,101550.4985,130538.81,343,6
PHARMA - Z3,VISUAL M&M E.I.R.L,GAAP PF,2,FEB,2163.72,24,Z3,NORTE CHICO,False,False,True,False,41567.0,GAAP OFTENO LIBRE DE CONSER PF 3 ML PERU,FEBRERO,0.820494884,80205.04,92164.06035,75620.14,343,8
PHARMA - Z3,VISUAL M&M E.I.R.L,LANDAX,2,FEB,233.05,5,Z3,NORTE CHICO,False,False,True,False,41804.0,LANDAX 5ML,FEBRERO,0.765660853,4684.31,21117.7311,16169.02,343,11
PHARMA - Z3,VISUAL M&M E.I.R.L,SOPHIPREN,2,FEB,1016.4,24,Z3,NORTE CHICO,False,False,True,False,40338.0,SOPHIPREN OFTENO 5 ML,FEBRERO,1.300787434,39394.05,56555.62783,73566.85,343,12
PHARMA - Z3,VISUAL M&M E.I.R.L,TRAZIDEX U,2,FEB,1009.91,24,Z3,NORTE CHICO,False,False,True,False,40342.0,TRAZIDEX UNGENA 3.5 G,FEBRERO,0.737379291,111697.65,148184.091,109267.88,343,14
PHARMA - Z3,VISUAL M&M E.I.R.L,LAGRICEL PF,3,MAR,572.59,12,Z3,NORTE CHICO,False,False,True,False,41582.0,LAGRICEL OFTENO LIBRE DE CONSERVADORES (PF) 10 ML,MARZO,1.041573922,244371.43,248182.4906,258500.41,343,10
PHARMA - Z3,VISUAL M&M E.I.R.L,AQUADRAN,4,ABR,583.0,12,Z3,NORTE CHICO,False,False,True,False,41945.0,AQUADRAN 10G,ABRIL,1.367885669,18754.2,35738.51318,48886.2,343,1
PHARMA - Z3,VISUAL M&M E.I.R.L,FLUMETOL NF,4,ABR,490.0,12,Z3,NORTE CHICO,False,False,True,False,40513.0,FLUMETOL NF OFTENO 5ML,ABRIL,1.22328994,97096.28,107397.8095,131378.66,343,6
PHARMA - Z3,VISUAL M&M E.I.R.L,GAAP PF,4,ABR,0.0,12,Z3,NORTE CHICO,False,False,True,True,41567.0,GAAP OFTENO LIBRE DE CONSER PF 3 ML PERU,ABRIL,0.580041645,82952.14,97315.99528,56447.33,343,8
PHARMA - Z3,VISUAL M&M E.I.R.L,LAGRICEL PF,4,ABR,573.0,12,Z3,NORTE CHICO,False,False,True,False,41582.0,LAGRICEL OFTENO LIBRE DE CONSERVADORES (PF) 10 ML,ABRIL,1.234011277,222585.45,261957.3873,323258.37,343,10
PHARMA - Z3,VISUAL M&M E.I.R.L,TRAZIDEX U,4,ABR,505.0,12,Z3,NORTE CHICO,False,False,True,False,40342.0,TRAZIDEX UNGENA 3.5 G,ABRIL,0.810349246,131494.88,156358.3363,126704.86,343,14
PHARMA - Z3,VISUAL M&M E.I.R.L,ZEBESTEN,4,ABR,884.0,18,Z3,NORTE CHICO,False,False,True,False,41604.0,ZEBESTEN 5ML PERU,ABRIL,1.062586642,26953.56,29060.89609,30879.72,343,15
PHARMA - Z3,VISUAL M&M E.I.R.L,ELAR-B,6,JUN,0.0,24,Z3,NORTE CHICO,False,False,True,True,42098.0,ELAR-B 5 ML,JUNIO,-0.29490542,0.0,24407.71845,17209.75,343,3
PHARMA - Z3,VISUAL M&M E.I.R.L,FLUMETOL NF,6,JUN,490.0,12,Z3,NORTE CHICO,False,False,True,False,40513.0,FLUMETOL NF OFTENO 5ML,JUNIO,0.071788154,87288.94,107397.8095,115107.7,343,6
PHARMA - Z3,VISUAL M&M E.I.R.L,TRAZIDEX U,6,JUN,0.0,24,Z3,NORTE CHICO,False,False,True,True,40342.0,TRAZIDEX UNGENA 3.5 G,JUNIO,-0.144707451,114383.92,156358.3363,133732.12,343,14
PHARMA - Z3,VISUAL M&M E.I.R.L,GAAP PF,7,JUL,902.0,10,Z3,NORTE CHICO,False,False,True,False,41567.0,GAAP OFTENO LIBRE DE CONSER PF 3 ML PERU,JULIO,-0.767903816,96163.14,107619.8651,24978.16,343,8
PHARMA - Z2,VISUAL MEDIC S.R.L,FLUMETOL NF,3,MAR,816.7,20,Z2,CALLAO,False,False,True,False,40513.0,FLUMETOL NF OFTENO 5ML,MARZO,1.399890715,84540.52,101550.4985,142159.6,344,6
PHARMA - Z2,VISUAL MEDIC S.R.L,TRAZIDEX O,3,MAR,926.1,20,Z2,CALLAO,False,False,True,False,40341.0,TRAZIDEX OFTENO 5 ML.,MARZO,0.841410928,99642.69,95524.58531,80375.43,344,13
PHARMA - Z2,VISUAL MEDIC S.R.L,FLUMETOL NF,5,MAY,817.0,20,Z2,CALLAO,False,False,True,False,40513.0,FLUMETOL NF OFTENO 5ML,MAYO,1.182290501,84208.66,107397.8095,126975.41,344,6
PHARMA - Z2,VISUAL MEDIC S.R.L,LAGRICEL PF,5,MAY,795.0,20,Z2,CALLAO,False,False,True,False,41582.0,LAGRICEL OFTENO LIBRE DE CONSERVADORES (PF) 10 ML,MAYO,0.852391423,198666.14,261957.3873,223290.23,344,10
PHARMA - N2,VISUALIZA JK EIRL,LAGRICEL PF,3,MAR,568.05,10,N2,TRUJILLO,False,False,True,False,41582.0,LAGRICEL OFTENO LIBRE DE CONSERVADORES (PF) 10 ML,MARZO,1.041573922,244371.43,248182.4906,258500.41,345,10
PHARMA - N2,VISUALIZA JK EIRL,TRAZIDEX O,3,MAR,509.36,10,N2,TRUJILLO,False,False,True,False,40341.0,TRAZIDEX OFTENO 5 ML.,MARZO,0.841410928,99642.69,95524.58531,80375.43,345,13
PHARMA - N2,VISUALIZA JK EIRL,TRAZIDEX U,3,MAR,935.1,20,N2,TRUJILLO,False,False,True,False,40342.0,TRAZIDEX UNGENA 3.5 G,MARZO,0.890660186,111697.65,148184.091,131981.67,345,14
PHARMA - N2,VISUALIZA JK EIRL,FLUMETOL NF,5,MAY,449.0,10,N2,TRUJILLO,False,False,True,False,40513.0,FLUMETOL NF OFTENO 5ML,MAYO,1.182290501,84208.66,107397.8095,126975.41,345,6
PHARMA - N2,VISUALIZA JK EIRL,LAGRICEL PF,5,MAY,477.0,10,N2,TRUJILLO,False,False,True,False,41582.0,LAGRICEL OFTENO LIBRE DE CONSERVADORES (PF) 10 ML,MAYO,0.852391423,198666.14,261957.3873,223290.23,345,10
PHARMA - N2,VISUALIZA JK EIRL,SOPHIPREN,5,MAY,466.0,10,N2,TRUJILLO,False,False,True,False,40338.0,SOPHIPREN OFTENO 5 ML,MAYO,0.947602386,43314.92,59671.10342,56544.48,345,12
PHARMA - N2,VISUALIZA JK EIRL,TRAZIDEX U,5,MAY,935.0,20,N2,TRUJILLO,False,False,True,False,40342.0,TRAZIDEX UNGENA 3.5 G,MAYO,0.799544258,131001.94,156358.3363,125015.41,345,14
PHARMA - Z2,VITTES GALVEZ INVERSIONES Y SERVICIOS E.I.R.L.,AGGLAD,1,ENE,660.31,12,Z2,CALLAO,False,False,True,False,40351.0,AGGLAD OFTENO 5 ML,ENERO,1.0,22534.35,110094.81,110094.81,346,0
PHARMA - Z2,VITTES GALVEZ INVERSIONES Y SERVICIOS E.I.R.L.,ELIPTIC PF,1,ENE,470.3,12,Z2,CALLAO,False,False,True,False,41561.0,ELIPTIC OFTENO 5ML PF PERU,ENERO,1.0,16201.95,62857.68,62857.68,346,5
PHARMA - Z2,VITTES GALVEZ INVERSIONES Y SERVICIOS E.I.R.L.,FLUMETOL NF,1,ENE,735.03,18,Z2,CALLAO,False,False,True,False,40513.0,FLUMETOL NF OFTENO 5ML,ENERO,1.0,106644.0,144656.97,144656.97,346,6
PHARMA - Z2,VITTES GALVEZ INVERSIONES Y SERVICIOS E.I.R.L.,GAAP PF,1,ENE,1081.86,12,Z2,CALLAO,False,False,True,False,41567.0,GAAP OFTENO LIBRE DE CONSER PF 3 ML PERU,ENERO,1.0,67726.3,99013.28,99013.28,346,8
PHARMA - Z2,VITTES GALVEZ INVERSIONES Y SERVICIOS E.I.R.L.,TRAZIDEX U,1,ENE,252.48,6,Z2,CALLAO,False,False,True,False,40342.0,TRAZIDEX UNGENA 3.5 G,ENERO,1.0,127130.48,135275.35,135275.35,346,14
PHARMA - Z2,VITTES GALVEZ INVERSIONES Y SERVICIOS E.I.R.L.,ZEBESTEN,1,ENE,589.05,12,Z2,CALLAO,False,False,True,False,41604.0,ZEBESTEN 5ML PERU,ENERO,1.0,31496.43,43862.02,43862.02,346,15
PHARMA - Z2,VITTES GALVEZ INVERSIONES Y SERVICIOS E.I.R.L.,FLUMETOL NF,2,FEB,980.04,24,Z2,CALLAO,False,False,True,False,40513.0,FLUMETOL NF OFTENO 5ML,FEBRERO,1.285457107,84540.52,101550.4985,130538.81,346,6
PHARMA - Z2,VITTES GALVEZ INVERSIONES Y SERVICIOS E.I.R.L.,FLUMETOL NF,3,MAR,980.04,24,Z2,CALLAO,False,False,True,False,40513.0,FLUMETOL NF OFTENO 5ML,MARZO,1.399890715,84540.52,101550.4985,142159.6,346,6
PHARMA - Z2,VITTES GALVEZ INVERSIONES Y SERVICIOS E.I.R.L.,AGGLAD,5,MAY,660.0,12,Z2,CALLAO,False,False,True,False,40351.0,AGGLAD OFTENO 5 ML,MAYO,0.670022241,26193.67,120891.2407,80999.82,346,0
PHARMA - Z2,VITTES GALVEZ INVERSIONES Y SERVICIOS E.I.R.L.,AQUADRAN,5,MAY,583.0,12,Z2,CALLAO,False,False,True,False,41945.0,AQUADRAN 10G,MAYO,1.308504351,13786.2,35738.51318,46764.0,346,1
PHARMA - Z2,VITTES GALVEZ INVERSIONES Y SERVICIOS E.I.R.L.,ELAR-B,5,MAY,311.0,6,Z2,CALLAO,False,False,True,False,42098.0,ELAR-B 5 ML,MAYO,0.690959707,0.0,24407.71845,16864.75,346,3
PHARMA - Z2,VITTES GALVEZ INVERSIONES Y SERVICIOS E.I.R.L.,ELIPTIC PF,5,MAY,408.0,12,Z2,CALLAO,False,False,True,False,41561.0,ELIPTIC OFTENO 5ML PF PERU,MAYO,0.635068724,11669.87,74583.69182,47365.77,346,5
PHARMA - Z2,VITTES GALVEZ INVERSIONES Y SERVICIOS E.I.R.L.,FLUMETOL NF,5,MAY,490.0,12,Z2,CALLAO,False,False,True,False,40513.0,FLUMETOL NF OFTENO 5ML,MAYO,1.182290501,84208.66,107397.8095,126975.41,346,6
PHARMA - Z2,VITTES GALVEZ INVERSIONES Y SERVICIOS E.I.R.L.,GAAP PF,5,MAY,865.0,12,Z2,CALLAO,False,False,True,False,41567.0,GAAP OFTENO LIBRE DE CONSER PF 3 ML PERU,MAYO,0.695728383,103158.58,97315.99528,67705.5,346,8
PHARMA - Z2,VITTES GALVEZ INVERSIONES Y SERVICIOS E.I.R.L.,LAGRICEL PF,5,MAY,573.0,12,Z2,CALLAO,False,False,True,False,41582.0,LAGRICEL OFTENO LIBRE DE CONSERVADORES (PF) 10 ML,MAYO,0.852391423,198666.14,261957.3873,223290.23,346,10
PHARMA - Z2,VITTES GALVEZ INVERSIONES Y SERVICIOS E.I.R.L.,SOPHIPREN,5,MAY,508.0,12,Z2,CALLAO,False,False,True,False,40338.0,SOPHIPREN OFTENO 5 ML,MAYO,0.947602386,43314.92,59671.10342,56544.48,346,12
PHARMA - Z2,VITTES GALVEZ INVERSIONES Y SERVICIOS E.I.R.L.,TRAZIDEX U,5,MAY,505.0,12,Z2,CALLAO,False,False,True,False,40342.0,TRAZIDEX UNGENA 3.5 G,MAYO,0.799544258,131001.94,156358.3363,125015.41,346,14
PHARMA - Z2,VITTES GALVEZ INVERSIONES Y SERVICIOS E.I.R.L.,ZEBESTEN,5,MAY,589.0,12,Z2,CALLAO,False,False,True,False,41604.0,ZEBESTEN 5ML PERU,MAYO,0.825216123,27515.83,29060.89609,23981.52,346,15
PHARMA - Z2,VITTES GALVEZ INVERSIONES Y SERVICIOS E.I.R.L.,FLUMETOL NF,6,JUN,980.0,24,Z2,CALLAO,False,False,True,False,40513.0,FLUMETOL NF OFTENO 5ML,JUNIO,0.071788154,87288.94,107397.8095,115107.7,346,6
PHARMA - S,VIVANCO GIBAJA RENAN EDUARDO,FLUMETOL NF,2,FEB,816.7,20,S,CADENAS,False,False,True,False,40513.0,FLUMETOL NF OFTENO 5ML,FEBRERO,1.285457107,84540.52,101550.4985,130538.81,347,6
PHARMA - S,VIVANCO GIBAJA RENAN EDUARDO,TRAZIDEX U,2,FEB,935.1,20,S,CADENAS,False,False,True,False,40342.0,TRAZIDEX UNGENA 3.5 G,FEBRERO,0.737379291,111697.65,148184.091,109267.88,347,14
PHARMA - S,VIVANCO GIBAJA RENAN EDUARDO,GAAP PF,5,MAY,0.0,20,S,CADENAS,False,False,True,True,41567.0,GAAP OFTENO LIBRE DE CONSER PF 3 ML PERU,MAYO,0.695728383,103158.58,97315.99528,67705.5,347,8
PHARMA - N1,WEB OPTICAS E.I.R.L.,AQUADRAN,4,ABR,0.0,20,N1,CHICLAYO,False,False,True,True,41945.0,AQUADRAN 10G,ABRIL,1.367885669,18754.2,35738.51318,48886.2,348,1
PHARMA - N1,WEB OPTICAS E.I.R.L.,LAGRICEL PF,4,ABR,0.0,20,N1,CHICLAYO,False,False,True,True,41582.0,LAGRICEL OFTENO LIBRE DE CONSERVADORES (PF) 10 ML,ABRIL,1.234011277,222585.45,261957.3873,323258.37,348,10
PHARMA - N1,WEB OPTICAS E.I.R.L.,AQUADRAN,5,MAY,0.0,20,N1,CHICLAYO,False,False,True,True,41945.0,AQUADRAN 10G,MAYO,1.308504351,13786.2,35738.51318,46764.0,348,1
PHARMA - N1,WEB OPTICAS E.I.R.L.,FLUMETOL NF,5,MAY,898.0,20,N1,CHICLAYO,False,False,True,False,40513.0,FLUMETOL NF OFTENO 5ML,MAYO,1.182290501,84208.66,107397.8095,126975.41,348,6
PHARMA - Z3,WISAR SALUD S.A.C.,FLUMETOL NF,2,FEB,204.18,5,Z3,NORTE CHICO,False,False,True,False,40513.0,FLUMETOL NF OFTENO 5ML,FEBRERO,1.285457107,84540.52,101550.4985,130538.81,349,6
PHARMA - Z3,WISAR SALUD S.A.C.,GAAP PF,2,FEB,721.24,10,Z3,NORTE CHICO,False,False,True,False,41567.0,GAAP OFTENO LIBRE DE CONSER PF 3 ML PERU,FEBRERO,0.820494884,80205.04,92164.06035,75620.14,349,8
PHARMA - Z3,WISAR SALUD S.A.C.,TRAZIDEX U,2,FEB,233.78,5,Z3,NORTE CHICO,False,False,True,False,40342.0,TRAZIDEX UNGENA 3.5 G,FEBRERO,0.737379291,111697.65,148184.091,109267.88,349,14
PHARMA - N2,WLLAQUE MEDIC E.I.R.L.,TRAZIDEX O,1,ENE,509.36,10,N2,TRUJILLO,False,False,True,False,40341.0,TRAZIDEX OFTENO 5 ML.,ENERO,1.0,107782.12,170736.47,170736.47,350,13
PHARMA - Z1,Z VISION S.A.C.,FLUMETOL NF,5,MAY,408.0,10,Z1,LIMA,False,False,True,False,40513.0,FLUMETOL NF OFTENO 5ML,MAYO,1.182290501,84208.66,107397.8095,126975.41,351,6
PHARMA - Z1,Z VISION S.A.C.,LAGRICEL PF,5,MAY,568.0,10,Z1,LIMA,False,False,True,False,41582.0,LAGRICEL OFTENO LIBRE DE CONSERVADORES (PF) 10 ML,MAYO,0.852391423,198666.14,261957.3873,223290.23,351,10
PHARMA - Z1,Z VISION S.A.C.,SOPHIPREN,5,MAY,424.0,10,Z1,LIMA,False,False,True,False,40338.0,SOPHIPREN OFTENO 5 ML,MAYO,0.947602386,43314.92,59671.10342,56544.48,351,12
PHARMA - Z1,Z VISION S.A.C.,ZEBESTEN,5,MAY,491.0,10,Z1,LIMA,False,False,True,False,41604.0,ZEBESTEN 5ML PERU,MAYO,0.825216123,27515.83,29060.89609,23981.52,351,15
PHARMA - Z1,Z VISION S.A.C.,AGGLAD,6,JUN,611.0,10,Z1,LIMA,False,False,True,False,40351.0,AGGLAD OFTENO 5 ML,JUNIO,-0.235301917,20271.95,120891.2407,92445.3,351,0
PHARMA - Z1,Z VISION S.A.C.,ELAR-B,6,JUN,621.0,12,Z1,LIMA,False,False,True,False,42098.0,ELAR-B 5 ML,JUNIO,-0.29490542,0.0,24407.71845,17209.75,351,3
PHARMA - Z1,Z VISION S.A.C.,LAGRICEL PF,6,JUN,284.0,5,Z1,LIMA,False,False,True,False,41582.0,LAGRICEL OFTENO LIBRE DE CONSERVADORES (PF) 10 ML,JUNIO,-0.085958779,182516.9,261957.3873,239439.85,351,10
PHARMA - Z1,Z VISION S.A.C.,TRAZIDEX O,6,JUN,232.0,5,Z1,LIMA,False,False,True,False,40341.0,TRAZIDEX OFTENO 5 ML.,JUNIO,-0.192738462,70697.29,101185.0264,81682.78,351,13
PHARMA - Z1,Z VISION S.A.C.,TRAZIDEX U,6,JUN,234.0,5,Z1,LIMA,False,False,True,False,40342.0,TRAZIDEX UNGENA 3.5 G,JUNIO,-0.144707451,114383.92,156358.3363,133732.12,351,14
PHARMA - Z1,ZANS LY JHON EDUARDO,AGGLAD,2,FEB,305.7,5,Z1,LIMA,False,False,True,False,40351.0,AGGLAD OFTENO 5 ML,FEBRERO,0.96716156,31785.06,114546.1364,110784.62,352,0
PHARMA - Z1,ZANS LY JHON EDUARDO,AQUADRAN,2,FEB,270.0,5,Z1,LIMA,False,False,True,False,41945.0,AQUADRAN 10G,FEBRERO,1.033824379,13176.0,33810.57818,34954.2,352,1
PHARMA - Z1,ZANS LY JHON EDUARDO,LAGRICEL PF,2,FEB,568.05,10,Z1,LIMA,False,False,True,False,41582.0,LAGRICEL OFTENO LIBRE DE CONSERVADORES (PF) 10 ML,FEBRERO,1.01762066,244371.43,248182.4906,252555.63,352,10
PHARMA - Z1,ZANS LY JHON EDUARDO,LANDAX,2,FEB,466.1,10,Z1,LIMA,False,False,True,False,41804.0,LANDAX 5ML,FEBRERO,0.765660853,4684.31,21117.7311,16169.02,352,11
PHARMA - Z1,ZANS LY JHON EDUARDO,SOPHIPREN,2,FEB,423.5,10,Z1,LIMA,False,False,True,False,40338.0,SOPHIPREN OFTENO 5 ML,FEBRERO,1.300787434,39394.05,56555.62783,73566.85,352,12
PHARMA - Z1,ZANS LY JHON EDUARDO,AGGLAD,4,ABR,611.0,10,Z1,LIMA,False,False,True,False,40351.0,AGGLAD OFTENO 5 ML,ABRIL,0.757043269,24635.46,120891.2407,91519.9,352,0
PHARMA - Z1,ZANS LY JHON EDUARDO,AQUADRAN,4,ABR,540.0,10,Z1,LIMA,False,False,True,False,41945.0,AQUADRAN 10G,ABRIL,1.367885669,18754.2,35738.51318,48886.2,352,1
PHARMA - Z1,A & E SERVICIOS MEDICOS S.A.C.,LAGRICEL PF,6,,,10,,,,,,,,,,,,,,0,10
PHARMA - N2,BOTICA IBIS S.A.C.,ELIPTIC PF,6,,,20,,,,,,,,,,,,,,27,5
PHARMA - N2,BOTICA IBIS S.A.C.,TRAZIDEX O,6,,,20,,,,,,,,,,,,,,27,13
PHARMA - N2,BOTICA IBIS S.A.C.,LAGRICEL PF,6,,,30,,,,,,,,,,,,,,27,10
PHARMA - N2,AGUIRRE ROCCA CESAR JOAQUIN,FLUMETOL NF,6,,,21,,,,,,,,,,,,,,4,6
PHARMA - N2,AGUIRRE ROCCA CESAR JOAQUIN,ELIPTIC,6,,,40,,,,,,,,,,,,,,4,4
