Vendedor;Nombre Cliente;Producto;MES NUM;Mes;2025;CANTIDAD
Pharma - N1;ADMINISTRADORA CLINICA TRESA S.A;AGGLAD;1;ENE;0;0
Pharma - N1;ADMINISTRADORA CLINICA TRESA S.A;FLUMETOL NF;1;ENE;0;0
Pharma - N1;ADMINISTRADORA CLINICA TRESA S.A;GAAP;1;ENE;0;0
Pharma - N1;ADMINISTRADORA CLINICA TRESA S.A;LAGRICEL;1;ENE;0;0
Pharma - N1;BENEL PEREZ,DENNY JAVIER;FLUMETOL NF;1;ENE;898.37;20
Pharma - N1;BENEL PEREZ,DENNY JAVIER;TRAZIDEX U;1;ENE;1028.61;20
Pharma - N1;BM CLINICA DE OJOS S.A.C.;FLUMETOL NF;1;ENE;612.53;15
Pharma - N1;BM CLINICA DE OJOS S.A.C.;GAAP;1;ENE;1925.85;25
Pharma - N1;BM CLINICA DE OJOS S.A.C.;TRAZIDEX O;1;ENE;250.05;6
Pharma - N1;BM CLINICA DE OJOS S.A.C.;TRAZIDEX U;1;ENE;635.59;0
Pharma - N1;BUENA VISION NORTE EMPRESA INDIVIDUAL DE RESPONSABILIDAD LIMITADA;TRAZIDEX U;1;ENE;1028.61;0
Pharma - N1;CARMONA HUAYGUA,KARLA FABIOLA;AQUADRAN;1;ENE;540;0
Pharma - N1;CARMONA HUAYGUA,KARLA FABIOLA;ELIPTIC PF;1;ENE;237.76;0
Pharma - N1;CARMONA HUAYGUA,KARLA FABIOLA;SOPHIPREN;1;ENE;465.85;0
Pharma - N1;CARMONA HUAYGUA,KARLA FABIOLA;ZEBESTEN;1;ENE;490.88;0
Pharma - N1;CENTRO MEDICO VIDAVA'S S.A.C.;AGGLAD;1;ENE;0;0
Pharma - N1;CENTRO MEDICO VIDAVA'S S.A.C.;AQUADRAN;1;ENE;0;0
Pharma - N1;CENTRO MEDICO VIDAVA'S S.A.C.;ZEBESTEN;1;ENE;0;0
Pharma - N1;CENTRO OFTALMOLOGICO NOBA VISION E.I.R.L.;ELIPTIC PF;1;ENE;1144.01;0
Pharma - N1;CENTRO OFTALMOLOGICO NOBA VISION E.I.R.L.;LAGRICEL PF;1;ENE;1249.71;0
Pharma - N1;CENTRO OFTALMOLOGICO NOBA VISION E.I.R.L.;LANDAX;1;ENE;466.1;0
Pharma - N1;CENTRO OFTALMOLOGICO NOBA VISION E.I.R.L.;TRAZIDEX O;1;ENE;509.36;0
Pharma - N1;CENTRO OFTALMOLOGICO NOBA VISION E.I.R.L.;ZEBESTEN;1;ENE;981.75;0
Pharma - N1;CLINICA DE OJOS GARCIA EMPRESA INDIVIDUAL DE RESPONSABILIDAD LIMITADA;AGGLAD;1;ENE;513.58;0
Pharma - N1;CLINICA DE OJOS GARCIA EMPRESA INDIVIDUAL DE RESPONSABILIDAD LIMITADA;ELIPTIC PF;1;ENE;389.83;10
Pharma - N1;CLINICA DE OJOS GARCIA EMPRESA INDIVIDUAL DE RESPONSABILIDAD LIMITADA;LAGRICEL PF;1;ENE;1981.36;0
Pharma - N1;CLINICA DE OJOS GARCIA EMPRESA INDIVIDUAL DE RESPONSABILIDAD LIMITADA;ZEBESTEN;1;ENE;490.88;0
Pharma - N1;CLINICA DERMATOLOGICA DEL NORTE SOCIEDAD ANONIMA CERRADA;LAGRICEL;1;ENE;614.1;0
Pharma - N1;CLINICA MIRAFLORES SA;FLUMETOL NF;1;ENE;943.94;0
Pharma - N1;CLINICA MIRAFLORES SA;LAGRICEL;1;ENE;1182.96;0
Pharma - N1;CLINICA MIRAFLORES SA;TRAZIDEX O;1;ENE;1503.62;0
Pharma - N1;CLINICA OFTALMOLOGICA DR.PONGO S.R.L;FLUMETOL NF;1;ENE;98;0
Pharma - N1;CLINICA OFTALMOLOGICA DR.PONGO S.R.L;GAAP PF;1;ENE;37.87;1
Pharma - N1;CLINICA OFTALMOLOGICA DR.PONGO S.R.L;LAGRICEL PF;1;ENE;198.82;0
Pharma - N1;CLINICA OFTALMOLOGICA DR.PONGO S.R.L;TRAZIDEX O;1;ENE;207.44;0
Pharma - N1;CLINICA OFTALMOLOGICA VIDAVAÔS;AGGLAD;1;ENE;2690.16;0
Pharma - N1;CLINICA OFTALMOLOGICA VIDAVAÔS;AQUADRAN;1;ENE;3240;0
Pharma - N1;CLINICA OFTALMOLOGICA VIDAVAÔS;FLUMETOL NF;1;ENE;816.7;0
Pharma - N1;CLINICA OFTALMOLOGICA VIDAVAÔS;LAGRICEL PF;1;ENE;5453.28;0
Pharma - N1;CLINICA OFTALMOLOGICA VIDAVAÔS;TRAZIDEX U;1;ENE;2244.24;0
Pharma - N1;CLINICA OFTALMOLOGICA VIDAVAÔS;ZEBESTEN;1;ENE;6497.4;140
Pharma - N1;CLINICA SOTOMAYOR S.A.C.;FLUMETOL NF;1;ENE;898.37;0
Pharma - N1;CLINICA SOTOMAYOR S.A.C.;GAAP PF;1;ENE;1803.1;0
Pharma - N1;CLINICA SOTOMAYOR S.A.C.;LAGRICEL PF;1;ENE;-2272.2;0
Pharma - N1;CONSULTORIO DE OFTALMOLOGIA Y OPTICA: DR. TEODORO SANCHEZ ROMERO E.I.R.L. - COFOPTESA E.I.R.L.;LAGRICEL PF;1;ENE;954.32;0
Pharma - N1;DAFER VISION E.I.R.L.;AGGLAD;1;ENE;2445.6;0
Pharma - N1;DAFER VISION E.I.R.L.;FLUMETOL NF;1;ENE;673.78;0
Pharma - N1;DAFER VISION E.I.R.L.;GAAP PF;1;ENE;1983.41;0
Pharma - N1;DAFER VISION E.I.R.L.;TRAZIDEX O;1;ENE;1528.07;30
Pharma - N1;DAFER VISION E.I.R.L.;TRAZIDEX U;1;ENE;1028.61;0
Pharma - N1;FERNANDEZ CHUNG ROGGER GUSTAVO;AGGLAD;1;ENE;1654.45;0
Pharma - N1;FERNANDEZ CHUNG ROGGER GUSTAVO;ELIPTIC PF;1;ENE;1018.99;0
Pharma - N1;FERNANDEZ CHUNG ROGGER GUSTAVO;TRAZIDEX U;1;ENE;1542.92;0
Pharma - N1;GSP TRUJILLO S.A.C.;LAGRICEL;1;ENE;532.33;0
Pharma - N1;GSP TRUJILLO S.A.C.;LAGRICEL PF;1;ENE;7676.65;0
Pharma - N1;GSP TRUJILLO S.A.C.;SOPHIPREN;1;ENE;182.48;0
Pharma - N1;GSP TRUJILLO S.A.C.;TRAZIDEX U;1;ENE;540.39;10
Pharma - N1;MIOFTALMO CENTER E.I.R.L.;FLUMETOL NF;1;ENE;1078.04;0
Pharma - N1;MONTENEGRO DIAZ ERNESTO ANDRES;DUSTALOX;1;ENE;270.73;0
Pharma - N1;MONTENEGRO DIAZ ERNESTO ANDRES;FLUMETOL NF;1;ENE;269.51;0
Pharma - N1;MONTENEGRO DIAZ ERNESTO ANDRES;LAGRICEL PF;1;ENE;477.16;0
Pharma - N1;OFTALMOCENTRO HD EMPRESA INDIVIDUAL DE RESPONSABILIDAD LIMITADA - OFTA HD E.I.R.L.;AGGLAD;1;ENE;1101.74;0
Pharma - N1;OFTALMOCENTRO HD EMPRESA INDIVIDUAL DE RESPONSABILIDAD LIMITADA - OFTA HD E.I.R.L.;ELIPTIC PF;1;ENE;762.68;0
Pharma - N1;OFTALMOCENTRO HD EMPRESA INDIVIDUAL DE RESPONSABILIDAD LIMITADA - OFTA HD E.I.R.L.;GAAP PF;1;ENE;973.67;0
Pharma - N1;OFTALMOLOGOS ASOCIADOS VER S.A.C.;AGGLAD;1;ENE;825.39;15
Pharma - N1;OFTALMOLOGOS ASOCIADOS VER S.A.C.;ELIPTIC PF;1;ENE;572.01;0
Pharma - N1;OFTALMOLOGOS ASOCIADOS VER S.A.C.;GAAP;1;ENE;3501.2;0
Pharma - N1;OFTALMOLOGOS ASOCIADOS VER S.A.C.;LAGRICEL PF;1;ENE;3124.28;0
Pharma - N1;OFTALMOLOGOS MONTOYA S.A.C.;TRAZIDEX U;1;ENE;1028.61;0
Pharma - N1;OFTAMOLOGIA - CENTRO ESPECIALIZADO EN RETINA Y CATARATA S.R.L.;FLUMETOL NF;1;ENE;539.02;0
Pharma - N1;OFTAMOLOGIA - CENTRO ESPECIALIZADO EN RETINA Y CATARATA S.R.L.;LAGRICEL PF;1;ENE;749.83;0
Pharma - N1;OFTAMOLOGIA - CENTRO ESPECIALIZADO EN RETINA Y CATARATA S.R.L.;SOPHIPREN;1;ENE;559.02;0
Pharma - N1;OFTAMOLOGIA - CENTRO ESPECIALIZADO EN RETINA Y CATARATA S.R.L.;TRAZIDEX O;1;ENE;1222.46;24
Pharma - N1;OFTAMOLOGIA - CENTRO ESPECIALIZADO EN RETINA Y CATARATA S.R.L.;TRAZIDEX U;1;ENE;720.03;0
Pharma - N1;ROJAS VALDIVIA,HUGO;ELIPTIC PF;1;ENE;678.02;0
Pharma - N1;RONCAL FERNANDEZ SONIA EDITH;AGGLAD;1;ENE;551.48;0
Pharma - N1;RONCAL FERNANDEZ SONIA EDITH;AQUADRAN;1;ENE;324;0
Pharma - N1;RONCAL FERNANDEZ SONIA EDITH;ELIPTIC PF;1;ENE;339.66;0
Pharma - N1;SERVIMED PERU S.A.C.;AGGLAD;1;ENE;1008.81;0
Pharma - N1;SERVIMED PERU S.A.C.;AQUADRAN;1;ENE;648;0
Pharma - N1;SERVIMED PERU S.A.C.;ELIPTIC PF;1;ENE;815.19;24
Pharma - N1;SERVIMED PERU S.A.C.;FLUMETOL NF;1;ENE;2245.93;0
Pharma - N1;SERVIMED PERU S.A.C.;GAAP;1;ENE;3273.62;0
Pharma - N1;SERVIMED PERU S.A.C.;LAGRICEL;1;ENE;2476.87;0
Pharma - N1;SERVIMED PERU S.A.C.;LAGRICEL PF;1;ENE;4998.84;0
Pharma - N1;SERVIMED PERU S.A.C.;TRAZIDEX O;1;ENE;611.23;0
Pharma - N1;SERVIMED PERU S.A.C.;TRAZIDEX U;1;ENE;1234.33;0
Pharma - N1;SERVIMED PERU S.A.C.;ZEBESTEN;1;ENE;1178.1;0
Pharma - N1;SERVIMEDICOS S.A.C.;FLUMETOL NF;1;ENE;1085.54;23
Pharma - N1;SERVIMEDICOS S.A.C.;GAAP;1;ENE;431.26;0
Pharma - N1;SERVIMEDICOS S.A.C.;LAGRICEL;1;ENE;1182.96;0
Pharma - N1;SERVIMEDICOS S.A.C.;LAGRICEL PF;1;ENE;7676.66;0
Pharma - N1;TULLUME FLORES,LUIGI JOSEPH;GAAP PF;1;ENE;440.68;0
Pharma - N1;TULLUME FLORES,LUIGI JOSEPH;LAGRICEL PF;1;ENE;624.86;0
Pharma - N1;TULLUME FLORES,LUIGI JOSEPH;LANDAX;1;ENE;372.88;0
Pharma - N1;URBINA SANTA MARIA MARCO ANTONIO;AGGLAD;1;ENE;772.08;0
Pharma - N1;URBINA SANTA MARIA MARCO ANTONIO;ELIPTIC PF;1;ENE;407.6;12
Pharma - N1;URBINA SANTA MARIA MARCO ANTONIO;FLUMETOL NF;1;ENE;1437.39;0
Pharma - N1;URBINA SANTA MARIA MARCO ANTONIO;GAAP PF;1;ENE;1577.71;0
Pharma - N1;URBINA SANTA MARIA MARCO ANTONIO;LAGRICEL PF;1;ENE;874.8;0
Pharma - N1;URBINA SANTA MARIA MARCO ANTONIO;SOPHIPREN;1;ENE;931.7;0
Pharma - N1;URBINA SANTA MARIA MARCO ANTONIO;TRAZIDEX O;1;ENE;611.23;0
Pharma - N1;URBINA SANTA MARIA MARCO ANTONIO;ZEBESTEN;1;ENE;981.75;0
Pharma - N1;WEB OPTICAS E.I.R.L.;AQUADRAN;1;ENE;1080;0
Pharma - N2;BIG PROYECTS S.A.C.;AGGLAD;1;ENE;134.51;2
Pharma - N2;BIG PROYECTS S.A.C.;FLUMETOL NF;1;ENE;89.84;0
Pharma - N2;BIG PROYECTS S.A.C.;LAGRICEL PF;1;ENE;2840.27;0
Pharma - N2;BIG PROYECTS S.A.C.;SOPHIPREN;1;ENE;93.17;0
Pharma - N2;BIG PROYECTS S.A.C.;TRAZIDEX O;1;ENE;560.31;0
Pharma - N2;BIG PROYECTS S.A.C.;TRAZIDEX U;1;ENE;2520.08;0
Pharma - N2;BM CLINICA DE OJOS S.A.C.;ELIPTIC PF;1;ENE;406.81;0
Pharma - N2;BM CLINICA DE OJOS S.A.C.;FLUMETOL NF;1;ENE;816.7;0
Pharma - N2;BM CLINICA DE OJOS S.A.C.;LAGRICEL;1;ENE;393.02;8
Pharma - N2;BM CLINICA DE OJOS S.A.C.;TRAZIDEX U;1;ENE;841.59;0
Pharma - N2;BM CLINICA DE OJOS S.A.C.;ZEBESTEN;1;ENE;736.31;0
Pharma - N2;CACEDA SANCHEZ ELVA ESTHER;AGGLAD;1;ENE;403.52;0
Pharma - N2;CACEDA SANCHEZ ELVA ESTHER;ELIPTIC PF;1;ENE;152.54;0
Pharma - N2;CACEDA SANCHEZ ELVA ESTHER;FLUMETOL NF;1;ENE;539.02;0
Pharma - N2;CACEDA SANCHEZ ELVA ESTHER;LAGRICEL PF;1;ENE;1363.32;0
Pharma - N2;CACEDA SANCHEZ ELVA ESTHER;SOPHIPREN;1;ENE;139.76;0
Pharma - N2;CACEDA SANCHEZ ELVA ESTHER;TRAZIDEX O;1;ENE;611.23;12
Pharma - N2;CACEDA SANCHEZ ELVA ESTHER;TRAZIDEX U;1;ENE;925.75;0
Pharma - N2;CENTRO DE ESPECIALIDADES MêDICAS DEL NORTE NEOSALUD SOCIEDAD ANONIMA CERRADA;FLUMETOL NF;1;ENE;539.02;0
Pharma - N2;CENTRO DE ESPECIALIDADES MêDICAS DEL NORTE NEOSALUD SOCIEDAD ANONIMA CERRADA;LAGRICEL;1;ENE;307.05;0
Pharma - N2;CENTRO DE ESPECIALIDADES MêDICAS DEL NORTE NEOSALUD SOCIEDAD ANONIMA CERRADA;LAGRICEL PF;1;ENE;681.66;0
Pharma - N2;CENTRO MEDICO OFTALMOLOGICO LASER S.R.L;AGGLAD;1;ENE;403.52;0
Pharma - N2;CENTRO MEDICO OFTALMOLOGICO LASER S.R.L;ELIPTIC PF;1;ENE;762.68;0
Pharma - N2;CENTRO MEDICO OFTALMOLOGICO LASER S.R.L;GAAP;1;ENE;577.7;0
Pharma - N2;CENTRO OFTALMOLOGICO UNIVISION E.I.R.L.;LAGRICEL PF;1;ENE;624.86;0
Pharma - N2;CENTRO OFTALMOLOGICO UNIVISION E.I.R.L.;TRAZIDEX O;1;ENE;305.61;0
Pharma - N2;CENTRO OFTALMOLOGICO UNIVISION E.I.R.L.;TRAZIDEX U;1;ENE;617.16;0
Pharma - N2;CHAUCA LOJAS CONSUELO ESTHER;AGGLAD;1;ENE;941.56;0
Pharma - N2;CHS OFTALMOLOG÷A DE ALTA ESPECIALIDAD E.I.R.L.;LAGRICEL;1;ENE;450.34;0
Pharma - N2;CHS OFTALMOLOG÷A DE ALTA ESPECIALIDAD E.I.R.L.;TRAZIDEX U;1;ENE;411.44;0
Pharma - N2;CLINICA DE OJOS LUZ Y VIDA S.A.C.;AQUADRAN;1;ENE;162;0
Pharma - N2;CLINICA DE OJOS LUZ Y VIDA S.A.C.;ELIPTIC PF;1;ENE;127.12;5
Pharma - N2;CLINICA DE OJOS LUZ Y VIDA S.A.C.;FLUMETOL NF;1;ENE;718.7;16
Pharma - N2;CLINICA DE OJOS LUZ Y VIDA S.A.C.;LAGRICEL PF;1;ENE;2499.42;44
Pharma - N2;CLINICA DE OJOS LUZ Y VIDA S.A.C.;TRAZIDEX O;1;ENE;583.45;14
Pharma - N2;CLINICA DE OJOS OFTALMOCENTER S.A.C.;AQUADRAN;1;ENE;486;10
Pharma - N2;CLINICA DE OJOS OFTALMOCENTER S.A.C.;LAGRICEL;1;ENE;2047;40
Pharma - N2;CLINICA DE OJOS OFTALMOCENTER S.A.C.;SOPHIPREN;1;ENE;965.58;20
Pharma - N2;CLINICA DE OJOS OFTALMOCENTER S.A.C.;TRAZIDEX O;1;ENE;833.49;20
Pharma - N2;CLINICA DE OJOS OFTALMOCENTER S.A.C.;TRAZIDEX U;1;ENE;514.31;10
Pharma - N2;CLINICA PERUANO AMERICANA S.A.;LAGRICEL;1;ENE;767.63;15
Pharma - N2;CLINICA SANCHEZ FERRER S A;ELIPTIC;1;ENE;608.83;20
Pharma - N2;CLINICA SANCHEZ FERRER S A;ELIPTIC PF;1;ENE;1254.14;40
Pharma - N2;CLINICA SANCHEZ FERRER S A;LAGRICEL;1;ENE;174;5
Pharma - N2;CLINICA SANCHEZ FERRER S A;LAGRICEL PF;1;ENE;9543.24;250
Pharma - N2;CLINICA SANCHEZ FERRER S A;TRAZIDEX O;1;ENE;571.22;24
Pharma - N2;FLORES JAUREGUI PEDRO;AGGLAD;1;ENE;3362.7;50
Pharma - N2;FLORES JAUREGUI PEDRO;ELIPTIC PF;1;ENE;2253.81;76
Pharma - N2;FLORES JAUREGUI PEDRO;FLUMETOL NF;1;ENE;539.02;12
Pharma - N2;FLORES JAUREGUI PEDRO;GAAP PF;1;ENE;2434.19;30
Pharma - N2;FLORES JAUREGUI PEDRO;LAGRICEL;1;ENE;4605.76;100
Pharma - N2;FLORES JAUREGUI PEDRO;TRAZIDEX U;1;ENE;617.17;12
Pharma - N2;INVERSIONES ARISOF E.I.R.L.;ELIPTIC;1;ENE;-761.04;-6
Pharma - N2;MEDISALUD GROUP S.R.L.;GAAP;1;ENE;-481.42;-5
Pharma - N2;MEDISALUD GROUP S.R.L.;SOPHIPREN;1;ENE;-46.59;-1
Pharma - N2;OFTALMOVISION S.A.C.;AGGLAD;1;ENE;2201.04;30
Pharma - N2;OFTALMOVISION S.A.C.;AQUADRAN;1;ENE;540;10
Pharma - N2;OFTALMOVISION S.A.C.;ELAR-B;1;ENE;1552.5;30
Pharma - N2;OFTALMOVISION S.A.C.;ELIPTIC PF;1;ENE;1271.13;50
Pharma - N2;OFTALMOVISION S.A.C.;FLUMETOL NF;1;ENE;3397.47;80
Pharma - N2;OFTALMOVISION S.A.C.;GAAP;1;ENE;4726.62;50
Pharma - N2;OFTALMOVISION S.A.C.;LAGRICEL;1;ENE;6010.56;150
Pharma - N2;OFTALMOVISION S.A.C.;LAGRICEL PF;1;ENE;6589.38;100
Pharma - N2;OFTALMOVISION S.A.C.;TRAZIDEX O;1;ENE;8334.91;200
Pharma - N2;OFTALMOVISION S.A.C.;TRAZIDEX U;1;ENE;4207.96;100
Pharma - N2;OFTNORT B & S E.I.R.L.;AGGLAD;1;ENE;2690.16;40
Pharma - N2;OFTNORT B & S E.I.R.L.;AQUADRAN;1;ENE;972;20
Pharma - N2;OFTNORT B & S E.I.R.L.;LAGRICEL;1;ENE;3070.5;60
Pharma - N2;OMEGAVISION S.A.C;LAGRICEL PF;1;ENE;1363.32;24
Pharma - N2;OMEGAVISION S.A.C;SOPHIPREN;1;ENE;1016.4;24
Pharma - N2;RAMIREZ QUITO,SILVIA JACKELINE;AGGLAD;1;ENE;67.25;1
Pharma - N2;RAMIREZ QUITO,SILVIA JACKELINE;ELIPTIC PF;1;ENE;76.27;3
Pharma - N2;RAMIREZ QUITO,SILVIA JACKELINE;FLUMETOL NF;1;ENE;134.76;3
Pharma - N2;RAMIREZ QUITO,SILVIA JACKELINE;GAAP;1;ENE;481.42;5
Pharma - N2;RUIZ VIGO JORGE EDUARDO;LAGRICEL;1;ENE;767.63;15
Pharma - N2;RUIZ VIGO JORGE EDUARDO;TRAZIDEX O;1;ENE;611.23;12
Pharma - N2;RUIZ VIGO JORGE EDUARDO;TRAZIDEX U;1;ENE;617.17;12
Pharma - N2;SERVICIOS DE SALUD LOS FRESNOS S.A.C.;FLUMETOL NF;1;ENE;980.04;20
Pharma - N2;SERVICIOS DE SALUD LOS FRESNOS S.A.C.;SOPHIPREN;1;ENE;-4192.65;-90
Pharma - N2;WLLAQUE MEDIC E.I.R.L.;TRAZIDEX O;1;ENE;509.36;10
Pharma - S;ANGELES DE LA SALUD;AGGLAD;1;ENE;275.13;5
Pharma - S;ANGELES DE LA SALUD;ELIPTIC PF;1;ENE;169.83;5
Pharma - S;ANGELES DE LA SALUD;GAAP PF;1;ENE;468.81;5
Pharma - S;ANGELES DE LA SALUD;TRAZIDEX O;1;ENE;416.75;10
Pharma - S;ASOCIACION CIVIL RELIGIOSA DIOSPI SUYANA;FLUMETOL NF;1;ENE;816.7;20
Pharma - S;ASOCIACION PRO ESPIRITU SANTO;AGGLAD;1;ENE;1100.52;20
Pharma - S;ASOCIACION PRO ESPIRITU SANTO;AQUADRAN;1;ENE;810;15
Pharma - S;ASOCIACION PRO ESPIRITU SANTO;ELIPTIC PF;1;ENE;679.32;20
Pharma - S;CENTRO AVANZADO EN CIRUGIA OFTALMOLOGICA CHICATA S.A.C.;FLUMETOL NF;1;ENE;1633.4;40
Pharma - S;CENTRO AVANZADO EN CIRUGIA OFTALMOLOGICA CHICATA S.A.C.;GAAP PF;1;ENE;656.32;7
Pharma - S;CENTRO AVANZADO EN CIRUGIA OFTALMOLOGICA CHICATA S.A.C.;LAGRICEL PF;1;ENE;681.66;10
Pharma - S;CENTRO MEDICO SAN PEDRO S.A.C.;AQUADRAN;1;ENE;270;5
Pharma - S;CENTRO MEDICO SAN PEDRO S.A.C.;LAGRICEL PF;1;ENE;477.16;10
Pharma - S;CENTRO OFTALMOLOGICO PROVISION S.A.C.;TRAZIDEX U;1;ENE;504.95;12
Pharma - S;CEPRECE CUSCO;AGGLAD;1;ENE;1650.78;30
Pharma - S;CEPRECE CUSCO;ELIPTIC PF;1;ENE;901.42;30
Pharma - S;CEPRECE CUSCO;ZEBESTEN;1;ENE;2454.38;50
Pharma - S;CLINICA AREQUIPA SA;AGGLAD;1;ENE;660.31;12
Pharma - S;CLINICA AREQUIPA SA;ELAR-B;1;ENE;690;10
Pharma - S;CLINICA AREQUIPA SA;ELIPTIC PF;1;ENE;407.6;12
Pharma - S;CLINICA AREQUIPA SA;FLUMETOL NF;1;ENE;816.7;20
Pharma - S;CLINICA AREQUIPA SA;GAAP;1;ENE;1181.66;15
Pharma - S;CLINICA AREQUIPA SA;LAGRICEL PF;1;ENE;2726.64;40
Pharma - S;CLINICA AREQUIPA SA;SOPHIPREN;1;ENE;254.1;6
Pharma - S;CLINICA AREQUIPA SA;TRAZIDEX O;1;ENE;1458.61;35
Pharma - S;CLINICA AREQUIPA SA;TRAZIDEX U;1;ENE;1472.78;35
Pharma - S;CLINICA CERRO COLORADO S.A.C.;FLUMETOL NF;1;ENE;537.83;19
Pharma - S;CLINICA CERRO COLORADO S.A.C.;LAGRICEL;1;ENE;202.04;6
Pharma - S;CLINICA LA LUZ TACNA S.A.C.;AGGLAD;1;ENE;611.4;10
Pharma - S;CLINICA LA LUZ TACNA S.A.C.;FLUMETOL NF;1;ENE;816.7;20
Pharma - S;CLINICA LA LUZ TACNA S.A.C.;LAGRICEL;1;ENE;307.05;6
Pharma - S;CLINICA LA LUZ TACNA S.A.C.;LAGRICEL PF;1;ENE;1363.32;20
Pharma - S;CLINICA LA LUZ TACNA S.A.C.;TRAZIDEX O;1;ENE;500.09;12
Pharma - S;CLINICA LA LUZ TACNA S.A.C.;TRAZIDEX U;1;ENE;841.59;20
Pharma - S;CLINICA VALLESUR S.A.;GAAP;1;ENE;690.02;8
Pharma - S;CLINICA VALLESUR S.A.;SOPHIPREN;1;ENE;912.39;20
Pharma - S;ESPECIALIDADES OFTALMOLOGICAS CUSCO SOCIEDAD ANONIMA CERRADA;DUSTALOX;1;ENE;902.44;20
Pharma - S;HOGAR CLINICA SAN JUAN DE DIOS CUSCO;FLUMETOL NF;1;ENE;816.7;20
Pharma - S;LA FUENTE CENTRO DE SALUD INTEGRAL - LA FUENTE;FLUMETOL NF;1;ENE;816.7;20
Pharma - S;LA FUENTE CENTRO DE SALUD INTEGRAL - LA FUENTE;TRAZIDEX O;1;ENE;1666.98;40
Pharma - S;MEDICOS ASOCIADOS CUSCO SOCIEDAD ANONIMA - MAC S.A.;AQUADRAN;1;ENE;648;12
Pharma - S;MEDICOS ASOCIADOS CUSCO SOCIEDAD ANONIMA - MAC S.A.;FLUMETOL NF;1;ENE;2041.75;50
Pharma - S;MEDICOS ASOCIADOS CUSCO SOCIEDAD ANONIMA - MAC S.A.;GAAP PF;1;ENE;1716.55;20
Pharma - S;MEDICOS ASOCIADOS CUSCO SOCIEDAD ANONIMA - MAC S.A.;LAGRICEL;1;ENE;1279.38;25
Pharma - S;MEDICOS ASOCIADOS CUSCO SOCIEDAD ANONIMA - MAC S.A.;SOPHIPREN;1;ENE;127.05;3
Pharma - S;OCUSALUD SOCIEDAD COMERCIAL DE RESPONSABILIDAD LIMITADA;TRAZIDEX O;1;ENE;500.09;12
Pharma - S;OCUSALUD SOCIEDAD COMERCIAL DE RESPONSABILIDAD LIMITADA;TRAZIDEX U;1;ENE;504.95;12
Pharma - S;OFTALMOSALUD AREQUIPA SAC;AGGLAD;1;ENE;3668.4;60
Pharma - S;OFTALMOSALUD AREQUIPA SAC;ELIPTIC PF;1;ENE;2097.56;60
Pharma - S;OFTALMOSALUD AREQUIPA SAC;FLUMETOL NF;1;ENE;2245.93;50
Pharma - S;OFTALMOSALUD AREQUIPA SAC;GAAP PF;1;ENE;811.4;10
Pharma - S;OFTALMOSALUD AREQUIPA SAC;LAGRICEL;1;ENE;2558.75;50
Pharma - S;OFTALMOSALUD AREQUIPA SAC;LAGRICEL PF;1;ENE;6134.94;90
Pharma - S;OFTALMOSALUD AREQUIPA SAC;TRAZIDEX O;1;ENE;2315.25;50
Pharma - S;OFTALMOSALUD AREQUIPA SAC;TRAZIDEX U;1;ENE;2337.75;50
Pharma - S;OJOS Y ANTEOJOS SALUD VISUAL INTEGRAL S.R.L.;AGGLAD;1;ENE;220.1;4
Pharma - S;OJOS Y ANTEOJOS SALUD VISUAL INTEGRAL S.R.L.;ELIPTIC PF;1;ENE;135.87;4
Pharma - S;OPTILASER E.I.R.L.;AGGLAD;1;ENE;2751.3;50
Pharma - S;PROVIDENCIA E.I.R.L;AGGLAD;1;ENE;495.24;9
Pharma - S;PROVIDENCIA E.I.R.L;ELIPTIC PF;1;ENE;305.7;9
Pharma - S;PROVIDENCIA E.I.R.L;TRAZIDEX U;1;ENE;280.53;6
Pharma - S;PROVIDENCIA E.I.R.L;ZEBESTEN;1;ENE;147.26;3
Pharma - S;RODRIGUEZ GRANADA HANSEL MIGUEL;AGGLAD;1;ENE;660.31;12
Pharma - S;RODRIGUEZ GRANADA HANSEL MIGUEL;DUSTALOX;1;ENE;541.46;12
Pharma - S;RODRIGUEZ GRANADA HANSEL MIGUEL;ELIPTIC PF;1;ENE;406.81;12
Pharma - S;RODRIGUEZ GRANADA HANSEL MIGUEL;FLUMETOL NF;1;ENE;490.02;12
Pharma - S;RODRIGUEZ GRANADA HANSEL MIGUEL;GAAP;1;ENE;945.32;12
Pharma - S;RODRIGUEZ GRANADA HANSEL MIGUEL;SOPHIPREN;1;ENE;508.2;12
Pharma - S;RODRIGUEZ GRANADA HANSEL MIGUEL;TRAZIDEX O;1;ENE;500.09;12
Pharma - S;RODRIGUEZ GRANADA HANSEL MIGUEL;TRAZIDEX U;1;ENE;504.95;12
Pharma - S;SILVA ESTELA PAUL DANY;FLUMETOL NF;1;ENE;816.7;20
Pharma - S;SOUTHERN PERU COPPER CORPORATION, SUCURSAL DEL PERÈ;AQUADRAN;1;ENE;6480;120
Pharma - S;SOUTHERN PERU COPPER CORPORATION, SUCURSAL DEL PERÈ;ELIPTIC PF;1;ENE;7315.84;160
Pharma - S;SOUTHERN PERU COPPER CORPORATION, SUCURSAL DEL PERÈ;FLUMETOL NF;1;ENE;4410.18;120
Pharma - S;SOUTHERN PERU COPPER CORPORATION, SUCURSAL DEL PERÈ;GAAP PF;1;ENE;11539.84;160
Pharma - S;SOUTHERN PERU COPPER CORPORATION, SUCURSAL DEL PERÈ;LAGRICEL;1;ENE;5702.74;130
Pharma - S;SOUTHERN PERU COPPER CORPORATION, SUCURSAL DEL PERÈ;TRAZIDEX U;1;ENE;2394.18;65
Pharma - S;VISION CUSCO OFTALMOLOGIA SOCIEDAD ANONIMA CERRADA;FLUMETOL NF;1;ENE;1225.05;30
Pharma - Z1;A & E SERVICIOS MEDICOS S.A.C.;GAAP PF;1;ENE;540.93;6
Pharma - Z1;A & E SERVICIOS MEDICOS S.A.C.;LAGRICEL PF;1;ENE;340.83;6
Pharma - Z1;A & E SERVICIOS MEDICOS S.A.C.;SOPHIPREN;1;ENE;254.1;6
Pharma - Z1;A & E SERVICIOS MEDICOS S.A.C.;ZEBESTEN;1;ENE;294.53;6
Pharma - Z1;ADMINISTRADORA CLINICA RICARDO PALMA S.A.;AGGLAD;1;ENE;171.25;5
Pharma - Z1;ADMINISTRADORA CLINICA RICARDO PALMA S.A.;ELIPTIC;1;ENE;3512.2;213
Pharma - Z1;ADMINISTRADORA CLINICA RICARDO PALMA S.A.;FLUMETOL NF;1;ENE;7268.47;182
Pharma - Z1;ADMINISTRADORA CLINICA RICARDO PALMA S.A.;LAGRICEL;1;ENE;10243.19;450
Pharma - Z1;ADMINISTRADORA CLINICA RICARDO PALMA S.A.;SOPHIPREN;1;ENE;5039.65;170
Pharma - Z1;ADMINISTRADORA CLINICA RICARDO PALMA S.A.;TRAZIDEX U;1;ENE;11974.15;360
Pharma - Z1;APM SERVICES S.A.C;FLUMETOL NF;1;ENE;8167;200
Pharma - Z1;ARBRAYSS LASER S.R.L;AGGLAD;1;ENE;1100.52;20
Pharma - Z1;ARBRAYSS LASER S.R.L;AQUADRAN;1;ENE;972;18
Pharma - Z1;ARBRAYSS LASER S.R.L;ELIPTIC PF;1;ENE;1567.68;30
Pharma - Z1;ARBRAYSS LASER S.R.L;FLUMETOL NF;1;ENE;367.52;10
Pharma - Z1;ARBRAYSS LASER S.R.L;GAAP PF;1;ENE;4417.61;49
Pharma - Z1;ARBRAYSS LASER S.R.L;LAGRICEL PF;1;ENE;5112.46;90
Pharma - Z1;ARBRAYSS LASER S.R.L;TRAZIDEX O;1;ENE;1875.34;45
Pharma - Z1;ARBRAYSS LASER S.R.L;TRAZIDEX U;1;ENE;2440.6;58
Pharma - Z1;ASOCIACION CIVIL DIVINO NIYO JESUS;AGGLAD;1;ENE;3631.72;66
Pharma - Z1;ASOCIACION CIVIL DIVINO NIYO JESUS;DUSTALOX;1;ENE;2165.86;48
Pharma - Z1;ASOCIACION CIVIL DIVINO NIYO JESUS;ELIPTIC PF;1;ENE;1755.81;42
Pharma - Z1;ASOCIACION CIVIL DIVINO NIYO JESUS;FLUMETOL NF;1;ENE;980.04;24
Pharma - Z1;ASOCIACION CIVIL DIVINO NIYO JESUS;GAAP PF;1;ENE;1947.35;24
Pharma - Z1;ASOCIACION CIVIL DIVINO NIYO JESUS;LAGRICEL PF;1;ENE;4294.46;84
Pharma - Z1;ASOCIACION CIVIL DIVINO NIYO JESUS;LANDAX;1;ENE;2013.56;48
Pharma - Z1;ASOCIACION CIVIL DIVINO NIYO JESUS;SOPHIPREN;1;ENE;508.2;12
Pharma - Z1;ASOCIACION CIVIL DIVINO NIYO JESUS;TRAZIDEX O;1;ENE;2000.37;48
Pharma - Z1;ASOCIACION CIVIL DIVINO NIYO JESUS;TRAZIDEX U;1;ENE;1514.86;36
Pharma - Z1;ASOCIACION CIVIL DIVINO NIYO JESUS;ZEBESTEN;1;ENE;589.05;12
Pharma - Z1;BRITISH AMERICAN HOSPITAL S.A.;ELIPTIC PF;1;ENE;1358.66;26
Pharma - Z1;BRITISH AMERICAN HOSPITAL S.A.;FLUMETOL NF;1;ENE;735.03;15
Pharma - Z1;BRITISH AMERICAN HOSPITAL S.A.;GAAP PF;1;ENE;360.62;4
Pharma - Z1;BRITISH AMERICAN HOSPITAL S.A.;LAGRICEL;1;ENE;1228.2;20
Pharma - Z1;CENTRO DE CATARATA Y LASER E.I.R.L.;AQUADRAN;1;ENE;291.6;6
Pharma - Z1;CENTRO DE CATARATA Y LASER E.I.R.L.;DUSTALOX;1;ENE;225.61;5
Pharma - Z1;CENTRO DE CATARATA Y LASER E.I.R.L.;ELIPTIC;1;ENE;253.68;10
Pharma - Z1;CENTRO DE CATARATA Y LASER E.I.R.L.;GAAP;1;ENE;4656.6;70
Pharma - Z1;CENTRO DE CATARATA Y LASER E.I.R.L.;LAGRICEL;1;ENE;9467.38;185
Pharma - Z1;CENTRO DE CATARATA Y LASER E.I.R.L.;LAGRICEL PF;1;ENE;9447.81;198
Pharma - Z1;CENTRO DE CATARATA Y LASER E.I.R.L.;TRAZIDEX O;1;ENE;5575.13;172
Pharma - Z1;CENTRO DE CATARATA Y LASER E.I.R.L.;TRAZIDEX U;1;ENE;420.8;10
Pharma - Z1;CENTRO DE ESPECIALIDADES OFTALMOLOGICAS ALLIN QAWAY E.I.R.L.;AQUADRAN;1;ENE;1080;20
Pharma - Z1;CENTRO DE ESPECIALIDADES OFTALMOLOGICAS ALLIN QAWAY E.I.R.L.;GAAP PF;1;ENE;540.93;6
Pharma - Z1;CENTRO DE ESPECIALIDADES OFTALMOLOGICAS ALLIN QAWAY E.I.R.L.;LAGRICEL PF;1;ENE;954.32;20
Pharma - Z1;CENTRO DE ESPECIALIDADES OFTALMOLOGICAS ALLIN QAWAY E.I.R.L.;TRAZIDEX U;1;ENE;935.1;20
Pharma - Z1;CENTRO OPTICO OPTIMA VISION EIRL;AGGLAD;1;ENE;366.84;6
Pharma - Z1;CENTRO OPTICO OPTIMA VISION EIRL;AQUADRAN;1;ENE;324;6
Pharma - Z1;CENTRO OPTICO OPTIMA VISION EIRL;FLUMETOL NF;1;ENE;539.02;12
Pharma - Z1;CENTRO OPTICO OPTIMA VISION EIRL;GAAP PF;1;ENE;540.93;6
Pharma - Z1;CENTRO OPTICO OPTIMA VISION EIRL;LAGRICEL PF;1;ENE;681.66;12
Pharma - Z1;CENTRO OPTICO OPTIMA VISION EIRL;LANDAX;1;ENE;251.69;6
Pharma - Z1;CENTRO OPTICO OPTIMA VISION EIRL;TRAZIDEX U;1;ENE;280.53;6
Pharma - Z1;CENTRO VISION S.A.;LAGRICEL;1;ENE;409.4;8
Pharma - Z1;CENTRO VISION S.A.;SOPHIPREN;1;ENE;203.28;4
Pharma - Z1;CENTRO VISION S.A.;TRAZIDEX O;1;ENE;185.22;4
Pharma - Z1;CLINICA CORAZON DE JESUS SAC.;ELIPTIC PF;1;ENE;97.98;3
Pharma - Z1;CLINICA CORAZON DE JESUS SAC.;GAAP PF;1;ENE;162.28;3
Pharma - Z1;CLINICA HERNANI S.A.C.;TRAZIDEX U;1;ENE;467.55;10
Pharma - Z1;CLINICA LA MERCED S.A.C.;LAGRICEL;1;ENE;336.73;10
Pharma - Z1;CLINICA OFTALMO VIDA S.A.C.;ELIPTIC PF;1;ENE;391.92;10
Pharma - Z1;CLINICA OFTALMO VIDA S.A.C.;GAAP PF;1;ENE;1081.86;15
Pharma - Z1;CLINICA OFTALMOLOGICA ESPECIALIZADA LUMINUS S.R.L.;TRAZIDEX U;1;ENE;1009.91;24
Pharma - Z1;CLINICA SAN PABLO S.A.C.;AGGLAD;1;ENE;168.51;4
Pharma - Z1;CLINICA SAN PABLO S.A.C.;AQUADRAN;1;ENE;54;1
Pharma - Z1;CLINICA SAN PABLO S.A.C.;FLUMETOL NF;1;ENE;594.43;21
Pharma - Z1;CLINICA SAN PABLO S.A.C.;GAAP;1;ENE;336.64;5
Pharma - Z1;CLINICA SAN PABLO S.A.C.;LAGRICEL;1;ENE;336.74;10
Pharma - Z1;CORPORACION SURCO SALUD E.I.R.L.;AQUADRAN;1;ENE;1080;20
Pharma - Z1;CORPORACION SURCO SALUD E.I.R.L.;LAGRICEL PF;1;ENE;1533.74;30
Pharma - Z1;CORPORACION SURCO SALUD E.I.R.L.;LANDAX;1;ENE;2097.45;50
Pharma - Z1;CORPORACION SURCO SALUD E.I.R.L.;TRAZIDEX O;1;ENE;2546.78;50
Pharma - Z1;CORPORACION SURCO SALUD E.I.R.L.;TRAZIDEX U;1;ENE;1542.92;30
Pharma - Z1;DROGUERIA ANGLOAMERICANA S.A.C.;LAGRICEL;1;ENE;2272.17;37
Pharma - Z1;DROGUERIA ANGLOAMERICANA S.A.C.;TRAZIDEX O;1;ENE;722.36;12
Pharma - Z1;ESPECIALIDADES MEDICAS UNIVERSAL S.A.;AGGLAD;1;ENE;183.42;3
Pharma - Z1;ESPECIALIDADES MEDICAS UNIVERSAL S.A.;LAGRICEL;1;ENE;168.88;3
Pharma - Z1;EXILASER S.A.C.;TRAZIDEX O;1;ENE;740.88;16
Pharma - Z1;EXPERT VISION OFTALMOLOGIA ESPECIALIZADA S.A.C.;ELIPTIC PF;1;ENE;163.3;5
Pharma - Z1;EXPERT VISION OFTALMOLOGIA ESPECIALIZADA S.A.C.;GAAP PF;1;ENE;360.62;5
Pharma - Z1;EXPERT VISION OFTALMOLOGIA ESPECIALIZADA S.A.C.;LAGRICEL PF;1;ENE;238.58;5
Pharma - Z1;FARMA SOLUTIONS E.I.R.L.;AGGLAD;1;ENE;146.74;2
Pharma - Z1;FARMA SOLUTIONS E.I.R.L.;AQUADRAN;1;ENE;216;4
Pharma - Z1;FARMA SOLUTIONS E.I.R.L.;LAGRICEL;1;ENE;225.17;4
Pharma - Z1;FARMA SOLUTIONS E.I.R.L.;LAGRICEL PF;1;ENE;499.88;8
Pharma - Z1;FARMA SOLUTIONS E.I.R.L.;LANDAX;1;ENE;745.76;16
Pharma - Z1;FARMA SOLUTIONS E.I.R.L.;TRAZIDEX O;1;ENE;1083.55;26
Pharma - Z1;FARMA SOLUTIONS E.I.R.L.;TRAZIDEX U;1;ENE;504.96;12
Pharma - Z1;H & G VISION MEDICAL ASOCIADOS S.R.L.;LAGRICEL PF;1;ENE;286.3;6
Pharma - Z1;H & G VISION MEDICAL ASOCIADOS S.R.L.;LANDAX;1;ENE;279.66;6
Pharma - Z1;HC MEDICAL GROUP S.A.C.;LAGRICEL PF;1;ENE;715.74;15
Pharma - Z1;HC MEDICAL GROUP S.A.C.;LANDAX;1;ENE;745.76;20
Pharma - Z1;HC MEDICAL GROUP S.A.C.;SOPHIPREN;1;ENE;762.3;20
Pharma - Z1;HC MEDICAL GROUP S.A.C.;TRAZIDEX O;1;ENE;416.75;10
Pharma - Z1;HC MEDICAL GROUP S.A.C.;ZEBESTEN;1;ENE;981.75;20
Pharma - Z1;INSTITUTO OFTALMOSALUD SOCIEDAD ANONIMA CERRADA;FLUMETOL NF;1;ENE;12250.5;300
Pharma - Z1;INSTITUTOS OFTALMOLOGICOS ESPECIALIZADOS DR.CARLOS WONG CAM S.A.C;AGGLAD;1;ENE;1345.08;20
Pharma - Z1;INSTITUTOS OFTALMOLOGICOS ESPECIALIZADOS DR.CARLOS WONG CAM S.A.C;AQUADRAN;1;ENE;1080;20
Pharma - Z1;INSTITUTOS OFTALMOLOGICOS ESPECIALIZADOS DR.CARLOS WONG CAM S.A.C;ELIPTIC;1;ENE;761.04;15
Pharma - Z1;INSTITUTOS OFTALMOLOGICOS ESPECIALIZADOS DR.CARLOS WONG CAM S.A.C;FLUMETOL NF;1;ENE;1347.56;30
Pharma - Z1;INSTITUTOS OFTALMOLOGICOS ESPECIALIZADOS DR.CARLOS WONG CAM S.A.C;GAAP;1;ENE;3369.91;35
Pharma - Z1;INSTITUTOS OFTALMOLOGICOS ESPECIALIZADOS DR.CARLOS WONG CAM S.A.C;LAGRICEL;1;ENE;4257.76;80
Pharma - Z1;INSTITUTOS OFTALMOLOGICOS ESPECIALIZADOS DR.CARLOS WONG CAM S.A.C;LAGRICEL PF;1;ENE;3658.24;70
Pharma - Z1;INSTITUTOS OFTALMOLOGICOS ESPECIALIZADOS DR.CARLOS WONG CAM S.A.C;SOPHIPREN;1;ENE;1397.55;30
Pharma - Z1;INSTITUTOS OFTALMOLOGICOS ESPECIALIZADOS DR.CARLOS WONG CAM S.A.C;TRAZIDEX O;1;ENE;1389.15;30
Pharma - Z1;INSTITUTOS OFTALMOLOGICOS ESPECIALIZADOS DR.CARLOS WONG CAM S.A.C;TRAZIDEX U;1;ENE;1870.2;40
Pharma - Z1;INSTITUTOS OFTALMOLOGICOS ESPECIALIZADOS DR.CARLOS WONG CAM S.A.C;ZEBESTEN;1;ENE;1472.63;30
Pharma - Z1;LA ESPERANZA DEL PERU S A;ELIPTIC PF;1;ENE;250.83;8
Pharma - Z1;LA ESPERANZA DEL PERU S A;FLUMETOL NF;1;ENE;354.77;12
Pharma - Z1;LA ESPERANZA DEL PERU S A;GAAP PF;1;ENE;2587.45;41
Pharma - Z1;LA ESPERANZA DEL PERU S A;LAGRICEL;1;ENE;1565.96;45
Pharma - Z1;LA ESPERANZA DEL PERU S A;TRAZIDEX U;1;ENE;142.51;5
Pharma - Z1;MACULA D & T S.R.L.;AGGLAD;1;ENE;452.44;10
Pharma - Z1;MACULA D & T S.R.L.;AQUADRAN;1;ENE;1080;20
Pharma - Z1;MACULA D & T S.R.L.;ELIPTIC;1;ENE;342.47;10
Pharma - Z1;MACULA D & T S.R.L.;FLUMETOL NF;1;ENE;735.03;15
Pharma - Z1;MACULA D & T S.R.L.;GAAP;1;ENE;1575.55;20
Pharma - Z1;MACULA D & T S.R.L.;GAAP PF;1;ENE;1352.33;15
Pharma - Z1;MACULA D & T S.R.L.;LAGRICEL;1;ENE;1125.86;20
Pharma - Z1;MACULA D & T S.R.L.;LAGRICEL PF;1;ENE;5936.14;95
Pharma - Z1;MACULA D & T S.R.L.;TRAZIDEX O;1;ENE;1305.81;30
Pharma - Z1;MACULA D & T S.R.L.;TRAZIDEX U;1;ENE;1098.75;25
Pharma - Z1;MACULA D & T S.R.L.;ZEBESTEN;1;ENE;981.76;20
Pharma - Z1;MEDICINA EXTERNA S A MEDEX;AGGLAD;1;ENE;953.78;12
Pharma - Z1;MEDICINA EXTERNA S A MEDEX;LAGRICEL;1;ENE;102.35;2
Pharma - Z1;MEDICINA EXTERNA S A MEDEX;TRAZIDEX O;1;ENE;277.83;6
Pharma - Z1;MEDICINA EXTERNA S A MEDEX;TRAZIDEX U;1;ENE;336.64;6
Pharma - Z1;OBISPADO DE CHOSICA;FLUMETOL NF;1;ENE;1225.05;30
Pharma - Z1;OBISPADO DE CHOSICA;LAGRICEL PF;1;ENE;3817.3;80
Pharma - Z1;OBISPADO DE CHOSICA;TRAZIDEX U;1;ENE;561.06;12
Pharma - Z1;OFTALMEDICA SUR S.A.C.;AGGLAD;1;ENE;1705.81;31
Pharma - Z1;OFTALMEDICA SUR S.A.C.;ELIPTIC;1;ENE;380.52;15
Pharma - Z1;OFTALMEDICA SUR S.A.C.;FLUMETOL NF;1;ENE;367.52;10
Pharma - Z1;OFTALMEDICA SUR S.A.C.;GAAP;1;ENE;1811.88;23
Pharma - Z1;OFTALMEDICA SUR S.A.C.;GAAP PF;1;ENE;180.31;2
Pharma - Z1;OFTALMEDICA SUR S.A.C.;SOPHIPREN;1;ENE;381.15;10
Pharma - Z1;OFTALMEDICA SUR S.A.C.;TRAZIDEX O;1;ENE;2083.73;50
Pharma - Z1;OFTALMEDICA SUR S.A.C.;TRAZIDEX U;1;ENE;757.44;18
Pharma - Z1;OFTALMIC SERVICE SAC;GAAP PF;1;ENE;901.55;10
Pharma - Z1;OFTALMIC SERVICE SAC;LAGRICEL PF;1;ENE;2385.81;50
Pharma - Z1;OFTALMIC SERVICE SAC;TRAZIDEX U;1;ENE;801.75;20
Pharma - Z1;OFTALMICA S.A.C.;AGGLAD;1;ENE;489.12;10
Pharma - Z1;OFTALMICA S.A.C.;AQUADRAN;1;ENE;2970;55
Pharma - Z1;OFTALMICA S.A.C.;FLUMETOL NF;1;ENE;931.04;30
Pharma - Z1;OFTALMICA S.A.C.;GAAP PF;1;ENE;2884.96;40
Pharma - Z1;OFTALMICA S.A.C.;LAGRICEL;1;ENE;2047;50
Pharma - Z1;OFTALMICA S.A.C.;LAGRICEL PF;1;ENE;2044.98;40
Pharma - Z1;OFTALMICA S.A.C.;TRAZIDEX O;1;ENE;740.88;20
Pharma - Z1;OFTALMICA S.A.C.;TRAZIDEX U;1;ENE;1606.03;50
Pharma - Z1;OFTALMO MEDICAL CENTER S.A.C.;ELIPTIC PF;1;ENE;326.6;10
Pharma - Z1;OFTALMO MEDICAL CENTER S.A.C.;FLUMETOL NF;1;ENE;408.35;10
Pharma - Z1;OFTALMO MEDICAL CENTER S.A.C.;GAAP PF;1;ENE;540.93;10
Pharma - Z1;OFTALMO MEDICAL CENTER S.A.C.;LAGRICEL PF;1;ENE;2385.81;50
Pharma - Z1;OFTALMO MEDICAL CENTER S.A.C.;LANDAX;1;ENE;2097.45;50
Pharma - Z1;OFTALMO MEDICAL CENTER S.A.C.;SOPHIPREN;1;ENE;1905.75;50
Pharma - Z1;OFTALMO MEDICAL CENTER S.A.C.;TRAZIDEX U;1;ENE;467.55;10
Pharma - Z1;OFTALMO VISSUM SOCIEDAD ANONIMA CERRADA;AQUADRAN;1;ENE;1458;30
Pharma - Z1;OFTALMO VISSUM SOCIEDAD ANONIMA CERRADA;FLUMETOL NF;1;ENE;1347.56;30
Pharma - Z1;OFTALMO VISSUM SOCIEDAD ANONIMA CERRADA;GAAP PF;1;ENE;540.93;6
Pharma - Z1;OFTALMO VISSUM SOCIEDAD ANONIMA CERRADA;LAGRICEL PF;1;ENE;4771.62;100
Pharma - Z1;OFTALMOLOGIA S & S E.I.R.L.;FLUMETOL NF;1;ENE;163.34;4
Pharma - Z1;OFTALMOLOGOS CONTRERAS CAMPOS SOCIEDAD CIVIL DE RESPONSABILIDAD LIMITADA;TRAZIDEX U;1;ENE;252.48;6
Pharma - Z1;OFTALMOS SAC;AGGLAD;1;ENE;1222.8;20
Pharma - Z1;OFTALMOS SAC;ELIPTIC PF;1;ENE;653.2;20
Pharma - Z1;OFTALMOS SAC;GAAP PF;1;ENE;1081.86;20
Pharma - Z1;OJOS LASER OPHTHALMIC S.A.C;TRAZIDEX O;1;ENE;75014.1;3000
Pharma - Z1;ONCOCENTER PERU S.A.C.;FLUMETOL NF;1;ENE;471.97;10
Pharma - Z1;ONCOCENTER PERU S.A.C.;LAGRICEL;1;ENE;1182.96;20
Pharma - Z1;ONCOCENTER PERU S.A.C.;SOPHIPREN;1;ENE;228.1;5
Pharma - Z1;ONCOCENTER PERU S.A.C.;TRAZIDEX O;1;ENE;75.18;2
Pharma - Z1;OPTICASUNO S.A.C.;AGGLAD;1;ENE;1375.65;25
Pharma - Z1;OPTICASUNO S.A.C.;AQUADRAN;1;ENE;972;20
Pharma - Z1;OPTICASUNO S.A.C.;ELIPTIC PF;1;ENE;1045.12;25
Pharma - Z1;OPTICASUNO S.A.C.;FLUMETOL NF;1;ENE;16334;400
Pharma - Z1;OPTICASUNO S.A.C.;GAAP PF;1;ENE;901.55;10
Pharma - Z1;OPTICASUNO S.A.C.;LAGRICEL;1;ENE;20470;400
Pharma - Z1;OPTICASUNO S.A.C.;LANDAX;1;ENE;10999.96;400
Pharma - Z1;OPTICASUNO S.A.C.;SOPHIPREN;1;ENE;3388;80
Pharma - Z1;PROMOTORA ASISTENCIAL S.A.C CLINICA LIMATAMBO - PROMOSA SAC CLINICA LIMATAMBO;AGGLAD;1;ENE;110.05;2
Pharma - Z1;PROMOTORA ASISTENCIAL S.A.C CLINICA LIMATAMBO - PROMOSA SAC CLINICA LIMATAMBO;FLUMETOL NF;1;ENE;36.75;1
Pharma - Z1;PROMOTORA ASISTENCIAL S.A.C CLINICA LIMATAMBO - PROMOSA SAC CLINICA LIMATAMBO;GAAP;1;ENE;315.11;4
Pharma - Z1;PROMOTORA ASISTENCIAL S.A.C CLINICA LIMATAMBO - PROMOSA SAC CLINICA LIMATAMBO;LAGRICEL;1;ENE;644.81;14
Pharma - Z1;PROVISION 2000 S.A.C.;AGGLAD;1;ENE;1467.36;24
Pharma - Z1;PROVISION 2000 S.A.C.;AQUADRAN;1;ENE;648;12
Pharma - Z1;PROVISION 2000 S.A.C.;GAAP;1;ENE;4376.5;50
Pharma - Z1;PROVISION 2000 S.A.C.;LAGRICEL;1;ENE;1279.38;25
Pharma - Z1;PROVISION 2000 S.A.C.;TRAZIDEX O;1;ENE;1000.19;24
Pharma - Z1;QUALITY VISION SOCIEDAD ANONIMA CERRADA;AGGLAD;1;ENE;660.31;12
Pharma - Z1;QUALITY VISION SOCIEDAD ANONIMA CERRADA;ELIPTIC PF;1;ENE;344.89;12
Pharma - Z1;QUALITY VISION SOCIEDAD ANONIMA CERRADA;LANDAX;1;ENE;559.32;12
Pharma - Z1;QUALITY VISION SOCIEDAD ANONIMA CERRADA;TRAZIDEX O;1;ENE;500.09;12
Pharma - Z1;QUALITY VISION SOCIEDAD ANONIMA CERRADA;TRAZIDEX U;1;ENE;1009.91;24
Pharma - Z1;RIDOUTT  SANCHEZ PATRICIA ELIZABETH;AGGLAD;1;ENE;55.03;1
Pharma - Z1;RIDOUTT  SANCHEZ PATRICIA ELIZABETH;LAGRICEL PF;1;ENE;56.81;1
Pharma - Z1;RIVAS S. CIVIL DE R.L.;AGGLAD;1;ENE;330.16;6
Pharma - Z1;RIVAS S. CIVIL DE R.L.;ELIPTIC PF;1;ENE;227.31;6
Pharma - Z1;RVM 20 E.I.R.L.;SOPHIPREN;1;ENE;931.7;20
Pharma - Z1;SALUD VISUAL Y ESPECIALIDADES SOCIEDAD COMERCIAL DE RESPONSABILIDAD LIMITADA;LAGRICEL PF;1;ENE;2840.25;50
Pharma - Z1;SALUD VISUAL Y ESPECIALIDADES SOCIEDAD COMERCIAL DE RESPONSABILIDAD LIMITADA;TRAZIDEX U;1;ENE;935.1;20
Pharma - Z1;SALUD VISUAL Y ESPECIALIDADES SOCIEDAD COMERCIAL DE RESPONSABILIDAD LIMITADA;ZEBESTEN;1;ENE;1472.63;30
Pharma - Z1;SERVICIOS DE SALUD MONTEFIORI SAC;AGGLAD;1;ENE;165.08;3
Pharma - Z1;SERVICIOS DE SALUD MONTEFIORI SAC;FLUMETOL NF;1;ENE;612.53;15
Pharma - Z1;SISTEMAS DE ADMINISTRACION HOSPITALARIA S.A.C.;AGGLAD;1;ENE;388.24;10
Pharma - Z1;SISTEMAS DE ADMINISTRACION HOSPITALARIA S.A.C.;ELIPTIC;1;ENE;487.07;16
Pharma - Z1;SISTEMAS DE ADMINISTRACION HOSPITALARIA S.A.C.;ELIPTIC PF;1;ENE;2037.99;65
Pharma - Z1;SISTEMAS DE ADMINISTRACION HOSPITALARIA S.A.C.;FLUMETOL NF;1;ENE;1892.15;64
Pharma - Z1;SISTEMAS DE ADMINISTRACION HOSPITALARIA S.A.C.;GAAP;1;ENE;583.47;10
Pharma - Z1;SISTEMAS DE ADMINISTRACION HOSPITALARIA S.A.C.;GAAP PF;1;ENE;126.22;2
Pharma - Z1;SISTEMAS DE ADMINISTRACION HOSPITALARIA S.A.C.;LAGRICEL;1;ENE;10544.1;303
Pharma - Z1;SISTEMAS DE ADMINISTRACION HOSPITALARIA S.A.C.;LAGRICEL PF;1;ENE;3053.84;80
Pharma - Z1;SISTEMAS DE ADMINISTRACION HOSPITALARIA S.A.C.;SOPHIPREN;1;ENE;0;0
Pharma - Z1;SISTEMAS DE ADMINISTRACION HOSPITALARIA S.A.C.;TRAZIDEX O;1;ENE;2380.08;100
Pharma - Z1;SISTEMAS DE ADMINISTRACION HOSPITALARIA S.A.C.;TRAZIDEX U;1;ENE;9405.61;330
Pharma - Z1;TG LASER OFTALMICA SA;AGGLAD;1;ENE;3766.22;56
Pharma - Z1;TG LASER OFTALMICA SA;AQUADRAN;1;ENE;270;5
Pharma - Z1;TG LASER OFTALMICA SA;DUSTALOX;1;ENE;90.24;2
Pharma - Z1;TG LASER OFTALMICA SA;ELIPTIC;1;ENE;2219.7;35
Pharma - Z1;TG LASER OFTALMICA SA;ELIPTIC PF;1;ENE;522.56;10
Pharma - Z1;TG LASER OFTALMICA SA;FLUMETOL NF;1;ENE;449.19;10
Pharma - Z1;TG LASER OFTALMICA SA;GAAP;1;ENE;5776.98;60
Pharma - Z1;TG LASER OFTALMICA SA;GAAP PF;1;ENE;450.78;5
Pharma - Z1;TG LASER OFTALMICA SA;LAGRICEL;1;ENE;562.93;10
Pharma - Z1;TG LASER OFTALMICA SA;LAGRICEL PF;1;ENE;1363.32;20
Pharma - Z1;TG LASER OFTALMICA SA;LANDAX;1;ENE;46.61;1
Pharma - Z1;TG LASER OFTALMICA SA;SOPHIPREN;1;ENE;232.93;5
Pharma - Z1;TG LASER OFTALMICA SA;TRAZIDEX O;1;ENE;926.1;20
Pharma - Z1;TG LASER OFTALMICA SA;TRAZIDEX U;1;ENE;935.1;20
Pharma - Z1;VALEVISION S.A.C.;AQUADRAN;1;ENE;972;20
Pharma - Z1;VALEVISION S.A.C.;TRAZIDEX U;1;ENE;467.56;10
Pharma - Z1;VENUS BELLEZA Y SALUD S.A.C.;AGGLAD;1;ENE;134.51;2
Pharma - Z1;VENUS BELLEZA Y SALUD S.A.C.;FLUMETOL NF;1;ENE;53.09;1
Pharma - Z1;VENUS BELLEZA Y SALUD S.A.C.;LAGRICEL PF;1;ENE;147.69;2
Pharma - Z1;VENUS BELLEZA Y SALUD S.A.C.;SOPHIPREN;1;ENE;110.11;2
Pharma - Z1;VENUS BELLEZA Y SALUD S.A.C.;TRAZIDEX O;1;ENE;120.39;2
Pharma - Z1;VENUS BELLEZA Y SALUD S.A.C.;TRAZIDEX U;1;ENE;121.56;2
Pharma - Z1;VESALIO S.A.;AGGLAD;1;ENE;126.76;2
Pharma - Z1;VESALIO S.A.;FLUMETOL NF;1;ENE;120.72;3
Pharma - Z1;VESALIO S.A.;GAAP PF;1;ENE;2704.66;30
Pharma - Z1;VESALIO S.A.;TRAZIDEX U;1;ENE;636.94;19
Pharma - Z2;AJALCRIYA PASTOR CARLOS ANDRES;LAGRICEL PF;1;ENE;681.67;12
Pharma - Z2;AJALCRIYA PASTOR CARLOS ANDRES;SOPHIPREN;1;ENE;211.75;5
Pharma - Z2;ASOC. PASTORAL DE SERVICIOS MEDICO ASISTENCIALES GOOD HOPE DE LA IGLESIA ADVENTISTA DEL SEPTIMO DIA;AGGLAD;1;ENE;10516.08;200
Pharma - Z2;ASOC. PASTORAL DE SERVICIOS MEDICO ASISTENCIALES GOOD HOPE DE LA IGLESIA ADVENTISTA DEL SEPTIMO DIA;DUSTALOX;1;ENE;225.61;5
Pharma - Z2;ASOC. PASTORAL DE SERVICIOS MEDICO ASISTENCIALES GOOD HOPE DE LA IGLESIA ADVENTISTA DEL SEPTIMO DIA;ELIPTIC PF;1;ENE;1175.76;30
Pharma - Z2;ASOC. PASTORAL DE SERVICIOS MEDICO ASISTENCIALES GOOD HOPE DE LA IGLESIA ADVENTISTA DEL SEPTIMO DIA;FLUMETOL NF;1;ENE;3266.8;80
Pharma - Z2;ASOC. PASTORAL DE SERVICIOS MEDICO ASISTENCIALES GOOD HOPE DE LA IGLESIA ADVENTISTA DEL SEPTIMO DIA;GAAP;1;ENE;6302.16;80
Pharma - Z2;ASOC. PASTORAL DE SERVICIOS MEDICO ASISTENCIALES GOOD HOPE DE LA IGLESIA ADVENTISTA DEL SEPTIMO DIA;LAGRICEL PF;1;ENE;20449.8;400
Pharma - Z2;ASOC. PASTORAL DE SERVICIOS MEDICO ASISTENCIALES GOOD HOPE DE LA IGLESIA ADVENTISTA DEL SEPTIMO DIA;SOPHIPREN;1;ENE;1524.6;40
Pharma - Z2;ASOC. PASTORAL DE SERVICIOS MEDICO ASISTENCIALES GOOD HOPE DE LA IGLESIA ADVENTISTA DEL SEPTIMO DIA;TRAZIDEX O;1;ENE;3982.23;100
Pharma - Z2;ASOC. PASTORAL DE SERVICIOS MEDICO ASISTENCIALES GOOD HOPE DE LA IGLESIA ADVENTISTA DEL SEPTIMO DIA;TRAZIDEX U;1;ENE;4020.93;100
Pharma - Z2;BARRANTES RAMIREZ ELENA JESUS AMERICA;FLUMETOL NF;1;ENE;245.01;6
Pharma - Z2;BARRANTES RAMIREZ ELENA JESUS AMERICA;LAGRICEL PF;1;ENE;858.89;18
Pharma - Z2;BARRANTES RAMIREZ ELENA JESUS AMERICA;TRAZIDEX O;1;ENE;277.83;6
Pharma - Z2;BARRANTES RAMIREZ ELENA JESUS AMERICA;TRAZIDEX U;1;ENE;280.53;6
Pharma - Z2;CEMO JJK AMPARITO S.A.C.;LAGRICEL PF;1;ENE;284.03;5
Pharma - Z2;CEMO JJK AMPARITO S.A.C.;ZEBESTEN;1;ENE;196.35;4
Pharma - Z2;CENTRO DE EXCELENCIA EN GLAUCOMA S.R.L.;AGGLAD;1;ENE;275.13;5
Pharma - Z2;CENTRO DE EXCELENCIA EN GLAUCOMA S.R.L.;ELIPTIC PF;1;ENE;189.43;5
Pharma - Z2;CENTRO DE EXCELENCIA EN GLAUCOMA S.R.L.;LAGRICEL;1;ENE;255.88;5
Pharma - Z2;CENTRO DE EXCELENCIA EN GLAUCOMA S.R.L.;LAGRICEL PF;1;ENE;238.58;5
Pharma - Z2;CENTRO LASER OCULAR SOCIEDAD COMERCIAL DE RESPONSABILIDAD LIMITADA;GAAP;1;ENE;393.89;5
Pharma - Z2;CENTRO LASER OCULAR SOCIEDAD COMERCIAL DE RESPONSABILIDAD LIMITADA;GAAP PF;1;ENE;405.7;5
Pharma - Z2;CENTRO LASER OCULAR SOCIEDAD COMERCIAL DE RESPONSABILIDAD LIMITADA;LAGRICEL PF;1;ENE;908.88;20
Pharma - Z2;CENTRO LASER OCULAR SOCIEDAD COMERCIAL DE RESPONSABILIDAD LIMITADA;ZEBESTEN;1;ENE;981.75;20
Pharma - Z2;CENTRO OFTALMOLOGICO DELGADO E.I.R.L.;FLUMETOL NF;1;ENE;3511.81;100
Pharma - Z2;CENTRO OFTALMOLOGICO DR. GERONIMO EIRL;AQUADRAN;1;ENE;1296;24
Pharma - Z2;CENTRO OFTALMOLOGICO DR. GERONIMO EIRL;GAAP PF;1;ENE;901.55;10
Pharma - Z2;CENTURION TECHNOLOGIES E.I.R.L.;AGGLAD;1;ENE;1222.8;20
Pharma - Z2;CENTURION TECHNOLOGIES E.I.R.L.;AQUADRAN;1;ENE;1080;20
Pharma - Z2;CENTURION TECHNOLOGIES E.I.R.L.;FLUMETOL NF;1;ENE;408.35;10
Pharma - Z2;CENTURION TECHNOLOGIES E.I.R.L.;GAAP;1;ENE;875.3;10
Pharma - Z2;CENTURION TECHNOLOGIES E.I.R.L.;GAAP PF;1;ENE;901.55;10
Pharma - Z2;CENTURION TECHNOLOGIES E.I.R.L.;LAGRICEL;1;ENE;614.1;10
Pharma - Z2;CENTURION TECHNOLOGIES E.I.R.L.;LAGRICEL PF;1;ENE;1136.1;20
Pharma - Z2;CENTURION TECHNOLOGIES E.I.R.L.;SOPHIPREN;1;ENE;1270.5;30
Pharma - Z2;CENTURION TECHNOLOGIES E.I.R.L.;TRAZIDEX O;1;ENE;463.05;10
Pharma - Z2;CENTURION TECHNOLOGIES E.I.R.L.;ZEBESTEN;1;ENE;490.88;10
Pharma - Z2;CIRUGIA DE RETINA Y MACULA DRA. PATRICIA LIRA E.I.R.L.;AGGLAD;1;ENE;1375.65;25
Pharma - Z2;CIRUGIA DE RETINA Y MACULA DRA. PATRICIA LIRA E.I.R.L.;ELIPTIC PF;1;ENE;979.8;25
Pharma - Z2;CIRUGIA DE RETINA Y MACULA DRA. PATRICIA LIRA E.I.R.L.;ZEBESTEN;1;ENE;2365.13;50
Pharma - Z2;CLINICA DE OJOS SANTOS SRL;GAAP PF;1;ENE;405.7;5
Pharma - Z2;CLINICA DE OJOS SANTOS SRL;LAGRICEL PF;1;ENE;1192.91;25
Pharma - Z2;CLINICA DE OJOS SANTOS SRL;TRAZIDEX U;1;ENE;1051.99;25
Pharma - Z2;CLINICA DE OJOS SELUCE S.A.C.;AGGLAD;1;ENE;1222.8;20
Pharma - Z2;CLINICA DE OJOS SELUCE S.A.C.;AQUADRAN;1;ENE;1080;20
Pharma - Z2;CLINICA DE OJOS SELUCE S.A.C.;ELIPTIC PF;1;ENE;1763.64;30
Pharma - Z2;CLINICA DE OJOS SELUCE S.A.C.;FLUMETOL NF;1;ENE;2041.75;50
Pharma - Z2;CLINICA DE OJOS SELUCE S.A.C.;LAGRICEL PF;1;ENE;2897.06;50
Pharma - Z2;CLINICA DE OJOS SELUCE S.A.C.;SOPHIPREN;1;ENE;2117.5;50
Pharma - Z2;CLINICA DE OJOS SELUCE S.A.C.;TRAZIDEX O;1;ENE;2083.73;50
Pharma - Z2;CLINICA DE OJOS SELUCE S.A.C.;TRAZIDEX U;1;ENE;841.59;20
Pharma - Z2;CLINICA DE OJOS SELUCE S.A.C.;ZEBESTEN;1;ENE;981.75;20
Pharma - Z2;CLINICA DE OJOS VISION LASER E.I.R.L.;ELIPTIC PF;1;ENE;195.96;5
Pharma - Z2;CLINICA DE OJOS VISION LASER E.I.R.L.;LAGRICEL;1;ENE;255.88;5
Pharma - Z2;CLINICA DE OJOS VISION LASER E.I.R.L.;TRAZIDEX U;1;ENE;280.53;6
Pharma - Z2;CLINICA INTERNACIONAL S A;AGGLAD;1;ENE;4795.33;120
Pharma - Z2;CLINICA INTERNACIONAL S A;ELIPTIC PF;1;ENE;4010.75;104
Pharma - Z2;CLINICA INTERNACIONAL S A;FLUMETOL NF;1;ENE;10514.52;380
Pharma - Z2;CLINICA INTERNACIONAL S A;GAAP;1;ENE;5234.29;130
Pharma - Z2;CLINICA INTERNACIONAL S A;GAAP PF;1;ENE;1362;33
Pharma - Z2;CLINICA INTERNACIONAL S A;LAGRICEL;1;ENE;11878.45;362
Pharma - Z2;CLINICA INTERNACIONAL S A;SOPHIPREN;1;ENE;3720.21;137
Pharma - Z2;CLINICA INTERNACIONAL S A;TRAZIDEX U;1;ENE;3451.17;130
Pharma - Z2;CLINICA NUEVO SAN JUAN SOCIEDAD ANONIMA CERRADA;FLUMETOL NF;1;ENE;254.76;9
Pharma - Z2;CLINICA OFTALMOLOGICA REGIONAL SAC;FLUMETOL NF;1;ENE;204.18;5
Pharma - Z2;CLINICA OFTALMOLOGICA REGIONAL SAC;GAAP;1;ENE;175.06;2
Pharma - Z2;CLINICA OFTALMOLOGICA REGIONAL SAC;TRAZIDEX U;1;ENE;471.29;12
Pharma - Z2;CLINICA ORTEGA SRL;FLUMETOL NF;1;ENE;1470.06;36
Pharma - Z2;CLINICA ORTEGA SRL;TRAZIDEX U;1;ENE;1346.54;32
Pharma - Z2;CONGREGACION HIJAS DE SAN CAMILO;SOPHIPREN;1;ENE;1334.03;35
Pharma - Z2;CUIDA DIGITAL S.A.C.;AGGLAD;1;ENE;10051.41;137
Pharma - Z2;CUIDA DIGITAL S.A.C.;ELIPTIC;1;ENE;3932.04;62
Pharma - Z2;CUIDA DIGITAL S.A.C.;ELIPTIC PF;1;ENE;2377.65;52
Pharma - Z2;CUIDA DIGITAL S.A.C.;FLUMETOL NF;1;ENE;588.02;12
Pharma - Z2;CUIDA DIGITAL S.A.C.;GAAP;1;ENE;28902.4;254
Pharma - Z2;CUIDA DIGITAL S.A.C.;GAAP PF;1;ENE;14958.52;122
Pharma - Z2;CUIDA DIGITAL S.A.C.;LAGRICEL;1;ENE;2128.88;32
Pharma - Z2;CUIDA DIGITAL S.A.C.;LAGRICEL PF;1;ENE;4403.53;57
Pharma - Z2;CUIDA DIGITAL S.A.C.;SOPHIPREN;1;ENE;609.84;12
Pharma - Z2;CUIDA DIGITAL S.A.C.;TRAZIDEX O;1;ENE;764.03;15
Pharma - Z2;CUIDA DIGITAL S.A.C.;TRAZIDEX U;1;ENE;729.38;13
Pharma - Z2;CUIDA DIGITAL S.A.C.;ZEBESTEN;1;ENE;522.11;9
Pharma - Z2;DOCTOR + S.A.C.;AGGLAD;1;ENE;621.19;16
Pharma - Z2;DOCTOR + S.A.C.;ELIPTIC PF;1;ENE;282.18;9
Pharma - Z2;DOCTOR + S.A.C.;GAAP;1;ENE;4142.67;71
Pharma - Z2;DOCTOR + S.A.C.;GAAP PF;1;ENE;1703.93;27
Pharma - Z2;DOCTOR + S.A.C.;LAGRICEL;1;ENE;730.78;21
Pharma - Z2;DOCTOR + S.A.C.;LAGRICEL PF;1;ENE;1336.06;35
Pharma - Z2;ESPINOZA OSTOS MEIDA ANA;GAAP;1;ENE;1575.54;20
Pharma - Z2;FARMAVISION SOCIEDAD ANONIMA CERRADA;AGGLAD;1;ENE;2201.04;36
Pharma - Z2;FARMAVISION SOCIEDAD ANONIMA CERRADA;AQUADRAN;1;ENE;648;12
Pharma - Z2;FARMAVISION SOCIEDAD ANONIMA CERRADA;FLUMETOL NF;1;ENE;490.02;12
Pharma - Z2;FARMAVISION SOCIEDAD ANONIMA CERRADA;GAAP;1;ENE;945.32;12
Pharma - Z2;GAMARRA HEALTHCARE CENTER S.A.C.;TRAZIDEX U;1;ENE;280.53;6
Pharma - Z2;INSTITUTO DE OJOS MULTIVISION SOCIEDAD ANONIMA;GAAP;1;ENE;3938.85;50
Pharma - Z2;INSTITUTO MEDICO QUIRURGICO AREQUIPA S.A;FLUMETOL NF;1;ENE;816.7;20
Pharma - Z2;INSTITUTO MEDICO QUIRURGICO AREQUIPA S.A;LAGRICEL PF;1;ENE;6816.6;120
Pharma - Z2;INSTITUTO MEDICO QUIRURGICO AREQUIPA S.A;TRAZIDEX U;1;ENE;2337.75;50
Pharma - Z2;INSTITUTO MEDICO QUIRURGICO AREQUIPA S.A;ZEBESTEN;1;ENE;2258.04;46
Pharma - Z2;INVERSIONES MULTIMEDIC S.A.C.;TRAZIDEX O;1;ENE;3704.4;80
Pharma - Z2;INVERSIONES MULTIMEDIC S.A.C.;TRAZIDEX U;1;ENE;935.1;20
Pharma - Z2;MEDIC SER S.A.C.;FLUMETOL NF;1;ENE;1463.11;31
Pharma - Z2;MEDIC SER S.A.C.;GAAP;1;ENE;3105.07;36
Pharma - Z2;MEDIC SER S.A.C.;SOPHIPREN;1;ENE;456.19;10
Pharma - Z2;MEGAFARMA LA VICTORIA SAC;SOPHIPREN;1;ENE;635.25;15
Pharma - Z2;MEGAFARMA LA VICTORIA SAC;TRAZIDEX O;1;ENE;694.58;15
Pharma - Z2;OCULASER CENTRO DE MICROCIRUGIA Y LASER S.A.C.;AGGLAD;1;ENE;1320.62;24
Pharma - Z2;OCULASER CENTRO DE MICROCIRUGIA Y LASER S.A.C.;AQUADRAN;1;ENE;1944;36
Pharma - Z2;OCULASER CENTRO DE MICROCIRUGIA Y LASER S.A.C.;ELIPTIC PF;1;ENE;909.25;24
Pharma - Z2;OCULASER CENTRO DE MICROCIRUGIA Y LASER S.A.C.;GAAP PF;1;ENE;4327.44;48
Pharma - Z2;OCULASER CENTRO DE MICROCIRUGIA Y LASER S.A.C.;LAGRICEL PF;1;ENE;2044.98;36
Pharma - Z2;OCULASER CENTRO DE MICROCIRUGIA Y LASER S.A.C.;SOPHIPREN;1;ENE;2032.8;48
Pharma - Z2;OFTALMOLIVE GROUP PERU S.A.C.;FLUMETOL NF;1;ENE;490.02;12
Pharma - Z2;OFTALMOLIVE GROUP PERU S.A.C.;LAGRICEL PF;1;ENE;681.66;12
Pharma - Z2;OFTALMOLIVE GROUP PERU S.A.C.;ZEBESTEN;1;ENE;589.05;12
Pharma - Z2;OFTALMOLUZ E.I.R.L.;AQUADRAN;1;ENE;1620;30
Pharma - Z2;OFTALMOLUZ E.I.R.L.;TRAZIDEX U;1;ENE;1402.65;30
Pharma - Z2;OPHTHALMO PERU S.A.C.;AGGLAD;1;ENE;305.7;5
Pharma - Z2;OPHTHALMO PERU S.A.C.;ELIPTIC PF;1;ENE;163.3;5
Pharma - Z2;OPHTHALMO PERU S.A.C.;GAAP PF;1;ENE;270.47;3
Pharma - Z2;OPHTHALMO PERU S.A.C.;SOPHIPREN;1;ENE;211.75;5
Pharma - Z2;OPHTHALMO PERU S.A.C.;TRAZIDEX O;1;ENE;231.53;5
Pharma - Z2;OPTICA VERIMEDIC E.I.R.L.;ELAR-B;1;ENE;345;6
Pharma - Z2;OPTICA VERIMEDIC E.I.R.L.;FLUMETOL NF;1;ENE;245.01;6
Pharma - Z2;OPTICA VERIMEDIC E.I.R.L.;LAGRICEL PF;1;ENE;286.3;6
Pharma - Z2;OPTICA VERIMEDIC E.I.R.L.;SOPHIPREN;1;ENE;508.2;12
Pharma - Z2;OPTICA VERIMEDIC E.I.R.L.;TRAZIDEX O;1;ENE;277.83;6
Pharma - Z2;OPTICA VERIMEDIC E.I.R.L.;TRAZIDEX U;1;ENE;280.53;6
Pharma - Z2;OPTICA VERIMEDIC E.I.R.L.;ZEBESTEN;1;ENE;294.53;6
Pharma - Z2;OPTIMA VISION SRL;AGGLAD;1;ENE;330.15;6
Pharma - Z2;OPTIMA VISION SRL;DUSTALOX;1;ENE;82.04;2
Pharma - Z2;OPTIMA VISION SRL;ELIPTIC PF;1;ENE;227.31;6
Pharma - Z2;OPTIMA VISION SRL;FLUMETOL NF;1;ENE;343.01;6
Pharma - Z2;OPTIMA VISION SRL;GAAP PF;1;ENE;901.55;10
Pharma - Z2;OPTIMA VISION SRL;LAGRICEL PF;1;ENE;381.73;8
Pharma - Z2;OPTIMA VISION SRL;TRAZIDEX O;1;ENE;277.83;6
Pharma - Z2;OPTIMA VISION SRL;TRAZIDEX U;1;ENE;1009.91;18
Pharma - Z2;OPTIMA VISION SRL;ZEBESTEN;1;ENE;98.18;2
Pharma - Z2;OPTOPLUS E.I.R.L.;AGGLAD;1;ENE;1222.8;10
Pharma - Z2;OPTOPLUS E.I.R.L.;ELAR-B;1;ENE;2875;50
Pharma - Z2;OPTOPLUS E.I.R.L.;GAAP PF;1;ENE;901.55;10
Pharma - Z2;OPTOPLUS E.I.R.L.;LAGRICEL PF;1;ENE;2556.23;50
Pharma - Z2;OPTOPLUS E.I.R.L.;LANDAX;1;ENE;2330.5;50
Pharma - Z2;OPTOPLUS E.I.R.L.;SOPHIPREN;1;ENE;1821.05;50
Pharma - Z2;OPTOPLUS E.I.R.L.;TRAZIDEX O;1;ENE;2315.25;50
Pharma - Z2;OSMICE E.I.R.L.;FLUMETOL NF;1;ENE;2041.75;50
Pharma - Z2;OSMICE E.I.R.L.;TRAZIDEX O;1;ENE;2083.73;50
Pharma - Z2;POLICLINICO OFTALMO SALUD S.A.C.;TRAZIDEX O;1;ENE;722.36;12
Pharma - Z2;POLICLINICO OFTALMO SALUD S.A.C.;TRAZIDEX U;1;ENE;729.38;12
Pharma - Z2;SANAR SM E.I.R.L;TRAZIDEX U;1;ENE;3740.4;100
Pharma - Z2;SERVICIOS DE FARMACIA OFTALMOLOGICA YAHUI EIRL;AGGLAD;1;ENE;4402.08;80
Pharma - Z2;SERVICIOS DE FARMACIA OFTALMOLOGICA YAHUI EIRL;ELAR-B;1;ENE;2300;40
Pharma - Z2;SERVICIOS DE FARMACIA OFTALMOLOGICA YAHUI EIRL;ELIPTIC PF;1;ENE;3030.85;80
Pharma - Z2;SERVICIOS DE FARMACIA OFTALMOLOGICA YAHUI EIRL;FLUMETOL NF;1;ENE;3593.48;80
Pharma - Z2;SERVICIOS DE FARMACIA OFTALMOLOGICA YAHUI EIRL;LAGRICEL;1;ENE;4094;100
Pharma - Z2;SERVICIOS DE FARMACIA OFTALMOLOGICA YAHUI EIRL;LAGRICEL PF;1;ENE;17041.5;300
Pharma - Z2;SERVICIOS DE FARMACIA OFTALMOLOGICA YAHUI EIRL;SOPHIPREN;1;ENE;3345.65;79
Pharma - Z2;SERVICIOS DE FARMACIA OFTALMOLOGICA YAHUI EIRL;TRAZIDEX U;1;ENE;4207.95;100
Pharma - Z2;SERVICIOS DE FARMACIA OFTALMOLOGICA YAHUI EIRL;ZEBESTEN;1;ENE;3927;80
Pharma - Z2;UNOVE S.A.C.;DUSTALOX;1;ENE;902.44;20
Pharma - Z2;UNOVE S.A.C.;GAAP;1;ENE;787.77;10
Pharma - Z2;UNOVE S.A.C.;LAGRICEL PF;1;ENE;2385.81;50
Pharma - Z2;UNOVE S.A.C.;TRAZIDEX O;1;ENE;1852.2;40
Pharma - Z2;UNOVE S.A.C.;TRAZIDEX U;1;ENE;841.59;20
Pharma - Z2;UNOVE S.A.C.;ZEBESTEN;1;ENE;928.2;20
Pharma - Z2;VITTES GALVEZ INVERSIONES Y SERVICIOS E.I.R.L.;AGGLAD;1;ENE;660.31;12
Pharma - Z2;VITTES GALVEZ INVERSIONES Y SERVICIOS E.I.R.L.;ELIPTIC PF;1;ENE;470.3;12
Pharma - Z2;VITTES GALVEZ INVERSIONES Y SERVICIOS E.I.R.L.;FLUMETOL NF;1;ENE;735.03;18
Pharma - Z2;VITTES GALVEZ INVERSIONES Y SERVICIOS E.I.R.L.;GAAP PF;1;ENE;1081.86;12
Pharma - Z2;VITTES GALVEZ INVERSIONES Y SERVICIOS E.I.R.L.;TRAZIDEX U;1;ENE;252.48;6
Pharma - Z2;VITTES GALVEZ INVERSIONES Y SERVICIOS E.I.R.L.;ZEBESTEN;1;ENE;589.05;12
Pharma - Z3;AAA SAC;DUSTALOX;1;ENE;1845.9;50
Pharma - Z3;AAA SAC;ELIPTIC PF;1;ENE;2612.8;50
Pharma - Z3;AAA SAC;TRAZIDEX U;1;ENE;4675.5;100
Pharma - Z3;AAA SAC;ZEBESTEN;1;ENE;2454.38;50
Pharma - Z3;ASOCIACION PERUANO JAPONESA;AGGLAD;1;ENE;2298.86;47
Pharma - Z3;ASOCIACION PERUANO JAPONESA;AQUADRAN;1;ENE;1080;20
Pharma - Z3;ASOCIACION PERUANO JAPONESA;ELIPTIC PF;1;ENE;1306.4;25
Pharma - Z3;ASOCIACION PERUANO JAPONESA;FLUMETOL NF;1;ENE;898.38;20
Pharma - Z3;ASOCIACION PERUANO JAPONESA;GAAP PF;1;ENE;9520.37;120
Pharma - Z3;ASOCIACION PERUANO JAPONESA;LAGRICEL;1;ENE;1970.24;35
Pharma - Z3;ASOCIACION PERUANO JAPONESA;LAGRICEL PF;1;ENE;3408.3;50
Pharma - Z3;ASOCIACION PERUANO JAPONESA;SOPHIPREN;1;ENE;423.5;10
Pharma - Z3;ASOCIACION PERUANO JAPONESA;TRAZIDEX O;1;ENE;1111.32;20
Pharma - Z3;ASOCIACION PERUANO JAPONESA;TRAZIDEX U;1;ENE;3366.36;60
Pharma - Z3;CENTRO MEDICO CLINICA SAN JUDAS TADEO SA;AGGLAD;1;ENE;2506.74;41
Pharma - Z3;CENTRO MEDICO CLINICA SAN JUDAS TADEO SA;TRAZIDEX O;1;ENE;2083.73;50
Pharma - Z3;CENTRO MEDICO CLINICA SAN JUDAS TADEO SA;TRAZIDEX U;1;ENE;504.95;12
Pharma - Z3;CENTRO OFTALMOLOGICO LEO VISION S.A.C.;TRAZIDEX U;1;ENE;2337.75;50
Pharma - Z3;CENTRO OFTALMOLOGICO MONCADA S. CIVIL DE R.L;AQUADRAN;1;ENE;216;4
Pharma - Z3;CENTRO OFTALMOLOGICO MONCADA S. CIVIL DE R.L;ELAR-B;1;ENE;172.5;3
Pharma - Z3;CENTRO OFTALMOLOGICO Z & P S.A.C.;TRAZIDEX U;1;ENE;561.06;12
Pharma - Z3;CLINICA BELLAVISTA SOCIEDAD ANONIMA CERRADA;FLUMETOL NF;1;ENE;471.97;10
Pharma - Z3;CLINICA DE OJOS DÔOPELUCE SAC;AGGLAD;1;ENE;2201.04;40
Pharma - Z3;CLINICA DE OJOS DÔOPELUCE SAC;AQUADRAN;1;ENE;324;6
Pharma - Z3;CLINICA DE OJOS DÔOPELUCE SAC;DUSTALOX;1;ENE;902.44;20
Pharma - Z3;CLINICA DE OJOS DÔOPELUCE SAC;ELIPTIC PF;1;ENE;2090.24;40
Pharma - Z3;CLINICA DE OJOS DÔOPELUCE SAC;FLUMETOL NF;1;ENE;898.37;20
Pharma - Z3;CLINICA DE OJOS DÔOPELUCE SAC;GAAP;1;ENE;2800.96;40
Pharma - Z3;CLINICA DE OJOS DÔOPELUCE SAC;LAGRICEL;1;ENE;2047;40
Pharma - Z3;CLINICA DE OJOS DÔOPELUCE SAC;LAGRICEL PF;1;ENE;8543.47;160
Pharma - Z3;CLINICA DE OJOS DÔOPELUCE SAC;SOPHIPREN;1;ENE;931.7;20
Pharma - Z3;CLINICA DE OJOS DÔOPELUCE SAC;TRAZIDEX O;1;ENE;3333.96;80
Pharma - Z3;CLINICA DE OJOS DÔOPELUCE SAC;TRAZIDEX U;1;ENE;2945.57;70
Pharma - Z3;CLINICA DE OJOS DÔOPELUCE SAC;ZEBESTEN;1;ENE;1419.08;30
Pharma - Z3;CLINICA DE OJOS VISION DEL PERU S.A.C.;AGGLAD;1;ENE;2035.96;37
Pharma - Z3;CLINICA DE OJOS VISION DEL PERU S.A.C.;ELIPTIC PF;1;ENE;1208.42;37
Pharma - Z3;CLINICA DE OJOS VISION DEL PERU S.A.C.;FLUMETOL NF;1;ENE;1020.88;25
Pharma - Z3;CLINICA JESUS DEL NORTE SOCIEDAD ANONIMA CERRADA;FLUMETOL NF;1;ENE;226.45;8
Pharma - Z3;CLINICA JESUS DEL NORTE SOCIEDAD ANONIMA CERRADA;GAAP;1;ENE;67.33;1
Pharma - Z3;CLINICA SAN FELIPE S A;FLUMETOL NF;1;ENE;295.56;10
Pharma - Z3;CLINICA SAN FELIPE S A;LAGRICEL;1;ENE;2722.31;78
Pharma - Z3;CLINICA SAN FELIPE S A;TRAZIDEX U;1;ENE;1738.61;61
Pharma - Z3;CLINICA SAN GABRIEL S A C;AQUADRAN;1;ENE;54;1
Pharma - Z3;CLINICA SAN GABRIEL S A C;ELAR-B;1;ENE;517.5;10
Pharma - Z3;CLINICA SAN GABRIEL S A C;FLUMETOL NF;1;ENE;2858.99;101
Pharma - Z3;CLINICA SAN GABRIEL S A C;LAGRICEL PF;1;ENE;74.76;2
Pharma - Z3;CLINICA SAN GABRIEL S A C;LANDAX;1;ENE;149.15;4
Pharma - Z3;CONSULTORIO OPTICA BELLAVISTA E.I.R.L;AQUADRAN;1;ENE;162;3
Pharma - Z3;CONSULTORIO OPTICA BELLAVISTA E.I.R.L;ELIPTIC PF;1;ENE;424.58;20
Pharma - Z3;CONSULTORIO OPTICA BELLAVISTA E.I.R.L;FLUMETOL NF;1;ENE;326.68;8
Pharma - Z3;CONSULTORIO OPTICA BELLAVISTA E.I.R.L;SOPHIPREN;1;ENE;254.1;6
Pharma - Z3;CONSULTORIO OPTICA BELLAVISTA E.I.R.L;TRAZIDEX U;1;ENE;187.02;4
Pharma - Z3;CONSULTORIO OPTICA BELLAVISTA E.I.R.L;ZEBESTEN;1;ENE;294.53;6
Pharma - Z3;CONSULTORIOS OFTALMOLOGICOS DEL PERU S.A.C.;LAGRICEL PF;1;ENE;1175.86;30
Pharma - Z3;CONSULTORIOS OFTALMOLOGICOS DEL PERU S.A.C.;TRAZIDEX U;1;ENE;420.8;10
Pharma - Z3;DERMATOLOGICA PERU E.I.R.L.;LAGRICEL PF;1;ENE;568.05;10
Pharma - Z3;DERMATOLOGICA PERU E.I.R.L.;TRAZIDEX O;1;ENE;1111.32;24
Pharma - Z3;DERMATOLOGICA PERU E.I.R.L.;TRAZIDEX U;1;ENE;561.06;12
Pharma - Z3;EP OFTALMOLOGOS ASOCIADOS S.A.C.;AQUADRAN;1;ENE;1080;20
Pharma - Z3;EP OFTALMOLOGOS ASOCIADOS S.A.C.;GAAP PF;1;ENE;1803.1;20
Pharma - Z3;EP OFTALMOLOGOS ASOCIADOS S.A.C.;LAGRICEL PF;1;ENE;1136.1;20
Pharma - Z3;EP OFTALMOLOGOS ASOCIADOS S.A.C.;SOPHIPREN;1;ENE;847;20
Pharma - Z3;EP OFTALMOLOGOS ASOCIADOS S.A.C.;ZEBESTEN;1;ENE;981.75;20
Pharma - Z3;EVP. CORPORACION PERUVIAN S.A.C.;AGGLAD;1;ENE;550.26;10
Pharma - Z3;EVP. CORPORACION PERUVIAN S.A.C.;GAAP PF;1;ENE;901.55;10
Pharma - Z3;EVP. CORPORACION PERUVIAN S.A.C.;LAGRICEL PF;1;ENE;2044.98;40
Pharma - Z3;EVP. CORPORACION PERUVIAN S.A.C.;SOPHIPREN;1;ENE;1143.45;30
Pharma - Z3;EVP. CORPORACION PERUVIAN S.A.C.;TRAZIDEX O;1;ENE;1055.75;30
Pharma - Z3;EVP. CORPORACION PERUVIAN S.A.C.;TRAZIDEX U;1;ENE;710.68;20
Pharma - Z3;EYES SOLUTION E.I.R.L;TRAZIDEX O;1;ENE;926.1;20
Pharma - Z3;EYES SOLUTION E.I.R.L;TRAZIDEX U;1;ENE;935.1;20
Pharma - Z3;FARMACIAS MUNDIALES Y PERFUMERIA S.A.C;FLUMETOL NF;1;ENE;106.17;2
Pharma - Z3;FARMACIAS MUNDIALES Y PERFUMERIA S.A.C;LAGRICEL;1;ENE;399.17;6
Pharma - Z3;FARMACIAS MUNDIALES Y PERFUMERIA S.A.C;TRAZIDEX O;1;ENE;120.39;2
Pharma - Z3;HC SOLUCIONES INTEGRALES SOCIEDAD ANONIMA CERRADA;FLUMETOL NF;1;ENE;1960.08;50
Pharma - Z3;HC SOLUCIONES INTEGRALES SOCIEDAD ANONIMA CERRADA;SOPHIPREN;1;ENE;847;20
Pharma - Z3;HERRERA LOPEZ NORMA FRANCISCA;TRAZIDEX O;1;ENE;926.1;20
Pharma - Z3;HIDALGO SALINAS,LUIS ANGEL;AQUADRAN;1;ENE;2430;50
Pharma - Z3;HIDALGO SALINAS,LUIS ANGEL;TRAZIDEX U;1;ENE;2103.98;50
Pharma - Z3;INSAMED INTERNACIONAL EMPRESA INDIVIDUAL DE RESPONSABILIDAD LIMITADA;ELIPTIC PF;1;ENE;627.07;24
Pharma - Z3;INSAMED INTERNACIONAL EMPRESA INDIVIDUAL DE RESPONSABILIDAD LIMITADA;FLUMETOL NF;1;ENE;612.53;15
Pharma - Z3;INSAMED INTERNACIONAL EMPRESA INDIVIDUAL DE RESPONSABILIDAD LIMITADA;SOPHIPREN;1;ENE;635.25;15
Pharma - Z3;INSTITUTO PERUANO DE LA VISION S.A.C.;AQUADRAN;1;ENE;864;16
Pharma - Z3;INSTITUTO PERUANO DE LA VISION S.A.C.;DUSTALOX;1;ENE;180.49;4
Pharma - Z3;INSTITUTO PERUANO DE LA VISION S.A.C.;ELIPTIC;1;ENE;507.36;10
Pharma - Z3;INSTITUTO PERUANO DE LA VISION S.A.C.;FLUMETOL NF;1;ENE;159.26;3
Pharma - Z3;INSTITUTO PERUANO DE LA VISION S.A.C.;GAAP;1;ENE;472.66;6
Pharma - Z3;INSTITUTO PERUANO DE LA VISION S.A.C.;LAGRICEL;1;ENE;1535.25;30
Pharma - Z3;INSTITUTO PERUANO DE LA VISION S.A.C.;LANDAX;1;ENE;139.83;3
Pharma - Z3;INSTITUTO PERUANO DE LA VISION S.A.C.;TRAZIDEX O;1;ENE;324.14;7
Pharma - Z3;INSTITUTO PERUANO DE LA VISION S.A.C.;TRAZIDEX U;1;ENE;294.56;7
Pharma - Z3;INVERSIONES MEDICAS GALENO S.A.C.;AGGLAD;1;ENE;244.56;4
Pharma - Z3;INVERSIONES MEDICAS GALENO S.A.C.;ELIPTIC PF;1;ENE;391.92;6
Pharma - Z3;INVERSIONES MEDICAS GALENO S.A.C.;LAGRICEL PF;1;ENE;5226.06;92
Pharma - Z3;INVERSIONES MEDICAS GALENO S.A.C.;SOPHIPREN;1;ENE;1651.65;39
Pharma - Z3;L & F OFTALMOLOGOS S.A.C;TRAZIDEX O;1;ENE;555.66;12
Pharma - Z3;L & F OFTALMOLOGOS S.A.C;TRAZIDEX U;1;ENE;561.06;12
Pharma - Z3;LANDA OCHOA REYSU REYNALDO;LAGRICEL PF;1;ENE;284.03;5
Pharma - Z3;LANDA OCHOA REYSU REYNALDO;TRAZIDEX U;1;ENE;2122.68;50
Pharma - Z3;LANDA OCHOA REYSU REYNALDO;ZEBESTEN;1;ENE;245.44;5
Pharma - N1;MAS VISION CHICLAYO S.A.C.;AGGLAD;1;ENE;1650.78;30
Pharma - N1;MAS VISION CHICLAYO S.A.C.;GAAP PF;1;ENE;1803.1;20
Pharma - N1;MAS VISION CHICLAYO S.A.C.;LAGRICEL PF;1;ENE;5623.7;110
Pharma - N1;MAS VISION CHICLAYO S.A.C.;SOPHIPREN;1;ENE;1905.75;50
Pharma - N1;MAS VISION CHICLAYO S.A.C.;TRAZIDEX O;1;ENE;3167.26;90
Pharma - N1;MAS VISION CHICLAYO S.A.C.;TRAZIDEX U;1;ENE;710.68;20
Pharma - Z3;MAS VISION S.A.C.;AGGLAD;1;ENE;1100.52;20
Pharma - Z3;MAS VISION S.A.C.;ELIPTIC PF;1;ENE;339.01;10
Pharma - Z3;MAS VISION S.A.C.;FLUMETOL NF;1;ENE;1633.4;40
Pharma - Z3;MAS VISION S.A.C.;GAAP PF;1;ENE;2253.88;25
Pharma - Z3;MAS VISION S.A.C.;LAGRICEL;1;ENE;460.58;10
Pharma - Z3;MAS VISION S.A.C.;LAGRICEL PF;1;ENE;6134.94;120
Pharma - Z3;MAS VISION S.A.C.;SOPHIPREN;1;ENE;2286.9;60
Pharma - Z3;MAS VISION S.A.C.;TRAZIDEX O;1;ENE;1407.68;40
Pharma - Z3;MAS VISION S.A.C.;TRAZIDEX U;1;ENE;710.68;20
Pharma - Z3;MAS VISION S.A.C.;ZEBESTEN;1;ENE;490.88;10
Pharma - Z3;MEDI VISTA E.I.R.L.;FLUMETOL NF;1;ENE;735.03;20
Pharma - Z3;MEDI VISTA E.I.R.L.;GAAP PF;1;ENE;1487.56;30
Pharma - Z3;NORVISION SAC;LANDAX;1;ENE;466.1;10
Pharma - Z3;NORVISION SAC;TRAZIDEX O;1;ENE;625.12;15
Pharma - Z3;NUESTRA SENORA DEL SAGRADO CORAZON;AGGLAD;1;ENE;464.66;10
Pharma - Z3;OFTALMOLOG÷ALASER S.A.C.;GAAP PF;1;ENE;595.02;12
Pharma - Z3;OFTALMOLOG÷ALASER S.A.C.;LAGRICEL PF;1;ENE;2840.25;50
Pharma - Z3;OFTALMOSELVA E.I.R.L.;ELAR-B;1;ENE;1150;20
Pharma - Z3;OFTALMOSELVA E.I.R.L.;LAGRICEL PF;1;ENE;1817.76;40
Pharma - Z3;OFTALMOSELVA E.I.R.L.;TRAZIDEX O;1;ENE;926.1;20
Pharma - Z3;OMNI LASER S.R.L.;TRAZIDEX U;1;ENE;654.57;20
Pharma - Z3;OPTHALMICA VISION SOCIEDAD ANONIMA CERRADA;AQUADRAN;1;ENE;486;10
Pharma - Z3;OPTHALMICA VISION SOCIEDAD ANONIMA CERRADA;FLUMETOL NF;1;ENE;408.35;10
Pharma - Z3;OPTHALMICA VISION SOCIEDAD ANONIMA CERRADA;GAAP PF;1;ENE;721.24;10
Pharma - Z3;OPTHALMICA VISION SOCIEDAD ANONIMA CERRADA;LAGRICEL PF;1;ENE;1022.49;20
Pharma - Z3;OPTHALMICA VISION SOCIEDAD ANONIMA CERRADA;TRAZIDEX U;1;ENE;467.55;10
Pharma - Z3;POLICLINICO VIRGEN DEL ROSARIO E.I.R.L.;ELAR-B;1;ENE;287.5;5
Pharma - Z3;POLICLINICO VIRGEN DEL ROSARIO E.I.R.L.;FLUMETOL NF;1;ENE;816.71;20
Pharma - Z3;POLICLINICO VIRGEN DEL ROSARIO E.I.R.L.;LAGRICEL PF;1;ENE;1136.1;20
Pharma - Z3;POLICLINICO VIRGEN DEL ROSARIO E.I.R.L.;SOPHIPREN;1;ENE;635.25;15
Pharma - Z3;POLICLINICO VIRGEN DEL ROSARIO E.I.R.L.;TRAZIDEX U;1;ENE;935.1;20
Pharma - Z3;POLICLINICO VIRGEN DEL ROSARIO E.I.R.L.;ZEBESTEN;1;ENE;490.88;10
Pharma - Z3;RED SALUD NORTE S.A.C.;FLUMETOL NF;1;ENE;179.68;4
Pharma - Z3;RED SALUD NORTE S.A.C.;LAGRICEL PF;1;ENE;1635.98;24
Pharma - Z3;RED SALUD NORTE S.A.C.;TRAZIDEX O;1;ENE;1852.2;40
Pharma - Z3;RED SALUD NORTE S.A.C.;TRAZIDEX U;1;ENE;467.56;10
Pharma - Z3;RETINA VISION E.I.R.L.;FLUMETOL NF;1;ENE;816.7;20
Pharma - Z3;RETINA VISION E.I.R.L.;LAGRICEL PF;1;ENE;1090.66;20
Pharma - Z3;RETINA VISION E.I.R.L.;SOPHIPREN;1;ENE;847;20
Pharma - Z3;RETINA VISION E.I.R.L.;TRAZIDEX O;1;ENE;463.05;10
Pharma - Z3;S & P OFTALMOLOGOS S.A.C.;DUSTALOX;1;ENE;443.02;12
Pharma - Z3;S & P OFTALMOLOGOS S.A.C.;FLUMETOL NF;1;ENE;612.53;15
Pharma - Z3;SOLUCIONES E INVERSIONES EN SALUD SOCIEDAD ANONIMA CERRADA - SOLINSALUD SAC.;LAGRICEL PF;1;ENE;1278.11;25
Pharma - Z3;SOLUCIONES E INVERSIONES EN SALUD SOCIEDAD ANONIMA CERRADA - SOLINSALUD SAC.;SOPHIPREN;1;ENE;1058.75;25
Pharma - Z3;SOLUCIONES E INVERSIONES EN SALUD SOCIEDAD ANONIMA CERRADA - SOLINSALUD SAC.;TRAZIDEX O;1;ENE;1157.63;25
Pharma - Z3;SOLUCIONES E INVERSIONES EN SALUD SOCIEDAD ANONIMA CERRADA - SOLINSALUD SAC.;TRAZIDEX U;1;ENE;631.19;15
Pharma - Z3;SOLUCIONES E INVERSIONES EN SALUD SOCIEDAD ANONIMA CERRADA - SOLINSALUD SAC.;ZEBESTEN;1;ENE;1227.19;25
Pharma - Z3;VISANA CLINICA ESPECIALIZADA S.A.C;AGGLAD;1;ENE;1222.8;20
Pharma - Z3;VISANA CLINICA ESPECIALIZADA S.A.C;ELIPTIC PF;1;ENE;679.33;20
Pharma - Z3;VISANA CLINICA ESPECIALIZADA S.A.C;FLUMETOL NF;1;ENE;1633.4;40
Pharma - Z3;VISANA CLINICA ESPECIALIZADA S.A.C;GAAP PF;1;ENE;1803.1;20
Pharma - Z3;VISANA CLINICA ESPECIALIZADA S.A.C;LAGRICEL PF;1;ENE;2862.98;60
Pharma - Z3;VISANA CLINICA ESPECIALIZADA S.A.C;TRAZIDEX O;1;ENE;1250.24;30
Pharma - Z3;VISANA CLINICA ESPECIALIZADA S.A.C;TRAZIDEX U;1;ENE;1963.71;50
Pharma - Z3;VISANA CLINICA ESPECIALIZADA S.A.C;ZEBESTEN;1;ENE;1338.75;30
Pharma - Z3;VISUAL CENTER S.A.C.;AGGLAD;1;ENE;917.1;15
Pharma - Z3;VISUAL CENTER S.A.C.;AQUADRAN;1;ENE;486;10
Pharma - Z3;VISUAL CENTER S.A.C.;ELAR-B;1;ENE;310.5;6
Pharma - Z3;VISUAL CENTER S.A.C.;ELIPTIC PF;1;ENE;1567.68;30
Pharma - Z3;VISUAL CENTER S.A.C.;FLUMETOL NF;1;ENE;673.78;15
Pharma - Z3;VISUAL CENTER S.A.C.;GAAP PF;1;ENE;1352.33;15
Pharma - Z3;VISUAL CENTER S.A.C.;LAGRICEL;1;ENE;255.88;5
Pharma - Z3;VISUAL CENTER S.A.C.;LAGRICEL PF;1;ENE;2840.25;50
Pharma - Z3;VISUAL CENTER S.A.C.;TRAZIDEX O;1;ENE;926.1;20
Pharma - Z3;VISUAL CENTER S.A.C.;TRAZIDEX U;1;ENE;2571.53;50
Pharma - Z3;VISUAL CENTER S.A.C.;ZEBESTEN;1;ENE;946.06;20
Pharma - N1;BENEL PEREZ,DENNY JAVIER;LAGRICEL PF;2;FEB;574.64;12
Pharma - N1;BM CLINICA DE OJOS S.A.C.;TRAZIDEX U;2;FEB;420.8;10
Pharma - N1;BUENA VISION NORTE EMPRESA INDIVIDUAL DE RESPONSABILIDAD LIMITADA;TRAZIDEX U;2;FEB;1234.33;24
Pharma - N1;CENTRO OFTALMOLOGICO NOBA VISION E.I.R.L.;AGGLAD;2;FEB;3301.56;60
Pharma - N1;CENTRO OFTALMOLOGICO NOBA VISION E.I.R.L.;AQUADRAN;2;FEB;1080;20
Pharma - N1;CENTRO OFTALMOLOGICO NOBA VISION E.I.R.L.;ELAR-B;2;FEB;517.5;10
Pharma - N1;CENTRO OFTALMOLOGICO NOBA VISION E.I.R.L.;ELIPTIC PF;2;FEB;1144.01;30
Pharma - N1;CENTRO OFTALMOLOGICO NOBA VISION E.I.R.L.;LAGRICEL;2;FEB;511.75;10
Pharma - N1;CENTRO OFTALMOLOGICO NOBA VISION E.I.R.L.;LAGRICEL PF;2;FEB;1249.71;20
Pharma - N1;CESPEDES CABRERA YOHANA PAMELA;AGGLAD;2;FEB;330.16;6
Pharma - N1;CESPEDES CABRERA YOHANA PAMELA;ELIPTIC PF;2;FEB;407.6;12
Pharma - N1;CLINICA DE OJOS GARCIA EMPRESA INDIVIDUAL DE RESPONSABILIDAD LIMITADA;AGGLAD;2;FEB;256.79;5
Pharma - N1;CLINICA DE OJOS GARCIA EMPRESA INDIVIDUAL DE RESPONSABILIDAD LIMITADA;LAGRICEL PF;2;FEB;1188.82;24
Pharma - N1;CLINICA DE OJOS GARCIA EMPRESA INDIVIDUAL DE RESPONSABILIDAD LIMITADA;ZEBESTEN;2;FEB;245.44;5
Pharma - N1;CLINICA DE OJOS OPHTO SALUD SRL.;AGGLAD;2;FEB;770.36;14
Pharma - N1;CLINICA DE OJOS OPHTO SALUD SRL.;ELIPTIC PF;2;FEB;475.53;14
Pharma - N1;CLINICA DERMATOLOGICA DEL NORTE SOCIEDAD ANONIMA CERRADA;LAGRICEL;2;FEB;675.51;12
Pharma - N1;CLINICA MIRAFLORES SA;FLUMETOL NF;2;FEB;943.94;20
Pharma - N1;CLINICA MIRAFLORES SA;GAAP;2;FEB;1725.04;20
Pharma - N1;CLINICA OFTALMOLOGICA DR.PONGO S.R.L;FLUMETOL NF;2;FEB;98.01;3
Pharma - N1;CLINICA OFTALMOLOGICA DR.PONGO S.R.L;LAGRICEL PF;2;FEB;119.29;3
Pharma - N1;CLINICA OFTALMOLOGICA DR.PONGO S.R.L;LANDAX;2;FEB;293.64;9
Pharma - N1;CLINICA OFTALMOLOGICA DR.PONGO S.R.L;SOPHIPREN;2;FEB;31.34;1
Pharma - N1;CLINICA OFTALMOLOGICA VIDAVAÔS;AGGLAD;2;FEB;4406.97;80
Pharma - N1;CLINICA OFTALMOLOGICA VIDAVAÔS;AQUADRAN;2;FEB;4320;80
Pharma - N1;CLINICA OFTALMOLOGICA VIDAVAÔS;ELIPTIC PF;2;FEB;2717.31;80
Pharma - N1;CLINICA OFTALMOLOGICA VIDAVAÔS;GAAP;2;FEB;7002.4;80
Pharma - N1;CLINICA OFTALMOLOGICA VIDAVAÔS;SOPHIPREN;2;FEB;3388;80
Pharma - N1;CLINICA OFTALMOLOGICA VIDAVAÔS;TRAZIDEX O;2;FEB;2963.52;80
Pharma - N1;CLINICA OFTALMOLOGICA VIDAVAÔS;ZEBESTEN;2;FEB;3712.8;80
Pharma - N1;CLINICA SOTOMAYOR S.A.C.;AGGLAD;2;FEB;1100.52;20
Pharma - N1;CLINICA SOTOMAYOR S.A.C.;FLUMETOL NF;2;FEB;898.37;20
Pharma - N1;CLINICA SOTOMAYOR S.A.C.;GAAP PF;2;FEB;1803.1;20
Pharma - N1;CLINICA SOTOMAYOR S.A.C.;LAGRICEL;2;FEB;1023.5;20
Pharma - N1;CLINICA SOTOMAYOR S.A.C.;SOPHIPREN;2;FEB;931.7;20
Pharma - N1;CLINICA SOTOMAYOR S.A.C.;ZEBESTEN;2;FEB;928.2;20
Pharma - N1;DAFER VISION E.I.R.L.;AGGLAD;2;FEB;1100.52;20
Pharma - N1;DAFER VISION E.I.R.L.;ELIPTIC PF;2;FEB;679.33;20
Pharma - N1;DAFER VISION E.I.R.L.;LAGRICEL PF;2;FEB;954.32;20
Pharma - N1;DAFER VISION E.I.R.L.;TRAZIDEX O;2;FEB;1528.07;30
Pharma - N1;ESPINOZA QUIROGA,ROCIO;LAGRICEL;2;FEB;1351.02;24
Pharma - N1;GSP TRUJILLO S.A.C.;FLUMETOL NF;2;FEB;188.79;4
Pharma - N1;GSP TRUJILLO S.A.C.;LAGRICEL;2;FEB;473.18;8
Pharma - N1;GSP TRUJILLO S.A.C.;LAGRICEL PF;2;FEB;6129.42;103
Pharma - N1;GSP TRUJILLO S.A.C.;TRAZIDEX U;2;FEB;540.39;10
Pharma - N1;HOSPITAL METROPOLITANO SOCIEDAD ANONIMA;AGGLAD;2;FEB;672.54;10
Pharma - N1;HOSPITAL METROPOLITANO SOCIEDAD ANONIMA;DUSTALOX;2;FEB;82.04;2
Pharma - N1;HOSPITAL METROPOLITANO SOCIEDAD ANONIMA;ELIPTIC;2;FEB;684.94;12
Pharma - N1;HOSPITAL METROPOLITANO SOCIEDAD ANONIMA;GAAP;2;FEB;1050.36;12
Pharma - N1;HOSPITAL METROPOLITANO SOCIEDAD ANONIMA;LAGRICEL PF;2;FEB;572.59;12
Pharma - N1;HOSPITAL METROPOLITANO SOCIEDAD ANONIMA;TRAZIDEX O;2;FEB;370.44;8
Pharma - N1;HOSPITAL METROPOLITANO SOCIEDAD ANONIMA;TRAZIDEX U;2;FEB;374.04;8
Pharma - N1;MIOFTALMO CENTER E.I.R.L.;ELAR-B;2;FEB;621;12
Pharma - N1;MIOFTALMO CENTER E.I.R.L.;FLUMETOL NF;2;FEB;539.02;12
Pharma - N1;OFTALMOCENTRO HD EMPRESA INDIVIDUAL DE RESPONSABILIDAD LIMITADA - OFTA HD E.I.R.L.;AGGLAD;2;FEB;2202.26;40
Pharma - N1;OFTALMOCENTRO HD EMPRESA INDIVIDUAL DE RESPONSABILIDAD LIMITADA - OFTA HD E.I.R.L.;ELIPTIC PF;2;FEB;679.33;20
Pharma - N1;OFTALMOCENTRO HD EMPRESA INDIVIDUAL DE RESPONSABILIDAD LIMITADA - OFTA HD E.I.R.L.;FLUMETOL NF;2;FEB;898.37;20
Pharma - N1;OFTALMOCENTRO HD EMPRESA INDIVIDUAL DE RESPONSABILIDAD LIMITADA - OFTA HD E.I.R.L.;LAGRICEL PF;2;FEB;2457.95;50
Pharma - N1;OFTALMOCENTRO HD EMPRESA INDIVIDUAL DE RESPONSABILIDAD LIMITADA - OFTA HD E.I.R.L.;SOPHIPREN;2;FEB;1863.4;40
Pharma - N1;OFTALMOCENTRO HD EMPRESA INDIVIDUAL DE RESPONSABILIDAD LIMITADA - OFTA HD E.I.R.L.;ZEBESTEN;2;FEB;981.75;20
Pharma - N1;OFTALMOLOGOS ASOCIADOS VER S.A.C.;ELIPTIC PF;2;FEB;572.01;15
Pharma - N1;OFTALMOLOGOS ASOCIADOS VER S.A.C.;FLUMETOL NF;2;FEB;539.02;12
Pharma - N1;OFTALMOLOGOS ASOCIADOS VER S.A.C.;GAAP;2;FEB;4814.15;55
Pharma - N1;OFTALMOLOGOS ASOCIADOS VER S.A.C.;LAGRICEL PF;2;FEB;3124.28;50
Pharma - N1;OFTAMOLOGIA - CENTRO ESPECIALIZADO EN RETINA Y CATARATA S.R.L.;LAGRICEL PF;2;FEB;749.83;12
Pharma - N1;OFTAMOLOGIA - CENTRO ESPECIALIZADO EN RETINA Y CATARATA S.R.L.;SOPHIPREN;2;FEB;559.02;12
Pharma - N1;OFTAMOLOGIA - CENTRO ESPECIALIZADO EN RETINA Y CATARATA S.R.L.;ZEBESTEN;2;FEB;589.05;12
Pharma - N1;REYNA DE ESCOBEDO,ELVIA SABINA;FLUMETOL NF;2;FEB;490.02;12
Pharma - N1;REYNA DE ESCOBEDO,ELVIA SABINA;GAAP PF;2;FEB;649.12;12
Pharma - N1;REYNA DE ESCOBEDO,ELVIA SABINA;TRAZIDEX U;2;FEB;1122.12;24
Pharma - N1;ROJAS VALDIVIA,HUGO;LAGRICEL PF;2;FEB;949.15;20
Pharma - N1;SERVICIOS OFTALMOLOGICOS GENERALES EIRL;AQUADRAN;2;FEB;1166.4;24
Pharma - N1;SERVIMED PERU S.A.C.;AGGLAD;2;FEB;2152.13;32
Pharma - N1;SERVIMED PERU S.A.C.;ELIPTIC;2;FEB;1674.28;24
Pharma - N1;SERVIMED PERU S.A.C.;ELIPTIC PF;2;FEB;407.6;12
Pharma - N1;SERVIMED PERU S.A.C.;TRAZIDEX U;2;FEB;514.31;10
Pharma - N1;SERVIMED PERU S.A.C.;ZEBESTEN;2;FEB;981.75;20
Pharma - N1;SERVIMEDICOS S.A.C.;LAGRICEL;2;FEB;1774.44;30
Pharma - N1;SERVIMEDICOS S.A.C.;LAGRICEL PF;2;FEB;2975.45;50
Pharma - N1;URBINA SANTA MARIA MARCO ANTONIO;AGGLAD;2;FEB;1100.52;20
Pharma - N1;URBINA SANTA MARIA MARCO ANTONIO;ELIPTIC PF;2;FEB;679.33;20
Pharma - N2;AGUIRRE ROCCA CESAR JOAQUIN;TRAZIDEX O;2;FEB;926.1;20
Pharma - N2;BIG PROYECTS S.A.C.;GAAP;2;FEB;192.57;2
Pharma - N2;BIG PROYECTS S.A.C.;LAGRICEL;2;FEB;51.18;1
Pharma - N2;BIG PROYECTS S.A.C.;LAGRICEL PF;2;FEB;1306.52;23
Pharma - N2;BIG PROYECTS S.A.C.;TRAZIDEX O;2;FEB;254.68;5
Pharma - N2;BIG PROYECTS S.A.C.;TRAZIDEX U;2;FEB;1080.04;21
Pharma - N2;BM CLINICA DE OJOS S.A.C.;TRAZIDEX U;2;FEB;841.59;20
Pharma - N2;CACEDA SANCHEZ ELVA ESTHER;AGGLAD;2;FEB;1614.1;24
Pharma - N2;CACEDA SANCHEZ ELVA ESTHER;ELIPTIC PF;2;FEB;610.14;24
Pharma - N2;CACEDA SANCHEZ ELVA ESTHER;FLUMETOL NF;2;FEB;269.51;6
Pharma - N2;CACEDA SANCHEZ ELVA ESTHER;GAAP;2;FEB;262.59;3
Pharma - N2;CACEDA SANCHEZ ELVA ESTHER;LAGRICEL;2;FEB;102.35;2
Pharma - N2;CACEDA SANCHEZ ELVA ESTHER;LAGRICEL PF;2;FEB;681.66;12
Pharma - N2;CACEDA SANCHEZ ELVA ESTHER;TRAZIDEX U;2;FEB;308.58;6
Pharma - N2;CACEDA SANCHEZ ELVA ESTHER;ZEBESTEN;2;FEB;98.18;2
Pharma - N2;CARBAJAL JARA,YURI RAMON;ELIPTIC PF;2;FEB;610.14;24
Pharma - N2;CARBAJAL JARA,YURI RAMON;LAGRICEL PF;2;FEB;572.59;12
Pharma - N2;CENTRO DE ESPECIALIDADES MêDICAS DEL NORTE NEOSALUD SOCIEDAD ANONIMA CERRADA;AGGLAD;2;FEB;1320.62;24
Pharma - N2;CENTRO DE ESPECIALIDADES MêDICAS DEL NORTE NEOSALUD SOCIEDAD ANONIMA CERRADA;SOPHIPREN;2;FEB;457.38;12
Pharma - N2;CENTRO MEDICO ESPECIALIZADO LUZ Y DIVINIDAD E.I.R.L.;TRAZIDEX U;2;FEB;514.31;10
Pharma - N2;CENTRO MEDICO OFTALMOLOGICO LASER S.R.L;DUSTALOX;2;FEB;270.73;6
Pharma - N2;CENTRO MEDICO OFTALMOLOGICO LASER S.R.L;ELIPTIC PF;2;FEB;508.45;20
Pharma - N2;CENTRO MEDICO OFTALMOLOGICO LASER S.R.L;LAGRICEL;2;FEB;511.75;10
Pharma - N2;CHAUCA LOJAS CONSUELO ESTHER;GAAP;2;FEB;1155.4;12
Pharma - N2;CLINICA DE OJOS LUZ Y VIDA S.A.C.;AGGLAD;2;FEB;807.05;12
Pharma - N2;CLINICA DE OJOS LUZ Y VIDA S.A.C.;AQUADRAN;2;FEB;972;18
Pharma - N2;CLINICA DE OJOS LUZ Y VIDA S.A.C.;ELIPTIC PF;2;FEB;305.07;12
Pharma - N2;CLINICA DE OJOS LUZ Y VIDA S.A.C.;FLUMETOL NF;2;FEB;628.86;14
Pharma - N2;CLINICA DE OJOS LUZ Y VIDA S.A.C.;GAAP PF;2;FEB;1125.13;12
Pharma - N2;CLINICA DE OJOS LUZ Y VIDA S.A.C.;LAGRICEL PF;2;FEB;3635.52;64
Pharma - N2;CLINICA DE OJOS LUZ Y VIDA S.A.C.;SOPHIPREN;2;FEB;838.53;22
Pharma - N2;CLINICA DE OJOS LUZ Y VIDA S.A.C.;TRAZIDEX O;2;FEB;1416.94;34
Pharma - N2;CLINICA DE OJOS LUZ Y VIDA S.A.C.;TRAZIDEX U;2;FEB;168.32;4
Pharma - N2;CLINICA DE OJOS OFTALMOCENTER S.A.C.;FLUMETOL NF;2;FEB;449.19;10
Pharma - N2;CLINICA DE OJOS OFTALMOCENTER S.A.C.;SOPHIPREN;2;FEB;1448.37;30
Pharma - N2;CLINICA LIMATAMBO CAJAMARCA S.A.C.;FLUMETOL NF;2;FEB;898.37;20
Pharma - N2;CLINICA LIMATAMBO CAJAMARCA S.A.C.;LAGRICEL;2;FEB;2047;40
Pharma - N2;CLINICA PERUANO AMERICANA S.A.;GAAP PF;2;FEB;198.34;2
Pharma - N2;CLINICA PERUANO AMERICANA S.A.;LAGRICEL;2;FEB;1279.38;25
Pharma - N2;CLINICA SANCHEZ FERRER S A;FLUMETOL NF;2;FEB;591.29;20
Pharma - N2;CLINICA SANCHEZ FERRER S A;LAGRICEL;2;FEB;278.39;8
Pharma - N2;CLINICA SANCHEZ FERRER S A;LAGRICEL PF;2;FEB;2290.38;60
Pharma - N2;CLINICA SANCHEZ FERRER S A;TRAZIDEX O;2;FEB;714.02;30
Pharma - N2;FLORES JAUREGUI PEDRO;AGGLAD;2;FEB;3362.7;50
Pharma - N2;FLORES JAUREGUI PEDRO;ELIPTIC PF;2;FEB;1186.21;40
Pharma - N2;FLORES JAUREGUI PEDRO;FLUMETOL NF;2;FEB;2245.93;50
Pharma - N2;FLORES JAUREGUI PEDRO;GAAP PF;2;FEB;2434.19;30
Pharma - N2;FLORES JAUREGUI PEDRO;LAGRICEL;2;FEB;3684.61;80
Pharma - N2;IMO FARMA E.I.R.L.;AQUADRAN;2;FEB;648;12
Pharma - N2;IMO FARMA E.I.R.L.;ELIPTIC PF;2;FEB;242.36;12
Pharma - N2;IMO FARMA E.I.R.L.;LAGRICEL PF;2;FEB;1105.43;50
Pharma - N2;INVERSIONES ARISOF E.I.R.L.;AGGLAD;2;FEB;293.47;4
Pharma - N2;INVERSIONES ARISOF E.I.R.L.;DUSTALOX;2;FEB;196.9;4
Pharma - N2;INVERSIONES ARISOF E.I.R.L.;ELIPTIC PF;2;FEB;261.28;4
Pharma - N2;INVERSIONES ARISOF E.I.R.L.;FLUMETOL NF;2;FEB;588.02;12
Pharma - N2;INVERSIONES ARISOF E.I.R.L.;GAAP;2;FEB;420.14;4
Pharma - N2;INVERSIONES ARISOF E.I.R.L.;LAGRICEL;2;FEB;798.33;12
Pharma - N2;INVERSIONES ARISOF E.I.R.L.;LAGRICEL PF;2;FEB;886.16;12
Pharma - N2;INVERSIONES ARISOF E.I.R.L.;SOPHIPREN;2;FEB;304.92;6
Pharma - N2;INVERSIONES ARISOF E.I.R.L.;ZEBESTEN;2;FEB;321.3;6
Pharma - N2;INVERSIONES LAM E.I.R.L.;AQUADRAN;2;FEB;648;10
Pharma - N2;INVERSIONES LAM E.I.R.L.;ELIPTIC PF;2;FEB;979.8;15
Pharma - N2;INVERSIONES LAM E.I.R.L.;FLUMETOL NF;2;FEB;539.02;12
Pharma - N2;INVERSIONES LAM E.I.R.L.;GAAP PF;2;FEB;1190.05;12
Pharma - N2;INVERSIONES LAM E.I.R.L.;LAGRICEL;2;FEB;2558.75;50
Pharma - N2;INVERSIONES LAM E.I.R.L.;LAGRICEL PF;2;FEB;1846.16;25
Pharma - N2;INVERSIONES LAM E.I.R.L.;SOPHIPREN;2;FEB;304.92;6
Pharma - N2;INVERSIONES LAM E.I.R.L.;TRAZIDEX O;2;FEB;509.36;10
Pharma - N2;JUNTOS M & C E.I.R.L;LAGRICEL PF;2;FEB;340.83;6
Pharma - N2;OFTALMOVISION S.A.C.;FLUMETOL NF;2;FEB;1274.05;30
Pharma - N2;OFTALMOVISION S.A.C.;LAGRICEL;2;FEB;3329.29;150
Pharma - N2;OFTALMOVISION S.A.C.;LAGRICEL PF;2;FEB;13178.76;200
Pharma - N2;OFTALMOVISION S.A.C.;TRAZIDEX O;2;FEB;2083.73;50
Pharma - N2;OFTALMOVISION S.A.C.;ZEBESTEN;2;FEB;1472.63;30
Pharma - N2;OFTNORT B & S E.I.R.L.;AGGLAD;2;FEB;672.54;10
Pharma - N2;OFTNORT B & S E.I.R.L.;AQUADRAN;2;FEB;972;20
Pharma - N2;OFTNORT B & S E.I.R.L.;GAAP;2;FEB;1750.6;20
Pharma - N2;OFTNORT B & S E.I.R.L.;LAGRICEL;2;FEB;1023.5;20
Pharma - N2;OFTNORT B & S E.I.R.L.;SOPHIPREN;2;FEB;931.7;20
Pharma - N2;OMEGAVISION S.A.C;LAGRICEL PF;2;FEB;1363.32;24
Pharma - N2;OMEGAVISION S.A.C;TRAZIDEX U;2;FEB;1234.33;24
Pharma - N2;POLICLINICO PEDIATRICO DEL NORTE E.I.R.L.;AQUADRAN;2;FEB;270;5
Pharma - N2;POLICLINICO PEDIATRICO DEL NORTE E.I.R.L.;LANDAX;2;FEB;209.75;5
Pharma - N2;POLICLINICO PEDIATRICO DEL NORTE E.I.R.L.;SOPHIPREN;2;FEB;931.7;20
Pharma - N2;POLICLINICO PEDIATRICO DEL NORTE E.I.R.L.;ZEBESTEN;2;FEB;490.88;10
Pharma - N2;RAMIREZ QUITO,SILVIA JACKELINE;AGGLAD;2;FEB;538.03;8
Pharma - N2;RAMIREZ QUITO,SILVIA JACKELINE;ELIPTIC PF;2;FEB;203.38;8
Pharma - N2;RUIZ VIGO JORGE EDUARDO;TRAZIDEX O;2;FEB;611.23;12
Pharma - N2;SERVICIOS DE SALUD LOS FRESNOS S.A.C.;FLUMETOL NF;2;FEB;1470.06;30
Pharma - N2;SURFACE LASER CENTER S.A.C.;ZEBESTEN;2;FEB;294.53;6
Pharma - S;ASOC.PAST.SERV.MEDICO ASIST.JULIACA IASD;GAAP;2;FEB;472.66;6
Pharma - S;ASOC.PAST.SERV.MEDICO ASIST.JULIACA IASD;LAGRICEL;2;FEB;307.05;6
Pharma - S;ASOC.PAST.SERV.MEDICO ASIST.JULIACA IASD;LAGRICEL PF;2;FEB;1145.19;24
Pharma - S;ASOCIACION PRO ESPIRITU SANTO;AGGLAD;2;FEB;825.39;15
Pharma - S;ASOCIACION PRO ESPIRITU SANTO;AQUADRAN;2;FEB;1620;30
Pharma - S;ASOCIACION PRO ESPIRITU SANTO;ELIPTIC PF;2;FEB;509.5;15
Pharma - S;CENTRO OFTALMOLOGICO PROVISION S.A.C.;AQUADRAN;2;FEB;648;12
Pharma - S;CEPRECE CUSCO;FLUMETOL NF;2;FEB;2041.75;50
Pharma - S;CEPRECE CUSCO;SOPHIPREN;2;FEB;2117.5;50
Pharma - S;CLINICA AREQUIPA SA;AGGLAD;2;FEB;1100.52;20
Pharma - S;CLINICA AREQUIPA SA;ELIPTIC PF;2;FEB;679.33;20
Pharma - S;CLINICA AREQUIPA SA;FLUMETOL NF;2;FEB;1633.4;40
Pharma - S;CLINICA AREQUIPA SA;GAAP;2;FEB;1575.54;20
Pharma - S;CLINICA AREQUIPA SA;LAGRICEL;2;FEB;767.63;15
Pharma - S;CLINICA AREQUIPA SA;LAGRICEL PF;2;FEB;2044.98;30
Pharma - S;CLINICA AREQUIPA SA;SOPHIPREN;2;FEB;423.5;10
Pharma - S;CLINICA AREQUIPA SA;TRAZIDEX O;2;FEB;833.49;20
Pharma - S;CLINICA CERRO COLORADO S.A.C.;FLUMETOL NF;2;FEB;0;0
Pharma - S;CLINICA CERRO COLORADO S.A.C.;LAGRICEL;2;FEB;0;0
Pharma - S;CLINICA VALLESUR S.A.;FLUMETOL NF;2;FEB;2359.85;50
Pharma - S;CLINICA VALLESUR S.A.;LAGRICEL;2;FEB;1774.44;30
Pharma - S;CONSORCIO QORITAQQUE B Y T S.R.L.;FLUMETOL NF;2;FEB;718.7;16
Pharma - S;CONSORCIO QORITAQQUE B Y T S.R.L.;LAGRICEL PF;2;FEB;454.44;8
Pharma - S;CONSORCIO QORITAQQUE B Y T S.R.L.;TRAZIDEX O;2;FEB;254.68;5
Pharma - S;FUNDAR CLINICA DE OJOS Y LA VISTA E.I.R.L.;LAGRICEL;2;FEB;767.63;15
Pharma - S;FUNDAR CLINICA DE OJOS Y LA VISTA E.I.R.L.;TRAZIDEX U;2;FEB;631.19;15
Pharma - S;HOGAR CLINICA SAN JUAN DE DIOS CUSCO;DUSTALOX;2;FEB;451.22;10
Pharma - S;HOGAR CLINICA SAN JUAN DE DIOS CUSCO;ZEBESTEN;2;FEB;490.88;10
Pharma - S;LA FUENTE CENTRO DE SALUD INTEGRAL - LA FUENTE;AGGLAD;2;FEB;2201.04;40
Pharma - S;LA FUENTE CENTRO DE SALUD INTEGRAL - LA FUENTE;ELIPTIC PF;2;FEB;1358.66;40
Pharma - S;LA FUENTE CENTRO DE SALUD INTEGRAL - LA FUENTE;TRAZIDEX O;2;FEB;833.49;20
Pharma - S;LA FUENTE CENTRO DE SALUD INTEGRAL - LA FUENTE;TRAZIDEX U;2;FEB;1683.18;40
Pharma - S;MAX SALUD AREQUIPA S.R.L;TRAZIDEX U;2;FEB;420.8;10
Pharma - S;MEBRILLAFE E.I.R.L.;AGGLAD;2;FEB;330.16;6
Pharma - S;MEBRILLAFE E.I.R.L.;ELIPTIC PF;2;FEB;203.8;6
Pharma - S;MEDICOS ASOCIADOS CUSCO SOCIEDAD ANONIMA - MAC S.A.;AGGLAD;2;FEB;220.1;4
Pharma - S;MEDICOS ASOCIADOS CUSCO SOCIEDAD ANONIMA - MAC S.A.;ELIPTIC PF;2;FEB;135.87;4
Pharma - S;MEDICOS ASOCIADOS CUSCO SOCIEDAD ANONIMA - MAC S.A.;LAGRICEL PF;2;FEB;2147.23;45
Pharma - S;MEDICOS ASOCIADOS CUSCO SOCIEDAD ANONIMA - MAC S.A.;TRAZIDEX U;2;FEB;841.59;20
Pharma - S;MONT VIAVENTURA E.I.R.L.;ELIPTIC PF;2;FEB;508.52;15
Pharma - S;MOSEH VISION S.A.C.;ELIPTIC PF;2;FEB;339.66;10
Pharma - S;MOSEH VISION S.A.C.;FLUMETOL NF;2;FEB;408.35;10
Pharma - S;MOSEH VISION S.A.C.;TRAZIDEX O;2;FEB;416.75;10
Pharma - S;MOSEH VISION S.A.C.;TRAZIDEX U;2;FEB;420.8;10
Pharma - S;OFTALMOSALUD AREQUIPA SAC;AGGLAD;2;FEB;1100.52;20
Pharma - S;OFTALMOSALUD AREQUIPA SAC;AQUADRAN;2;FEB;1620;30
Pharma - S;OFTALMOSALUD AREQUIPA SAC;ELIPTIC PF;2;FEB;522.56;20
Pharma - S;OFTALMOSALUD AREQUIPA SAC;FLUMETOL NF;2;FEB;4704.19;120
Pharma - S;OFTALMOSALUD AREQUIPA SAC;LAGRICEL PF;2;FEB;3067.47;60
Pharma - S;OFTALMOSALUD AREQUIPA SAC;TRAZIDEX O;2;FEB;2963.52;80
Pharma - S;OFTALNOVA E.I.R.L.;TRAZIDEX O;2;FEB;625.12;15
Pharma - S;OFTALNOVA E.I.R.L.;TRAZIDEX U;2;FEB;631.19;15
Pharma - S;OPTILASER E.I.R.L.;ELIPTIC;2;FEB;1458.66;50
Pharma - S;RIOS PRETEL VICENTE;TRAZIDEX U;2;FEB;504.95;12
Pharma - S;SOUTHERN PERU COPPER CORPORATION, SUCURSAL DEL PERÈ;GAAP PF;2;FEB;360.62;5
Pharma - S;SOUTHERN PERU COPPER CORPORATION, SUCURSAL DEL PERÈ;LAGRICEL;2;FEB;10528.13;240
Pharma - S;SOUTHERN PERU COPPER CORPORATION, SUCURSAL DEL PERÈ;TRAZIDEX U;2;FEB;2025.85;55
Pharma - S;VIVANCO GIBAJA RENAN EDUARDO;FLUMETOL NF;2;FEB;816.7;20
Pharma - S;VIVANCO GIBAJA RENAN EDUARDO;TRAZIDEX U;2;FEB;935.1;20
Pharma - Z1;A & E SERVICIOS MEDICOS S.A.C.;LAGRICEL PF;2;FEB;340.83;6
Pharma - Z1;A & E SERVICIOS MEDICOS S.A.C.;SOPHIPREN;2;FEB;508.2;12
Pharma - Z1;A & E SERVICIOS MEDICOS S.A.C.;ZEBESTEN;2;FEB;589.05;12
Pharma - Z1;ADMINISTRADORA CLINICA RICARDO PALMA S.A.;AGGLAD;2;FEB;4452.59;130
Pharma - Z1;ADMINISTRADORA CLINICA RICARDO PALMA S.A.;ELIPTIC;2;FEB;4946.75;300
Pharma - Z1;ADMINISTRADORA CLINICA RICARDO PALMA S.A.;FLUMETOL NF;2;FEB;8386.69;210
Pharma - Z1;ADMINISTRADORA CLINICA RICARDO PALMA S.A.;LAGRICEL;2;FEB;17754.86;780
Pharma - Z1;ADMINISTRADORA CLINICA RICARDO PALMA S.A.;SOPHIPREN;2;FEB;5929;200
Pharma - Z1;ADMINISTRADORA CLINICA RICARDO PALMA S.A.;TRAZIDEX U;2;FEB;7317.54;220
Pharma - Z1;APM SERVICES S.A.C;FLUMETOL NF;2;FEB;4083.5;100
Pharma - Z1;ARBRAYSS LASER S.R.L;AGGLAD;2;FEB;2751.3;50
Pharma - Z1;ARBRAYSS LASER S.R.L;AQUADRAN;2;FEB;1080;20
Pharma - Z1;ARBRAYSS LASER S.R.L;ELAR-B;2;FEB;805;14
Pharma - Z1;ARBRAYSS LASER S.R.L;ELIPTIC PF;2;FEB;3657.92;70
Pharma - Z1;ARBRAYSS LASER S.R.L;FLUMETOL NF;2;FEB;1029.04;28
Pharma - Z1;ARBRAYSS LASER S.R.L;GAAP PF;2;FEB;1983.41;22
Pharma - Z1;ARBRAYSS LASER S.R.L;LAGRICEL PF;2;FEB;3408.3;60
Pharma - Z1;ARBRAYSS LASER S.R.L;LANDAX;2;FEB;419.49;10
Pharma - Z1;ARBRAYSS LASER S.R.L;TRAZIDEX O;2;FEB;1666.98;40
Pharma - Z1;ARBRAYSS LASER S.R.L;TRAZIDEX U;2;FEB;1683.18;40
Pharma - Z1;ASOCIACION CIVIL DIVINO NIYO JESUS;AGGLAD;2;FEB;1320.62;24
Pharma - Z1;ASOCIACION CIVIL DIVINO NIYO JESUS;ELIPTIC PF;2;FEB;1003.32;24
Pharma - Z1;ASOCIACION CIVIL DIVINO NIYO JESUS;FLUMETOL NF;2;FEB;490.02;12
Pharma - Z1;ASOCIACION CIVIL DIVINO NIYO JESUS;LAGRICEL PF;2;FEB;4294.46;84
Pharma - Z1;ASOCIACION CIVIL DIVINO NIYO JESUS;LANDAX;2;FEB;1006.78;24
Pharma - Z1;ASOCIACION CIVIL DIVINO NIYO JESUS;ZEBESTEN;2;FEB;1767.15;36
Pharma - Z1;BRITISH AMERICAN HOSPITAL S.A.;ELIPTIC PF;2;FEB;52.26;1
Pharma - Z1;BRITISH AMERICAN HOSPITAL S.A.;GAAP PF;2;FEB;540.94;6
Pharma - Z1;BUENA VISTA Y SALUD E.I.R.L.;AQUADRAN;2;FEB;540;10
Pharma - Z1;BUENA VISTA Y SALUD E.I.R.L.;LANDAX;2;FEB;419.49;10
Pharma - Z1;BUENA VISTA Y SALUD E.I.R.L.;SOPHIPREN;2;FEB;550.55;10
Pharma - Z1;BUENA VISTA Y SALUD E.I.R.L.;TRAZIDEX U;2;FEB;467.55;10
Pharma - Z1;CAUTI - BOZA OFTALMOLOGOS E.I.R.L.;LAGRICEL PF;2;FEB;286.3;6
Pharma - Z1;CAUTI - BOZA OFTALMOLOGOS E.I.R.L.;SOPHIPREN;2;FEB;254.1;6
Pharma - Z1;CAUTI - BOZA OFTALMOLOGOS E.I.R.L.;TRAZIDEX U;2;FEB;280.53;6
Pharma - Z1;CENTRO DE CATARATA Y LASER E.I.R.L.;AGGLAD;2;FEB;452.44;10
Pharma - Z1;CENTRO DE CATARATA Y LASER E.I.R.L.;AQUADRAN;2;FEB;291.6;6
Pharma - Z1;CENTRO DE CATARATA Y LASER E.I.R.L.;DUSTALOX;2;FEB;270.73;6
Pharma - Z1;CENTRO DE CATARATA Y LASER E.I.R.L.;ELIPTIC;2;FEB;507.36;20
Pharma - Z1;CENTRO DE CATARATA Y LASER E.I.R.L.;GAAP;2;FEB;2328.3;35
Pharma - Z1;CENTRO DE CATARATA Y LASER E.I.R.L.;LAGRICEL;2;FEB;5117.5;100
Pharma - Z1;CENTRO DE CATARATA Y LASER E.I.R.L.;LAGRICEL PF;2;FEB;6203.11;130
Pharma - Z1;CENTRO DE CATARATA Y LASER E.I.R.L.;TRAZIDEX O;2;FEB;2917.22;90
Pharma - Z1;CENTRO DE CATARATA Y LASER E.I.R.L.;TRAZIDEX U;2;FEB;841.6;20
Pharma - Z1;CENTRO OPTICO OPTIMA VISION EIRL;AGGLAD;2;FEB;660.31;12
Pharma - Z1;CENTRO OPTICO OPTIMA VISION EIRL;AQUADRAN;2;FEB;324;6
Pharma - Z1;CENTRO OPTICO OPTIMA VISION EIRL;ELIPTIC PF;2;FEB;470.3;12
Pharma - Z1;CENTRO OPTICO OPTIMA VISION EIRL;FLUMETOL NF;2;FEB;269.51;6
Pharma - Z1;CENTRO OPTICO OPTIMA VISION EIRL;GAAP PF;2;FEB;1081.86;12
Pharma - Z1;CENTRO OPTICO OPTIMA VISION EIRL;TRAZIDEX U;2;FEB;561.06;12
Pharma - Z1;CLINICA HERNANI S.A.C.;TRAZIDEX U;2;FEB;561.06;12
Pharma - Z1;CLINICA LA MERCED S.A.C.;LAGRICEL;2;FEB;673.46;20
Pharma - Z1;CLINICA OFTALMO VIDA S.A.C.;ELIPTIC PF;2;FEB;587.88;15
Pharma - Z1;CLINICA OFTALMOLOGICA ESPECIALIZADA LUMINUS S.R.L.;FLUMETOL NF;2;FEB;539.02;12
Pharma - Z1;CLINICA OFTALMOLOGICA ESPECIALIZADA LUMINUS S.R.L.;GAAP PF;2;FEB;811.4;15
Pharma - Z1;CLINICA OFTALMOLOGICA ESPECIALIZADA LUMINUS S.R.L.;TRAZIDEX U;2;FEB;1009.91;24
Pharma - Z1;CLINICA SAN PABLO S.A.C.;AGGLAD;2;FEB;0;0
Pharma - Z1;CLINICA SAN PABLO S.A.C.;AQUADRAN;2;FEB;0;0
Pharma - Z1;CLINICA SAN PABLO S.A.C.;FLUMETOL NF;2;FEB;481.22;17
Pharma - Z1;CLINICA SAN PABLO S.A.C.;GAAP;2;FEB;134.66;2
Pharma - Z1;CLINICA SAN PABLO S.A.C.;LAGRICEL;2;FEB;0;0
Pharma - Z1;CORPORACION IBEROAMERICANA DE SALUD E.I.R.L.;LAGRICEL PF;2;FEB;1226.99;18
Pharma - Z1;CORPORACION PHARMA FABIAN S.A.C.;AGGLAD;2;FEB;67.25;1
Pharma - Z1;CORPORACION PHARMA FABIAN S.A.C.;FLUMETOL NF;2;FEB;106.17;2
Pharma - Z1;CORPORACION PHARMA FABIAN S.A.C.;LAGRICEL PF;2;FEB;73.85;1
Pharma - Z1;CORPORACION PHARMA FABIAN S.A.C.;TRAZIDEX O;2;FEB;60.2;1
Pharma - Z1;CORPORACION SURCO SALUD E.I.R.L.;AQUADRAN;2;FEB;1350;25
Pharma - Z1;CORPORACION SURCO SALUD E.I.R.L.;LAGRICEL PF;2;FEB;1533.74;30
Pharma - Z1;DR CASTRO VISION E.I.R.L.;FLUMETOL NF;2;FEB;441.02;12
Pharma - Z1;DR CASTRO VISION E.I.R.L.;LAGRICEL PF;2;FEB;572.59;12
Pharma - Z1;DROGUERIA ANGLOAMERICANA S.A.C.;FLUMETOL NF;2;FEB;1911.08;39
Pharma - Z1;DROGUERIA ANGLOAMERICANA S.A.C.;GAAP;2;FEB;840.29;8
Pharma - Z1;DROGUERIA ANGLOAMERICANA S.A.C.;LAGRICEL;2;FEB;7430.61;121
Pharma - Z1;DROGUERIA ANGLOAMERICANA S.A.C.;TRAZIDEX O;2;FEB;300.98;5
Pharma - Z1;ESPECIALIDADES MEDICAS UNIVERSAL S.A.;AGGLAD;2;FEB;305.7;5
Pharma - Z1;ESPECIALIDADES MEDICAS UNIVERSAL S.A.;GAAP PF;2;FEB;360.62;4
Pharma - Z1;ESPECIALIDADES MEDICAS UNIVERSAL S.A.;LAGRICEL PF;2;FEB;454.44;8
Pharma - Z1;ESPECIALIDADES MEDICAS UNIVERSAL S.A.;TRAZIDEX U;2;FEB;654.57;14
Pharma - Z1;EXILASER S.A.C.;TRAZIDEX O;2;FEB;463.05;10
Pharma - Z1;FARMA SOLUTIONS E.I.R.L.;AQUADRAN;2;FEB;216;4
Pharma - Z1;FARMA SOLUTIONS E.I.R.L.;DUSTALOX;2;FEB;180.49;4
Pharma - Z1;FARMA SOLUTIONS E.I.R.L.;FLUMETOL NF;2;FEB;89.84;2
Pharma - Z1;FARMA SOLUTIONS E.I.R.L.;LAGRICEL;2;FEB;337.76;6
Pharma - Z1;FARMA SOLUTIONS E.I.R.L.;LAGRICEL PF;2;FEB;749.82;12
Pharma - Z1;FARMA SOLUTIONS E.I.R.L.;LANDAX;2;FEB;279.66;6
Pharma - Z1;FARMA SOLUTIONS E.I.R.L.;SOPHIPREN;2;FEB;84.7;2
Pharma - Z1;FARMA SOLUTIONS E.I.R.L.;TRAZIDEX O;2;FEB;1250.25;30
Pharma - Z1;FARMA SOLUTIONS E.I.R.L.;TRAZIDEX U;2;FEB;420.8;10
Pharma - Z1;H & G VISION MEDICAL ASOCIADOS S.R.L.;AGGLAD;2;FEB;165.08;3
Pharma - Z1;H & G VISION MEDICAL ASOCIADOS S.R.L.;ELAR-B;2;FEB;517.5;10
Pharma - Z1;H & G VISION MEDICAL ASOCIADOS S.R.L.;ELIPTIC PF;2;FEB;113.66;3
Pharma - Z1;H & G VISION MEDICAL ASOCIADOS S.R.L.;LAGRICEL PF;2;FEB;143.15;3
Pharma - Z1;H & G VISION MEDICAL ASOCIADOS S.R.L.;LANDAX;2;FEB;139.83;3
Pharma - Z1;HC MEDICAL GROUP S.A.C.;LAGRICEL PF;2;FEB;954.32;20
Pharma - Z1;INSTITUTO DE OJOS PRIMAVERA S.R.L.;ELIPTIC PF;2;FEB;313.54;6
Pharma - Z1;INSTITUTO OFTALMOSALUD SOCIEDAD ANONIMA CERRADA;FLUMETOL NF;2;FEB;16334;400
Pharma - Z1;INSTITUTOS OFTALMOLOGICOS ESPECIALIZADOS DR.CARLOS WONG CAM S.A.C;AGGLAD;2;FEB;1650.78;30
Pharma - Z1;INSTITUTOS OFTALMOLOGICOS ESPECIALIZADOS DR.CARLOS WONG CAM S.A.C;AQUADRAN;2;FEB;540;10
Pharma - Z1;INSTITUTOS OFTALMOLOGICOS ESPECIALIZADOS DR.CARLOS WONG CAM S.A.C;ELAR-B;2;FEB;575;10
Pharma - Z1;INSTITUTOS OFTALMOLOGICOS ESPECIALIZADOS DR.CARLOS WONG CAM S.A.C;ELIPTIC;2;FEB;951.3;30
Pharma - Z1;INSTITUTOS OFTALMOLOGICOS ESPECIALIZADOS DR.CARLOS WONG CAM S.A.C;FLUMETOL NF;2;FEB;1347.56;30
Pharma - Z1;INSTITUTOS OFTALMOLOGICOS ESPECIALIZADOS DR.CARLOS WONG CAM S.A.C;GAAP;2;FEB;5776.98;60
Pharma - Z1;INSTITUTOS OFTALMOLOGICOS ESPECIALIZADOS DR.CARLOS WONG CAM S.A.C;LAGRICEL;2;FEB;1596.66;30
Pharma - Z1;INSTITUTOS OFTALMOLOGICOS ESPECIALIZADOS DR.CARLOS WONG CAM S.A.C;LAGRICEL PF;2;FEB;5748.66;110
Pharma - Z1;INSTITUTOS OFTALMOLOGICOS ESPECIALIZADOS DR.CARLOS WONG CAM S.A.C;SOPHIPREN;2;FEB;2329.25;50
Pharma - Z1;INSTITUTOS OFTALMOLOGICOS ESPECIALIZADOS DR.CARLOS WONG CAM S.A.C;TRAZIDEX O;2;FEB;2778.3;60
Pharma - Z1;INSTITUTOS OFTALMOLOGICOS ESPECIALIZADOS DR.CARLOS WONG CAM S.A.C;TRAZIDEX U;2;FEB;2805.3;60
Pharma - Z1;INSTITUTOS OFTALMOLOGICOS ESPECIALIZADOS DR.CARLOS WONG CAM S.A.C;ZEBESTEN;2;FEB;981.75;20
Pharma - Z1;LA ESPERANZA DEL PERU S A;ELIPTIC PF;2;FEB;376.24;12
Pharma - Z1;LA ESPERANZA DEL PERU S A;FLUMETOL NF;2;FEB;916.5;31
Pharma - Z1;LA ESPERANZA DEL PERU S A;GAAP PF;2;FEB;4291.38;68
Pharma - Z1;LA ESPERANZA DEL PERU S A;LAGRICEL;2;FEB;3271.11;94
Pharma - Z1;LA ESPERANZA DEL PERU S A;TRAZIDEX U;2;FEB;741.05;26
Pharma - Z1;LATINFARMA CORPORATION S.A.C.;AGGLAD;2;FEB;67.25;1
Pharma - Z1;LATINFARMA CORPORATION S.A.C.;ELIPTIC;2;FEB;63.42;1
Pharma - Z1;LATINFARMA CORPORATION S.A.C.;GAAP;2;FEB;227.58;2
Pharma - Z1;LATINFARMA CORPORATION S.A.C.;LAGRICEL PF;2;FEB;147.69;2
Pharma - Z1;LATINFARMA CORPORATION S.A.C.;SOPHIPREN;2;FEB;55.06;1
Pharma - Z1;LATINFARMA CORPORATION S.A.C.;TRAZIDEX O;2;FEB;60.2;1
Pharma - Z1;MACULA D & T S.R.L.;AGGLAD;2;FEB;1131.1;25
Pharma - Z1;MACULA D & T S.R.L.;AQUADRAN;2;FEB;1890;35
Pharma - Z1;MACULA D & T S.R.L.;ELIPTIC;2;FEB;513.7;15
Pharma - Z1;MACULA D & T S.R.L.;ELIPTIC PF;2;FEB;282.18;8
Pharma - Z1;MACULA D & T S.R.L.;FLUMETOL NF;2;FEB;1225.05;25
Pharma - Z1;MACULA D & T S.R.L.;GAAP;2;FEB;787.77;10
Pharma - Z1;MACULA D & T S.R.L.;GAAP PF;2;FEB;450.78;5
Pharma - Z1;MACULA D & T S.R.L.;LAGRICEL;2;FEB;562.93;10
Pharma - Z1;MACULA D & T S.R.L.;LAGRICEL PF;2;FEB;6061.11;97
Pharma - Z1;MACULA D & T S.R.L.;TRAZIDEX O;2;FEB;435.27;10
Pharma - Z1;MACULA D & T S.R.L.;TRAZIDEX U;2;FEB;879;20
Pharma - Z1;MACULA D & T S.R.L.;ZEBESTEN;2;FEB;245.44;5
Pharma - Z1;MEDICINA EXTERNA S A MEDEX;AGGLAD;2;FEB;1192.23;15
Pharma - Z1;MEDICINA EXTERNA S A MEDEX;FLUMETOL NF;2;FEB;171.51;3
Pharma - Z1;MEDICINA EXTERNA S A MEDEX;LAGRICEL;2;FEB;818.8;16
Pharma - Z1;MEDICINA EXTERNA S A MEDEX;SOPHIPREN;2;FEB;169.4;4
Pharma - Z1;MEDICINA EXTERNA S A MEDEX;TRAZIDEX O;2;FEB;555.66;12
Pharma - Z1;MEDICINA EXTERNA S A MEDEX;TRAZIDEX U;2;FEB;1122.12;20
Pharma - Z1;OBISPADO DE CHOSICA;ELAR-B;2;FEB;1380;30
Pharma - Z1;OBISPADO DE CHOSICA;LAGRICEL PF;2;FEB;3817.3;80
Pharma - Z1;OBISPADO DE CHOSICA;TRAZIDEX U;2;FEB;631.19;15
Pharma - Z1;OFTALMEDICA SUR S.A.C.;AGGLAD;2;FEB;1650.78;30
Pharma - Z1;OFTALMEDICA SUR S.A.C.;ELIPTIC;2;FEB;507.36;20
Pharma - Z1;OFTALMEDICA SUR S.A.C.;FLUMETOL NF;2;FEB;955.54;26
Pharma - Z1;OFTALMEDICA SUR S.A.C.;GAAP;2;FEB;1260.43;16
Pharma - Z1;OFTALMEDICA SUR S.A.C.;SOPHIPREN;2;FEB;228.69;6
Pharma - Z1;OFTALMEDICA SUR S.A.C.;TRAZIDEX O;2;FEB;1541.96;37
Pharma - Z1;OFTALMEDICA SUR S.A.C.;TRAZIDEX U;2;FEB;757.43;18
Pharma - Z1;OFTALMIC SERVICE SAC;ELIPTIC PF;2;FEB;391.92;15
Pharma - Z1;OFTALMIC SERVICE SAC;LAGRICEL PF;2;FEB;2385.81;50
Pharma - Z1;OFTALMIC SERVICE SAC;TRAZIDEX O;2;FEB;694.58;15
Pharma - Z1;OFTALMIC SERVICE SAC;TRAZIDEX U;2;FEB;601.32;15
Pharma - Z1;OFTALMICA S.A.C.;AGGLAD;2;FEB;733.68;15
Pharma - Z1;OFTALMICA S.A.C.;AQUADRAN;2;FEB;810;15
Pharma - Z1;OFTALMICA S.A.C.;FLUMETOL NF;2;FEB;1862.08;60
Pharma - Z1;OFTALMICA S.A.C.;GAAP PF;2;FEB;3606.2;50
Pharma - Z1;OFTALMICA S.A.C.;LAGRICEL;2;FEB;1637.6;40
Pharma - Z1;OFTALMICA S.A.C.;LAGRICEL PF;2;FEB;3323.09;65
Pharma - Z1;OFTALMICA S.A.C.;TRAZIDEX O;2;FEB;740.88;20
Pharma - Z1;OFTALMICA S.A.C.;TRAZIDEX U;2;FEB;2248.45;70
Pharma - Z1;OFTALMO VISSUM SOCIEDAD ANONIMA CERRADA;AQUADRAN;2;FEB;729;15
Pharma - Z1;OFTALMO VISSUM SOCIEDAD ANONIMA CERRADA;FLUMETOL NF;2;FEB;1572.15;35
Pharma - Z1;OFTALMO VISSUM SOCIEDAD ANONIMA CERRADA;GAAP PF;2;FEB;721.24;8
Pharma - Z1;OFTALMO VISSUM SOCIEDAD ANONIMA CERRADA;LAGRICEL PF;2;FEB;9543.24;200
Pharma - Z1;OFTALMO VISSUM SOCIEDAD ANONIMA CERRADA;LANDAX;2;FEB;209.75;5
Pharma - Z1;OFTALMO VISSUM SOCIEDAD ANONIMA CERRADA;SOPHIPREN;2;FEB;1863.4;50
Pharma - Z1;OFTALMO VISSUM SOCIEDAD ANONIMA CERRADA;TRAZIDEX U;2;FEB;420.8;10
Pharma - Z1;OFTALMOLOGIA S & S E.I.R.L.;LAGRICEL;2;FEB;307.05;6
Pharma - Z1;OFTALMOLOGOS CONTRERAS CAMPOS SOCIEDAD CIVIL DE RESPONSABILIDAD LIMITADA;FLUMETOL NF;2;FEB;245.01;6
Pharma - Z1;OFTALMORETINA S.A.C.;TRAZIDEX U;2;FEB;308.58;6
Pharma - Z1;OPTICAS STEREOPSIS S.R.L.;AQUADRAN;2;FEB;540;10
Pharma - Z1;OPTICAS STEREOPSIS S.R.L.;FLUMETOL NF;2;FEB;408.35;10
Pharma - Z1;OPTICASUNO S.A.C.;AGGLAD;2;FEB;275.13;5
Pharma - Z1;OPTICASUNO S.A.C.;AQUADRAN;2;FEB;972;20
Pharma - Z1;OPTICASUNO S.A.C.;ELIPTIC PF;2;FEB;334.43;8
Pharma - Z1;OPTICASUNO S.A.C.;FLUMETOL NF;2;FEB;8167;200
Pharma - Z1;OPTICASUNO S.A.C.;LAGRICEL;2;FEB;14329;280
Pharma - Z1;OPTICASUNO S.A.C.;LANDAX;2;FEB;5499.98;200
Pharma - Z1;OPTICASUNO S.A.C.;SOPHIPREN;2;FEB;1694;40
Pharma - Z1;OPTICASUNO S.A.C.;TRAZIDEX O;2;FEB;2778.3;60
Pharma - Z1;OPTICASUNO S.A.C.;TRAZIDEX U;2;FEB;467.55;10
Pharma - Z1;PROMOTORA ASISTENCIAL S.A.C CLINICA LIMATAMBO - PROMOSA SAC CLINICA LIMATAMBO;DUSTALOX;2;FEB;-410.2;-10
Pharma - Z1;PROMOTORA ASISTENCIAL S.A.C CLINICA LIMATAMBO - PROMOSA SAC CLINICA LIMATAMBO;GAAP;2;FEB;787.77;10
Pharma - Z1;PROMOTORA ASISTENCIAL S.A.C CLINICA LIMATAMBO - PROMOSA SAC CLINICA LIMATAMBO;LAGRICEL;2;FEB;460.58;10
Pharma - Z1;PROVISION 2000 S.A.C.;AGGLAD;2;FEB;2201.04;36
Pharma - Z1;PROVISION 2000 S.A.C.;AQUADRAN;2;FEB;1296;24
Pharma - Z1;PROVISION 2000 S.A.C.;GAAP;2;FEB;4201.44;48
Pharma - Z1;PROVISION 2000 S.A.C.;LAGRICEL;2;FEB;1228.2;24
Pharma - Z1;PROVISION 2000 S.A.C.;TRAZIDEX U;2;FEB;1009.91;24
Pharma - Z1;RIDOUTT  SANCHEZ PATRICIA ELIZABETH;LAGRICEL PF;2;FEB;113.62;2
Pharma - Z1;SERVICIOS DE SALUD MONTEFIORI SAC;AGGLAD;2;FEB;110.05;2
Pharma - Z1;SERVICIOS DE SALUD MONTEFIORI SAC;FLUMETOL NF;2;FEB;204.18;5
Pharma - Z1;SISTEMAS DE ADMINISTRACION HOSPITALARIA S.A.C.;AGGLAD;2;FEB;776.48;20
Pharma - Z1;SISTEMAS DE ADMINISTRACION HOSPITALARIA S.A.C.;ELIPTIC;2;FEB;152.21;5
Pharma - Z1;SISTEMAS DE ADMINISTRACION HOSPITALARIA S.A.C.;ELIPTIC PF;2;FEB;313.54;10
Pharma - Z1;SISTEMAS DE ADMINISTRACION HOSPITALARIA S.A.C.;FLUMETOL NF;2;FEB;6208.56;210
Pharma - Z1;SISTEMAS DE ADMINISTRACION HOSPITALARIA S.A.C.;GAAP;2;FEB;875.21;15
Pharma - Z1;SISTEMAS DE ADMINISTRACION HOSPITALARIA S.A.C.;GAAP PF;2;FEB;2271.91;36
Pharma - Z1;SISTEMAS DE ADMINISTRACION HOSPITALARIA S.A.C.;LAGRICEL;2;FEB;22236.56;639
Pharma - Z1;SISTEMAS DE ADMINISTRACION HOSPITALARIA S.A.C.;LAGRICEL PF;2;FEB;5878.63;154
Pharma - Z1;SISTEMAS DE ADMINISTRACION HOSPITALARIA S.A.C.;TRAZIDEX O;2;FEB;1428.05;60
Pharma - Z1;SISTEMAS DE ADMINISTRACION HOSPITALARIA S.A.C.;TRAZIDEX U;2;FEB;6697.94;235
Pharma - Z1;SUCARI JAEN JOSE CARLOS;GAAP PF;2;FEB;540.93;10
Pharma - Z1;SUCARI JAEN JOSE CARLOS;LAGRICEL PF;2;FEB;954.32;20
Pharma - Z1;SUCARI JAEN JOSE CARLOS;TRAZIDEX O;2;FEB;926.1;20
Pharma - Z1;TG LASER OFTALMICA SA;AGGLAD;2;FEB;1345.08;20
Pharma - Z1;TG LASER OFTALMICA SA;ELIPTIC;2;FEB;2536.8;40
Pharma - Z1;TG LASER OFTALMICA SA;FLUMETOL NF;2;FEB;898.38;20
Pharma - Z1;TG LASER OFTALMICA SA;GAAP;2;FEB;5776.98;60
Pharma - Z1;TG LASER OFTALMICA SA;LAGRICEL;2;FEB;562.93;10
Pharma - Z1;TG LASER OFTALMICA SA;LAGRICEL PF;2;FEB;2044.98;30
Pharma - Z1;TG LASER OFTALMICA SA;SOPHIPREN;2;FEB;465.85;10
Pharma - Z1;TG LASER OFTALMICA SA;TRAZIDEX U;2;FEB;1402.65;30
Pharma - Z1;TG LASER OFTALMICA SA;ZEBESTEN;2;FEB;490.88;10
Pharma - Z1;VALEVISION S.A.C.;AGGLAD;2;FEB;1100.52;20
Pharma - Z1;VALEVISION S.A.C.;ELIPTIC PF;2;FEB;679.33;20
Pharma - Z1;VALEVISION S.A.C.;TRAZIDEX U;2;FEB;467.55;10
Pharma - Z1;VESALIO S.A.;AGGLAD;2;FEB;380.27;6
Pharma - Z1;VESALIO S.A.;GAAP PF;2;FEB;2253.88;25
Pharma - Z1;VESALIO S.A.;LAGRICEL;2;FEB;414.42;10
Pharma - Z1;VESALIO S.A.;TRAZIDEX U;2;FEB;536.37;16
Pharma - Z1;ZANS LY JHON EDUARDO;AGGLAD;2;FEB;305.7;5
Pharma - Z1;ZANS LY JHON EDUARDO;AQUADRAN;2;FEB;270;5
Pharma - Z1;ZANS LY JHON EDUARDO;LAGRICEL PF;2;FEB;568.05;10
Pharma - Z1;ZANS LY JHON EDUARDO;LANDAX;2;FEB;466.1;10
Pharma - Z1;ZANS LY JHON EDUARDO;SOPHIPREN;2;FEB;423.5;10
Pharma - Z2;AJALCRIYA PASTOR CARLOS ANDRES;SOPHIPREN;2;FEB;296.45;7
Pharma - Z2;ALARCON CALLUPE,ROSA DE JESUS;AGGLAD;2;FEB;165.08;3
Pharma - Z2;ALARCON CALLUPE,ROSA DE JESUS;ELIPTIC PF;2;FEB;117.58;3
Pharma - Z2;ALARCON CALLUPE,ROSA DE JESUS;LAGRICEL PF;2;FEB;568.05;10
Pharma - Z2;ASOC. PASTORAL DE SERVICIOS MEDICO ASISTENCIALES GOOD HOPE DE LA IGLESIA ADVENTISTA DEL SEPTIMO DIA;AGGLAD;2;FEB;2629.02;50
Pharma - Z2;ASOC. PASTORAL DE SERVICIOS MEDICO ASISTENCIALES GOOD HOPE DE LA IGLESIA ADVENTISTA DEL SEPTIMO DIA;ELIPTIC PF;2;FEB;783.84;20
Pharma - Z2;ASOC. PASTORAL DE SERVICIOS MEDICO ASISTENCIALES GOOD HOPE DE LA IGLESIA ADVENTISTA DEL SEPTIMO DIA;FLUMETOL NF;2;FEB;2041.75;50
Pharma - Z2;ASOC. PASTORAL DE SERVICIOS MEDICO ASISTENCIALES GOOD HOPE DE LA IGLESIA ADVENTISTA DEL SEPTIMO DIA;LAGRICEL PF;2;FEB;10224.9;200
Pharma - Z2;ASOC. PASTORAL DE SERVICIOS MEDICO ASISTENCIALES GOOD HOPE DE LA IGLESIA ADVENTISTA DEL SEPTIMO DIA;TRAZIDEX O;2;FEB;2787.56;70
Pharma - Z2;BARRANTES RAMIREZ ELENA JESUS AMERICA;FLUMETOL NF;2;FEB;245.01;6
Pharma - Z2;BARRANTES RAMIREZ ELENA JESUS AMERICA;LAGRICEL PF;2;FEB;286.3;6
Pharma - Z2;BARRANTES RAMIREZ ELENA JESUS AMERICA;TRAZIDEX O;2;FEB;277.83;6
Pharma - Z2;BARRANTES RAMIREZ ELENA JESUS AMERICA;TRAZIDEX U;2;FEB;280.53;6
Pharma - Z2;BOTIQUIN ENCARNACION JULIO OSWALDO;AGGLAD;2;FEB;330.16;6
Pharma - Z2;BOTIQUIN ENCARNACION JULIO OSWALDO;ELIPTIC PF;2;FEB;195.96;6
Pharma - Z2;CAVAFARMA E.I.R.L.;LAGRICEL PF;2;FEB;295.39;4
Pharma - Z2;CENTRO LASER OCULAR SOCIEDAD COMERCIAL DE RESPONSABILIDAD LIMITADA;AGGLAD;2;FEB;660.31;12
Pharma - Z2;CENTRO LASER OCULAR SOCIEDAD COMERCIAL DE RESPONSABILIDAD LIMITADA;ELIPTIC PF;2;FEB;627.07;12
Pharma - Z2;CENTRO LASER OCULAR SOCIEDAD COMERCIAL DE RESPONSABILIDAD LIMITADA;GAAP;2;FEB;1575.54;20
Pharma - Z2;CENTRO LASER OCULAR SOCIEDAD COMERCIAL DE RESPONSABILIDAD LIMITADA;GAAP PF;2;FEB;649.12;8
Pharma - Z2;CENTRO LASER OCULAR SOCIEDAD COMERCIAL DE RESPONSABILIDAD LIMITADA;ZEBESTEN;2;FEB;981.75;20
Pharma - Z2;CLINICA CAYETANO HEREDIA S.A.;FLUMETOL NF;2;FEB;816.7;20
Pharma - Z2;CLINICA CAYETANO HEREDIA S.A.;LAGRICEL;2;FEB;153.53;3
Pharma - Z2;CLINICA CAYETANO HEREDIA S.A.;LAGRICEL PF;2;FEB;681.66;12
Pharma - Z2;CLINICA CAYETANO HEREDIA S.A.;TRAZIDEX U;2;FEB;841.59;20
Pharma - Z2;CLINICA DE OJOS SANTOS SRL;LAGRICEL PF;2;FEB;1192.91;25
Pharma - Z2;CLINICA DE OJOS SANTOS SRL;SOPHIPREN;2;FEB;952.88;25
Pharma - Z2;CLINICA DE OJOS SANTOS SRL;TRAZIDEX O;2;FEB;1041.86;25
Pharma - Z2;CLINICA DE OJOS VISION LASER E.I.R.L.;SOPHIPREN;2;FEB;508.2;12
Pharma - Z2;CLINICA INTERNACIONAL S A;AGGLAD;2;FEB;6513.66;163
Pharma - Z2;CLINICA INTERNACIONAL S A;FLUMETOL NF;2;FEB;2960.67;107
Pharma - Z2;CLINICA INTERNACIONAL S A;GAAP;2;FEB;3301.63;82
Pharma - Z2;CLINICA INTERNACIONAL S A;GAAP PF;2;FEB;3508.19;85
Pharma - Z2;CLINICA INTERNACIONAL S A;LAGRICEL;2;FEB;15356.67;468
Pharma - Z2;CLINICA INTERNACIONAL S A;SOPHIPREN;2;FEB;5322.35;196
Pharma - Z2;CLINICA INTERNACIONAL S A;TRAZIDEX U;2;FEB;9716.38;366
Pharma - Z2;CLINICA NUEVO SAN JUAN SOCIEDAD ANONIMA CERRADA;ELIPTIC;2;FEB;71.03;2
Pharma - Z2;CLINICA ORTEGA SRL;FLUMETOL NF;2;FEB;816.7;20
Pharma - Z2;CLINICA ORTEGA SRL;GAAP;2;FEB;393.89;5
Pharma - Z2;CUIDA DIGITAL S.A.C.;AGGLAD;2;FEB;12912.77;176
Pharma - Z2;CUIDA DIGITAL S.A.C.;AQUADRAN;2;FEB;453.6;6
Pharma - Z2;CUIDA DIGITAL S.A.C.;ELIPTIC;2;FEB;6595.68;104
Pharma - Z2;CUIDA DIGITAL S.A.C.;ELIPTIC PF;2;FEB;2194.75;48
Pharma - Z2;CUIDA DIGITAL S.A.C.;GAAP;2;FEB;22075.07;194
Pharma - Z2;CUIDA DIGITAL S.A.C.;GAAP PF;2;FEB;7356.64;60
Pharma - Z2;CUIDA DIGITAL S.A.C.;LAGRICEL;2;FEB;4656.92;70
Pharma - Z2;CUIDA DIGITAL S.A.C.;LAGRICEL PF;2;FEB;7725.48;100
Pharma - Z2;DOCTOR + S.A.C.;ELIPTIC PF;2;FEB;344.89;11
Pharma - Z2;DOCTOR + S.A.C.;GAAP;2;FEB;2100.51;36
Pharma - Z2;DOCTOR + S.A.C.;GAAP PF;2;FEB;694.19;11
Pharma - Z2;DOCTOR + S.A.C.;LAGRICEL;2;FEB;869.98;25
Pharma - Z2;DOCTOR + S.A.C.;LAGRICEL PF;2;FEB;687.11;18
Pharma - Z2;FARMAVISION SOCIEDAD ANONIMA CERRADA;AGGLAD;2;FEB;1467.36;24
Pharma - Z2;FARMAVISION SOCIEDAD ANONIMA CERRADA;FLUMETOL NF;2;FEB;490.02;12
Pharma - Z2;FARMAVISION SOCIEDAD ANONIMA CERRADA;GAAP;2;FEB;1890.65;24
Pharma - Z2;INSTITUTO MEDICO QUIRURGICO AREQUIPA S.A;FLUMETOL NF;2;FEB;408.35;10
Pharma - Z2;INSTITUTO MEDICO QUIRURGICO AREQUIPA S.A;LAGRICEL PF;2;FEB;2272.2;40
Pharma - Z2;INSTITUTO MEDICO QUIRURGICO AREQUIPA S.A;TRAZIDEX U;2;FEB;701.33;15
Pharma - Z2;INSTITUTO MEDICO QUIRURGICO AREQUIPA S.A;ZEBESTEN;2;FEB;490.88;10
Pharma - Z2;INVERSIONES MULTIMEDIC S.A.C.;FLUMETOL NF;2;FEB;2450.1;60
Pharma - Z2;INVERSIONES MULTIMEDIC S.A.C.;TRAZIDEX O;2;FEB;2778.3;60
Pharma - Z2;MEDIC SER S.A.C.;FLUMETOL NF;2;FEB;3681.37;78
Pharma - Z2;MEDIC SER S.A.C.;GAAP;2;FEB;2328.81;27
Pharma - Z2;MEDIC SER S.A.C.;LAGRICEL;2;FEB;8576.46;145
Pharma - Z2;MEDIC SER S.A.C.;TRAZIDEX O;2;FEB;939.76;25
Pharma - Z2;MEGAFARMA LA VICTORIA SAC;LAGRICEL PF;2;FEB;954.32;20
Pharma - Z2;MEGAFARMA LA VICTORIA SAC;SOPHIPREN;2;FEB;635.25;15
Pharma - Z2;MEGAFARMA LA VICTORIA SAC;TRAZIDEX O;2;FEB;694.58;15
Pharma - Z2;NEOMEDICA E.I.R.L.;LAGRICEL PF;2;FEB;272.66;6
Pharma - Z2;NEOMEDICA E.I.R.L.;TRAZIDEX O;2;FEB;277.83;6
Pharma - Z2;OCULASER CENTRO DE MICROCIRUGIA Y LASER S.A.C.;AGGLAD;2;FEB;1320.62;24
Pharma - Z2;OCULASER CENTRO DE MICROCIRUGIA Y LASER S.A.C.;AQUADRAN;2;FEB;1944;36
Pharma - Z2;OCULASER CENTRO DE MICROCIRUGIA Y LASER S.A.C.;ELIPTIC PF;2;FEB;909.25;24
Pharma - Z2;OCULASER CENTRO DE MICROCIRUGIA Y LASER S.A.C.;FLUMETOL NF;2;FEB;1617.07;36
Pharma - Z2;OCULASER CENTRO DE MICROCIRUGIA Y LASER S.A.C.;GAAP PF;2;FEB;1803.1;20
Pharma - Z2;OCULASER CENTRO DE MICROCIRUGIA Y LASER S.A.C.;LAGRICEL PF;2;FEB;4203.57;74
Pharma - Z2;OCULASER CENTRO DE MICROCIRUGIA Y LASER S.A.C.;SOPHIPREN;2;FEB;3642.1;86
Pharma - Z2;OCULASER CENTRO DE MICROCIRUGIA Y LASER S.A.C.;TRAZIDEX U;2;FEB;1514.86;36
Pharma - Z2;OFTALMOLIVE GROUP PERU S.A.C.;AQUADRAN;2;FEB;648;12
Pharma - Z2;OFTALMOLIVE GROUP PERU S.A.C.;ELIPTIC PF;2;FEB;627.07;12
Pharma - Z2;OFTALMOLIVE GROUP PERU S.A.C.;GAAP PF;2;FEB;1081.86;12
Pharma - Z2;OFTALMOLIVE GROUP PERU S.A.C.;TRAZIDEX U;2;FEB;280.53;6
Pharma - Z2;OFTALMOLUZ E.I.R.L.;AQUADRAN;2;FEB;2700;50
Pharma - Z2;OFTALMOLUZ E.I.R.L.;LAGRICEL PF;2;FEB;1988.18;50
Pharma - Z2;OPTICA VERIMEDIC E.I.R.L.;AGGLAD;2;FEB;275.13;5
Pharma - Z2;OPTICA VERIMEDIC E.I.R.L.;ELAR-B;2;FEB;345;6
Pharma - Z2;OPTICA VERIMEDIC E.I.R.L.;ELIPTIC PF;2;FEB;189.43;5
Pharma - Z2;OPTICA VERIMEDIC E.I.R.L.;FLUMETOL NF;2;FEB;245.01;6
Pharma - Z2;OPTICA VERIMEDIC E.I.R.L.;LAGRICEL PF;2;FEB;238.58;5
Pharma - Z2;OPTIMA VISION SRL;AQUADRAN;2;FEB;324;6
Pharma - Z2;OPTIMA VISION SRL;ELAR-B;2;FEB;345;6
Pharma - Z2;OPTIMA VISION SRL;ELIPTIC PF;2;FEB;75.77;2
Pharma - Z2;OPTIMA VISION SRL;FLUMETOL NF;2;FEB;343.02;6
Pharma - Z2;OPTIMA VISION SRL;GAAP PF;2;FEB;901.55;10
Pharma - Z2;OPTIMA VISION SRL;LAGRICEL PF;2;FEB;286.3;6
Pharma - Z2;OPTIMA VISION SRL;SOPHIPREN;2;FEB;304.92;6
Pharma - Z2;OPTIMA VISION SRL;TRAZIDEX O;2;FEB;416.75;9
Pharma - Z2;OPTIMA VISION SRL;TRAZIDEX U;2;FEB;392.74;7
Pharma - Z2;OPTIMA VISION SRL;ZEBESTEN;2;FEB;98.18;2
Pharma - Z2;OPTOPLUS E.I.R.L.;AGGLAD;2;FEB;1375.65;25
Pharma - Z2;OPTOPLUS E.I.R.L.;ELIPTIC;2;FEB;741.7;25
Pharma - Z2;OPTOPLUS E.I.R.L.;LAGRICEL PF;2;FEB;2556.23;50
Pharma - Z2;OPTOPLUS E.I.R.L.;SOPHIPREN;2;FEB;1821.05;50
Pharma - Z2;OSMICE E.I.R.L.;ELIPTIC PF;2;FEB;816.5;25
Pharma - Z2;OSTOS RICRA LEONISA;SOPHIPREN;2;FEB;762.3;20
Pharma - Z2;RIVERA BERROSPI MIRCO ALFREDO;AQUADRAN;2;FEB;648;12
Pharma - Z2;RIVERA BERROSPI MIRCO ALFREDO;FLUMETOL NF;2;FEB;980.04;24
Pharma - Z2;RIVERA BERROSPI MIRCO ALFREDO;LAGRICEL PF;2;FEB;1363.32;24
Pharma - Z2;SANAR SM E.I.R.L;GAAP;2;FEB;945.32;12
Pharma - Z2;SERVICIOS DE FARMACIA OFTALMOLOGICA YAHUI EIRL;AGGLAD;2;FEB;5502.6;100
Pharma - Z2;SERVICIOS DE FARMACIA OFTALMOLOGICA YAHUI EIRL;DUSTALOX;2;FEB;3609.76;80
Pharma - Z2;SERVICIOS DE FARMACIA OFTALMOLOGICA YAHUI EIRL;ELAR-B;2;FEB;4600;80
Pharma - Z2;SERVICIOS DE FARMACIA OFTALMOLOGICA YAHUI EIRL;ELIPTIC PF;2;FEB;6819.41;180
Pharma - Z2;SERVICIOS DE FARMACIA OFTALMOLOGICA YAHUI EIRL;FLUMETOL NF;2;FEB;4491.85;100
Pharma - Z2;SERVICIOS DE FARMACIA OFTALMOLOGICA YAHUI EIRL;GAAP PF;2;FEB;14424.8;160
Pharma - Z2;SERVICIOS DE FARMACIA OFTALMOLOGICA YAHUI EIRL;LAGRICEL;2;FEB;4094;100
Pharma - Z2;SERVICIOS DE FARMACIA OFTALMOLOGICA YAHUI EIRL;LAGRICEL PF;2;FEB;22722;400
Pharma - Z2;SERVICIOS DE FARMACIA OFTALMOLOGICA YAHUI EIRL;LANDAX;2;FEB;4661;100
Pharma - Z2;SERVICIOS DE FARMACIA OFTALMOLOGICA YAHUI EIRL;SOPHIPREN;2;FEB;8470;200
Pharma - Z2;SERVICIOS DE FARMACIA OFTALMOLOGICA YAHUI EIRL;TRAZIDEX O;2;FEB;16669.8;400
Pharma - Z2;SERVICIOS DE FARMACIA OFTALMOLOGICA YAHUI EIRL;TRAZIDEX U;2;FEB;12623.85;300
Pharma - Z2;SERVICIOS DE FARMACIA OFTALMOLOGICA YAHUI EIRL;ZEBESTEN;2;FEB;3927;80
Pharma - Z2;UNOVE S.A.C.;AGGLAD;2;FEB;1100.52;20
Pharma - Z2;UNOVE S.A.C.;ELIPTIC;2;FEB;761.04;20
Pharma - Z2;UNOVE S.A.C.;TRAZIDEX O;2;FEB;926.1;20
Pharma - Z2;UNOVE S.A.C.;TRAZIDEX U;2;FEB;841.59;20
Pharma - Z2;VITTES GALVEZ INVERSIONES Y SERVICIOS E.I.R.L.;FLUMETOL NF;2;FEB;980.04;24
Pharma - Z3;AAA SAC;ELIPTIC PF;2;FEB;5225.6;100
Pharma - Z3;AAA SAC;FLUMETOL NF;2;FEB;2041.75;50
Pharma - Z3;AAA SAC;LAGRICEL PF;2;FEB;5680.5;100
Pharma - Z3;AAA SAC;ZEBESTEN;2;FEB;2454.38;50
Pharma - Z3;ASOC. PAST. DE SERV. MEDICO ASIST. CLINICA ADVENTISTA ANA STAHL DE LA IGLESIA ADV. DEL SEPTIMO DIA;AGGLAD;2;FEB;611.4;10
Pharma - Z3;ASOC. PAST. DE SERV. MEDICO ASIST. CLINICA ADVENTISTA ANA STAHL DE LA IGLESIA ADV. DEL SEPTIMO DIA;ELIPTIC PF;2;FEB;522.56;10
Pharma - Z3;ASOC. PAST. DE SERV. MEDICO ASIST. CLINICA ADVENTISTA ANA STAHL DE LA IGLESIA ADV. DEL SEPTIMO DIA;LAGRICEL PF;2;FEB;1704.15;30
Pharma - Z3;ASOC. PAST. DE SERV. MEDICO ASIST. CLINICA ADVENTISTA ANA STAHL DE LA IGLESIA ADV. DEL SEPTIMO DIA;TRAZIDEX O;2;FEB;926.1;20
Pharma - Z3;ASOC. PAST. DE SERV. MEDICO ASIST. CLINICA ADVENTISTA ANA STAHL DE LA IGLESIA ADV. DEL SEPTIMO DIA;TRAZIDEX U;2;FEB;467.55;10
Pharma - Z3;ASOCIACION PERUANO JAPONESA;AGGLAD;2;FEB;5135.76;105
Pharma - Z3;ASOCIACION PERUANO JAPONESA;AQUADRAN;2;FEB;540;10
Pharma - Z3;ASOCIACION PERUANO JAPONESA;ELAR-B;2;FEB;172.5;3
Pharma - Z3;ASOCIACION PERUANO JAPONESA;ELIPTIC PF;2;FEB;5225.6;100
Pharma - Z3;ASOCIACION PERUANO JAPONESA;FLUMETOL NF;2;FEB;1347.55;30
Pharma - Z3;ASOCIACION PERUANO JAPONESA;GAAP PF;2;FEB;3966.82;50
Pharma - Z3;ASOCIACION PERUANO JAPONESA;LAGRICEL;2;FEB;1238.44;22
Pharma - Z3;ASOCIACION PERUANO JAPONESA;LAGRICEL PF;2;FEB;7498.26;110
Pharma - Z3;ASOCIACION PERUANO JAPONESA;SOPHIPREN;2;FEB;423.5;10
Pharma - Z3;ASOCIACION PERUANO JAPONESA;TRAZIDEX O;2;FEB;444.53;8
Pharma - Z3;ASOCIACION PERUANO JAPONESA;TRAZIDEX U;2;FEB;3646.89;65
Pharma - Z3;CALDERON GALVEZ,PAOLA VIOLETA;AGGLAD;2;FEB;611.4;10
Pharma - Z3;CALDERON GALVEZ,PAOLA VIOLETA;ELIPTIC PF;2;FEB;339.66;10
Pharma - Z3;CENTRO DE ESPECIALIDADES OFTALMOLOGICAS E.I.R.L.;AGGLAD;2;FEB;1222.8;20
Pharma - Z3;CENTRO DE ESPECIALIDADES OFTALMOLOGICAS E.I.R.L.;ELIPTIC PF;2;FEB;726.36;20
Pharma - Z3;CENTRO DE ESPECIALIDADES OFTALMOLOGICAS E.I.R.L.;FLUMETOL NF;2;FEB;408.35;10
Pharma - Z3;CENTRO DE ESPECIALIDADES OFTALMOLOGICAS E.I.R.L.;LAGRICEL PF;2;FEB;1136.1;20
Pharma - Z3;CENTRO DE ESPECIALIDADES OFTALMOLOGICAS E.I.R.L.;SOPHIPREN;2;FEB;847;20
Pharma - Z3;CENTRO DE ESPECIALIDADES OFTALMOLOGICAS E.I.R.L.;ZEBESTEN;2;FEB;490.88;10
Pharma - Z3;CENTRO MEDICO CLINICA SAN JUDAS TADEO SA;AGGLAD;2;FEB;1528.5;25
Pharma - Z3;CENTRO MEDICO CLINICA SAN JUDAS TADEO SA;DUSTALOX;2;FEB;369.18;10
Pharma - Z3;CENTRO MEDICO CLINICA SAN JUDAS TADEO SA;LAGRICEL;2;FEB;598.75;13
Pharma - Z3;CENTRO MEDICO CLINICA SAN JUDAS TADEO SA;TRAZIDEX O;2;FEB;1250.24;30
Pharma - Z3;CENTRO MEDICO CLINICA SAN JUDAS TADEO SA;TRAZIDEX U;2;FEB;2103.98;50
Pharma - Z3;CHARCA RAMOS,ROCIO LUZ;TRAZIDEX O;2;FEB;370.44;8
Pharma - Z3;CHARCA RAMOS,ROCIO LUZ;TRAZIDEX U;2;FEB;280.53;6
Pharma - Z3;CLINICA AMAZONICA EIRL;AGGLAD;2;FEB;1100.52;20
Pharma - Z3;CLINICA AMAZONICA EIRL;ELIPTIC PF;2;FEB;1640.84;40
Pharma - Z3;CLINICA AMAZONICA EIRL;FLUMETOL NF;2;FEB;1061.71;20
Pharma - Z3;CLINICA AMAZONICA EIRL;LAGRICEL;2;FEB;1535.25;30
Pharma - Z3;CLINICA AMAZONICA EIRL;TRAZIDEX U;2;FEB;935.1;20
Pharma - Z3;CLINICA BELLAVISTA SOCIEDAD ANONIMA CERRADA;ELIPTIC PF;2;FEB;86.22;2
Pharma - Z3;CLINICA BELLAVISTA SOCIEDAD ANONIMA CERRADA;GAAP;2;FEB;172.5;2
Pharma - Z3;CLINICA BELLAVISTA SOCIEDAD ANONIMA CERRADA;LAGRICEL;2;FEB;473.18;8
Pharma - Z3;CLINICA DE OJOS DÔOPELUCE SAC;AGGLAD;2;FEB;2201.04;40
Pharma - Z3;CLINICA DE OJOS DÔOPELUCE SAC;AQUADRAN;2;FEB;648;12
Pharma - Z3;CLINICA DE OJOS DÔOPELUCE SAC;DUSTALOX;2;FEB;902.44;20
Pharma - Z3;CLINICA DE OJOS DÔOPELUCE SAC;ELIPTIC PF;2;FEB;1567.68;30
Pharma - Z3;CLINICA DE OJOS DÔOPELUCE SAC;FLUMETOL NF;2;FEB;3593.48;80
Pharma - Z3;CLINICA DE OJOS DÔOPELUCE SAC;GAAP;2;FEB;5601.92;80
Pharma - Z3;CLINICA DE OJOS DÔOPELUCE SAC;LAGRICEL;2;FEB;3070.5;60
Pharma - Z3;CLINICA DE OJOS DÔOPELUCE SAC;LAGRICEL PF;2;FEB;16019.01;300
Pharma - Z3;CLINICA DE OJOS DÔOPELUCE SAC;SOPHIPREN;2;FEB;931.7;20
Pharma - Z3;CLINICA DE OJOS DÔOPELUCE SAC;TRAZIDEX O;2;FEB;3333.96;80
Pharma - Z3;CLINICA DE OJOS DÔOPELUCE SAC;TRAZIDEX U;2;FEB;2524.77;60
Pharma - Z3;CLINICA DE OJOS DÔOPELUCE SAC;ZEBESTEN;2;FEB;1419.08;30
Pharma - Z3;CLINICA DE OJOS VISION DEL PERU S.A.C.;ELIPTIC PF;2;FEB;816.5;25
Pharma - Z3;CLINICA DE OJOS VISION DEL PERU S.A.C.;GAAP PF;2;FEB;1803.1;20
Pharma - Z3;CLINICA DE OJOS VISION DEL PERU S.A.C.;LAGRICEL PF;2;FEB;1704.15;30
Pharma - Z3;CLINICA DE OJOS VISION DEL PERU S.A.C.;SOPHIPREN;2;FEB;1694;40
Pharma - Z3;CLINICA DE OJOS VISION DEL PERU S.A.C.;TRAZIDEX O;2;FEB;416.75;10
Pharma - Z3;CLINICA DE OJOS VISION DEL PERU S.A.C.;TRAZIDEX U;2;FEB;1683.18;40
Pharma - Z3;CLINICA JESUS DEL NORTE SOCIEDAD ANONIMA CERRADA;FLUMETOL NF;2;FEB;0;0
Pharma - Z3;CLINICA JESUS DEL NORTE SOCIEDAD ANONIMA CERRADA;GAAP;2;FEB;336.64;5
Pharma - Z3;CLINICA JESUS DEL NORTE SOCIEDAD ANONIMA CERRADA;LAGRICEL;2;FEB;336.73;10
Pharma - Z3;CLINICA OFTALMOLOGICA VIRGEN DEL CARMEN E.I.R.L.;FLUMETOL NF;2;FEB;449.19;10
Pharma - Z3;CLINICA OFTALMOLOGICA VIRGEN DEL CARMEN E.I.R.L.;LAGRICEL PF;2;FEB;568.05;10
Pharma - Z3;CLINICA SAN FELIPE S A;GAAP PF;2;FEB;206.09;3
Pharma - Z3;CLINICA SAN FELIPE S A;LAGRICEL;2;FEB;3594.84;103
Pharma - Z3;CLINICA SAN FELIPE S A;TRAZIDEX U;2;FEB;3534.23;124
Pharma - Z3;CLINICA SAN GABRIEL S A C;ELAR-B;2;FEB;310.5;6
Pharma - Z3;CLINICA SAN GABRIEL S A C;FLUMETOL NF;2;FEB;735.98;26
Pharma - Z3;CONSULTORIO OPTICA BELLAVISTA E.I.R.L;AGGLAD;2;FEB;366.84;6
Pharma - Z3;CONSULTORIO OPTICA BELLAVISTA E.I.R.L;AQUADRAN;2;FEB;324;6
Pharma - Z3;CONSULTORIO OPTICA BELLAVISTA E.I.R.L;FLUMETOL NF;2;FEB;245.01;6
Pharma - Z3;CONSULTORIO OPTICA BELLAVISTA E.I.R.L;LANDAX;2;FEB;932.2;20
Pharma - Z3;CONSULTORIO OPTICA BELLAVISTA E.I.R.L;SOPHIPREN;2;FEB;1101.1;26
Pharma - Z3;CONSULTORIO OPTICA BELLAVISTA E.I.R.L;ZEBESTEN;2;FEB;294.53;6
Pharma - Z3;CONSULTORIOS OFTALMOLOGICOS DEL PERU S.A.C.;FLUMETOL NF;2;FEB;735.03;20
Pharma - Z3;CONSULTORIOS OFTALMOLOGICOS DEL PERU S.A.C.;TRAZIDEX U;2;FEB;1262.39;30
Pharma - Z3;DERMATOLOGICA PERU E.I.R.L.;LAGRICEL PF;2;FEB;1363.32;24
Pharma - Z3;DERMATOLOGICA PERU E.I.R.L.;TRAZIDEX O;2;FEB;463.05;10
Pharma - Z3;DERMATOLOGICA PERU E.I.R.L.;TRAZIDEX U;2;FEB;935.1;20
Pharma - Z3;EVP. CORPORACION PERUVIAN S.A.C.;AGGLAD;2;FEB;1100.52;20
Pharma - Z3;EVP. CORPORACION PERUVIAN S.A.C.;FLUMETOL NF;2;FEB;408.35;10
Pharma - Z3;EVP. CORPORACION PERUVIAN S.A.C.;GAAP PF;2;FEB;901.55;10
Pharma - Z3;EVP. CORPORACION PERUVIAN S.A.C.;LAGRICEL PF;2;FEB;4089.96;80
Pharma - Z3;EVP. CORPORACION PERUVIAN S.A.C.;SOPHIPREN;2;FEB;1905.75;50
Pharma - Z3;EVP. CORPORACION PERUVIAN S.A.C.;TRAZIDEX O;2;FEB;1055.76;30
Pharma - Z3;EVP. CORPORACION PERUVIAN S.A.C.;TRAZIDEX U;2;FEB;1421.36;40
Pharma - Z3;FARMACIAS MUNDIALES Y PERFUMERIA S.A.C;LAGRICEL;2;FEB;199.58;3
Pharma - Z3;FARMACIAS MUNDIALES Y PERFUMERIA S.A.C;TRAZIDEX O;2;FEB;180.59;3
Pharma - Z3;FUNDACION PARA EL TRATAMIENTO DE GLAUCOMA Y CATARATA SAC;ZEBESTEN;2;FEB;490.88;10
Pharma - Z3;HERRERA LOPEZ NORMA FRANCISCA;ELIPTIC PF;2;FEB;254.75;10
Pharma - Z3;HERRERA LOPEZ NORMA FRANCISCA;FLUMETOL NF;2;FEB;449.19;10
Pharma - Z3;HERRERA LOPEZ NORMA FRANCISCA;LAGRICEL;2;FEB;562.93;10
Pharma - Z3;HERRERA LOPEZ NORMA FRANCISCA;SOPHIPREN;2;FEB;423.5;10
Pharma - Z3;HERRERA LOPEZ NORMA FRANCISCA;TRAZIDEX O;2;FEB;463.05;10
Pharma - Z3;HOLDING MONTECRISTO PERU SOCIEDAD ANONIMA;ELIPTIC PF;2;FEB;407.6;12
Pharma - Z3;HOSAKA DE SUSUKI MIRYAN;FLUMETOL NF;2;FEB;-147.01;-3
Pharma - Z3;HOSAKA DE SUSUKI MIRYAN;GAAP;2;FEB;-437.65;-5
Pharma - Z3;HOSAKA DE SUSUKI MIRYAN;LAGRICEL PF;2;FEB;-454.45;-8
Pharma - Z3;INSTITUTO PERUANO DE LA VISION S.A.C.;ELAR-B;2;FEB;1552.5;30
Pharma - Z3;INSTITUTO PERUANO DE LA VISION S.A.C.;ELIPTIC;2;FEB;152.21;3
Pharma - Z3;INSTITUTO PERUANO DE LA VISION S.A.C.;GAAP;2;FEB;1181.65;15
Pharma - Z3;INSTITUTO PERUANO DE LA VISION S.A.C.;LAGRICEL;2;FEB;614.1;12
Pharma - Z3;INSTITUTO PERUANO DE LA VISION S.A.C.;SOPHIPREN;2;FEB;165.17;3
Pharma - Z3;INSTITUTO PERUANO DE LA VISION S.A.C.;TRAZIDEX O;2;FEB;138.92;3
Pharma - Z3;INSTITUTO PERUANO DE LA VISION S.A.C.;TRAZIDEX U;2;FEB;504.96;12
Pharma - Z3;INVERSIONES MEDICAS GALENO S.A.C.;AGGLAD;2;FEB;366.84;6
Pharma - Z3;INVERSIONES MEDICAS GALENO S.A.C.;ELIPTIC PF;2;FEB;195.96;3
Pharma - Z3;INVERSIONES MEDICAS GALENO S.A.C.;FLUMETOL NF;2;FEB;122.51;3
Pharma - Z3;INVERSIONES MEDICAS GALENO S.A.C.;LAGRICEL PF;2;FEB;3976.35;70
Pharma - Z3;INVERSIONES MEDICAS GALENO S.A.C.;SOPHIPREN;2;FEB;1694;40
Pharma - Z3;LANDA OCHOA REYSU REYNALDO;SOPHIPREN;2;FEB;2117.5;50
Pharma - Z3;LUZVISION S.A.C.;FLUMETOL NF;2;FEB;1919.25;50
Pharma - N1;MAS VISION CHICLAYO S.A.C.;AGGLAD;2;FEB;2751.3;50
Pharma - N1;MAS VISION CHICLAYO S.A.C.;FLUMETOL NF;2;FEB;816.7;20
Pharma - N1;MAS VISION CHICLAYO S.A.C.;GAAP PF;2;FEB;2704.65;30
Pharma - N1;MAS VISION CHICLAYO S.A.C.;LAGRICEL PF;2;FEB;10224.9;200
Pharma - N1;MAS VISION CHICLAYO S.A.C.;SOPHIPREN;2;FEB;3049.2;80
Pharma - N1;MAS VISION CHICLAYO S.A.C.;TRAZIDEX O;2;FEB;2815.35;80
Pharma - N1;MAS VISION CHICLAYO S.A.C.;TRAZIDEX U;2;FEB;710.68;20
Pharma - Z3;MAS VISION S.A.C.;AGGLAD;2;FEB;550.26;10
Pharma - Z3;MAS VISION S.A.C.;AQUADRAN;2;FEB;291.6;6
Pharma - Z3;MAS VISION S.A.C.;ELIPTIC PF;2;FEB;339.01;10
Pharma - Z3;MAS VISION S.A.C.;FLUMETOL NF;2;FEB;2450.1;60
Pharma - Z3;MAS VISION S.A.C.;GAAP PF;2;FEB;2704.65;30
Pharma - Z3;MAS VISION S.A.C.;LAGRICEL PF;2;FEB;12269.88;240
Pharma - Z3;MAS VISION S.A.C.;SOPHIPREN;2;FEB;3811.5;100
Pharma - Z3;MAS VISION S.A.C.;TRAZIDEX O;2;FEB;1759.59;50
Pharma - Z3;MAS VISION S.A.C.;TRAZIDEX U;2;FEB;1776.69;50
Pharma - Z3;MAYTA CARCAUSTO AGUSTIN ABEL;SOPHIPREN;2;FEB;423.5;10
Pharma - Z3;MEDI VISTA E.I.R.L.;ELIPTIC PF;2;FEB;679.33;20
Pharma - Z3;MEDI VISTA E.I.R.L.;LAGRICEL PF;2;FEB;1431.49;30
Pharma - Z3;NORABUENA MAUTINO FIORELLA;FLUMETOL NF;2;FEB;204.18;5
Pharma - Z3;NORVISION SAC;DUSTALOX;2;FEB;369.18;10
Pharma - Z3;NORVISION SAC;ELAR-B;2;FEB;621;12
Pharma - Z3;NORVISION SAC;ELIPTIC PF;2;FEB;768.17;21
Pharma - Z3;NORVISION SAC;LANDAX;2;FEB;466.1;10
Pharma - Z3;NORVISION SAC;SOPHIPREN;2;FEB;508.2;12
Pharma - Z3;NORVISION SAC;TRAZIDEX O;2;FEB;833.5;20
Pharma - Z3;NORVISION SAC;TRAZIDEX U;2;FEB;841.6;20
Pharma - Z3;NUESTRA SENORA DEL SAGRADO CORAZON;AGGLAD;2;FEB;929.33;20
Pharma - Z3;NUESTRA SENORA DEL SAGRADO CORAZON;FLUMETOL NF;2;FEB;490.02;15
Pharma - Z3;OFTALMOFARM S.A.C.;TRAZIDEX U;2;FEB;1402.65;30
Pharma - Z3;OFTALMOSELVA E.I.R.L.;AQUADRAN;2;FEB;972;20
Pharma - Z3;OPTHALMICA VISION SOCIEDAD ANONIMA CERRADA;FLUMETOL NF;2;FEB;490.02;12
Pharma - Z3;OPTHALMICA VISION SOCIEDAD ANONIMA CERRADA;LAGRICEL PF;2;FEB;1022.49;20
Pharma - Z3;OPTHALMICA VISION SOCIEDAD ANONIMA CERRADA;TRAZIDEX U;2;FEB;280.53;6
Pharma - Z3;POLICLINICO VIRGEN DEL ROSARIO E.I.R.L.;FLUMETOL NF;2;FEB;612.53;15
Pharma - Z3;POLICLINICO VIRGEN DEL ROSARIO E.I.R.L.;LAGRICEL;2;FEB;511.75;10
Pharma - Z3;POLICLINICO VIRGEN DEL ROSARIO E.I.R.L.;LANDAX;2;FEB;932.2;20
Pharma - Z3;POLICLINICO VIRGEN DEL ROSARIO E.I.R.L.;SOPHIPREN;2;FEB;635.25;15
Pharma - Z3;POLICLINICO VIRGEN DEL ROSARIO E.I.R.L.;TRAZIDEX O;2;FEB;1852.2;40
Pharma - Z3;RED SALUD NORTE S.A.C.;FLUMETOL NF;2;FEB;224.59;5
Pharma - Z3;RED SALUD NORTE S.A.C.;LAGRICEL PF;2;FEB;1635.98;24
Pharma - Z3;RED SALUD NORTE S.A.C.;TRAZIDEX U;2;FEB;467.55;10
Pharma - Z3;RETINA VISION E.I.R.L.;FLUMETOL NF;2;FEB;1633.4;40
Pharma - Z3;RETINA VISION E.I.R.L.;LAGRICEL PF;2;FEB;1090.66;20
Pharma - Z3;RETINA VISION E.I.R.L.;TRAZIDEX O;2;FEB;926.1;20
Pharma - Z3;S & P OFTALMOLOGOS S.A.C.;FLUMETOL NF;2;FEB;612.53;15
Pharma - Z3;S & P OFTALMOLOGOS S.A.C.;ZEBESTEN;2;FEB;736.31;15
Pharma - Z3;SALUD VISUAL OPTICA Y OFTALMOLOGIA EMPRESA INDIVIDUAL DE RESPONSABILIDAD LIMITADA;GAAP PF;2;FEB;649.12;12
Pharma - Z3;SERVI OFTALMOMED ALVARO E.I.R.L.;AQUADRAN;2;FEB;648;12
Pharma - Z3;SERVI OFTALMOMED ALVARO E.I.R.L.;ELAR-B;2;FEB;310.5;6
Pharma - Z3;SERVI OFTALMOMED ALVARO E.I.R.L.;SOPHIPREN;2;FEB;1016.4;24
Pharma - Z3;SERVI OFTALMOMED ALVARO E.I.R.L.;TRAZIDEX O;2;FEB;555.66;12
Pharma - Z3;SOCIAL MEDICAL S.A.C.;AGGLAD;2;FEB;733.68;12
Pharma - Z3;SOCIAL MEDICAL S.A.C.;ELIPTIC PF;2;FEB;435.82;12
Pharma - Z3;SOCIAL MEDICAL S.A.C.;FLUMETOL NF;2;FEB;490.02;12
Pharma - Z3;SOLUCIONES E INVERSIONES EN SALUD SOCIEDAD ANONIMA CERRADA - SOLINSALUD SAC.;ELIPTIC PF;2;FEB;764.24;30
Pharma - Z3;SOLUCIONES E INVERSIONES EN SALUD SOCIEDAD ANONIMA CERRADA - SOLINSALUD SAC.;TRAZIDEX O;2;FEB;1620.68;35
Pharma - Z3;SOLUCIONES E INVERSIONES EN SALUD SOCIEDAD ANONIMA CERRADA - SOLINSALUD SAC.;TRAZIDEX U;2;FEB;1472.78;35
Pharma - Z3;VISANA CLINICA ESPECIALIZADA S.A.C;AGGLAD;2;FEB;1222.8;20
Pharma - Z3;VISANA CLINICA ESPECIALIZADA S.A.C;ELAR-B;2;FEB;1150;20
Pharma - Z3;VISANA CLINICA ESPECIALIZADA S.A.C;ELIPTIC PF;2;FEB;679.33;20
Pharma - Z3;VISANA CLINICA ESPECIALIZADA S.A.C;FLUMETOL NF;2;FEB;816.7;20
Pharma - Z3;VISANA CLINICA ESPECIALIZADA S.A.C;LAGRICEL PF;2;FEB;2862.98;60
Pharma - Z3;VISANA CLINICA ESPECIALIZADA S.A.C;TRAZIDEX O;2;FEB;833.49;20
Pharma - Z3;VISANA CLINICA ESPECIALIZADA S.A.C;TRAZIDEX U;2;FEB;1178.23;30
Pharma - Z3;VISANA CLINICA ESPECIALIZADA S.A.C;ZEBESTEN;2;FEB;892.5;20
Pharma - Z3;VISUAL CENTER S.A.C.;AGGLAD;2;FEB;1222.8;20
Pharma - Z3;VISUAL CENTER S.A.C.;ELAR-B;2;FEB;258.75;5
Pharma - Z3;VISUAL CENTER S.A.C.;ELIPTIC PF;2;FEB;2090.24;40
Pharma - Z3;VISUAL CENTER S.A.C.;GAAP PF;2;FEB;2704.65;30
Pharma - Z3;VISUAL CENTER S.A.C.;LAGRICEL;2;FEB;255.88;5
Pharma - Z3;VISUAL CENTER S.A.C.;LAGRICEL PF;2;FEB;2272.2;40
Pharma - Z3;VISUAL CENTER S.A.C.;TRAZIDEX U;2;FEB;2057.22;40
Pharma - Z3;VISUAL CENTER S.A.C.;ZEBESTEN;2;FEB;473.03;10
Pharma - Z3;VISUAL M&M E.I.R.L;ELAR-B;2;FEB;345;6
Pharma - Z3;VISUAL M&M E.I.R.L;FLUMETOL NF;2;FEB;980.04;24
Pharma - Z3;VISUAL M&M E.I.R.L;GAAP PF;2;FEB;2163.72;24
Pharma - Z3;VISUAL M&M E.I.R.L;LANDAX;2;FEB;233.05;5
Pharma - Z3;VISUAL M&M E.I.R.L;SOPHIPREN;2;FEB;1016.4;24
Pharma - Z3;VISUAL M&M E.I.R.L;TRAZIDEX U;2;FEB;1009.91;24
Pharma - Z3;WISAR SALUD S.A.C.;FLUMETOL NF;2;FEB;204.18;5
Pharma - Z3;WISAR SALUD S.A.C.;GAAP PF;2;FEB;721.24;10
Pharma - Z3;WISAR SALUD S.A.C.;TRAZIDEX U;2;FEB;233.78;5
Pharma - N1;ARRASCUE LA TORRE GILBERT ANTONIO;FLUMETOL NF;3;MAR;1078.04;24
Pharma - N1;BENEL PEREZ,DENNY JAVIER;LAGRICEL PF;3;MAR;477.16;10
Pharma - N1;BENEL PEREZ,DENNY JAVIER;TRAZIDEX U;3;MAR;771.46;15
Pharma - N1;BM CLINICA DE OJOS S.A.C.;GAAP;3;MAR;1155.4;15
Pharma - N1;CENTRO OFTALMOLOGICO DSC SOCIEDAD ANONIMA CERRADA;LAGRICEL PF;3;MAR;749.83;12
Pharma - N1;CENTRO OFTALMOLOGICO DSC SOCIEDAD ANONIMA CERRADA;SOPHIPREN;3;MAR;559.02;12
Pharma - N1;CENTRO OFTALMOLOGICO NOBA VISION E.I.R.L.;AGGLAD;3;MAR;1100.52;20
Pharma - N1;CENTRO OFTALMOLOGICO NOBA VISION E.I.R.L.;ELAR-B;3;MAR;1035;20
Pharma - N1;CENTRO OFTALMOLOGICO NOBA VISION E.I.R.L.;ELIPTIC PF;3;MAR;762.68;20
Pharma - N1;CENTRO OFTALMOLOGICO NOBA VISION E.I.R.L.;GAAP PF;3;MAR;901.55;10
Pharma - N1;CENTRO OFTALMOLOGICO NOBA VISION E.I.R.L.;LAGRICEL PF;3;MAR;1249.71;20
Pharma - N1;CENTRO OFTALMOLOGICO NOBA VISION E.I.R.L.;TRAZIDEX O;3;MAR;1018.71;20
Pharma - N1;CENTRO OFTALMOLOGICO NOBA VISION E.I.R.L.;TRAZIDEX U;3;MAR;514.31;10
Pharma - N1;CLINICA DE OJOS GARCIA EMPRESA INDIVIDUAL DE RESPONSABILIDAD LIMITADA;LAGRICEL PF;3;MAR;990.68;20
Pharma - N1;CLINICA DE OJOS GARCIA EMPRESA INDIVIDUAL DE RESPONSABILIDAD LIMITADA;ZEBESTEN;3;MAR;294.53;6
Pharma - N1;CLINICA MIRAFLORES SA;GAAP;3;MAR;3795.09;44
Pharma - N1;CLINICA MIRAFLORES SA;SOPHIPREN;3;MAR;547.43;12
Pharma - N1;CLINICA OFTALMOLOGICA VIDAVAÔS;FLUMETOL NF;3;MAR;2450.1;60
Pharma - N1;CLINICA OFTALMOLOGICA VIDAVAÔS;LAGRICEL PF;3;MAR;5453.28;80
Pharma - N1;CLINICA OFTALMOLOGICA VIDAVAÔS;ZEBESTEN;3;MAR;2784.6;60
Pharma - N1;CLINICA SOTOMAYOR S.A.C.;FLUMETOL NF;3;MAR;898.37;20
Pharma - N1;GSP TRUJILLO S.A.C.;GAAP;3;MAR;431.26;5
Pharma - N1;GSP TRUJILLO S.A.C.;LAGRICEL PF;3;MAR;4820.22;81
Pharma - N1;GSP TRUJILLO S.A.C.;SOPHIPREN;3;MAR;182.48;4
Pharma - N1;MAS VISION CHICLAYO S.A.C.;LAGRICEL PF;3;MAR;2044.98;40
Pharma - N1;MAS VISION CHICLAYO S.A.C.;SOPHIPREN;3;MAR;762.3;20
Pharma - N1;MAS VISION CHICLAYO S.A.C.;TRAZIDEX O;3;MAR;703.84;20
Pharma - N1;MAS VISION CHICLAYO S.A.C.;TRAZIDEX U;3;MAR;355.34;10
Pharma - N1;MIOFTALMO CENTER E.I.R.L.;ELAR-B;3;MAR;621;12
Pharma - N1;MIOFTALMO CENTER E.I.R.L.;FLUMETOL NF;3;MAR;539.02;12
Pharma - N1;MONTENEGRO DIAZ ERNESTO ANDRES;FLUMETOL NF;3;MAR;269.51;6
Pharma - N1;MONTENEGRO DIAZ ERNESTO ANDRES;LAGRICEL PF;3;MAR;477.16;10
Pharma - N1;OFTALMOCENTRO HD EMPRESA INDIVIDUAL DE RESPONSABILIDAD LIMITADA - OFTA HD E.I.R.L.;ELAR-B;3;MAR;1242;24
Pharma - N1;OFTALMOLOGOS ASOCIADOS VER S.A.C.;AGGLAD;3;MAR;660.31;12
Pharma - N1;OFTALMOLOGOS ASOCIADOS VER S.A.C.;ELIPTIC PF;3;MAR;457.61;12
Pharma - N1;OFTALMOLOGOS ASOCIADOS VER S.A.C.;FLUMETOL NF;3;MAR;898.37;20
Pharma - N1;OFTALMOLOGOS ASOCIADOS VER S.A.C.;LAGRICEL;3;MAR;281.46;5
Pharma - N1;OFTALMOLOGOS ASOCIADOS VER S.A.C.;LAGRICEL PF;3;MAR;1874.57;30
Pharma - N1;OFTALMOS SANTA MARIA-CENTRO OFTALMOLOGICO SRL;AGGLAD;3;MAR;220.35;4
Pharma - N1;OFTALMOS SANTA MARIA-CENTRO OFTALMOLOGICO SRL;ELIPTIC PF;3;MAR;135.87;4
Pharma - N1;OFTALMOS SANTA MARIA-CENTRO OFTALMOLOGICO SRL;LAGRICEL PF;3;MAR;143.9;3
Pharma - N1;OFTALMOS SANTA MARIA-CENTRO OFTALMOLOGICO SRL;TRAZIDEX U;3;MAR;154.29;3
Pharma - N1;OFTAMOLOGIA - CENTRO ESPECIALIZADO EN RETINA Y CATARATA S.R.L.;LAGRICEL PF;3;MAR;1499.65;24
Pharma - N1;OFTAMOLOGIA - CENTRO ESPECIALIZADO EN RETINA Y CATARATA S.R.L.;SOPHIPREN;3;MAR;1118.04;24
Pharma - N1;OFTAMOLOGIA - CENTRO ESPECIALIZADO EN RETINA Y CATARATA S.R.L.;ZEBESTEN;3;MAR;1178.1;24
Pharma - N1;OLIMPUS BUSINESS GROUP SOCIEDAD COMERCIAL DE RESPONSABILIDAD LIMITADA;GAAP;3;MAR;1925.66;20
Pharma - N1;SERVICIOS OFTALMOLOGICOS GENERALES EIRL;AQUADRAN;3;MAR;1166.4;24
Pharma - N1;SERVIMED PERU S.A.C.;AQUADRAN;3;MAR;648;12
Pharma - N1;SERVIMED PERU S.A.C.;GAAP;3;MAR;1925.66;20
Pharma - N1;SERVIMED PERU S.A.C.;GAAP PF;3;MAR;1857.19;20
Pharma - N1;SERVIMED PERU S.A.C.;LAGRICEL;3;MAR;844.39;15
Pharma - N1;SERVIMED PERU S.A.C.;LAGRICEL PF;3;MAR;5623.7;90
Pharma - N1;SERVIMED PERU S.A.C.;TRAZIDEX O;3;MAR;764.03;15
Pharma - N1;SERVIMED PERU S.A.C.;TRAZIDEX U;3;MAR;771.46;15
Pharma - N1;SERVIMEDICOS S.A.C.;GAAP;3;MAR;258.76;3
Pharma - N1;SERVIMEDICOS S.A.C.;TRAZIDEX O;3;MAR;225.54;6
Pharma - N1;URBINA SANTA MARIA MARCO ANTONIO;FLUMETOL NF;3;MAR;898.37;20
Pharma - N2;BIG PROYECTS S.A.C.;GAAP;3;MAR;192.57;2
Pharma - N2;BIG PROYECTS S.A.C.;LAGRICEL PF;3;MAR;795.28;14
Pharma - N2;BIG PROYECTS S.A.C.;SOPHIPREN;3;MAR;93.18;2
Pharma - N2;BIG PROYECTS S.A.C.;TRAZIDEX O;3;MAR;101.88;2
Pharma - N2;BIG PROYECTS S.A.C.;TRAZIDEX U;3;MAR;1182.9;23
Pharma - N2;CACEDA SANCHEZ ELVA ESTHER;ELAR-B;3;MAR;207;4
Pharma - N2;CACEDA SANCHEZ ELVA ESTHER;LAGRICEL PF;3;MAR;681.66;12
Pharma - N2;CACEDA SANCHEZ ELVA ESTHER;SOPHIPREN;3;MAR;232.93;5
Pharma - N2;CACEDA SANCHEZ ELVA ESTHER;TRAZIDEX U;3;MAR;617.17;12
Pharma - N2;CENTRO DE ESPECIALIDADES MêDICAS DEL NORTE NEOSALUD SOCIEDAD ANONIMA CERRADA;ELIPTIC PF;3;MAR;305.07;12
Pharma - N2;CENTRO DE ESPECIALIDADES MêDICAS DEL NORTE NEOSALUD SOCIEDAD ANONIMA CERRADA;FLUMETOL NF;3;MAR;539.02;12
Pharma - N2;CENTRO DE ESPECIALIDADES MêDICAS DEL NORTE NEOSALUD SOCIEDAD ANONIMA CERRADA;GAAP;3;MAR;525.18;6
Pharma - N2;CENTRO DE ESPECIALIDADES MêDICAS DEL NORTE NEOSALUD SOCIEDAD ANONIMA CERRADA;LAGRICEL;3;MAR;307.05;6
Pharma - N2;CENTRO DE ESPECIALIDADES MêDICAS DEL NORTE NEOSALUD SOCIEDAD ANONIMA CERRADA;LAGRICEL PF;3;MAR;681.66;12
Pharma - N2;CENTRO DE ESPECIALIDADES MêDICAS DEL NORTE NEOSALUD SOCIEDAD ANONIMA CERRADA;SOPHIPREN;3;MAR;228.69;6
Pharma - N2;CENTRO MEDICO OFTALMOLOGICO LASER S.R.L;AGGLAD;3;MAR;403.52;6
Pharma - N2;CENTRO MEDICO OFTALMOLOGICO LASER S.R.L;ELIPTIC PF;3;MAR;508.46;20
Pharma - N2;CENTRO MEDICO OFTALMOLOGICO LASER S.R.L;LAGRICEL;3;MAR;307.05;6
Pharma - N2;CENTRO MEDICO OFTALMOLOGICO LASER S.R.L;LAGRICEL PF;3;MAR;568.05;10
Pharma - N2;CHAUCA LOJAS CONSUELO ESTHER;AGGLAD;3;MAR;1008.81;15
Pharma - N2;CHAUCA LOJAS CONSUELO ESTHER;TRAZIDEX O;3;MAR;509.36;10
Pharma - N2;CLINICA DE OJOS LUZ Y VIDA S.A.C.;AGGLAD;3;MAR;134.51;2
Pharma - N2;CLINICA DE OJOS LUZ Y VIDA S.A.C.;AQUADRAN;3;MAR;1080;20
Pharma - N2;CLINICA DE OJOS LUZ Y VIDA S.A.C.;ELIPTIC PF;3;MAR;330.5;13
Pharma - N2;CLINICA DE OJOS LUZ Y VIDA S.A.C.;FLUMETOL NF;3;MAR;449.19;10
Pharma - N2;CLINICA DE OJOS LUZ Y VIDA S.A.C.;LAGRICEL PF;3;MAR;2556.23;45
Pharma - N2;CLINICA DE OJOS LUZ Y VIDA S.A.C.;TRAZIDEX O;3;MAR;666.8;16
Pharma - N2;CLINICA DE OJOS LUZ Y VIDA S.A.C.;TRAZIDEX U;3;MAR;420.8;10
Pharma - N2;CLINICA DE OJOS OFTALMOCENTER S.A.C.;AQUADRAN;3;MAR;583.2;12
Pharma - N2;CLINICA DE OJOS OFTALMOCENTER S.A.C.;FLUMETOL NF;3;MAR;449.19;10
Pharma - N2;CLINICA DE OJOS OFTALMOCENTER S.A.C.;LAGRICEL;3;MAR;3070.5;60
Pharma - N2;CLINICA DE OJOS OFTALMOCENTER S.A.C.;SOPHIPREN;3;MAR;1931.16;40
Pharma - N2;CLINICA PERUANO AMERICANA S.A.;GAAP PF;3;MAR;99.17;1
Pharma - N2;CLINICA PERUANO AMERICANA S.A.;LAGRICEL;3;MAR;1023.5;20
Pharma - N2;CLINICA SANCHEZ FERRER S A;ELIPTIC;3;MAR;507.36;20
Pharma - N2;CLINICA SANCHEZ FERRER S A;LAGRICEL PF;3;MAR;2908.42;80
Pharma - N2;CLINICA SANCHEZ FERRER S A;TRAZIDEX U;3;MAR;855.06;30
Pharma - N2;ETHIC FARMACIA SAC;LAGRICEL;3;MAR;71.65;1
Pharma - N2;ETHIC FARMACIA SAC;LAGRICEL PF;3;MAR;238.58;3
Pharma - N2;ETHIC FARMACIA SAC;TRAZIDEX O;3;MAR;129.65;2
Pharma - N2;FLORES JAUREGUI PEDRO;GAAP PF;3;MAR;1217.09;15
Pharma - N2;FLORES JAUREGUI PEDRO;LAGRICEL;3;MAR;1381.73;30
Pharma - N2;FLORES JAUREGUI PEDRO;TRAZIDEX U;3;MAR;617.17;12
Pharma - N2;GOOD VISION E.I.R.L.;LAGRICEL PF;3;MAR;572.59;12
Pharma - N2;IMO FARMA E.I.R.L.;ELIPTIC PF;3;MAR;305.07;12
Pharma - N2;IMO FARMA E.I.R.L.;ZEBESTEN;3;MAR;589.05;12
Pharma - N2;MEDICINA DE ESPECIALIDADES SRL;AGGLAD;3;MAR;807.05;12
Pharma - N2;MEDICINA DE ESPECIALIDADES SRL;ELIPTIC PF;3;MAR;406.81;12
Pharma - N2;MEDICINA DE ESPECIALIDADES SRL;FLUMETOL NF;3;MAR;539.02;12
Pharma - N2;MEDICINA DE ESPECIALIDADES SRL;ZEBESTEN;3;MAR;589.05;12
Pharma - N2;OFTALMOVISION S.A.C.;AGGLAD;3;MAR;0;0
Pharma - N2;OFTALMOVISION S.A.C.;AQUADRAN;3;MAR;1620;30
Pharma - N2;OFTALMOVISION S.A.C.;ELAR-B;3;MAR;1552.5;30
Pharma - N2;OFTALMOVISION S.A.C.;ELIPTIC PF;3;MAR;0;0
Pharma - N2;OFTALMOVISION S.A.C.;FLUMETOL NF;3;MAR;4246.84;100
Pharma - N2;OFTALMOVISION S.A.C.;GAAP;3;MAR;0;0
Pharma - N2;OFTALMOVISION S.A.C.;LAGRICEL;3;MAR;12109.13;150
Pharma - N2;OFTALMOVISION S.A.C.;LAGRICEL PF;3;MAR;6589.38;100
Pharma - N2;OFTALMOVISION S.A.C.;TRAZIDEX O;3;MAR;4167.46;100
Pharma - N2;OFTALMOVISION S.A.C.;TRAZIDEX U;3;MAR;4207.96;100
Pharma - N2;OFTALMOVISION S.A.C.;ZEBESTEN;3;MAR;0;0
Pharma - N2;OFTNORT B & S E.I.R.L.;AGGLAD;3;MAR;2017.62;30
Pharma - N2;OFTNORT B & S E.I.R.L.;FLUMETOL NF;3;MAR;816.7;20
Pharma - N2;OFTNORT B & S E.I.R.L.;LAGRICEL;3;MAR;2047;40
Pharma - N2;OFTNORT B & S E.I.R.L.;TRAZIDEX U;3;MAR;1028.61;20
Pharma - N2;POLICLINICO PEDIATRICO DEL NORTE E.I.R.L.;ELAR-B;3;MAR;2300;50
Pharma - N2;POLICLINICO PEDIATRICO DEL NORTE E.I.R.L.;FLUMETOL NF;3;MAR;2041.75;50
Pharma - N2;RAMIREZ QUITO,SILVIA JACKELINE;AGGLAD;3;MAR;336.27;5
Pharma - N2;RAMIREZ QUITO,SILVIA JACKELINE;GAAP;3;MAR;481.42;5
Pharma - N2;SERVICIOS DE SALUD LOS FRESNOS S.A.C.;FLUMETOL NF;3;MAR;980.04;20
Pharma - N2;SERVICIOS DE SALUD LOS FRESNOS S.A.C.;LAGRICEL;3;MAR;1023.5;20
Pharma - N2;VIMED-OFTALMOLOGIA ESPECIALIZADA S.A.C.;ELIPTIC;3;MAR;296.55;10
Pharma - N2;VIMED-OFTALMOLOGIA ESPECIALIZADA S.A.C.;FLUMETOL NF;3;MAR;449.19;10
Pharma - N2;VISION GROUP OFTALMOLOGOS S.A.C.;ELAR-B;3;MAR;776.25;15
Pharma - N2;VISION GROUP OFTALMOLOGOS S.A.C.;LAGRICEL PF;3;MAR;852.08;15
Pharma - N2;VISUALIZA JK EIRL;LAGRICEL PF;3;MAR;568.05;10
Pharma - N2;VISUALIZA JK EIRL;TRAZIDEX O;3;MAR;509.36;10
Pharma - N2;VISUALIZA JK EIRL;TRAZIDEX U;3;MAR;935.1;20
Pharma - S;CLINICA DE OJOS QHALI YAWI SOCIEDAD ANONIMA CERRADA;FLUMETOL NF;3;MAR;4083.5;100
Pharma - S;CLINICA DE OJOS QHALI YAWI SOCIEDAD ANONIMA CERRADA;SOPHIPREN;3;MAR;2117.5;50
Pharma - S;ALL VISION E.I.R.L.;AGGLAD;3;MAR;1100.52;20
Pharma - S;ALL VISION E.I.R.L.;ELIPTIC PF;3;MAR;679.33;20
Pharma - S;ALL VISION E.I.R.L.;FLUMETOL NF;3;MAR;2041.75;50
Pharma - S;ALL VISION E.I.R.L.;LAGRICEL PF;3;MAR;2385.81;50
Pharma - S;ASOCIACION CIVIL RELIGIOSA DIOSPI SUYANA;FLUMETOL NF;3;MAR;816.7;20
Pharma - S;ASOCIACION PARA LA PREVENCION DE LA CEGUERA - ASPRECE CUSCO;AQUADRAN;3;MAR;540;10
Pharma - S;ASOCIACION PRO ESPIRITU SANTO;AGGLAD;3;MAR;1100.52;20
Pharma - S;CENTRO OFTALMOLOGICO MONS.ENRIQUE PELACH OBISPADO DE ABANCAY;FLUMETOL NF;3;MAR;1225.05;30
Pharma - S;CENTRO OFTALMOLOGICO PROVISION S.A.C.;TRAZIDEX U;3;MAR;504.95;12
Pharma - S;CEPRECE CUSCO;AGGLAD;3;MAR;2751.3;50
Pharma - S;CEPRECE CUSCO;ELIPTIC PF;3;MAR;1502.36;50
Pharma - S;CEPRECE CUSCO;FLUMETOL NF;3;MAR;1225.05;30
Pharma - S;CEPRECE CUSCO;TRAZIDEX U;3;MAR;1262.39;30
Pharma - S;CHURA MAQUERA GIAN FRANCO;AQUADRAN;3;MAR;1522.8;30
Pharma - S;CHURA MAQUERA GIAN FRANCO;FLUMETOL NF;3;MAR;816.7;20
Pharma - S;CHURA MAQUERA GIAN FRANCO;TRAZIDEX U;3;MAR;841.59;20
Pharma - S;CLINICA AREQUIPA SA;AGGLAD;3;MAR;825.39;15
Pharma - S;CLINICA AREQUIPA SA;DUSTALOX;3;MAR;45.12;1
Pharma - S;CLINICA AREQUIPA SA;ELAR-B;3;MAR;828;12
Pharma - S;CLINICA AREQUIPA SA;ELIPTIC PF;3;MAR;509.5;15
Pharma - S;CLINICA AREQUIPA SA;GAAP;3;MAR;787.77;10
Pharma - S;CLINICA AREQUIPA SA;GAAP PF;3;MAR;937.62;10
Pharma - S;CLINICA AREQUIPA SA;LAGRICEL;3;MAR;1279.38;25
Pharma - S;CLINICA AREQUIPA SA;LAGRICEL PF;3;MAR;6816.6;100
Pharma - S;CLINICA AREQUIPA SA;TRAZIDEX O;3;MAR;2500.47;60
Pharma - S;CLINICA AREQUIPA SA;TRAZIDEX U;3;MAR;841.59;20
Pharma - S;CLINICA CERRO COLORADO S.A.C.;FLUMETOL NF;3;MAR;849.2;30
Pharma - S;CLINICA CERRO COLORADO S.A.C.;LAGRICEL;3;MAR;1010.19;30
Pharma - S;CLINICA LA LUZ TACNA S.A.C.;ELIPTIC PF;3;MAR;261.28;5
Pharma - S;CLINICA LA LUZ TACNA S.A.C.;GAAP PF;3;MAR;468.81;5
Pharma - S;CLINICA LA LUZ TACNA S.A.C.;LAGRICEL PF;3;MAR;1363.32;20
Pharma - S;CLINICA LA LUZ TACNA S.A.C.;SOPHIPREN;3;MAR;847;20
Pharma - S;CLINICA LA LUZ TACNA S.A.C.;TRAZIDEX O;3;MAR;416.75;10
Pharma - S;CLINICA LA LUZ TACNA S.A.C.;TRAZIDEX U;3;MAR;841.59;20
Pharma - S;CLINICA VALLESUR S.A.;AGGLAD;3;MAR;178.54;3
Pharma - S;CLINICA VALLESUR S.A.;FLUMETOL NF;3;MAR;5427.66;115
Pharma - S;CLINICA VALLESUR S.A.;GAAP;3;MAR;1035.02;12
Pharma - S;CLINICA VALLESUR S.A.;LAGRICEL;3;MAR;4140.36;70
Pharma - S;CLINICA VALLESUR S.A.;LAGRICEL PF;3;MAR;5653.35;95
Pharma - S;CLINICA VALLESUR S.A.;TRAZIDEX O;3;MAR;375.9;10
Pharma - S;CLINICA VALLESUR S.A.;TRAZIDEX U;3;MAR;2701.97;50
Pharma - S;CONSORCIO MEDICO ANVAMA S.R.L.;AGGLAD;3;MAR;550.26;10
Pharma - S;CONSORCIO MEDICO ANVAMA S.R.L.;ELIPTIC PF;3;MAR;339.66;10
Pharma - S;CONSORCIO MEDICO ANVAMA S.R.L.;FLUMETOL NF;3;MAR;816.7;20
Pharma - S;CONSORCIO MEDICO ANVAMA S.R.L.;GAAP;3;MAR;875.3;10
Pharma - S;CONSORCIO MEDICO ANVAMA S.R.L.;GAAP PF;3;MAR;1081.86;20
Pharma - S;CONSORCIO MEDICO ANVAMA S.R.L.;LAGRICEL;3;MAR;511.75;10
Pharma - S;CONSORCIO MEDICO ANVAMA S.R.L.;LAGRICEL PF;3;MAR;954.32;20
Pharma - S;CONSORCIO MEDICO ANVAMA S.R.L.;SOPHIPREN;3;MAR;465.85;10
Pharma - S;CONSORCIO MEDICO ANVAMA S.R.L.;TRAZIDEX O;3;MAR;463.05;10
Pharma - S;CONSORCIO MEDICO ANVAMA S.R.L.;TRAZIDEX U;3;MAR;467.55;10
Pharma - S;CONSORCIO MEDICO ANVAMA S.R.L.;ZEBESTEN;3;MAR;490.88;10
Pharma - S;LA FUENTE CENTRO DE SALUD INTEGRAL - LA FUENTE;AGGLAD;3;MAR;1100.52;20
Pharma - S;LA FUENTE CENTRO DE SALUD INTEGRAL - LA FUENTE;TRAZIDEX O;3;MAR;833.49;20
Pharma - S;MOSEH VISION S.A.C.;AGGLAD;3;MAR;550.26;10
Pharma - S;OFTALMOLOGIA DEL SUR SOCIEDAD COMERCIAL DE RESPONSABILIDAD LIMITADA;SOPHIPREN;3;MAR;423.5;10
Pharma - S;OFTALMOSALUD AREQUIPA SAC;AGGLAD;3;MAR;2201.04;40
Pharma - S;OFTALMOSALUD AREQUIPA SAC;ELIPTIC PF;3;MAR;1045.12;40
Pharma - S;OFTALMOSALUD AREQUIPA SAC;FLUMETOL NF;3;MAR;3136.13;80
Pharma - S;OFTALMOSALUD AREQUIPA SAC;GAAP PF;3;MAR;576.99;8
Pharma - S;OFTALMOSALUD AREQUIPA SAC;LAGRICEL;3;MAR;3684.6;80
Pharma - S;OFTALMOSALUD AREQUIPA SAC;LAGRICEL PF;3;MAR;4089.96;80
Pharma - S;OFTALMOSALUD AREQUIPA SAC;SOPHIPREN;3;MAR;762.3;20
Pharma - S;OFTALMOSALUD AREQUIPA SAC;TRAZIDEX O;3;MAR;1481.76;40
Pharma - S;OFTALMOSALUD AREQUIPA SAC;TRAZIDEX U;3;MAR;748.08;20
Pharma - S;OPTILASER E.I.R.L.;ELIPTIC PF;3;MAR;1698.32;50
Pharma - S;OPTILASER E.I.R.L.;LAGRICEL PF;3;MAR;2385.81;50
Pharma - S;OPTILASER E.I.R.L.;ZEBESTEN;3;MAR;2454.38;50
Pharma - S;PROVIDENCIA E.I.R.L;AGGLAD;3;MAR;330.16;6
Pharma - S;PROVIDENCIA E.I.R.L;AQUADRAN;3;MAR;162;3
Pharma - S;PROVIDENCIA E.I.R.L;ELIPTIC PF;3;MAR;203.8;6
Pharma - S;PROVIDENCIA E.I.R.L;FLUMETOL NF;3;MAR;134.76;3
Pharma - S;PROVIDENCIA E.I.R.L;GAAP PF;3;MAR;1081.86;20
Pharma - S;PROVIDENCIA E.I.R.L;LAGRICEL;3;MAR;102.35;2
Pharma - S;PROVIDENCIA E.I.R.L;TRAZIDEX U;3;MAR;561.06;12
Pharma - S;RETINA LASER EMPRESA INDIVIDUAL DE RESPONSABILIDAD LIMITADA;FLUMETOL NF;3;MAR;980.04;24
Pharma - S;RETINA LASER EMPRESA INDIVIDUAL DE RESPONSABILIDAD LIMITADA;LAGRICEL PF;3;MAR;954.32;20
Pharma - S;RETINA LASER EMPRESA INDIVIDUAL DE RESPONSABILIDAD LIMITADA;SOPHIPREN;3;MAR;1016.4;24
Pharma - S;RODRIGUEZ GRANADA HANSEL MIGUEL;AGGLAD;3;MAR;550.26;10
Pharma - S;RODRIGUEZ GRANADA HANSEL MIGUEL;FLUMETOL NF;3;MAR;408.35;10
Pharma - S;RODRIGUEZ GRANADA HANSEL MIGUEL;GAAP;3;MAR;787.77;10
Pharma - S;RODRIGUEZ GRANADA HANSEL MIGUEL;SOPHIPREN;3;MAR;508.2;12
Pharma - S;RODRIGUEZ GRANADA HANSEL MIGUEL;TRAZIDEX U;3;MAR;420.8;10
Pharma - S;SOUTHERN PERU COPPER CORPORATION, SUCURSAL DEL PERÈ;AQUADRAN;3;MAR;1080;20
Pharma - S;SOUTHERN PERU COPPER CORPORATION, SUCURSAL DEL PERÈ;ELIPTIC PF;3;MAR;457.24;10
Pharma - S;SOUTHERN PERU COPPER CORPORATION, SUCURSAL DEL PERÈ;FLUMETOL NF;3;MAR;1102.55;30
Pharma - S;SOUTHERN PERU COPPER CORPORATION, SUCURSAL DEL PERÈ;GAAP PF;3;MAR;5048.68;70
Pharma - S;SOUTHERN PERU COPPER CORPORATION, SUCURSAL DEL PERÈ;LAGRICEL;3;MAR;30707.05;700
Pharma - S;SOUTHERN PERU COPPER CORPORATION, SUCURSAL DEL PERÈ;TRAZIDEX U;3;MAR;736.67;20
Pharma - S;VISION CUSCO OFTALMOLOGIA SOCIEDAD ANONIMA CERRADA;AQUADRAN;3;MAR;540;10
Pharma - S;VISION CUSCO OFTALMOLOGIA SOCIEDAD ANONIMA CERRADA;GAAP PF;3;MAR;1081.86;20
Pharma - S;VISION CUSCO OFTALMOLOGIA SOCIEDAD ANONIMA CERRADA;LAGRICEL PF;3;MAR;1431.49;30
Pharma - Z1;A & E SERVICIOS MEDICOS S.A.C.;ELIPTIC PF;3;MAR;360.57;12
Pharma - Z1;A & E SERVICIOS MEDICOS S.A.C.;LAGRICEL PF;3;MAR;681.66;12
Pharma - Z1;A & E SERVICIOS MEDICOS S.A.C.;SOPHIPREN;3;MAR;508.2;12
Pharma - Z1;ADMINISTRADORA CLINICA RICARDO PALMA S.A.;AGGLAD;3;MAR;7192.63;210
Pharma - Z1;ADMINISTRADORA CLINICA RICARDO PALMA S.A.;ELIPTIC;3;MAR;6100.99;370
Pharma - Z1;ADMINISTRADORA CLINICA RICARDO PALMA S.A.;FLUMETOL NF;3;MAR;6389.86;160
Pharma - Z1;ADMINISTRADORA CLINICA RICARDO PALMA S.A.;LAGRICEL;3;MAR;10243.19;450
Pharma - Z1;ADMINISTRADORA CLINICA RICARDO PALMA S.A.;SOPHIPREN;3;MAR;3853.85;130
Pharma - Z1;ADMINISTRADORA CLINICA RICARDO PALMA S.A.;TRAZIDEX U;3;MAR;11974.15;360
Pharma - Z1;APM SERVICES S.A.C;FLUMETOL NF;3;MAR;4083.5;100
Pharma - Z1;ARBRAYSS LASER S.R.L;ELIPTIC PF;3;MAR;2090.24;40
Pharma - Z1;ARBRAYSS LASER S.R.L;FLUMETOL NF;3;MAR;735.03;20
Pharma - Z1;ARBRAYSS LASER S.R.L;GAAP PF;3;MAR;3155.43;35
Pharma - Z1;ARBRAYSS LASER S.R.L;LAGRICEL;3;MAR;460.58;10
Pharma - Z1;ARBRAYSS LASER S.R.L;LAGRICEL PF;3;MAR;4544.4;80
Pharma - Z1;ARBRAYSS LASER S.R.L;TRAZIDEX O;3;MAR;625.12;15
Pharma - Z1;ARBRAYSS LASER S.R.L;TRAZIDEX U;3;MAR;841.59;20
Pharma - Z1;ARBRAYSS LASER S.R.L;ZEBESTEN;3;MAR;490.88;10
Pharma - Z1;ASOCIACION CIVIL DIVINO NIYO JESUS;AGGLAD;3;MAR;1980.94;36
Pharma - Z1;ASOCIACION CIVIL DIVINO NIYO JESUS;DUSTALOX;3;MAR;1082.93;24
Pharma - Z1;ASOCIACION CIVIL DIVINO NIYO JESUS;ELIPTIC PF;3;MAR;1003.32;24
Pharma - Z1;ASOCIACION CIVIL DIVINO NIYO JESUS;FLUMETOL NF;3;MAR;1960.08;48
Pharma - Z1;ASOCIACION CIVIL DIVINO NIYO JESUS;GAAP PF;3;MAR;1947.35;24
Pharma - Z1;ASOCIACION CIVIL DIVINO NIYO JESUS;LAGRICEL PF;3;MAR;4294.46;84
Pharma - Z1;ASOCIACION CIVIL DIVINO NIYO JESUS;LANDAX;3;MAR;1006.78;24
Pharma - Z1;ASOCIACION CIVIL DIVINO NIYO JESUS;SOPHIPREN;3;MAR;508.2;12
Pharma - Z1;ASOCIACION CIVIL DIVINO NIYO JESUS;TRAZIDEX O;3;MAR;1500.28;36
Pharma - Z1;ASOCIACION CIVIL DIVINO NIYO JESUS;TRAZIDEX U;3;MAR;1514.86;36
Pharma - Z1;ASOCIACION CIVIL DIVINO NIYO JESUS;ZEBESTEN;3;MAR;589.05;12
Pharma - Z1;BRITISH AMERICAN HOSPITAL S.A.;AGGLAD;3;MAR;917.1;15
Pharma - Z1;BRITISH AMERICAN HOSPITAL S.A.;AQUADRAN;3;MAR;270;5
Pharma - Z1;BRITISH AMERICAN HOSPITAL S.A.;ELIPTIC PF;3;MAR;1410.91;27
Pharma - Z1;BRITISH AMERICAN HOSPITAL S.A.;GAAP PF;3;MAR;1172.02;13
Pharma - Z1;BRITISH AMERICAN HOSPITAL S.A.;TRAZIDEX O;3;MAR;1805.9;30
Pharma - Z1;BUENA VISTA Y SALUD E.I.R.L.;AGGLAD;3;MAR;275.13;5
Pharma - Z1;BUENA VISTA Y SALUD E.I.R.L.;AQUADRAN;3;MAR;540;10
Pharma - Z1;BUENA VISTA Y SALUD E.I.R.L.;ELIPTIC PF;3;MAR;195.96;5
Pharma - Z1;BUENA VISTA Y SALUD E.I.R.L.;LAGRICEL PF;3;MAR;238.58;5
Pharma - Z1;BUENA VISTA Y SALUD E.I.R.L.;SOPHIPREN;3;MAR;275.28;5
Pharma - Z1;BUENA VISTA Y SALUD E.I.R.L.;TRAZIDEX O;3;MAR;463.05;10
Pharma - Z1;CENTRO DE CATARATA Y LASER E.I.R.L.;AQUADRAN;3;MAR;972;20
Pharma - Z1;CENTRO DE CATARATA Y LASER E.I.R.L.;ELIPTIC;3;MAR;380.52;15
Pharma - Z1;CENTRO DE CATARATA Y LASER E.I.R.L.;GAAP;3;MAR;2660.91;40
Pharma - Z1;CENTRO DE CATARATA Y LASER E.I.R.L.;LAGRICEL;3;MAR;5629.25;110
Pharma - Z1;CENTRO DE CATARATA Y LASER E.I.R.L.;LAGRICEL PF;3;MAR;6680.27;140
Pharma - Z1;CENTRO DE CATARATA Y LASER E.I.R.L.;TRAZIDEX O;3;MAR;4862.03;150
Pharma - Z1;CENTRO DE CATARATA Y LASER E.I.R.L.;TRAZIDEX U;3;MAR;420.8;10
Pharma - Z1;CENTRO OPTICO OPTIMA VISION EIRL;AQUADRAN;3;MAR;324;6
Pharma - Z1;CENTRO OPTICO OPTIMA VISION EIRL;ELIPTIC PF;3;MAR;195.96;5
Pharma - Z1;CENTROS MEDICOS DEL PERU S.A.;FLUMETOL NF;3;MAR;269.51;6
Pharma - Z1;CIRUGIA DE RETINA Y MACULA DRA. PATRICIA LIRA E.I.R.L.;AGGLAD;3;MAR;1375.65;25
Pharma - Z1;CIRUGIA DE RETINA Y MACULA DRA. PATRICIA LIRA E.I.R.L.;ELIPTIC PF;3;MAR;979.8;25
Pharma - Z1;CIRUGIA DE RETINA Y MACULA DRA. PATRICIA LIRA E.I.R.L.;LANDAX;3;MAR;885.59;25
Pharma - Z1;CIRUGIA DE RETINA Y MACULA DRA. PATRICIA LIRA E.I.R.L.;SOPHIPREN;3;MAR;889.35;25
Pharma - Z1;CIRUGIA DE RETINA Y MACULA DRA. PATRICIA LIRA E.I.R.L.;ZEBESTEN;3;MAR;2365.13;50
Pharma - Z1;CLINICA CORAZON DE JESUS SAC.;AGGLAD;3;MAR;183.42;3
Pharma - Z1;CLINICA CORAZON DE JESUS SAC.;ELIPTIC PF;3;MAR;32.66;1
Pharma - Z1;CLINICA JAVIER PRADO S A;FLUMETOL NF;3;MAR;449.19;10
Pharma - Z1;CLINICA OFTALMOLOGICA ESPECIALIZADA LUMINUS S.R.L.;ELAR-B;3;MAR;310.5;6
Pharma - Z1;CLINICA OFTALMOLOGICA ESPECIALIZADA LUMINUS S.R.L.;FLUMETOL NF;3;MAR;2654.28;65
Pharma - Z1;CLINICA OFTALMOLOGICA ESPECIALIZADA LUMINUS S.R.L.;LAGRICEL PF;3;MAR;2958.4;62
Pharma - Z1;CLINICA OFTALMOLOGICA ESPECIALIZADA LUMINUS S.R.L.;LANDAX;3;MAR;1048.73;25
Pharma - Z1;CLINICA OFTALMOLOGICA ESPECIALIZADA LUMINUS S.R.L.;TRAZIDEX U;3;MAR;2608.93;62
Pharma - Z1;CLINICA SAN PABLO S.A.C.;AQUADRAN;3;MAR;108;2
Pharma - Z1;CLINICA SAN PABLO S.A.C.;GAAP;3;MAR;134.66;2
Pharma - Z1;CLINICA SAN PABLO S.A.C.;LAGRICEL;3;MAR;538.78;16
Pharma - Z1;CONGREGACION HIJAS DE SAN CAMILO;SOPHIPREN;3;MAR;952.88;25
Pharma - Z1;CONGREGACION HIJAS DE SAN CAMILO;TRAZIDEX O;3;MAR;796.45;20
Pharma - Z1;CONGREGACION HIJAS DE SAN CAMILO;TRAZIDEX U;3;MAR;804.19;20
Pharma - Z1;CORPORACION PHARMA FABIAN S.A.C.;FLUMETOL NF;3;MAR;265.43;5
Pharma - Z1;CORPORACION PHARMA FABIAN S.A.C.;GAAP;3;MAR;113.79;1
Pharma - Z1;CORPORACION PHARMA FABIAN S.A.C.;LAGRICEL PF;3;MAR;147.69;2
Pharma - Z1;CORPORACION PHARMA FABIAN S.A.C.;SOPHIPREN;3;MAR;110.11;2
Pharma - Z1;CORPORACION PHARMA FABIAN S.A.C.;TRAZIDEX O;3;MAR;120.39;2
Pharma - Z1;CORPORACION PHARMA FABIAN S.A.C.;TRAZIDEX U;3;MAR;60.78;1
Pharma - Z1;DROGUERIA ANGLOAMERICANA S.A.C.;AGGLAD;3;MAR;1528.5;25
Pharma - Z1;DROGUERIA ANGLOAMERICANA S.A.C.;FLUMETOL NF;3;MAR;784.03;16
Pharma - Z1;DROGUERIA ANGLOAMERICANA S.A.C.;GAAP;3;MAR;2730.93;26
Pharma - Z1;DROGUERIA ANGLOAMERICANA S.A.C.;LAGRICEL;3;MAR;2210.76;36
Pharma - Z1;DROGUERIA ANGLOAMERICANA S.A.C.;TRAZIDEX O;3;MAR;4213.76;70
Pharma - Z1;ESPECIALIDADES MEDICAS UNIVERSAL S.A.;AGGLAD;3;MAR;244.56;4
Pharma - Z1;ESPECIALIDADES MEDICAS UNIVERSAL S.A.;GAAP PF;3;MAR;901.55;10
Pharma - Z1;ESPECIALIDADES MEDICAS UNIVERSAL S.A.;LAGRICEL;3;MAR;562.93;10
Pharma - Z1;ESPECIALIDADES MEDICAS UNIVERSAL S.A.;LAGRICEL PF;3;MAR;397.64;7
Pharma - Z1;ESPECIALIDADES MEDICAS UNIVERSAL S.A.;TRAZIDEX U;3;MAR;1168.88;25
Pharma - Z1;EXILASER S.A.C.;TRAZIDEX O;3;MAR;926.1;20
Pharma - Z1;FARMA SOLUTIONS E.I.R.L.;AQUADRAN;3;MAR;432;8
Pharma - Z1;FARMA SOLUTIONS E.I.R.L.;DUSTALOX;3;MAR;451.22;10
Pharma - Z1;FARMA SOLUTIONS E.I.R.L.;LAGRICEL PF;3;MAR;624.86;10
Pharma - Z1;FARMA SOLUTIONS E.I.R.L.;LANDAX;3;MAR;699.15;15
Pharma - Z1;FARMA SOLUTIONS E.I.R.L.;TRAZIDEX O;3;MAR;1250.24;30
Pharma - Z1;FARMA SOLUTIONS E.I.R.L.;TRAZIDEX U;3;MAR;420.8;10
Pharma - Z1;HC MEDICAL GROUP S.A.C.;TRAZIDEX O;3;MAR;416.75;10
Pharma - Z1;INSTITUTO DE OJOS PRIMAVERA S.R.L.;ELIPTIC PF;3;MAR;156.77;3
Pharma - Z1;INSTITUTO DE OJOS PRIMAVERA S.R.L.;FLUMETOL NF;3;MAR;245.01;6
Pharma - Z1;INSTITUTO DE OJOS PRIMAVERA S.R.L.;TRAZIDEX U;3;MAR;252.48;6
Pharma - Z1;INSTITUTO OFTALMOSALUD SOCIEDAD ANONIMA CERRADA;AQUADRAN;3;MAR;5400;100
Pharma - Z1;INSTITUTO OFTALMOSALUD SOCIEDAD ANONIMA CERRADA;FLUMETOL NF;3;MAR;10617.1;260
Pharma - Z1;INSTITUTOS OFTALMOLOGICOS ESPECIALIZADOS DR.CARLOS WONG CAM S.A.C;AGGLAD;3;MAR;1100.52;20
Pharma - Z1;INSTITUTOS OFTALMOLOGICOS ESPECIALIZADOS DR.CARLOS WONG CAM S.A.C;AQUADRAN;3;MAR;1620;30
Pharma - Z1;INSTITUTOS OFTALMOLOGICOS ESPECIALIZADOS DR.CARLOS WONG CAM S.A.C;DUSTALOX;3;MAR;1353.66;30
Pharma - Z1;INSTITUTOS OFTALMOLOGICOS ESPECIALIZADOS DR.CARLOS WONG CAM S.A.C;ELIPTIC;3;MAR;1997.73;63
Pharma - Z1;INSTITUTOS OFTALMOLOGICOS ESPECIALIZADOS DR.CARLOS WONG CAM S.A.C;FLUMETOL NF;3;MAR;898.37;20
Pharma - Z1;INSTITUTOS OFTALMOLOGICOS ESPECIALIZADOS DR.CARLOS WONG CAM S.A.C;GAAP;3;MAR;11072.55;115
Pharma - Z1;INSTITUTOS OFTALMOLOGICOS ESPECIALIZADOS DR.CARLOS WONG CAM S.A.C;LAGRICEL;3;MAR;2128.88;40
Pharma - Z1;INSTITUTOS OFTALMOLOGICOS ESPECIALIZADOS DR.CARLOS WONG CAM S.A.C;LAGRICEL PF;3;MAR;3658.24;70
Pharma - Z1;INSTITUTOS OFTALMOLOGICOS ESPECIALIZADOS DR.CARLOS WONG CAM S.A.C;SOPHIPREN;3;MAR;2795.11;60
Pharma - Z1;INSTITUTOS OFTALMOLOGICOS ESPECIALIZADOS DR.CARLOS WONG CAM S.A.C;TRAZIDEX O;3;MAR;2778.3;60
Pharma - Z1;INSTITUTOS OFTALMOLOGICOS ESPECIALIZADOS DR.CARLOS WONG CAM S.A.C;TRAZIDEX U;3;MAR;2805.3;60
Pharma - Z1;INSTITUTOS OFTALMOLOGICOS ESPECIALIZADOS DR.CARLOS WONG CAM S.A.C;ZEBESTEN;3;MAR;1472.63;30
Pharma - Z1;LA ESPERANZA DEL PERU S A;AGGLAD;3;MAR;465.89;12
Pharma - Z1;LA ESPERANZA DEL PERU S A;ELIPTIC PF;3;MAR;287.41;11
Pharma - Z1;LA ESPERANZA DEL PERU S A;FLUMETOL NF;3;MAR;886.94;30
Pharma - Z1;LA ESPERANZA DEL PERU S A;GAAP PF;3;MAR;1534.44;37
Pharma - Z1;LA ESPERANZA DEL PERU S A;LAGRICEL;3;MAR;9593.27;281
Pharma - Z1;LA ESPERANZA DEL PERU S A;TRAZIDEX U;3;MAR;684.04;24
Pharma - Z1;MACULA D & T S.R.L.;AGGLAD;3;MAR;407.19;9
Pharma - Z1;MACULA D & T S.R.L.;AQUADRAN;3;MAR;1620;30
Pharma - Z1;MACULA D & T S.R.L.;ELIPTIC;3;MAR;616.44;18
Pharma - Z1;MACULA D & T S.R.L.;FLUMETOL NF;3;MAR;1470.06;30
Pharma - Z1;MACULA D & T S.R.L.;GAAP;3;MAR;1102.88;14
Pharma - Z1;MACULA D & T S.R.L.;GAAP PF;3;MAR;1081.87;12
Pharma - Z1;MACULA D & T S.R.L.;LAGRICEL;3;MAR;1125.85;20
Pharma - Z1;MACULA D & T S.R.L.;LAGRICEL PF;3;MAR;5311.28;85
Pharma - Z1;MACULA D & T S.R.L.;TRAZIDEX O;3;MAR;1088.17;25
Pharma - Z1;MACULA D & T S.R.L.;TRAZIDEX U;3;MAR;1098.75;25
Pharma - Z1;MACULA D & T S.R.L.;ZEBESTEN;3;MAR;736.32;15
Pharma - Z1;MEDICINA EXTERNA S A MEDEX;AGGLAD;3;MAR;953.78;12
Pharma - Z1;MEDICINA EXTERNA S A MEDEX;GAAP;3;MAR;210.07;2
Pharma - Z1;MEDICINA EXTERNA S A MEDEX;LAGRICEL;3;MAR;204.7;4
Pharma - Z1;MEDICINA EXTERNA S A MEDEX;TRAZIDEX O;3;MAR;277.83;6
Pharma - Z1;OBISPADO DE CHOSICA;ELAR-B;3;MAR;690;15
Pharma - Z1;OBISPADO DE CHOSICA;LAGRICEL PF;3;MAR;2385.81;50
Pharma - Z1;OBISPADO DE CHOSICA;TRAZIDEX U;3;MAR;504.95;12
Pharma - Z1;OFTALMEDICA SUR S.A.C.;AGGLAD;3;MAR;1430.68;26
Pharma - Z1;OFTALMEDICA SUR S.A.C.;ELIPTIC;3;MAR;583.46;23
Pharma - Z1;OFTALMEDICA SUR S.A.C.;FLUMETOL NF;3;MAR;514.52;14
Pharma - Z1;OFTALMEDICA SUR S.A.C.;GAAP;3;MAR;2442.1;31
Pharma - Z1;OFTALMEDICA SUR S.A.C.;GAAP PF;3;MAR;180.31;2
Pharma - Z1;OFTALMEDICA SUR S.A.C.;SOPHIPREN;3;MAR;190.58;5
Pharma - Z1;OFTALMEDICA SUR S.A.C.;TRAZIDEX O;3;MAR;2292.11;55
Pharma - Z1;OFTALMEDICA SUR S.A.C.;TRAZIDEX U;3;MAR;462.88;11
Pharma - Z1;OFTALMIC SERVICE SAC;AQUADRAN;3;MAR;378;7
Pharma - Z1;OFTALMIC SERVICE SAC;FLUMETOL NF;3;MAR;1429.23;35
Pharma - Z1;OFTALMIC SERVICE SAC;LAGRICEL PF;3;MAR;2385.81;50
Pharma - Z1;OFTALMICA S.A.C.;AGGLAD;3;MAR;342.38;7
Pharma - Z1;OFTALMICA S.A.C.;AQUADRAN;3;MAR;1620;30
Pharma - Z1;OFTALMICA S.A.C.;FLUMETOL NF;3;MAR;2017.25;65
Pharma - Z1;OFTALMICA S.A.C.;GAAP PF;3;MAR;3245.58;45
Pharma - Z1;OFTALMICA S.A.C.;LAGRICEL;3;MAR;2865.8;70
Pharma - Z1;OFTALMICA S.A.C.;LAGRICEL PF;3;MAR;3067.47;60
Pharma - Z1;OFTALMICA S.A.C.;TRAZIDEX O;3;MAR;2222.64;60
Pharma - Z1;OFTALMICA S.A.C.;TRAZIDEX U;3;MAR;2152.09;67
Pharma - Z1;OFTALMO VISSUM SOCIEDAD ANONIMA CERRADA;AQUADRAN;3;MAR;1944;40
Pharma - Z1;OFTALMO VISSUM SOCIEDAD ANONIMA CERRADA;FLUMETOL NF;3;MAR;898.37;20
Pharma - Z1;OFTALMO VISSUM SOCIEDAD ANONIMA CERRADA;LAGRICEL PF;3;MAR;7157.43;150
Pharma - Z1;OFTALMO VISSUM SOCIEDAD ANONIMA CERRADA;TRAZIDEX U;3;MAR;210.4;5
Pharma - Z1;OFTALMOLOGIA S & S E.I.R.L.;FLUMETOL NF;3;MAR;204.18;5
Pharma - Z1;OFTALMOLOGIA S & S E.I.R.L.;LAGRICEL;3;MAR;511.75;10
Pharma - Z1;OFTALMORETINA S.A.C.;AGGLAD;3;MAR;330.16;6
Pharma - Z1;OFTALMORETINA S.A.C.;ELIPTIC PF;3;MAR;156.77;6
Pharma - Z1;OFTALMOS SAC;LAGRICEL PF;3;MAR;908.88;20
Pharma - Z1;ONCOCENTER PERU S.A.C.;FLUMETOL NF;3;MAR;1699.09;36
Pharma - Z1;ONCOCENTER PERU S.A.C.;SOPHIPREN;3;MAR;1140.48;25
Pharma - Z1;OPTICAS STEREOPSIS S.R.L.;AQUADRAN;3;MAR;540;10
Pharma - Z1;OPTICAS STEREOPSIS S.R.L.;FLUMETOL NF;3;MAR;408.35;10
Pharma - Z1;OPTICAS STEREOPSIS S.R.L.;LANDAX;3;MAR;233.05;5
Pharma - Z1;OPTICASUNO S.A.C.;ELIPTIC PF;3;MAR;-125.41;-3
Pharma - Z1;OPTICASUNO S.A.C.;FLUMETOL NF;3;MAR;9800.4;240
Pharma - Z1;OPTICASUNO S.A.C.;GAAP PF;3;MAR;450.78;5
Pharma - Z1;OPTICASUNO S.A.C.;LAGRICEL;3;MAR;14329;280
Pharma - Z1;OPTICASUNO S.A.C.;LANDAX;3;MAR;5499.98;200
Pharma - Z1;OPTICASUNO S.A.C.;SOPHIPREN;3;MAR;1694;40
Pharma - Z1;OPTICASUNO S.A.C.;TRAZIDEX O;3;MAR;1852.2;40
Pharma - Z1;OPTICASUNO S.A.C.;TRAZIDEX U;3;MAR;467.55;10
Pharma - Z1;PROMOTORA ASISTENCIAL S.A.C CLINICA LIMATAMBO - PROMOSA SAC CLINICA LIMATAMBO;FLUMETOL NF;3;MAR;183.75;5
Pharma - Z1;PROMOTORA ASISTENCIAL S.A.C CLINICA LIMATAMBO - PROMOSA SAC CLINICA LIMATAMBO;GAAP;3;MAR;472.66;6
Pharma - Z1;PROMOTORA ASISTENCIAL S.A.C CLINICA LIMATAMBO - PROMOSA SAC CLINICA LIMATAMBO;LAGRICEL;3;MAR;552.7;12
Pharma - Z1;PROVISION 2000 S.A.C.;AGGLAD;3;MAR;1467.36;24
Pharma - Z1;PROVISION 2000 S.A.C.;AQUADRAN;3;MAR;1944;36
Pharma - Z1;PROVISION 2000 S.A.C.;FLUMETOL NF;3;MAR;269.51;6
Pharma - Z1;PROVISION 2000 S.A.C.;GAAP;3;MAR;4201.44;48
Pharma - Z1;PROVISION 2000 S.A.C.;LAGRICEL;3;MAR;1279.38;25
Pharma - Z1;PROVISION 2000 S.A.C.;TRAZIDEX O;3;MAR;500.09;12
Pharma - Z1;QUALITY VISION SOCIEDAD ANONIMA CERRADA;AGGLAD;3;MAR;660.31;12
Pharma - Z1;QUALITY VISION SOCIEDAD ANONIMA CERRADA;ELIPTIC PF;3;MAR;344.89;12
Pharma - Z1;QUALITY VISION SOCIEDAD ANONIMA CERRADA;FLUMETOL NF;3;MAR;539.02;12
Pharma - Z1;QUALITY VISION SOCIEDAD ANONIMA CERRADA;GAAP PF;3;MAR;649.12;12
Pharma - Z1;QUALITY VISION SOCIEDAD ANONIMA CERRADA;LAGRICEL PF;3;MAR;681.66;12
Pharma - Z1;QUALITY VISION SOCIEDAD ANONIMA CERRADA;LANDAX;3;MAR;559.32;12
Pharma - Z1;QUALITY VISION SOCIEDAD ANONIMA CERRADA;TRAZIDEX O;3;MAR;1000.19;24
Pharma - Z1;QUALITY VISION SOCIEDAD ANONIMA CERRADA;TRAZIDEX U;3;MAR;1009.91;24
Pharma - Z1;REYES TRUJILLO,VIOLETA FELICITAS;LAGRICEL PF;3;MAR;477.16;10
Pharma - Z1;SALUD VISUAL Y ESPECIALIDADES SOCIEDAD COMERCIAL DE RESPONSABILIDAD LIMITADA;AQUADRAN;3;MAR;2862;53
Pharma - Z1;SALUD VISUAL Y ESPECIALIDADES SOCIEDAD COMERCIAL DE RESPONSABILIDAD LIMITADA;DUSTALOX;3;MAR;3076.5;75
Pharma - Z1;SALUD VISUAL Y ESPECIALIDADES SOCIEDAD COMERCIAL DE RESPONSABILIDAD LIMITADA;GAAP PF;3;MAR;2253.88;25
Pharma - Z1;SALUD VISUAL Y ESPECIALIDADES SOCIEDAD COMERCIAL DE RESPONSABILIDAD LIMITADA;LAGRICEL PF;3;MAR;4089.96;80
Pharma - Z1;SALUD VISUAL Y ESPECIALIDADES SOCIEDAD COMERCIAL DE RESPONSABILIDAD LIMITADA;TRAZIDEX U;3;MAR;1262.39;27
Pharma - Z1;SALUD VISUAL Y ESPECIALIDADES SOCIEDAD COMERCIAL DE RESPONSABILIDAD LIMITADA;ZEBESTEN;3;MAR;1963.5;40
Pharma - Z1;SERVICIOS DE SALUD MONTEFIORI SAC;AGGLAD;3;MAR;55.03;1
Pharma - Z1;SERVICIOS DE SALUD MONTEFIORI SAC;FLUMETOL NF;3;MAR;204.18;5
Pharma - Z1;SISTEMAS DE ADMINISTRACION HOSPITALARIA S.A.C.;AGGLAD;3;MAR;3222.39;83
Pharma - Z1;SISTEMAS DE ADMINISTRACION HOSPITALARIA S.A.C.;ELIPTIC;3;MAR;2267.9;88
Pharma - Z1;SISTEMAS DE ADMINISTRACION HOSPITALARIA S.A.C.;FLUMETOL NF;3;MAR;4848.6;164
Pharma - Z1;SISTEMAS DE ADMINISTRACION HOSPITALARIA S.A.C.;GAAP;3;MAR;875.21;15
Pharma - Z1;SISTEMAS DE ADMINISTRACION HOSPITALARIA S.A.C.;GAAP PF;3;MAR;1036.78;25
Pharma - Z1;SISTEMAS DE ADMINISTRACION HOSPITALARIA S.A.C.;LAGRICEL;3;MAR;14489.7;429
Pharma - Z1;SISTEMAS DE ADMINISTRACION HOSPITALARIA S.A.C.;LAGRICEL PF;3;MAR;3635.62;100
Pharma - Z1;SISTEMAS DE ADMINISTRACION HOSPITALARIA S.A.C.;TRAZIDEX O;3;MAR;952.04;40
Pharma - Z1;SISTEMAS DE ADMINISTRACION HOSPITALARIA S.A.C.;TRAZIDEX U;3;MAR;9206.12;323
Pharma - Z1;SISTEMAS DE ADMINISTRACION HOSPITALARIA S.A.C.;ZEBESTEN;3;MAR;245.44;5
Pharma - Z1;TG LASER OFTALMICA SA;AGGLAD;3;MAR;2017.62;30
Pharma - Z1;TG LASER OFTALMICA SA;ELIPTIC;3;MAR;1902.6;30
Pharma - Z1;TG LASER OFTALMICA SA;FLUMETOL NF;3;MAR;449.19;10
Pharma - Z1;TG LASER OFTALMICA SA;GAAP;3;MAR;1925.66;20
Pharma - Z1;TG LASER OFTALMICA SA;GAAP PF;3;MAR;450.78;5
Pharma - Z1;TG LASER OFTALMICA SA;LAGRICEL;3;MAR;1125.85;20
Pharma - Z1;TG LASER OFTALMICA SA;LAGRICEL PF;3;MAR;1363.32;20
Pharma - Z1;TG LASER OFTALMICA SA;TRAZIDEX O;3;MAR;463.05;10
Pharma - Z1;TG LASER OFTALMICA SA;TRAZIDEX U;3;MAR;935.1;20
Pharma - Z1;TG LASER OFTALMICA SA;ZEBESTEN;3;MAR;490.88;10
Pharma - Z1;VALEVISION S.A.C.;AQUADRAN;3;MAR;486;10
Pharma - Z1;VALEVISION S.A.C.;FLUMETOL NF;3;MAR;408.35;10
Pharma - Z1;VALEVISION S.A.C.;GAAP PF;3;MAR;901.55;10
Pharma - Z1;VALEVISION S.A.C.;LAGRICEL PF;3;MAR;238.58;5
Pharma - Z1;VALEVISION S.A.C.;TRAZIDEX U;3;MAR;467.55;10
Pharma - Z1;VESALIO S.A.;AGGLAD;3;MAR;316.89;5
Pharma - Z1;VESALIO S.A.;GAAP PF;3;MAR;270.47;3
Pharma - Z1;VESALIO S.A.;LAGRICEL;3;MAR;207.2;5
Pharma - Z1;VESALIO S.A.;TRAZIDEX U;3;MAR;569.9;17
Pharma - Z2;ASOC. PASTORAL DE SERVICIOS MEDICO ASISTENCIALES GOOD HOPE DE LA IGLESIA ADVENTISTA DEL SEPTIMO DIA;ELIPTIC PF;3;MAR;2155.56;55
Pharma - Z2;ASOC. PASTORAL DE SERVICIOS MEDICO ASISTENCIALES GOOD HOPE DE LA IGLESIA ADVENTISTA DEL SEPTIMO DIA;FLUMETOL NF;3;MAR;4083.5;100
Pharma - Z2;ASOC. PASTORAL DE SERVICIOS MEDICO ASISTENCIALES GOOD HOPE DE LA IGLESIA ADVENTISTA DEL SEPTIMO DIA;GAAP;3;MAR;2363.31;30
Pharma - Z2;ASOC. PASTORAL DE SERVICIOS MEDICO ASISTENCIALES GOOD HOPE DE LA IGLESIA ADVENTISTA DEL SEPTIMO DIA;LAGRICEL PF;3;MAR;20449.8;400
Pharma - Z2;BARRANTES RAMIREZ ELENA JESUS AMERICA;LAGRICEL PF;3;MAR;572.59;12
Pharma - Z2;BARRANTES RAMIREZ ELENA JESUS AMERICA;TRAZIDEX U;3;MAR;561.06;12
Pharma - Z2;BREYA FERNANDEZ CESAR EFRAIN;DUSTALOX;3;MAR;205.1;5
Pharma - Z2;BREYA FERNANDEZ CESAR EFRAIN;FLUMETOL NF;3;MAR;408.35;10
Pharma - Z2;BREYA FERNANDEZ CESAR EFRAIN;LAGRICEL;3;MAR;255.88;5
Pharma - Z2;BREYA FERNANDEZ CESAR EFRAIN;SOPHIPREN;3;MAR;423.5;10
Pharma - Z2;CEMO JJK AMPARITO S.A.C.;FLUMETOL NF;3;MAR;204.18;5
Pharma - Z2;CEMO JJK AMPARITO S.A.C.;LAGRICEL PF;3;MAR;340.83;6
Pharma - Z2;CENTRO LASER OCULAR SOCIEDAD COMERCIAL DE RESPONSABILIDAD LIMITADA;ELAR-B;3;MAR;287.5;5
Pharma - Z2;CENTRO OFTALMOLOGICO DR. GERONIMO EIRL;AQUADRAN;3;MAR;1296;24
Pharma - Z2;CENTRO OFTALMOLOGICO DR. GERONIMO EIRL;FLUMETOL NF;3;MAR;612.53;15
Pharma - Z2;CENTRO OFTALMOLOGICO DR. GERONIMO EIRL;LAGRICEL PF;3;MAR;1363.32;24
Pharma - Z2;CENTRO OFTALMOLOGICO DR. GERONIMO EIRL;TRAZIDEX U;3;MAR;701.33;15
Pharma - Z2;CENTURION TECHNOLOGIES E.I.R.L.;AQUADRAN;3;MAR;540;10
Pharma - Z2;CENTURION TECHNOLOGIES E.I.R.L.;ELAR-B;3;MAR;287.5;5
Pharma - Z2;CENTURION TECHNOLOGIES E.I.R.L.;ELIPTIC PF;3;MAR;1045.12;20
Pharma - Z2;CENTURION TECHNOLOGIES E.I.R.L.;FLUMETOL NF;3;MAR;408.35;10
Pharma - Z2;CENTURION TECHNOLOGIES E.I.R.L.;GAAP PF;3;MAR;901.55;10
Pharma - Z2;CENTURION TECHNOLOGIES E.I.R.L.;LAGRICEL PF;3;MAR;2272.2;40
Pharma - Z2;CENTURION TECHNOLOGIES E.I.R.L.;TRAZIDEX O;3;MAR;463.05;10
Pharma - Z2;CENTURION TECHNOLOGIES E.I.R.L.;TRAZIDEX U;3;MAR;233.78;5
Pharma - Z2;CHISE CALLOAPAZA JHON ALBERTO;LAGRICEL PF;3;MAR;954.32;20
Pharma - Z2;CLINICA CAYETANO HEREDIA S.A.;SOPHIPREN;3;MAR;42.35;1
Pharma - Z2;CLINICA CAYETANO HEREDIA S.A.;TRAZIDEX O;3;MAR;125.02;3
Pharma - Z2;CLINICA CAYETANO HEREDIA S.A.;TRAZIDEX U;3;MAR;1262.39;30
Pharma - Z2;CLINICA DE OJOS SELUCE S.A.C.;AGGLAD;3;MAR;2445.6;40
Pharma - Z2;CLINICA DE OJOS SELUCE S.A.C.;AQUADRAN;3;MAR;1080;20
Pharma - Z2;CLINICA DE OJOS SELUCE S.A.C.;DUSTALOX;3;MAR;410.2;10
Pharma - Z2;CLINICA DE OJOS SELUCE S.A.C.;ELAR-B;3;MAR;862.5;15
Pharma - Z2;CLINICA DE OJOS SELUCE S.A.C.;ELIPTIC PF;3;MAR;1763.64;30
Pharma - Z2;CLINICA DE OJOS SELUCE S.A.C.;FLUMETOL NF;3;MAR;1225.05;30
Pharma - Z2;CLINICA DE OJOS SELUCE S.A.C.;GAAP PF;3;MAR;2253.88;25
Pharma - Z2;CLINICA DE OJOS SELUCE S.A.C.;LAGRICEL PF;3;MAR;3476.47;60
Pharma - Z2;CLINICA DE OJOS SELUCE S.A.C.;LANDAX;3;MAR;699.15;15
Pharma - Z2;CLINICA DE OJOS SELUCE S.A.C.;SOPHIPREN;3;MAR;1482.25;35
Pharma - Z2;CLINICA DE OJOS SELUCE S.A.C.;TRAZIDEX O;3;MAR;1458.61;35
Pharma - Z2;CLINICA DE OJOS SELUCE S.A.C.;TRAZIDEX U;3;MAR;1472.78;35
Pharma - Z2;CLINICA DE OJOS SELUCE S.A.C.;ZEBESTEN;3;MAR;981.75;20
Pharma - Z2;CLINICA DE OJOS VISION LASER E.I.R.L.;LAGRICEL;3;MAR;511.75;10
Pharma - Z2;CLINICA DE OJOS VISION LASER E.I.R.L.;TRAZIDEX U;3;MAR;280.53;6
Pharma - Z2;CLINICA INTERNACIONAL S A;AGGLAD;3;MAR;5874.28;147
Pharma - Z2;CLINICA INTERNACIONAL S A;FLUMETOL NF;3;MAR;5423.28;196
Pharma - Z2;CLINICA INTERNACIONAL S A;GAAP;3;MAR;4227.7;105
Pharma - Z2;CLINICA INTERNACIONAL S A;GAAP PF;3;MAR;3466.93;84
Pharma - Z2;CLINICA INTERNACIONAL S A;LAGRICEL;3;MAR;9515.89;290
Pharma - Z2;CLINICA INTERNACIONAL S A;SOPHIPREN;3;MAR;4752.1;175
Pharma - Z2;CLINICA INTERNACIONAL S A;TRAZIDEX U;3;MAR;12318.04;464
Pharma - Z2;CLINICA OFTALMOLOGICA REGIONAL SAC;AQUADRAN;3;MAR;540;10
Pharma - Z2;CLINICA OFTALMOLOGICA REGIONAL SAC;LAGRICEL PF;3;MAR;568.05;10
Pharma - Z2;CLINICA ORTEGA SRL;FLUMETOL NF;3;MAR;980.04;24
Pharma - Z2;CUIDA DIGITAL S.A.C.;AGGLAD;3;MAR;10858.46;148
Pharma - Z2;CUIDA DIGITAL S.A.C.;AQUADRAN;3;MAR;1058.4;14
Pharma - Z2;CUIDA DIGITAL S.A.C.;ELIPTIC;3;MAR;5644.38;89
Pharma - Z2;CUIDA DIGITAL S.A.C.;ELIPTIC PF;3;MAR;2103.3;46
Pharma - Z2;CUIDA DIGITAL S.A.C.;FLUMETOL NF;3;MAR;245.01;5
Pharma - Z2;CUIDA DIGITAL S.A.C.;GAAP;3;MAR;9558.28;84
Pharma - Z2;CUIDA DIGITAL S.A.C.;GAAP PF;3;MAR;12751.52;104
Pharma - Z2;CUIDA DIGITAL S.A.C.;LAGRICEL;3;MAR;27076.87;407
Pharma - Z2;CUIDA DIGITAL S.A.C.;LAGRICEL PF;3;MAR;22558.4;292
Pharma - Z2;CUIDA DIGITAL S.A.C.;TRAZIDEX U;3;MAR;280.55;5
Pharma - Z2;DOCTOR + S.A.C.;AGGLAD;3;MAR;465.89;12
Pharma - Z2;DOCTOR + S.A.C.;ELIPTIC PF;3;MAR;235.15;9
Pharma - Z2;DOCTOR + S.A.C.;GAAP;3;MAR;952.33;17
Pharma - Z2;DOCTOR + S.A.C.;LAGRICEL;3;MAR;439.08;13
Pharma - Z2;DOCTOR + S.A.C.;LAGRICEL PF;3;MAR;267.21;7
Pharma - Z2;FONDO DE EMPLEADOS DEL BANCO DE LA NACION;GAAP PF;3;MAR;6456.9;144
Pharma - Z2;FONDO DE EMPLEADOS DEL BANCO DE LA NACION;TRAZIDEX O;3;MAR;2139.29;77
Pharma - Z2;FONDO DE EMPLEADOS DEL BANCO DE LA NACION;TRAZIDEX U;3;MAR;276.79;8
Pharma - Z2;GAMARRA HEALTHCARE CENTER S.A.C.;FLUMETOL NF;3;MAR;245.01;6
Pharma - Z2;GAMARRA HEALTHCARE CENTER S.A.C.;TRAZIDEX U;3;MAR;280.53;6
Pharma - Z2;INSTITUTO DE OJOS MULTIVISION SOCIEDAD ANONIMA;ELIPTIC;3;MAR;1585.5;50
Pharma - Z2;INSTITUTO MEDICO QUIRURGICO AREQUIPA S.A;TRAZIDEX U;3;MAR;1870.2;40
Pharma - Z2;INVERSIONES MULTIMEDIC S.A.C.;FLUMETOL NF;3;MAR;816.7;20
Pharma - Z2;INVERSIONES MULTIMEDIC S.A.C.;TRAZIDEX O;3;MAR;926.1;20
Pharma - Z2;MEDIC SER S.A.C.;FLUMETOL NF;3;MAR;2879.02;61
Pharma - Z2;MEDIC SER S.A.C.;GAAP;3;MAR;4916.37;57
Pharma - Z2;MEDIC SER S.A.C.;LAGRICEL;3;MAR;5027.59;85
Pharma - Z2;MEDIC SER S.A.C.;SOPHIPREN;3;MAR;1003.62;22
Pharma - Z2;MEDIC SER S.A.C.;TRAZIDEX O;3;MAR;4510.85;120
Pharma - Z2;MEGAFARMA LA VICTORIA SAC;SOPHIPREN;3;MAR;635.25;15
Pharma - Z2;MEGAFARMA LA VICTORIA SAC;TRAZIDEX O;3;MAR;694.58;15
Pharma - Z2;MEGAFARMA LA VICTORIA SAC;TRAZIDEX U;3;MAR;327.29;7
Pharma - Z2;OCULASER CENTRO DE MICROCIRUGIA Y LASER S.A.C.;AQUADRAN;3;MAR;1944;36
Pharma - Z2;OCULASER CENTRO DE MICROCIRUGIA Y LASER S.A.C.;FLUMETOL NF;3;MAR;1617.07;36
Pharma - Z2;OCULASER CENTRO DE MICROCIRUGIA Y LASER S.A.C.;GAAP PF;3;MAR;2163.72;24
Pharma - Z2;OCULASER CENTRO DE MICROCIRUGIA Y LASER S.A.C.;LAGRICEL PF;3;MAR;2726.64;48
Pharma - Z2;OCULASER CENTRO DE MICROCIRUGIA Y LASER S.A.C.;SOPHIPREN;3;MAR;2032.8;48
Pharma - Z2;OCULASER CENTRO DE MICROCIRUGIA Y LASER S.A.C.;TRAZIDEX O;3;MAR;1000.19;24
Pharma - Z2;OFTALMO PREVENCION E.I.R.L.;TRAZIDEX U;3;MAR;1101.78;25
Pharma - Z2;OFTALMOLIVE GROUP PERU S.A.C.;FLUMETOL NF;3;MAR;245.01;6
Pharma - Z2;OFTALMOLIVE GROUP PERU S.A.C.;LAGRICEL PF;3;MAR;681.66;12
Pharma - Z2;OFTALMOLIVE GROUP PERU S.A.C.;ZEBESTEN;3;MAR;589.05;12
Pharma - Z2;OPTICA VERIMEDIC E.I.R.L.;AQUADRAN;3;MAR;324;6
Pharma - Z2;OPTICA VERIMEDIC E.I.R.L.;ELAR-B;3;MAR;690;12
Pharma - Z2;OPTICA VERIMEDIC E.I.R.L.;FLUMETOL NF;3;MAR;490.02;12
Pharma - Z2;OPTICA VERIMEDIC E.I.R.L.;GAAP PF;3;MAR;324.56;6
Pharma - Z2;OPTICA VERIMEDIC E.I.R.L.;LAGRICEL PF;3;MAR;286.3;6
Pharma - Z2;OPTICA VERIMEDIC E.I.R.L.;SOPHIPREN;3;MAR;847;20
Pharma - Z2;OPTICA VERIMEDIC E.I.R.L.;TRAZIDEX O;3;MAR;555.66;12
Pharma - Z2;OPTICA VERIMEDIC E.I.R.L.;TRAZIDEX U;3;MAR;561.06;12
Pharma - Z2;OPTICA VERIMEDIC E.I.R.L.;ZEBESTEN;3;MAR;294.53;6
Pharma - Z2;OPTIMA VISION SRL;DUSTALOX;3;MAR;164.08;4
Pharma - Z2;OPTIMA VISION SRL;FLUMETOL NF;3;MAR;228.68;4
Pharma - Z2;OPTIMA VISION SRL;GAAP PF;3;MAR;901.55;10
Pharma - Z2;OPTIMA VISION SRL;LAGRICEL PF;3;MAR;190.86;4
Pharma - Z2;OPTIMA VISION SRL;TRAZIDEX O;3;MAR;555.66;12
Pharma - Z2;OPTIMA VISION SRL;TRAZIDEX U;3;MAR;561.06;10
Pharma - Z2;OPTOPLUS E.I.R.L.;AGGLAD;3;MAR;1375.65;25
Pharma - Z2;OPTOPLUS E.I.R.L.;ELIPTIC;3;MAR;741.7;25
Pharma - Z2;OPTOPLUS E.I.R.L.;LAGRICEL PF;3;MAR;1278.11;25
Pharma - Z2;OPTOPLUS E.I.R.L.;LANDAX;3;MAR;1165.25;25
Pharma - Z2;OPTOPLUS E.I.R.L.;SOPHIPREN;3;MAR;1821.05;50
Pharma - Z2;OPTOPLUS E.I.R.L.;TRAZIDEX O;3;MAR;1157.63;25
Pharma - Z2;PARROQUIA SAN BENITO;TRAZIDEX U;3;MAR;561.06;12
Pharma - Z2;SANAR SM E.I.R.L;TRAZIDEX U;3;MAR;3740.4;100
Pharma - Z2;SERVICIOS DE FARMACIA OFTALMOLOGICA YAHUI EIRL;AGGLAD;3;MAR;4402.08;80
Pharma - Z2;SERVICIOS DE FARMACIA OFTALMOLOGICA YAHUI EIRL;ELIPTIC PF;3;MAR;3788.56;100
Pharma - Z2;SERVICIOS DE FARMACIA OFTALMOLOGICA YAHUI EIRL;FLUMETOL NF;3;MAR;4491.85;100
Pharma - Z2;SERVICIOS DE FARMACIA OFTALMOLOGICA YAHUI EIRL;GAAP PF;3;MAR;7212.4;80
Pharma - Z2;SERVICIOS DE FARMACIA OFTALMOLOGICA YAHUI EIRL;LAGRICEL;3;MAR;4094;100
Pharma - Z2;SERVICIOS DE FARMACIA OFTALMOLOGICA YAHUI EIRL;LAGRICEL PF;3;MAR;17041.5;300
Pharma - Z2;SERVICIOS DE FARMACIA OFTALMOLOGICA YAHUI EIRL;SOPHIPREN;3;MAR;6352.5;150
Pharma - Z2;SERVICIOS DE FARMACIA OFTALMOLOGICA YAHUI EIRL;TRAZIDEX U;3;MAR;12623.85;300
Pharma - Z2;SERVICIOS DE FARMACIA OFTALMOLOGICA YAHUI EIRL;ZEBESTEN;3;MAR;4908.75;100
Pharma - Z2;SERVICIOS DE SALUD ALTAVISION E.I.R.L.;FLUMETOL NF;3;MAR;1347.56;30
Pharma - Z2;SERVICIOS DE SALUD ALTAVISION E.I.R.L.;LAGRICEL PF;3;MAR;1136.1;20
Pharma - Z2;SERVICIOS DE SALUD ALTAVISION E.I.R.L.;TRAZIDEX O;3;MAR;1250.24;30
Pharma - Z2;UNOVE S.A.C.;ELIPTIC PF;3;MAR;940.61;20
Pharma - Z2;UNOVE S.A.C.;GAAP;3;MAR;1575.54;20
Pharma - Z2;UNOVE S.A.C.;LAGRICEL PF;3;MAR;2385.81;50
Pharma - Z2;UNOVE S.A.C.;TRAZIDEX O;3;MAR;1852.2;40
Pharma - Z2;UNOVE S.A.C.;TRAZIDEX U;3;MAR;1683.18;40
Pharma - Z2;UNOVE S.A.C.;ZEBESTEN;3;MAR;464.1;10
Pharma - Z2;VISUAL MEDIC S.R.L;FLUMETOL NF;3;MAR;816.7;20
Pharma - Z2;VISUAL MEDIC S.R.L;TRAZIDEX O;3;MAR;926.1;20
Pharma - Z2;VITTES GALVEZ INVERSIONES Y SERVICIOS E.I.R.L.;FLUMETOL NF;3;MAR;980.04;24
Pharma - Z3;AAA SAC;DUSTALOX;3;MAR;1845.9;50
Pharma - Z3;AAA SAC;LAGRICEL PF;3;MAR;5680.5;100
Pharma - Z3;AAA SAC;LANDAX;3;MAR;419.49;10
Pharma - Z3;ASOCIACION PERUANO JAPONESA;AGGLAD;3;MAR;1711.92;35
Pharma - Z3;ASOCIACION PERUANO JAPONESA;AQUADRAN;3;MAR;810;15
Pharma - Z3;ASOCIACION PERUANO JAPONESA;ELIPTIC PF;3;MAR;2090.24;40
Pharma - Z3;ASOCIACION PERUANO JAPONESA;FLUMETOL NF;3;MAR;943.29;21
Pharma - Z3;ASOCIACION PERUANO JAPONESA;GAAP PF;3;MAR;7933.64;100
Pharma - Z3;ASOCIACION PERUANO JAPONESA;LAGRICEL;3;MAR;1970.24;35
Pharma - Z3;ASOCIACION PERUANO JAPONESA;LAGRICEL PF;3;MAR;7157.43;105
Pharma - Z3;ASOCIACION PERUANO JAPONESA;TRAZIDEX O;3;MAR;666.79;12
Pharma - Z3;ASOCIACION PERUANO JAPONESA;TRAZIDEX U;3;MAR;5049.54;90
Pharma - Z3;BORDA BELIZARIO VLADIMIR;FLUMETOL NF;3;MAR;408.35;10
Pharma - Z3;BORDA BELIZARIO VLADIMIR;TRAZIDEX O;3;MAR;463.05;10
Pharma - Z3;CENTRO DE EXCELENCIA EN GLAUCOMA S.R.L.;AGGLAD;3;MAR;550.26;10
Pharma - Z3;CENTRO DE EXCELENCIA EN GLAUCOMA S.R.L.;AQUADRAN;3;MAR;540;10
Pharma - Z3;CENTRO DE EXCELENCIA EN GLAUCOMA S.R.L.;ELIPTIC PF;3;MAR;378.86;10
Pharma - Z3;CENTRO DE EXCELENCIA EN GLAUCOMA S.R.L.;LAGRICEL;3;MAR;511.75;10
Pharma - Z3;CENTRO DE EXCELENCIA EN GLAUCOMA S.R.L.;LAGRICEL PF;3;MAR;477.16;10
Pharma - Z3;CENTRO DE EXCELENCIA EN GLAUCOMA S.R.L.;TRAZIDEX U;3;MAR;467.55;10
Pharma - Z3;CENTRO MEDICO CLINICA SAN JUDAS TADEO SA;AGGLAD;3;MAR;3790.68;62
Pharma - Z3;CENTRO MEDICO CLINICA SAN JUDAS TADEO SA;LAGRICEL;3;MAR;276.35;6
Pharma - Z3;CENTRO MEDICO CLINICA SAN JUDAS TADEO SA;TRAZIDEX O;3;MAR;1666.98;40
Pharma - Z3;CENTRO MEDICO CLINICA SAN JUDAS TADEO SA;TRAZIDEX U;3;MAR;1683.18;40
Pharma - Z3;CENTRO OFTALMOLOGICO LEO VISION S.A.C.;TRAZIDEX U;3;MAR;2337.75;50
Pharma - Z3;CENTRO OFTALMOLOGICO MONCADA S. CIVIL DE R.L;AQUADRAN;3;MAR;324;6
Pharma - Z3;CHUZON GUEVARA RICHARD ANDERSON;LAGRICEL PF;3;MAR;4771.62;100
Pharma - Z3;CLINICA AMAZONICA EIRL;ELAR-B;3;MAR;517.5;10
Pharma - Z3;CLINICA AMAZONICA EIRL;LAGRICEL;3;MAR;511.75;10
Pharma - Z3;CLINICA AMAZONICA EIRL;TRAZIDEX U;3;MAR;467.55;10
Pharma - Z3;CLINICA AMAZONICA EIRL;ZEBESTEN;3;MAR;490.88;10
Pharma - Z3;CLINICA BELLAVISTA SOCIEDAD ANONIMA CERRADA;LAGRICEL;3;MAR;2957.4;50
Pharma - Z3;CLINICA BELLAVISTA SOCIEDAD ANONIMA CERRADA;SOPHIPREN;3;MAR;729.92;16
Pharma - Z3;CLINICA DE OJOS DÔOPELUCE SAC;AGGLAD;3;MAR;2201.2;40
Pharma - Z3;CLINICA DE OJOS DÔOPELUCE SAC;AQUADRAN;3;MAR;648;12
Pharma - Z3;CLINICA DE OJOS DÔOPELUCE SAC;ELIPTIC PF;3;MAR;1045.2;20
Pharma - Z3;CLINICA DE OJOS DÔOPELUCE SAC;FLUMETOL NF;3;MAR;1796.8;40
Pharma - Z3;CLINICA DE OJOS DÔOPELUCE SAC;GAAP;3;MAR;1400.48;20
Pharma - Z3;CLINICA DE OJOS DÔOPELUCE SAC;LAGRICEL;3;MAR;1023.6;20
Pharma - Z3;CLINICA DE OJOS DÔOPELUCE SAC;LAGRICEL PF;3;MAR;10679.67;200
Pharma - Z3;CLINICA DE OJOS DÔOPELUCE SAC;SOPHIPREN;3;MAR;1863.6;40
Pharma - Z3;CLINICA DE OJOS DÔOPELUCE SAC;TRAZIDEX O;3;MAR;1666.98;40
Pharma - Z3;CLINICA DE OJOS DÔOPELUCE SAC;TRAZIDEX U;3;MAR;1683.18;40
Pharma - Z3;CLINICA DE OJOS DÔOPELUCE SAC;ZEBESTEN;3;MAR;1419.3;30
Pharma - Z3;CLINICA DE OJOS VISION DEL PERU S.A.C.;ELIPTIC PF;3;MAR;653.2;20
Pharma - Z3;CLINICA DE OJOS VISION DEL PERU S.A.C.;FLUMETOL NF;3;MAR;2654.28;65
Pharma - Z3;CLINICA DE OJOS VISION DEL PERU S.A.C.;GAAP PF;3;MAR;1803.1;20
Pharma - Z3;CLINICA DE OJOS VISION DEL PERU S.A.C.;LAGRICEL PF;3;MAR;1704.15;30
Pharma - Z3;CLINICA DE OJOS VISION DEL PERU S.A.C.;TRAZIDEX U;3;MAR;841.59;20
Pharma - Z3;CLINICA DE OJOS VISION DEL PERU S.A.C.;ZEBESTEN;3;MAR;981.75;20
Pharma - Z3;CLINICA JESUS DEL NORTE SOCIEDAD ANONIMA CERRADA;GAAP;3;MAR;201.98;3
Pharma - Z3;CLINICA SAN FELIPE S A;FLUMETOL NF;3;MAR;266.01;9
Pharma - Z3;CLINICA SAN FELIPE S A;GAAP;3;MAR;137.39;2
Pharma - Z3;CLINICA SAN FELIPE S A;TRAZIDEX O;3;MAR;3427.31;144
Pharma - Z3;CLINICA SAN GABRIEL S A C;AGGLAD;3;MAR;42.13;1
Pharma - Z3;CLINICA SAN GABRIEL S A C;AQUADRAN;3;MAR;270;5
Pharma - Z3;CLINICA SAN GABRIEL S A C;FLUMETOL NF;3;MAR;2377.77;84
Pharma - Z3;CLINICA SAN GABRIEL S A C;LAGRICEL;3;MAR;202.04;6
Pharma - Z3;CONSULTORIO OPTICA BELLAVISTA E.I.R.L;AQUADRAN;3;MAR;324;6
Pharma - Z3;CONSULTORIO OPTICA BELLAVISTA E.I.R.L;FLUMETOL NF;3;MAR;326.68;8
Pharma - Z3;CONSULTORIO OPTICA BELLAVISTA E.I.R.L;ZEBESTEN;3;MAR;196.35;4
Pharma - Z3;CORPORACIONES R & M FARMA S.A.C.;FLUMETOL NF;3;MAR;81.67;2
Pharma - Z3;CORPORACIONES R & M FARMA S.A.C.;LAGRICEL PF;3;MAR;170.42;3
Pharma - Z3;CORPORACIONES R & M FARMA S.A.C.;TRAZIDEX O;3;MAR;92.61;2
Pharma - Z3;CORPORACIONES R & M FARMA S.A.C.;TRAZIDEX U;3;MAR;93.51;2
Pharma - Z3;DERMATOLOGICA PERU E.I.R.L.;LAGRICEL PF;3;MAR;1363.32;24
Pharma - Z3;DERMATOLOGICA PERU E.I.R.L.;TRAZIDEX U;3;MAR;561.06;12
Pharma - Z3;EP OFTALMOLOGOS ASOCIADOS S.A.C.;LAGRICEL PF;3;MAR;1136.1;20
Pharma - Z3;EVP. CORPORACION PERUVIAN S.A.C.;AQUADRAN;3;MAR;777.6;16
Pharma - Z3;EVP. CORPORACION PERUVIAN S.A.C.;DUSTALOX;3;MAR;246.12;6
Pharma - Z3;EVP. CORPORACION PERUVIAN S.A.C.;LAGRICEL PF;3;MAR;3578.72;70
Pharma - Z3;EVP. CORPORACION PERUVIAN S.A.C.;SOPHIPREN;3;MAR;1524.6;40
Pharma - Z3;EVP. CORPORACION PERUVIAN S.A.C.;TRAZIDEX O;3;MAR;1407.67;40
Pharma - Z3;EVP. CORPORACION PERUVIAN S.A.C.;TRAZIDEX U;3;MAR;1421.36;40
Pharma - Z3;EYES SOLUTION E.I.R.L;AGGLAD;3;MAR;660.31;12
Pharma - Z3;EYES SOLUTION E.I.R.L;AQUADRAN;3;MAR;291.6;6
Pharma - Z3;EYES SOLUTION E.I.R.L;ELAR-B;3;MAR;690;12
Pharma - Z3;EYES SOLUTION E.I.R.L;ELIPTIC PF;3;MAR;360.57;12
Pharma - Z3;EYES SOLUTION E.I.R.L;FLUMETOL NF;3;MAR;490.02;12
Pharma - Z3;EYES SOLUTION E.I.R.L;LAGRICEL PF;3;MAR;565.78;12
Pharma - Z3;EYES SOLUTION E.I.R.L;TRAZIDEX U;3;MAR;701.33;15
Pharma - Z3;FARMACIAS MUNDIALES Y PERFUMERIA S.A.C;LAGRICEL;3;MAR;266.11;4
Pharma - Z3;FARMAVISION SOCIEDAD ANONIMA CERRADA;AGGLAD;3;MAR;733.68;12
Pharma - Z3;FARMAVISION SOCIEDAD ANONIMA CERRADA;FLUMETOL NF;3;MAR;980.04;24
Pharma - Z3;FARMAVISION SOCIEDAD ANONIMA CERRADA;LAGRICEL;3;MAR;614.1;12
Pharma - Z3;HERRERA LOPEZ NORMA FRANCISCA;ELIPTIC PF;3;MAR;254.75;10
Pharma - Z3;HERRERA LOPEZ NORMA FRANCISCA;LAGRICEL;3;MAR;562.93;10
Pharma - Z3;HERRERA LOPEZ NORMA FRANCISCA;SOPHIPREN;3;MAR;423.5;10
Pharma - Z3;HERRERA LOPEZ NORMA FRANCISCA;TRAZIDEX O;3;MAR;926.1;20
Pharma - Z3;HIDALGO SALINAS,LUIS ANGEL;TRAZIDEX U;3;MAR;2103.98;50
Pharma - Z3;INSTITUTO PERUANO DE LA VISION S.A.C.;AQUADRAN;3;MAR;162;3
Pharma - Z3;INSTITUTO PERUANO DE LA VISION S.A.C.;DUSTALOX;3;MAR;451.22;10
Pharma - Z3;INSTITUTO PERUANO DE LA VISION S.A.C.;ELAR-B;3;MAR;3415.5;66
Pharma - Z3;INSTITUTO PERUANO DE LA VISION S.A.C.;ELIPTIC;3;MAR;152.21;3
Pharma - Z3;INSTITUTO PERUANO DE LA VISION S.A.C.;GAAP;3;MAR;708.99;9
Pharma - Z3;INSTITUTO PERUANO DE LA VISION S.A.C.;LAGRICEL;3;MAR;307.05;6
Pharma - Z3;INSTITUTO PERUANO DE LA VISION S.A.C.;TRAZIDEX O;3;MAR;694.58;15
Pharma - Z3;INSTITUTO PERUANO DE LA VISION S.A.C.;TRAZIDEX U;3;MAR;378.72;9
Pharma - Z3;INSTITUTO PERUANO DE LA VISION S.A.C.;ZEBESTEN;3;MAR;147.26;3
Pharma - Z3;INVERSIONES MEDICAS GALENO S.A.C.;ELIPTIC PF;3;MAR;130.64;2
Pharma - Z3;INVERSIONES MEDICAS GALENO S.A.C.;FLUMETOL NF;3;MAR;122.51;3
Pharma - Z3;INVERSIONES MEDICAS GALENO S.A.C.;LAGRICEL PF;3;MAR;2840.25;50
Pharma - Z3;INVERSIONES MEDICAS GALENO S.A.C.;SOPHIPREN;3;MAR;1694;40
Pharma - Z3;L & F OFTALMOLOGOS S.A.C;TRAZIDEX O;3;MAR;555.66;12
Pharma - Z3;L & F OFTALMOLOGOS S.A.C;TRAZIDEX U;3;MAR;1122.12;24
Pharma - Z3;LANDA OCHOA REYSU REYNALDO;LAGRICEL PF;3;MAR;954.32;20
Pharma - Z3;LANDA OCHOA REYSU REYNALDO;LANDAX;3;MAR;838.98;20
Pharma - Z3;LANDA OCHOA REYSU REYNALDO;TRAZIDEX U;3;MAR;2122.68;50
Pharma - Z3;LANDA OCHOA REYSU REYNALDO;ZEBESTEN;3;MAR;1419.08;30
Pharma - Z3;LASER CENTER IQUITOS S.A.C.;AQUADRAN;3;MAR;291.6;6
Pharma - Z3;LASER CENTER IQUITOS S.A.C.;ELIPTIC PF;3;MAR;678.02;20
Pharma - Z3;LASER CENTER IQUITOS S.A.C.;FLUMETOL NF;3;MAR;816.7;20
Pharma - Z3;LASER CENTER IQUITOS S.A.C.;LANDAX;3;MAR;466.1;10
Pharma - Z3;LASER CENTER IQUITOS S.A.C.;ZEBESTEN;3;MAR;490.88;10
Pharma - Z3;LUZVISION S.A.C.;TRAZIDEX O;3;MAR;2083.73;50
Pharma - Z3;MAS VISION S.A.C.;FLUMETOL NF;3;MAR;816.7;20
Pharma - Z3;MAS VISION S.A.C.;LAGRICEL PF;3;MAR;6134.94;120
Pharma - Z3;MAS VISION S.A.C.;SOPHIPREN;3;MAR;2286.9;60
Pharma - Z3;MAYTA CARCAUSTO AGUSTIN ABEL;SOPHIPREN;3;MAR;423.5;10
Pharma - Z3;MEDI VISTA E.I.R.L.;ZEBESTEN;3;MAR;1472.63;30
Pharma - Z3;NORVISION SAC;AQUADRAN;3;MAR;972;20
Pharma - Z3;NORVISION SAC;ELAR-B;3;MAR;1242;24
Pharma - Z3;NORVISION SAC;FLUMETOL NF;3;MAR;490.02;12
Pharma - Z3;NORVISION SAC;LANDAX;3;MAR;699.15;15
Pharma - Z3;NORVISION SAC;SOPHIPREN;3;MAR;635.25;15
Pharma - Z3;NORVISION SAC;TRAZIDEX O;3;MAR;500.09;12
Pharma - Z3;NORVISION SAC;TRAZIDEX U;3;MAR;504.95;12
Pharma - Z3;NUESTRA SENORA DEL SAGRADO CORAZON;AGGLAD;3;MAR;371.73;8
Pharma - Z3;NUESTRA SENORA DEL SAGRADO CORAZON;FLUMETOL NF;3;MAR;261.34;8
Pharma - Z3;OFTALMOSELVA E.I.R.L.;FLUMETOL NF;3;MAR;816.7;20
Pharma - Z3;OFTALMOSELVA E.I.R.L.;LAGRICEL PF;3;MAR;2272.2;50
Pharma - Z3;OFTALMOSELVA E.I.R.L.;SOPHIPREN;3;MAR;2117.5;50
Pharma - Z3;OFTALMOSELVA E.I.R.L.;TRAZIDEX U;3;MAR;935.1;20
Pharma - Z3;OMNI LASER S.R.L.;TRAZIDEX U;3;MAR;654.57;20
Pharma - Z3;OMNI LASER S.R.L.;ZEBESTEN;3;MAR;2231.25;50
Pharma - Z3;OPTHALMICA VISION SOCIEDAD ANONIMA CERRADA;AQUADRAN;3;MAR;243;5
Pharma - Z3;OPTHALMICA VISION SOCIEDAD ANONIMA CERRADA;FLUMETOL NF;3;MAR;490.02;12
Pharma - Z3;POLICLINICO VIRGEN DEL ROSARIO E.I.R.L.;ELAR-B;3;MAR;1725;30
Pharma - Z3;POLICLINICO VIRGEN DEL ROSARIO E.I.R.L.;ELIPTIC PF;3;MAR;261.28;5
Pharma - Z3;POLICLINICO VIRGEN DEL ROSARIO E.I.R.L.;FLUMETOL NF;3;MAR;2041.75;50
Pharma - Z3;POLICLINICO VIRGEN DEL ROSARIO E.I.R.L.;LAGRICEL PF;3;MAR;1420.13;25
Pharma - Z3;POLICLINICO VIRGEN DEL ROSARIO E.I.R.L.;TRAZIDEX O;3;MAR;926.1;20
Pharma - Z3;RED SALUD NORTE S.A.C.;TRAZIDEX O;3;MAR;555.66;12
Pharma - Z3;S & P OFTALMOLOGOS S.A.C.;AQUADRAN;3;MAR;583.2;12
Pharma - Z3;S & P OFTALMOLOGOS S.A.C.;ELIPTIC PF;3;MAR;783.84;15
Pharma - Z3;S & P OFTALMOLOGOS S.A.C.;FLUMETOL NF;3;MAR;1102.55;27
Pharma - Z3;S & P OFTALMOLOGOS S.A.C.;SOPHIPREN;3;MAR;508.2;12
Pharma - Z3;SERVI OFTALMOMED ALVARO E.I.R.L.;DUSTALOX;3;MAR;492.24;12
Pharma - Z3;SERVI OFTALMOMED ALVARO E.I.R.L.;FLUMETOL NF;3;MAR;490.02;12
Pharma - Z3;SERVI OFTALMOMED ALVARO E.I.R.L.;LAGRICEL;3;MAR;614.1;12
Pharma - Z3;SOLUCIONES E INVERSIONES EN SALUD SOCIEDAD ANONIMA CERRADA - SOLINSALUD SAC.;SOPHIPREN;3;MAR;1270.5;30
Pharma - Z3;SOLUCIONES E INVERSIONES EN SALUD SOCIEDAD ANONIMA CERRADA - SOLINSALUD SAC.;TRAZIDEX O;3;MAR;1389.15;30
Pharma - Z3;SOLUCIONES E INVERSIONES EN SALUD SOCIEDAD ANONIMA CERRADA - SOLINSALUD SAC.;ZEBESTEN;3;MAR;1472.63;30
Pharma - Z3;VISANA CLINICA ESPECIALIZADA S.A.C;ELAR-B;3;MAR;1150;20
Pharma - Z3;VISANA CLINICA ESPECIALIZADA S.A.C;ELIPTIC PF;3;MAR;679.33;20
Pharma - Z3;VISANA CLINICA ESPECIALIZADA S.A.C;GAAP PF;3;MAR;1803.1;20
Pharma - Z3;VISANA CLINICA ESPECIALIZADA S.A.C;LAGRICEL PF;3;MAR;2385.81;50
Pharma - Z3;VISANA CLINICA ESPECIALIZADA S.A.C;TRAZIDEX U;3;MAR;1178.23;30
Pharma - Z3;VISION ACTUAL E.I.R.L;TRAZIDEX U;3;MAR;140.27;3
Pharma - Z3;VISUAL CENTER S.A.C.;AGGLAD;3;MAR;1222.8;20
Pharma - Z3;VISUAL CENTER S.A.C.;AQUADRAN;3;MAR;486;10
Pharma - Z3;VISUAL CENTER S.A.C.;ELAR-B;3;MAR;258.75;5
Pharma - Z3;VISUAL CENTER S.A.C.;ELIPTIC PF;3;MAR;2090.24;40
Pharma - Z3;VISUAL CENTER S.A.C.;FLUMETOL NF;3;MAR;449.19;10
Pharma - Z3;VISUAL CENTER S.A.C.;GAAP PF;3;MAR;901.55;10
Pharma - Z3;VISUAL CENTER S.A.C.;LAGRICEL;3;MAR;255.88;5
Pharma - Z3;VISUAL CENTER S.A.C.;LAGRICEL PF;3;MAR;1704.15;30
Pharma - Z3;VISUAL CENTER S.A.C.;TRAZIDEX O;3;MAR;463.05;10
Pharma - Z3;VISUAL CENTER S.A.C.;TRAZIDEX U;3;MAR;2571.53;50
Pharma - Z3;VISUAL CENTER S.A.C.;ZEBESTEN;3;MAR;946.06;20
Pharma - Z3;VISUAL M&M E.I.R.L;LAGRICEL PF;3;MAR;572.59;12
Pharma - N1;CLINICA SOTOMAYOR S.A.C.;GAAP PF;4;ABR;1,803;20
Pharma - N1;CLINICA SOTOMAYOR S.A.C.;ZEBESTEN;4;ABR;557;12
Pharma - N1;GSP TRUJILLO S.A.C.;AGGLAD;4;ABR;401;5
Pharma - N1;GSP TRUJILLO S.A.C.;FLUMETOL NF;4;ABR;189;4
Pharma - N1;GSP TRUJILLO S.A.C.;LAGRICEL PF;4;ABR;13,211;222
Pharma - N1;GSP TRUJILLO S.A.C.;TRAZIDEX O;4;ABR;601;16
Pharma - N1;GSP TRUJILLO S.A.C.;TRAZIDEX U;4;ABR;829;18
Pharma - N1;OFTALMOLOGOS ASOCIADOS VER S.A.C.;AGGLAD;4;ABR;660;12
Pharma - N1;OFTALMOLOGOS ASOCIADOS VER S.A.C.;AQUADRAN;4;ABR;810;15
Pharma - N1;OFTALMOLOGOS ASOCIADOS VER S.A.C.;ELIPTIC PF;4;ABR;458;12
Pharma - N1;OFTALMOLOGOS ASOCIADOS VER S.A.C.;FLUMETOL NF;4;ABR;898;20
Pharma - N1;OFTALMOLOGOS ASOCIADOS VER S.A.C.;GAAP;4;ABR;4,377;50
Pharma - N1;OFTALMOLOGOS ASOCIADOS VER S.A.C.;LAGRICEL;4;ABR;619;11
Pharma - N1;OFTALMOLOGOS ASOCIADOS VER S.A.C.;LAGRICEL PF;4;ABR;5,311;85
Pharma - N1;URBINA SANTA MARIA MARCO ANTONIO;AGGLAD;4;ABR;1,101;20
Pharma - N1;URBINA SANTA MARIA MARCO ANTONIO;ELIPTIC PF;4;ABR;1,359;40
Pharma - N1;URBINA SANTA MARIA MARCO ANTONIO;FLUMETOL NF;4;ABR;898;20
Pharma - N1;URBINA SANTA MARIA MARCO ANTONIO;GAAP PF;4;ABR;1,262;20
Pharma - N1;URBINA SANTA MARIA MARCO ANTONIO;SOPHIPREN;4;ABR;932;20
Pharma - N1;URBINA SANTA MARIA MARCO ANTONIO;TRAZIDEX O;4;ABR;1,019;20
Pharma - N1;DAFER VISION E.I.R.L.;TRAZIDEX O;4;ABR;1,528;30
Pharma - N1;DAFER VISION E.I.R.L.;TRAZIDEX U;4;ABR;514;10
Pharma - N1;CESPEDES CABRERA YOHANA PAMELA;AGGLAD;4;ABR;825;15
Pharma - N1;CESPEDES CABRERA YOHANA PAMELA;AQUADRAN;4;ABR;810;15
Pharma - N1;CESPEDES CABRERA YOHANA PAMELA;ELIPTIC PF;4;ABR;510;15
Pharma - N1;CESPEDES CABRERA YOHANA PAMELA;FLUMETOL NF;4;ABR;674;15
Pharma - N1;CESPEDES CABRERA YOHANA PAMELA;SOPHIPREN;4;ABR;699;15
Pharma - N1;CESPEDES CABRERA YOHANA PAMELA;TRAZIDEX O;4;ABR;764;15
Pharma - N1;OFTAMOLOGIA - CENTRO ESPECIALIZADO EN RETINA Y CATARATA S.R.L.;FLUMETOL NF;4;ABR;539;12
Pharma - N1;OFTAMOLOGIA - CENTRO ESPECIALIZADO EN RETINA Y CATARATA S.R.L.;GAAP PF;4;ABR;1,190;12
Pharma - N1;FERNANDEZ CHUNG ROGGER GUSTAVO;ZEBESTEN;4;ABR;1,473;30
Pharma - N1;SERVIMEDICOS S.A.C.;FLUMETOL NF;4;ABR;1,041;23
Pharma - N1;SERVIMEDICOS S.A.C.;GAAP;4;ABR;1,144;14
Pharma - N1;SERVIMEDICOS S.A.C.;LAGRICEL;4;ABR;1,024;20
Pharma - N1;SERVIMEDICOS S.A.C.;LAGRICEL PF;4;ABR;12,275;211
Pharma - N1;SERVIMEDICOS S.A.C.;TRAZIDEX O;4;ABR;301;8
Pharma - N1;SERVIMEDICOS S.A.C.;TRAZIDEX U;4;ABR;84;2
Pharma - N1;SERVIMED PERU S.A.C.;AGGLAD;4;ABR;807;12
Pharma - N1;SERVIMED PERU S.A.C.;AQUADRAN;4;ABR;324;6
Pharma - N1;SERVIMED PERU S.A.C.;GAAP;4;ABR;963;10
Pharma - N1;SERVIMED PERU S.A.C.;LAGRICEL PF;4;ABR;3,124;50
Pharma - N1;SERVIMED PERU S.A.C.;TRAZIDEX U;4;ABR;514;10
Pharma - N1;SERVIMED PERU S.A.C.;ZEBESTEN;4;ABR;491;10
Pharma - N1;CLINICA OFTALMOLOGICA VIDAVAÔS;LAGRICEL PF;4;ABR;5,453;80
Pharma - N1;CLINICA OFTALMOLOGICA VIDAVAÔS;SOPHIPREN;4;ABR;2,541;60
Pharma - N1;CLINICA OFTALMOLOGICA VIDAVAÔS;ZEBESTEN;4;ABR;2,785;60
Pharma - N1;MIOFTALMO CENTER E.I.R.L.;FLUMETOL NF;4;ABR;629;14
Pharma - N1;BM CLINICA DE OJOS S.A.C.;FLUMETOL NF;4;ABR;490;12
Pharma - N1;BM CLINICA DE OJOS S.A.C.;TRAZIDEX U;4;ABR;842;20
Pharma - N1;OFTALMOCENTRO HD EMPRESA INDIVIDUAL DE RESPONSABILIDAD LIMITADA - OFTA HD E.I.R.L.;AGGLAD;4;ABR;2,641;48
Pharma - N1;OFTALMOCENTRO HD EMPRESA INDIVIDUAL DE RESPONSABILIDAD LIMITADA - OFTA HD E.I.R.L.;ELIPTIC PF;4;ABR;1,630;48
Pharma - N1;OFTALMOCENTRO HD EMPRESA INDIVIDUAL DE RESPONSABILIDAD LIMITADA - OFTA HD E.I.R.L.;GAAP PF;4;ABR;2,337;48
Pharma - N1;HOSPITAL METROPOLITANO SOCIEDAD ANONIMA;AGGLAD;4;ABR;673;10
Pharma - N1;HOSPITAL METROPOLITANO SOCIEDAD ANONIMA;ELIPTIC;4;ABR;628;11
Pharma - N1;HOSPITAL METROPOLITANO SOCIEDAD ANONIMA;FLUMETOL NF;4;ABR;123;3
Pharma - N1;HOSPITAL METROPOLITANO SOCIEDAD ANONIMA;GAAP;4;ABR;875;10
Pharma - N1;HOSPITAL METROPOLITANO SOCIEDAD ANONIMA;GAAP PF;4;ABR;397;4
Pharma - N1;HOSPITAL METROPOLITANO SOCIEDAD ANONIMA;SOPHIPREN;4;ABR;559;12
Pharma - N1;HOSPITAL METROPOLITANO SOCIEDAD ANONIMA;TRAZIDEX U;4;ABR;795;17
Pharma - N1;HOSPITAL METROPOLITANO SOCIEDAD ANONIMA;ZEBESTEN;4;ABR;98;2
Pharma - N1;CLINICA DE OJOS GARCIA EMPRESA INDIVIDUAL DE RESPONSABILIDAD LIMITADA;ELIPTIC PF;4;ABR;468;12
Pharma - N1;CLINICA DE OJOS GARCIA EMPRESA INDIVIDUAL DE RESPONSABILIDAD LIMITADA;LAGRICEL PF;4;ABR;1,981;40
Pharma - N1;CLINICA DE OJOS GARCIA EMPRESA INDIVIDUAL DE RESPONSABILIDAD LIMITADA;LANDAX;4;ABR;932;20
Pharma - N1;CLINICA DE OJOS GARCIA EMPRESA INDIVIDUAL DE RESPONSABILIDAD LIMITADA;ZEBESTEN;4;ABR;982;20
Pharma - N1;MAS VISION CHICLAYO S.A.C.;FLUMETOL NF;4;ABR;1,021;25
Pharma - N1;MAS VISION CHICLAYO S.A.C.;GAAP PF;4;ABR;451;5
Pharma - N1;MAS VISION CHICLAYO S.A.C.;LAGRICEL PF;4;ABR;5,112;100
Pharma - N1;MAS VISION CHICLAYO S.A.C.;SOPHIPREN;4;ABR;762;20
Pharma - N1;MAS VISION CHICLAYO S.A.C.;TRAZIDEX O;4;ABR;2,112;60
Pharma - N1;MAS VISION CHICLAYO S.A.C.;TRAZIDEX U;4;ABR;711;20
Pharma - N1;CENTRO OFTALMOLOGICO NOBA VISION E.I.R.L.;AGGLAD;4;ABR;1,101;20
Pharma - N1;CENTRO OFTALMOLOGICO NOBA VISION E.I.R.L.;ELAR-B;4;ABR;1,035;20
Pharma - N1;CENTRO OFTALMOLOGICO NOBA VISION E.I.R.L.;ELIPTIC PF;4;ABR;763;20
Pharma - N1;CENTRO OFTALMOLOGICO NOBA VISION E.I.R.L.;LAGRICEL PF;4;ABR;1,250;20
Pharma - N1;CENTRO OFTALMOLOGICO NOBA VISION E.I.R.L.;TRAZIDEX U;4;ABR;1,029;20
Pharma - N1;CENTRO OFTALMOLOGICO NOBA VISION E.I.R.L.;ZEBESTEN;4;ABR;982;20
Pharma - N1;ADMINISTRADORA CLINICA TRESA S.A;AGGLAD;4;ABR;271;4
Pharma - N1;ADMINISTRADORA CLINICA TRESA S.A;FLUMETOL NF;4;ABR;90;2
Pharma - N1;ADMINISTRADORA CLINICA TRESA S.A;GAAP;4;ABR;385;4
Pharma - N1;ADMINISTRADORA CLINICA TRESA S.A;LAGRICEL;4;ABR;281;5
Pharma - N1;ADMINISTRADORA CLINICA TRESA S.A;TRAZIDEX O;4;ABR;102;2
Pharma - N1;ADMINISTRADORA CLINICA TRESA S.A;TRAZIDEX U;4;ABR;103;2
Pharma - N1;WEB OPTICAS E.I.R.L.;AQUADRAN;4;ABR;1,080;20
Pharma - N1;WEB OPTICAS E.I.R.L.;LAGRICEL PF;4;ABR;1,136;20
Pharma - N1;ROJAS VALDIVIA,HUGO;AGGLAD;4;ABR;1,102;20
Pharma - N1;ROJAS VALDIVIA,HUGO;ELIPTIC PF;4;ABR;678;20
Pharma - N1;MONTENEGRO DIAZ ERNESTO ANDRES;FLUMETOL NF;4;ABR;270;6
Pharma - N1;MONTENEGRO DIAZ ERNESTO ANDRES;LAGRICEL PF;4;ABR;573;12
Pharma - N1;PROVISUAL-OFTALMOLOGIA Y SALUD OCULAR E.I.R.L.;FLUMETOL NF;4;ABR;539;12
Pharma - N1;PROVISUAL-OFTALMOLOGIA Y SALUD OCULAR E.I.R.L.;LANDAX;4;ABR;559;12
Pharma - N1;PROVISUAL-OFTALMOLOGIA Y SALUD OCULAR E.I.R.L.;SOPHIPREN;4;ABR;559;12
Pharma - N1;PROVISUAL-OFTALMOLOGIA Y SALUD OCULAR E.I.R.L.;TRAZIDEX U;4;ABR;617;12
Pharma - N1;BENEL PEREZ,DENNY JAVIER;FLUMETOL NF;4;ABR;539;12
Pharma - N2;CACEDA SANCHEZ ELVA ESTHER;AGGLAD;4;ABR;404;6
Pharma - N2;CACEDA SANCHEZ ELVA ESTHER;ELIPTIC PF;4;ABR;305;12
Pharma - N2;CACEDA SANCHEZ ELVA ESTHER;GAAP;4;ABR;525;6
Pharma - N2;CACEDA SANCHEZ ELVA ESTHER;LAGRICEL PF;4;ABR;682;12
Pharma - N2;CACEDA SANCHEZ ELVA ESTHER;TRAZIDEX O;4;ABR;611;12
Pharma - N2;CLINICA DE OJOS LUZ Y VIDA S.A.C.;AGGLAD;4;ABR;673;10
Pharma - N2;CLINICA DE OJOS LUZ Y VIDA S.A.C.;AQUADRAN;4;ABR;810;15
Pharma - N2;CLINICA DE OJOS LUZ Y VIDA S.A.C.;FLUMETOL NF;4;ABR;674;15
Pharma - N2;CLINICA DE OJOS LUZ Y VIDA S.A.C.;LAGRICEL PF;4;ABR;3,408;60
Pharma - N2;CLINICA DE OJOS LUZ Y VIDA S.A.C.;SOPHIPREN;4;ABR;381;10
Pharma - N2;CLINICA DE OJOS LUZ Y VIDA S.A.C.;TRAZIDEX O;4;ABR;1,459;35
Pharma - N2;CLINICA DE OJOS LUZ Y VIDA S.A.C.;TRAZIDEX U;4;ABR;252;6
Pharma - N2;CLINICA SANCHEZ FERRER S A;ELIPTIC;4;ABR;507;20
Pharma - N2;CLINICA SANCHEZ FERRER S A;FLUMETOL NF;4;ABR;591;20
Pharma - N2;CLINICA SANCHEZ FERRER S A;LAGRICEL;4;ABR;676;20
Pharma - N2;CLINICA SANCHEZ FERRER S A;LAGRICEL PF;4;ABR;14,542;400
Pharma - N2;CLINICA SANCHEZ FERRER S A;TRAZIDEX O;4;ABR;690;29
Pharma - N2;CLINICA SANCHEZ FERRER S A;TRAZIDEX U;4;ABR;1,425;50
Pharma - N2;OFTNORT B & S E.I.R.L.;AGGLAD;4;ABR;1,345;20
Pharma - N2;OFTNORT B & S E.I.R.L.;AQUADRAN;4;ABR;1,944;40
Pharma - N2;OFTNORT B & S E.I.R.L.;DUSTALOX;4;ABR;902;20
Pharma - N2;OFTNORT B & S E.I.R.L.;LAGRICEL;4;ABR;1,024;20
Pharma - N2;OMEGAVISION S.A.C;LAGRICEL;4;ABR;1,228;24
Pharma - N2;OMEGAVISION S.A.C;SOPHIPREN;4;ABR;1,016;24
Pharma - N2;INVERSIONES ARISOF E.I.R.L.;ELIPTIC PF;4;ABR;392;6
Pharma - N2;INVERSIONES ARISOF E.I.R.L.;FLUMETOL NF;4;ABR;294;6
Pharma - N2;INVERSIONES ARISOF E.I.R.L.;GAAP;4;ABR;630;6
Pharma - N2;INVERSIONES ARISOF E.I.R.L.;LAGRICEL;4;ABR;798;12
Pharma - N2;INVERSIONES ARISOF E.I.R.L.;LAGRICEL PF;4;ABR;886;12
Pharma - N2;INVERSIONES ARISOF E.I.R.L.;TRAZIDEX O;4;ABR;667;12
Pharma - N2;INVERSIONES ARISOF E.I.R.L.;TRAZIDEX U;4;ABR;673;12
Pharma - N2;INVERSIONES ARISOF E.I.R.L.;ZEBESTEN;4;ABR;321;6
Pharma - N2;CLINICA LIMATAMBO CAJAMARCA S.A.C.;FLUMETOL NF;4;ABR;539;12
Pharma - N2;CLINICA LIMATAMBO CAJAMARCA S.A.C.;LAGRICEL;4;ABR;2,047;40
Pharma - N2;CENTRO MEDICO OFTALMOLOGICO LASER S.R.L;ELIPTIC PF;4;ABR;508;20
Pharma - N2;CENTRO MEDICO OFTALMOLOGICO LASER S.R.L;LAGRICEL;4;ABR;512;10
Pharma - N2;CENTRO MEDICO OFTALMOLOGICO LASER S.R.L;LAGRICEL PF;4;ABR;568;10
Pharma - N2;OFTALMOVISION S.A.C.;AGGLAD;4;ABR;3,668;50
Pharma - N2;OFTALMOVISION S.A.C.;AQUADRAN;4;ABR;1,620;30
Pharma - N2;OFTALMOVISION S.A.C.;ELAR-B;4;ABR;2,588;50
Pharma - N2;OFTALMOVISION S.A.C.;ELIPTIC PF;4;ABR;763;30
Pharma - N2;OFTALMOVISION S.A.C.;FLUMETOL NF;4;ABR;2,123;50
Pharma - N2;OFTALMOVISION S.A.C.;GAAP;4;ABR;2,836;30
Pharma - N2;OFTALMOVISION S.A.C.;LAGRICEL;4;ABR;2,383;50
Pharma - N2;OFTALMOVISION S.A.C.;LAGRICEL PF;4;ABR;9,884;150
Pharma - N2;OFTALMOVISION S.A.C.;TRAZIDEX O;4;ABR;6,251;150
Pharma - N2;OFTALMOVISION S.A.C.;TRAZIDEX U;4;ABR;2,104;50
Pharma - N2;OFTALMOVISION S.A.C.;ZEBESTEN;4;ABR;1,473;30
Pharma - N2;CLINICA DE OJOS OFTALMOCENTER S.A.C.;AQUADRAN;4;ABR;292;6
Pharma - N2;CLINICA DE OJOS OFTALMOCENTER S.A.C.;ELIPTIC PF;4;ABR;153;6
Pharma - N2;CLINICA DE OJOS OFTALMOCENTER S.A.C.;FLUMETOL NF;4;ABR;449;10
Pharma - N2;CLINICA DE OJOS OFTALMOCENTER S.A.C.;SOPHIPREN;4;ABR;1,159;24
Pharma - N2;CLINICA DE OJOS OFTALMOCENTER S.A.C.;TRAZIDEX U;4;ABR;1,029;20
Pharma - N2;BIG PROYECTS S.A.C.;FLUMETOL NF;4;ABR;45;1
Pharma - N2;BIG PROYECTS S.A.C.;LAGRICEL;4;ABR;102;2
Pharma - N2;BIG PROYECTS S.A.C.;LAGRICEL PF;4;ABR;1,193;21
Pharma - N2;BIG PROYECTS S.A.C.;SOPHIPREN;4;ABR;233;5
Pharma - N2;BIG PROYECTS S.A.C.;TRAZIDEX O;4;ABR;357;7
Pharma - N2;BIG PROYECTS S.A.C.;TRAZIDEX U;4;ABR;771;15
Pharma - N2;CENTRO DE ESPECIALIDADES MêDICAS DEL NORTE NEOSALUD SOCIEDAD ANONIMA CERRADA;ELIPTIC PF;4;ABR;1,271;50
Pharma - N2;CENTRO DE ESPECIALIDADES MêDICAS DEL NORTE NEOSALUD SOCIEDAD ANONIMA CERRADA;FLUMETOL NF;4;ABR;539;12
Pharma - N2;CENTRO DE ESPECIALIDADES MêDICAS DEL NORTE NEOSALUD SOCIEDAD ANONIMA CERRADA;GAAP;4;ABR;525;6
Pharma - N2;MEDISALUD GROUP S.R.L.;LAGRICEL PF;4;ABR;341;6
Pharma - N2;MEDISALUD GROUP S.R.L.;TRAZIDEX O;4;ABR;306;6
Pharma - N2;CLINICA PERUANO AMERICANA S.A.;FLUMETOL NF;4;ABR;90;2
Pharma - N2;CLINICA PERUANO AMERICANA S.A.;LAGRICEL;4;ABR;1,024;20
Pharma - N2;MEDICINA DE ESPECIALIDADES SRL;FLUMETOL NF;4;ABR;898;20
Pharma - N2;MEDICINA DE ESPECIALIDADES SRL;GAAP;4;ABR;385;4
Pharma - N2;MEDICINA DE ESPECIALIDADES SRL;LAGRICEL PF;4;ABR;1,136;20
Pharma - N2;MEDICINA DE ESPECIALIDADES SRL;TRAZIDEX O;4;ABR;611;12
Pharma - N2;IMO FARMA E.I.R.L.;ZEBESTEN;4;ABR;589;12
Pharma - N2;POLICLINICO PEDIATRICO DEL NORTE E.I.R.L.;AQUADRAN;4;ABR;540;10
Pharma - N2;POLICLINICO PEDIATRICO DEL NORTE E.I.R.L.;ZEBESTEN;4;ABR;491;10
Pharma - N2;CAVAFARMA E.I.R.L.;LAGRICEL PF;4;ABR;295;4
Pharma - N2;BOTICA IBIS S.A.C.;AGGLAD;4;ABR;275;5
Pharma - N2;BOTICA IBIS S.A.C.;AQUADRAN;4;ABR;324;6
Pharma - N2;BOTICA IBIS S.A.C.;DUSTALOX;4;ABR;271;6
Pharma - N2;BOTICA IBIS S.A.C.;ELAR-B;4;ABR;345;6
Pharma - N2;BOTICA IBIS S.A.C.;ELIPTIC PF;4;ABR;372;10
Pharma - N2;BOTICA IBIS S.A.C.;FLUMETOL NF;4;ABR;225;5
Pharma - N2;BOTICA IBIS S.A.C.;GAAP PF;4;ABR;559;10
Pharma - N2;BOTICA IBIS S.A.C.;LAGRICEL PF;4;ABR;286;6
Pharma - N2;BOTICA IBIS S.A.C.;SOPHIPREN;4;ABR;280;6
Pharma - N2;BOTICA IBIS S.A.C.;ZEBESTEN;4;ABR;245;5
Pharma - N2;SERVICIOS OFTALMOLOGICOS FLORES JAUREGUI S.A.C.;AGGLAD;4;ABR;807;12
Pharma - N2;SERVICIOS OFTALMOLOGICOS FLORES JAUREGUI S.A.C.;ELIPTIC PF;4;ABR;593;20
Pharma - N2;SERVICIOS OFTALMOLOGICOS FLORES JAUREGUI S.A.C.;FLUMETOL NF;4;ABR;898;20
Pharma - N2;SERVICIOS OFTALMOLOGICOS FLORES JAUREGUI S.A.C.;GAAP PF;4;ABR;1,947;24
Pharma - N2;SERVICIOS OFTALMOLOGICOS FLORES JAUREGUI S.A.C.;LAGRICEL;4;ABR;1,382;30
Pharma - N2;SERVICIOS OFTALMOLOGICOS FLORES JAUREGUI S.A.C.;ZEBESTEN;4;ABR;295;6
Pharma - S;CLINICA VALLESUR S.A.;FLUMETOL NF;4;ABR;3,231;75
Pharma - S;CLINICA VALLESUR S.A.;GAAP;4;ABR;368;5
Pharma - S;CLINICA VALLESUR S.A.;LAGRICEL;4;ABR;2,798;50
Pharma - S;CLINICA VALLESUR S.A.;LAGRICEL PF;4;ABR;4,966;100
Pharma - S;CLINICA VALLESUR S.A.;SOPHIPREN;4;ABR;291;8
Pharma - S;CLINICA VALLESUR S.A.;TRAZIDEX O;4;ABR;6,879;183
Pharma - S;CLINICA VALLESUR S.A.;TRAZIDEX U;4;ABR;5,188;96
Pharma - S;LA FUENTE CENTRO DE SALUD INTEGRAL - LA FUENTE;AGGLAD;4;ABR;2,201;40
Pharma - S;LA FUENTE CENTRO DE SALUD INTEGRAL - LA FUENTE;ELIPTIC PF;4;ABR;1,359;40
Pharma - S;LA FUENTE CENTRO DE SALUD INTEGRAL - LA FUENTE;TRAZIDEX O;4;ABR;1,667;40
Pharma - S;LA FUENTE CENTRO DE SALUD INTEGRAL - LA FUENTE;TRAZIDEX U;4;ABR;1,683;40
Pharma - S;CLINICA AREQUIPA SA;AGGLAD;4;ABR;825;15
Pharma - S;CLINICA AREQUIPA SA;AQUADRAN;4;ABR;216;4
Pharma - S;CLINICA AREQUIPA SA;ELAR-B;4;ABR;414;6
Pharma - S;CLINICA AREQUIPA SA;FLUMETOL NF;4;ABR;817;20
Pharma - S;CLINICA AREQUIPA SA;GAAP;4;ABR;630;8
Pharma - S;CLINICA AREQUIPA SA;GAAP PF;4;ABR;750;8
Pharma - S;CLINICA AREQUIPA SA;LAGRICEL;4;ABR;512;10
Pharma - S;CLINICA AREQUIPA SA;LAGRICEL PF;4;ABR;2,727;40
Pharma - S;CLINICA AREQUIPA SA;TRAZIDEX O;4;ABR;1,667;40
Pharma - S;CLINICA AREQUIPA SA;TRAZIDEX U;4;ABR;1,683;40
Pharma - S;ASOCIACION PRO ESPIRITU SANTO;AGGLAD;4;ABR;825;15
Pharma - S;ASOCIACION PRO ESPIRITU SANTO;ELIPTIC PF;4;ABR;510;15
Pharma - S;CENTRO AVANZADO EN CIRUGIA OFTALMOLOGICA CHICATA S.A.C.;FLUMETOL NF;4;ABR;1,021;25
Pharma - S;ANGELES DE LA SALUD;LAGRICEL;4;ABR;51;1
Pharma - S;ANGELES DE LA SALUD;LAGRICEL PF;4;ABR;545;8
Pharma - S;ANGELES DE LA SALUD;TRAZIDEX U;4;ABR;421;10
Pharma - S;OFTALMOSALUD AREQUIPA SAC;AGGLAD;4;ABR;3,302;60
Pharma - S;OFTALMOSALUD AREQUIPA SAC;AQUADRAN;4;ABR;1,620;30
Pharma - S;OFTALMOSALUD AREQUIPA SAC;ELIPTIC PF;4;ABR;1,045;40
Pharma - S;OFTALMOSALUD AREQUIPA SAC;FLUMETOL NF;4;ABR;6,272;160
Pharma - S;OFTALMOSALUD AREQUIPA SAC;GAAP PF;4;ABR;361;5
Pharma - S;OFTALMOSALUD AREQUIPA SAC;LAGRICEL;4;ABR;2,763;60
Pharma - S;OFTALMOSALUD AREQUIPA SAC;LAGRICEL PF;4;ABR;4,090;80
Pharma - S;OFTALMOSALUD AREQUIPA SAC;TRAZIDEX O;4;ABR;3,334;90
Pharma - S;OFTALMOSALUD AREQUIPA SAC;TRAZIDEX U;4;ABR;1,122;30
Pharma - S;CLINICA LA LUZ TACNA S.A.C.;AGGLAD;4;ABR;611;10
Pharma - S;CLINICA LA LUZ TACNA S.A.C.;ELAR-B;4;ABR;173;3
Pharma - S;CLINICA LA LUZ TACNA S.A.C.;ELIPTIC PF;4;ABR;523;10
Pharma - S;CLINICA LA LUZ TACNA S.A.C.;FLUMETOL NF;4;ABR;817;20
Pharma - S;CLINICA LA LUZ TACNA S.A.C.;GAAP;4;ABR;945;12
Pharma - S;SOUTHERN PERU COPPER CORPORATION, SUCURSAL DEL PERÈ;AQUADRAN;4;ABR;1,080;20
Pharma - S;SOUTHERN PERU COPPER CORPORATION, SUCURSAL DEL PERÈ;ELIPTIC PF;4;ABR;914;20
Pharma - S;SOUTHERN PERU COPPER CORPORATION, SUCURSAL DEL PERÈ;GAAP PF;4;ABR;721;10
Pharma - S;SOUTHERN PERU COPPER CORPORATION, SUCURSAL DEL PERÈ;LAGRICEL;4;ABR;17,547;400
Pharma - S;SOUTHERN PERU COPPER CORPORATION, SUCURSAL DEL PERÈ;TRAZIDEX U;4;ABR;1,842;50
Pharma - S;MEDICOS ASOCIADOS CUSCO SOCIEDAD ANONIMA - MAC S.A.;TRAZIDEX O;4;ABR;500;12
Pharma - S;MEDICOS ASOCIADOS CUSCO SOCIEDAD ANONIMA - MAC S.A.;TRAZIDEX U;4;ABR;1,683;40
Pharma - S;OCUSALUD SOCIEDAD COMERCIAL DE RESPONSABILIDAD LIMITADA;TRAZIDEX O;4;ABR;500;12
Pharma - S;OCUSALUD SOCIEDAD COMERCIAL DE RESPONSABILIDAD LIMITADA;TRAZIDEX U;4;ABR;505;12
Pharma - S;RETINA LASER EMPRESA INDIVIDUAL DE RESPONSABILIDAD LIMITADA;AQUADRAN;4;ABR;1,296;24
Pharma - S;RETINA LASER EMPRESA INDIVIDUAL DE RESPONSABILIDAD LIMITADA;LAGRICEL PF;4;ABR;1,431;30
Pharma - S;RETINA LASER EMPRESA INDIVIDUAL DE RESPONSABILIDAD LIMITADA;SOPHIPREN;4;ABR;1,271;30
Pharma - S;RETINA LASER EMPRESA INDIVIDUAL DE RESPONSABILIDAD LIMITADA;TRAZIDEX U;4;ABR;1,262;30
Pharma - S;SOTO MENDOZA,FERNANDO GUSTAVO;AGGLAD;4;ABR;550;10
Pharma - S;SOTO MENDOZA,FERNANDO GUSTAVO;ELIPTIC PF;4;ABR;340;10
Pharma - S;SOTO MENDOZA,FERNANDO GUSTAVO;LAGRICEL;4;ABR;512;10
Pharma - S;SOTO MENDOZA,FERNANDO GUSTAVO;LAGRICEL PF;4;ABR;954;20
Pharma - S;SOTO MENDOZA,FERNANDO GUSTAVO;TRAZIDEX O;4;ABR;250;6
Pharma - S;SOTO MENDOZA,FERNANDO GUSTAVO;TRAZIDEX U;4;ABR;252;6
Pharma - S;ASOC.PAST.SERV.MEDICO ASIST.JULIACA IASD;LAGRICEL PF;4;ABR;1,145;24
Pharma - S;SERVICIOS HAMPI PERU SOCIEDAD ANONIMA CERRADA;AQUADRAN;4;ABR;540;10
Pharma - S;SERVICIOS HAMPI PERU SOCIEDAD ANONIMA CERRADA;FLUMETOL NF;4;ABR;2,042;50
Pharma - S;SERVICIOS HAMPI PERU SOCIEDAD ANONIMA CERRADA;TRAZIDEX U;4;ABR;234;5
Pharma - S;MUCHICA CALCINA SONIA VERONICA;FLUMETOL NF;4;ABR;817;20
Pharma - S;MUCHICA CALCINA SONIA VERONICA;SOPHIPREN;4;ABR;424;10
Pharma - Z1;ADMINISTRADORA CLINICA RICARDO PALMA S.A.;AGGLAD;4;ABR;7,535;220
Pharma - Z1;ADMINISTRADORA CLINICA RICARDO PALMA S.A.;ELIPTIC;4;ABR;7,090;430
Pharma - Z1;ADMINISTRADORA CLINICA RICARDO PALMA S.A.;FLUMETOL NF;4;ABR;9,585;240
Pharma - Z1;ADMINISTRADORA CLINICA RICARDO PALMA S.A.;LAGRICEL;4;ABR;10,243;450
Pharma - Z1;ADMINISTRADORA CLINICA RICARDO PALMA S.A.;SOPHIPREN;4;ABR;5,633;190
Pharma - Z1;ADMINISTRADORA CLINICA RICARDO PALMA S.A.;TRAZIDEX U;4;ABR;9,313;280
Pharma - Z1;ARBRAYSS LASER S.R.L;AGGLAD;4;ABR;1,651;30
Pharma - Z1;ARBRAYSS LASER S.R.L;AQUADRAN;4;ABR;810;15
Pharma - Z1;ARBRAYSS LASER S.R.L;ELAR-B;4;ABR;1,150;20
Pharma - Z1;ARBRAYSS LASER S.R.L;FLUMETOL NF;4;ABR;368;10
Pharma - Z1;ARBRAYSS LASER S.R.L;GAAP;4;ABR;394;5
Pharma - Z1;ARBRAYSS LASER S.R.L;GAAP PF;4;ABR;3,606;40
Pharma - Z1;ARBRAYSS LASER S.R.L;LAGRICEL PF;4;ABR;1,988;35
Pharma - Z1;ARBRAYSS LASER S.R.L;TRAZIDEX O;4;ABR;1,459;35
Pharma - Z1;ARBRAYSS LASER S.R.L;TRAZIDEX U;4;ABR;1,473;35
Pharma - Z1;ARBRAYSS LASER S.R.L;ZEBESTEN;4;ABR;1,227;25
Pharma - Z1;BRITISH AMERICAN HOSPITAL S.A.;AQUADRAN;4;ABR;864;16
Pharma - Z1;BRITISH AMERICAN HOSPITAL S.A.;ELIPTIC PF;4;ABR;888;17
Pharma - Z1;BRITISH AMERICAN HOSPITAL S.A.;TRAZIDEX O;4;ABR;903;15
Pharma - Z1;CENTRO DE CATARATA Y LASER E.I.R.L.;AQUADRAN;4;ABR;486;10
Pharma - Z1;CENTRO DE CATARATA Y LASER E.I.R.L.;ELIPTIC;4;ABR;254;10
Pharma - Z1;CENTRO DE CATARATA Y LASER E.I.R.L.;FLUMETOL NF;4;ABR;449;10
Pharma - Z1;CENTRO DE CATARATA Y LASER E.I.R.L.;GAAP;4;ABR;1,996;30
Pharma - Z1;CENTRO DE CATARATA Y LASER E.I.R.L.;LAGRICEL;4;ABR;1,535;30
Pharma - Z1;CENTRO DE CATARATA Y LASER E.I.R.L.;LAGRICEL PF;4;ABR;4,294;90
Pharma - Z1;CENTRO DE CATARATA Y LASER E.I.R.L.;SOPHIPREN;4;ABR;508;12
Pharma - Z1;CENTRO DE CATARATA Y LASER E.I.R.L.;TRAZIDEX O;4;ABR;2,917;90
Pharma - Z1;CENTRO DE CATARATA Y LASER E.I.R.L.;TRAZIDEX U;4;ABR;842;20
Pharma - Z1;DROGUERIA ANGLOAMERICANA S.A.C.;AGGLAD;4;ABR;611;10
Pharma - Z1;DROGUERIA ANGLOAMERICANA S.A.C.;FLUMETOL NF;4;ABR;1,372;28
Pharma - Z1;DROGUERIA ANGLOAMERICANA S.A.C.;GAAP;4;ABR;2,626;25
Pharma - Z1;DROGUERIA ANGLOAMERICANA S.A.C.;GAAP PF;4;ABR;1,829;20
Pharma - Z1;DROGUERIA ANGLOAMERICANA S.A.C.;LAGRICEL;4;ABR;2,763;45
Pharma - Z1;DROGUERIA ANGLOAMERICANA S.A.C.;TRAZIDEX O;4;ABR;1,866;31
Pharma - Z1;ESPECIALIDADES MEDICAS UNIVERSAL S.A.;AGGLAD;4;ABR;245;4
Pharma - Z1;ESPECIALIDADES MEDICAS UNIVERSAL S.A.;GAAP PF;4;ABR;361;4
Pharma - Z1;FARMA SOLUTIONS E.I.R.L.;AQUADRAN;4;ABR;432;8
Pharma - Z1;FARMA SOLUTIONS E.I.R.L.;LAGRICEL PF;4;ABR;625;10
Pharma - Z1;FARMA SOLUTIONS E.I.R.L.;LANDAX;4;ABR;1,398;30
Pharma - Z1;FARMA SOLUTIONS E.I.R.L.;TRAZIDEX O;4;ABR;1,250;30
Pharma - Z1;FARMA SOLUTIONS E.I.R.L.;TRAZIDEX U;4;ABR;421;10
Pharma - Z1;INSTITUTOS OFTALMOLOGICOS ESPECIALIZADOS DR.CARLOS WONG CAM S.A.C;AGGLAD;4;ABR;1,101;20
Pharma - Z1;INSTITUTOS OFTALMOLOGICOS ESPECIALIZADOS DR.CARLOS WONG CAM S.A.C;AQUADRAN;4;ABR;540;10
Pharma - Z1;INSTITUTOS OFTALMOLOGICOS ESPECIALIZADOS DR.CARLOS WONG CAM S.A.C;ELIPTIC;4;ABR;317;10
Pharma - Z1;INSTITUTOS OFTALMOLOGICOS ESPECIALIZADOS DR.CARLOS WONG CAM S.A.C;FLUMETOL NF;4;ABR;898;20
Pharma - Z1;INSTITUTOS OFTALMOLOGICOS ESPECIALIZADOS DR.CARLOS WONG CAM S.A.C;GAAP;4;ABR;6,258;65
Pharma - Z1;INSTITUTOS OFTALMOLOGICOS ESPECIALIZADOS DR.CARLOS WONG CAM S.A.C;LAGRICEL;4;ABR;2,129;40
Pharma - Z1;INSTITUTOS OFTALMOLOGICOS ESPECIALIZADOS DR.CARLOS WONG CAM S.A.C;LAGRICEL PF;4;ABR;5,749;110
Pharma - Z1;INSTITUTOS OFTALMOLOGICOS ESPECIALIZADOS DR.CARLOS WONG CAM S.A.C;SOPHIPREN;4;ABR;2,562;55
Pharma - Z1;INSTITUTOS OFTALMOLOGICOS ESPECIALIZADOS DR.CARLOS WONG CAM S.A.C;TRAZIDEX O;4;ABR;2,315;50
Pharma - Z1;INSTITUTOS OFTALMOLOGICOS ESPECIALIZADOS DR.CARLOS WONG CAM S.A.C;TRAZIDEX U;4;ABR;6,078;130
Pharma - Z1;INSTITUTOS OFTALMOLOGICOS ESPECIALIZADOS DR.CARLOS WONG CAM S.A.C;ZEBESTEN;4;ABR;982;20
Pharma - Z1;LA ESPERANZA DEL PERU S A;AGGLAD;4;ABR;1,242;32
Pharma - Z1;LA ESPERANZA DEL PERU S A;ELIPTIC PF;4;ABR;470;18
Pharma - Z1;LA ESPERANZA DEL PERU S A;FLUMETOL NF;4;ABR;798;27
Pharma - Z1;LA ESPERANZA DEL PERU S A;GAAP PF;4;ABR;1,991;48
Pharma - Z1;LA ESPERANZA DEL PERU S A;TRAZIDEX U;4;ABR;570;20
Pharma - Z1;MACULA D & T S.R.L.;AGGLAD;4;ABR;814;18
Pharma - Z1;MACULA D & T S.R.L.;AQUADRAN;4;ABR;1,890;35
Pharma - Z1;MACULA D & T S.R.L.;ELIPTIC;4;ABR;616;18
Pharma - Z1;MACULA D & T S.R.L.;ELIPTIC PF;4;ABR;106;3
Pharma - Z1;MACULA D & T S.R.L.;FLUMETOL NF;4;ABR;490;10
Pharma - Z1;MACULA D & T S.R.L.;GAAP;4;ABR;1,812;23
Pharma - Z1;MACULA D & T S.R.L.;GAAP PF;4;ABR;1,533;17
Pharma - Z1;MACULA D & T S.R.L.;LAGRICEL;4;ABR;844;15
Pharma - Z1;MACULA D & T S.R.L.;LAGRICEL PF;4;ABR;5,311;85
Pharma - Z1;MACULA D & T S.R.L.;SOPHIPREN;4;ABR;508;10
Pharma - Z1;MACULA D & T S.R.L.;TRAZIDEX O;4;ABR;1,088;25
Pharma - Z1;MACULA D & T S.R.L.;TRAZIDEX U;4;ABR;1,099;25
Pharma - Z1;MACULA D & T S.R.L.;ZEBESTEN;4;ABR;491;10
Pharma - Z1;OFTALMEDICA SUR S.A.C.;AGGLAD;4;ABR;1,211;22
Pharma - Z1;OFTALMEDICA SUR S.A.C.;ELAR-B;4;ABR;1,150;25
Pharma - Z1;OFTALMEDICA SUR S.A.C.;ELIPTIC;4;ABR;533;21
Pharma - Z1;OFTALMEDICA SUR S.A.C.;FLUMETOL NF;4;ABR;478;13
Pharma - Z1;OFTALMEDICA SUR S.A.C.;GAAP;4;ABR;1,024;13
Pharma - Z1;OFTALMEDICA SUR S.A.C.;SOPHIPREN;4;ABR;381;10
Pharma - Z1;OFTALMEDICA SUR S.A.C.;TRAZIDEX O;4;ABR;1,375;33
Pharma - Z1;OFTALMEDICA SUR S.A.C.;TRAZIDEX U;4;ABR;337;8
Pharma - Z1;OFTALMICA S.A.C.;AGGLAD;4;ABR;2,201;45
Pharma - Z1;OFTALMICA S.A.C.;AQUADRAN;4;ABR;1,620;30
Pharma - Z1;OFTALMICA S.A.C.;ELAR-B;4;ABR;776;15
Pharma - Z1;OFTALMICA S.A.C.;ELIPTIC;4;ABR;571;15
Pharma - Z1;OFTALMICA S.A.C.;ELIPTIC PF;4;ABR;588;15
Pharma - Z1;OFTALMICA S.A.C.;FLUMETOL NF;4;ABR;1,086;35
Pharma - Z1;OFTALMICA S.A.C.;GAAP PF;4;ABR;3,246;45
Pharma - Z1;OFTALMICA S.A.C.;LAGRICEL;4;ABR;2,047;50
Pharma - Z1;OFTALMICA S.A.C.;LAGRICEL PF;4;ABR;2,812;55
Pharma - Z1;OFTALMICA S.A.C.;SOPHIPREN;4;ABR;572;15
Pharma - Z1;OFTALMICA S.A.C.;TRAZIDEX O;4;ABR;2,964;80
Pharma - Z1;OFTALMICA S.A.C.;TRAZIDEX U;4;ABR;2,570;80
Pharma - Z1;PROMOTORA ASISTENCIAL S.A.C CLINICA LIMATAMBO - PROMOSA SAC CLINICA LIMATAMBO;DUSTALOX;4;ABR;164;4
Pharma - Z1;PROMOTORA ASISTENCIAL S.A.C CLINICA LIMATAMBO - PROMOSA SAC CLINICA LIMATAMBO;FLUMETOL NF;4;ABR;221;6
Pharma - Z1;PROMOTORA ASISTENCIAL S.A.C CLINICA LIMATAMBO - PROMOSA SAC CLINICA LIMATAMBO;GAAP;4;ABR;551;7
Pharma - Z1;PROMOTORA ASISTENCIAL S.A.C CLINICA LIMATAMBO - PROMOSA SAC CLINICA LIMATAMBO;LAGRICEL;4;ABR;921;20
Pharma - Z1;SISTEMAS DE ADMINISTRACION HOSPITALARIA S.A.C.;AGGLAD;4;ABR;4,737;122
Pharma - Z1;SISTEMAS DE ADMINISTRACION HOSPITALARIA S.A.C.;ELIPTIC;4;ABR;1,446;57
Pharma - Z1;SISTEMAS DE ADMINISTRACION HOSPITALARIA S.A.C.;ELIPTIC PF;4;ABR;2,613;100
Pharma - Z1;SISTEMAS DE ADMINISTRACION HOSPITALARIA S.A.C.;FLUMETOL NF;4;ABR;4,494;152
Pharma - Z1;SISTEMAS DE ADMINISTRACION HOSPITALARIA S.A.C.;GAAP PF;4;ABR;1,120;27
Pharma - Z1;SISTEMAS DE ADMINISTRACION HOSPITALARIA S.A.C.;LAGRICEL;4;ABR;18,408;545
Pharma - Z1;SISTEMAS DE ADMINISTRACION HOSPITALARIA S.A.C.;LAGRICEL PF;4;ABR;3,926;108
Pharma - Z1;SISTEMAS DE ADMINISTRACION HOSPITALARIA S.A.C.;TRAZIDEX O;4;ABR;2,975;125
Pharma - Z1;SISTEMAS DE ADMINISTRACION HOSPITALARIA S.A.C.;TRAZIDEX U;4;ABR;6,584;231
Pharma - Z1;SISTEMAS DE ADMINISTRACION HOSPITALARIA S.A.C.;ZEBESTEN;4;ABR;393;8
Pharma - Z1;TG LASER OFTALMICA SA;AGGLAD;4;ABR;2,018;30
Pharma - Z1;TG LASER OFTALMICA SA;DUSTALOX;4;ABR;226;5
Pharma - Z1;TG LASER OFTALMICA SA;ELIPTIC;4;ABR;1,268;20
Pharma - Z1;TG LASER OFTALMICA SA;ELIPTIC PF;4;ABR;261;5
Pharma - Z1;TG LASER OFTALMICA SA;FLUMETOL NF;4;ABR;898;20
Pharma - Z1;TG LASER OFTALMICA SA;GAAP;4;ABR;4,814;50
Pharma - Z1;TG LASER OFTALMICA SA;GAAP PF;4;ABR;451;5
Pharma - Z1;TG LASER OFTALMICA SA;LAGRICEL;4;ABR;1,126;20
Pharma - Z1;TG LASER OFTALMICA SA;LAGRICEL PF;4;ABR;1,363;20
Pharma - Z1;TG LASER OFTALMICA SA;SOPHIPREN;4;ABR;466;10
Pharma - Z1;TG LASER OFTALMICA SA;ZEBESTEN;4;ABR;491;10
Pharma - Z1;VESALIO S.A.;GAAP PF;4;ABR;1,623;18
Pharma - Z1;VESALIO S.A.;LAGRICEL;4;ABR;497;12
Pharma - Z1;A & E SERVICIOS MEDICOS S.A.C.;AGGLAD;4;ABR;367;6
Pharma - Z1;A & E SERVICIOS MEDICOS S.A.C.;ELIPTIC PF;4;ABR;180;6
Pharma - Z1;A & E SERVICIOS MEDICOS S.A.C.;GAAP PF;4;ABR;541;6
Pharma - Z1;A & E SERVICIOS MEDICOS S.A.C.;LAGRICEL PF;4;ABR;341;6
Pharma - Z1;A & E SERVICIOS MEDICOS S.A.C.;SOPHIPREN;4;ABR;254;6
Pharma - Z1;A & E SERVICIOS MEDICOS S.A.C.;ZEBESTEN;4;ABR;295;6
Pharma - Z1;ONCOCENTER PERU S.A.C.;TRAZIDEX U;4;ABR;1,262;30
Pharma - Z1;CLINICA SAN PABLO S.A.C.;AQUADRAN;4;ABR;54;1
Pharma - Z1;CLINICA SAN PABLO S.A.C.;FLUMETOL NF;4;ABR;255;9
Pharma - Z1;CLINICA SAN PABLO S.A.C.;GAAP;4;ABR;404;6
Pharma - Z1;CLINICA SAN PABLO S.A.C.;LAGRICEL;4;ABR;1,684;50
Pharma - Z1;CONGREGACION HIJAS DE SAN CAMILO;SOPHIPREN;4;ABR;953;25
Pharma - Z1;CONGREGACION HIJAS DE SAN CAMILO;TRAZIDEX O;4;ABR;796;20
Pharma - Z1;CONGREGACION HIJAS DE SAN CAMILO;TRAZIDEX U;4;ABR;804;20
Pharma - Z1;H & G VISION MEDICAL ASOCIADOS S.R.L.;LANDAX;4;ABR;140;3
Pharma - Z1;H & G VISION MEDICAL ASOCIADOS S.R.L.;TRAZIDEX O;4;ABR;139;3
Pharma - Z1;H & G VISION MEDICAL ASOCIADOS S.R.L.;TRAZIDEX U;4;ABR;281;6
Pharma - Z1;MEDICINA EXTERNA S A MEDEX;AGGLAD;4;ABR;1,749;22
Pharma - Z1;MEDICINA EXTERNA S A MEDEX;FLUMETOL NF;4;ABR;114;2
Pharma - Z1;MEDICINA EXTERNA S A MEDEX;GAAP;4;ABR;840;8
Pharma - Z1;MEDICINA EXTERNA S A MEDEX;LAGRICEL;4;ABR;512;10
Pharma - Z1;MEDICINA EXTERNA S A MEDEX;TRAZIDEX O;4;ABR;417;9
Pharma - Z1;MEDICINA EXTERNA S A MEDEX;TRAZIDEX U;4;ABR;1,122;20
Pharma - Z1;OFTALMIC SERVICE SAC;LAGRICEL PF;4;ABR;2,386;50
Pharma - Z1;PROVISION 2000 S.A.C.;AGGLAD;4;ABR;2,935;48
Pharma - Z1;PROVISION 2000 S.A.C.;AQUADRAN;4;ABR;1,296;24
Pharma - Z1;PROVISION 2000 S.A.C.;GAAP;4;ABR;3,151;36
Pharma - Z1;PROVISION 2000 S.A.C.;TRAZIDEX O;4;ABR;1,000;24
Pharma - Z1;PROVISION 2000 S.A.C.;TRAZIDEX U;4;ABR;1,010;24
Pharma - Z1;INSTITUTO OFTALMOSALUD SOCIEDAD ANONIMA CERRADA;FLUMETOL NF;4;ABR;16,334;400
Pharma - Z1;HC MEDICAL GROUP S.A.C.;TRAZIDEX U;4;ABR;561;15
Pharma - Z1;OPTICASUNO S.A.C.;AGGLAD;4;ABR;550;10
Pharma - Z1;OPTICASUNO S.A.C.;AQUADRAN;4;ABR;486;10
Pharma - Z1;OPTICASUNO S.A.C.;ELIPTIC PF;4;ABR;418;10
Pharma - Z1;OPTICASUNO S.A.C.;FLUMETOL NF;4;ABR;8,167;200
Pharma - Z1;OPTICASUNO S.A.C.;GAAP PF;4;ABR;451;5
Pharma - Z1;OPTICASUNO S.A.C.;LAGRICEL;4;ABR;13,306;260
Pharma - Z1;OPTICASUNO S.A.C.;LANDAX;4;ABR;5,500;200
Pharma - Z1;OPTICASUNO S.A.C.;SOPHIPREN;4;ABR;1,694;40
Pharma - Z1;VALEVISION S.A.C.;LAGRICEL PF;4;ABR;477;10
Pharma - Z1;VALEVISION S.A.C.;TRAZIDEX U;4;ABR;468;10
Pharma - Z1;SERVICIOS DE SALUD MONTEFIORI SAC;AGGLAD;4;ABR;330;6
Pharma - Z1;SERVICIOS DE SALUD MONTEFIORI SAC;FLUMETOL NF;4;ABR;735;18
Pharma - Z1;QUALITY VISION SOCIEDAD ANONIMA CERRADA;AGGLAD;4;ABR;550;10
Pharma - Z1;QUALITY VISION SOCIEDAD ANONIMA CERRADA;ELIPTIC PF;4;ABR;287;10
Pharma - Z1;QUALITY VISION SOCIEDAD ANONIMA CERRADA;GAAP PF;4;ABR;541;10
Pharma - Z1;QUALITY VISION SOCIEDAD ANONIMA CERRADA;LAGRICEL PF;4;ABR;682;12
Pharma - Z1;QUALITY VISION SOCIEDAD ANONIMA CERRADA;TRAZIDEX O;4;ABR;500;12
Pharma - Z1;QUALITY VISION SOCIEDAD ANONIMA CERRADA;TRAZIDEX U;4;ABR;1,010;24
Pharma - Z1;CENTRO DE ESPECIALIDADES OFTALMOLOGICAS ALLIN QAWAY E.I.R.L.;AGGLAD;4;ABR;550;10
Pharma - Z1;CENTRO DE ESPECIALIDADES OFTALMOLOGICAS ALLIN QAWAY E.I.R.L.;ELIPTIC PF;4;ABR;379;10
Pharma - Z1;CENTRO DE ESPECIALIDADES OFTALMOLOGICAS ALLIN QAWAY E.I.R.L.;GAAP PF;4;ABR;902;10
Pharma - Z1;CENTRO DE ESPECIALIDADES OFTALMOLOGICAS ALLIN QAWAY E.I.R.L.;LAGRICEL PF;4;ABR;954;20
Pharma - Z1;CENTRO DE ESPECIALIDADES OFTALMOLOGICAS ALLIN QAWAY E.I.R.L.;TRAZIDEX O;4;ABR;926;20
Pharma - Z1;OJOS LASER OPHTHALMIC S.A.C;LAGRICEL PF;4;ABR;34,083;1,000
Pharma - Z1;CORPORACION SURCO SALUD E.I.R.L.;AQUADRAN;4;ABR;2,160;40
Pharma - Z1;CORPORACION SURCO SALUD E.I.R.L.;LAGRICEL PF;4;ABR;2,556;50
Pharma - Z1;CORPORACION SURCO SALUD E.I.R.L.;LANDAX;4;ABR;2,097;50
Pharma - Z1;CORPORACION SURCO SALUD E.I.R.L.;TRAZIDEX U;4;ABR;1,543;30
Pharma - Z1;CENTRO OPTICO OPTIMA VISION EIRL;AQUADRAN;4;ABR;324;6
Pharma - Z1;CENTRO OPTICO OPTIMA VISION EIRL;GAAP PF;4;ABR;1,082;12
Pharma - Z1;CENTRO OPTICO OPTIMA VISION EIRL;LAGRICEL PF;4;ABR;341;6
Pharma - Z1;CENTRO OPTICO OPTIMA VISION EIRL;TRAZIDEX U;4;ABR;561;12
Pharma - Z1;CENTRO OPTICO OPTIMA VISION EIRL;ZEBESTEN;4;ABR;295;6
Pharma - Z1;EXPERT VISION OFTALMOLOGIA ESPECIALIZADA S.A.C.;GAAP PF;4;ABR;822;12
Pharma - Z1;VISION AF VEGA E.I.R.L.;FLUMETOL NF;4;ABR;1,838;50
Pharma - Z1;CLINICA OFTALMO VIDA S.A.C.;AQUADRAN;4;ABR;270;5
Pharma - Z1;OFTALMO VISSUM SOCIEDAD ANONIMA CERRADA;AGGLAD;4;ABR;1,101;20
Pharma - Z1;OFTALMO VISSUM SOCIEDAD ANONIMA CERRADA;AQUADRAN;4;ABR;1,944;40
Pharma - Z1;OFTALMO VISSUM SOCIEDAD ANONIMA CERRADA;ELAR-B;4;ABR;575;10
Pharma - Z1;OFTALMO VISSUM SOCIEDAD ANONIMA CERRADA;ELIPTIC PF;4;ABR;679;20
Pharma - Z1;OFTALMO VISSUM SOCIEDAD ANONIMA CERRADA;FLUMETOL NF;4;ABR;449;10
Pharma - Z1;OFTALMO VISSUM SOCIEDAD ANONIMA CERRADA;GAAP PF;4;ABR;902;10
Pharma - Z1;OFTALMO VISSUM SOCIEDAD ANONIMA CERRADA;LAGRICEL PF;4;ABR;11,929;250
Pharma - Z1;OFTALMO VISSUM SOCIEDAD ANONIMA CERRADA;SOPHIPREN;4;ABR;1,118;30
Pharma - Z1;OFTALMO VISSUM SOCIEDAD ANONIMA CERRADA;TRAZIDEX U;4;ABR;337;8
Pharma - Z1;BUENA VISTA Y SALUD E.I.R.L.;FLUMETOL NF;4;ABR;408;10
Pharma - Z1;OFTALMOS SAC;AGGLAD;4;ABR;1,223;20
Pharma - Z1;OFTALMOS SAC;ELIPTIC PF;4;ABR;653;20
Pharma - Z1;OFTALMOS SAC;LAGRICEL;4;ABR;144;3
Pharma - Z1;OFTALMOS SAC;ZEBESTEN;4;ABR;946;20
Pharma - Z1;INSTITUTO DE OJOS PRIMAVERA S.R.L.;AGGLAD;4;ABR;330;6
Pharma - Z1;INSTITUTO DE OJOS PRIMAVERA S.R.L.;ELIPTIC PF;4;ABR;314;6
Pharma - Z1;INSTITUTO DE OJOS PRIMAVERA S.R.L.;LAGRICEL;4;ABR;184;4
Pharma - Z1;INSTITUTO DE OJOS PRIMAVERA S.R.L.;TRAZIDEX U;4;ABR;252;6
Pharma - Z1;OFTALMO MEDICAL CENTER S.A.C.;FLUMETOL NF;4;ABR;408;10
Pharma - Z1;OFTALMO MEDICAL CENTER S.A.C.;LAGRICEL PF;4;ABR;954;20
Pharma - Z1;OFTALMO MEDICAL CENTER S.A.C.;SOPHIPREN;4;ABR;1,906;50
Pharma - Z1;OFTALMO MEDICAL CENTER S.A.C.;TRAZIDEX O;4;ABR;463;10
Pharma - Z1;OFTALMO MEDICAL CENTER S.A.C.;TRAZIDEX U;4;ABR;468;10
Pharma - Z1;OFTALMO MEDICAL CENTER S.A.C.;ZEBESTEN;4;ABR;245;5
Pharma - Z1;OFTALMOVISTA EIRL;DUSTALOX;4;ABR;1,231;30
Pharma - Z1;OFTALMOVISTA EIRL;LAGRICEL PF;4;ABR;2,386;50
Pharma - Z1;OFTALMOVISTA EIRL;SOPHIPREN;4;ABR;1,143;30
Pharma - Z1;OFTALMOVISTA EIRL;TRAZIDEX U;4;ABR;1,870;40
Pharma - Z1;CORPORACION IBEROAMERICANA DE SALUD E.I.R.L.;LAGRICEL PF;4;ABR;818;12
Pharma - Z1;SUCARI JAEN JOSE CARLOS;FLUMETOL NF;4;ABR;408;10
Pharma - Z1;SUCARI JAEN JOSE CARLOS;GAAP PF;4;ABR;811;15
Pharma - Z1;SUCARI JAEN JOSE CARLOS;LAGRICEL PF;4;ABR;954;20
Pharma - Z1;SUCARI JAEN JOSE CARLOS;TRAZIDEX O;4;ABR;926;20
Pharma - Z1;APM SERVICES S.A.C;FLUMETOL NF;4;ABR;4,084;100
Pharma - Z1;RIDOUTT  SANCHEZ PATRICIA ELIZABETH;AGGLAD;4;ABR;55;1
Pharma - Z1;CLINICA CORAZON DE JESUS SAC.;AGGLAD;4;ABR;660;12
Pharma - Z1;CLINICA CORAZON DE JESUS SAC.;ELIPTIC PF;4;ABR;408;12
Pharma - Z1;CLINICA CORAZON DE JESUS SAC.;GAAP PF;4;ABR;325;6
Pharma - Z1;ZANS LY JHON EDUARDO;AGGLAD;4;ABR;611;10
Pharma - Z1;ZANS LY JHON EDUARDO;AQUADRAN;4;ABR;540;10
Pharma - Z1;OPTICAS STEREOPSIS S.R.L.;AQUADRAN;4;ABR;1,620;30
Pharma - Z1;OPTICAS STEREOPSIS S.R.L.;FLUMETOL NF;4;ABR;613;15
Pharma - Z1;OPTICAS STEREOPSIS S.R.L.;LANDAX;4;ABR;699;15
Pharma - Z1;PREMIUM OPHTHALMIC EMPRESA INDIVIDUAL DE RESPONSABILIDAD LIMITADA;LANDAX;4;ABR;47;1
Pharma - Z1;PREMIUM OPHTHALMIC EMPRESA INDIVIDUAL DE RESPONSABILIDAD LIMITADA;SOPHIPREN;4;ABR;42;1
Pharma - Z1;SERVICIOS ESPECIALIZADOS EN SALUD VISUAL E.I.R.L.;AGGLAD;4;ABR;275;5
Pharma - Z1;SERVICIOS ESPECIALIZADOS EN SALUD VISUAL E.I.R.L.;ELIPTIC PF;4;ABR;163;5
Pharma - Z1;SERVICIOS ESPECIALIZADOS EN SALUD VISUAL E.I.R.L.;GAAP PF;4;ABR;270;5
Pharma - Z2;ASOC. PASTORAL DE SERVICIOS MEDICO ASISTENCIALES GOOD HOPE DE LA IGLESIA ADVENTISTA DEL SEPTIMO DIA;AGGLAD;4;ABR;1,315;25
Pharma - Z2;ASOC. PASTORAL DE SERVICIOS MEDICO ASISTENCIALES GOOD HOPE DE LA IGLESIA ADVENTISTA DEL SEPTIMO DIA;DUSTALOX;4;ABR;226;5
Pharma - Z2;ASOC. PASTORAL DE SERVICIOS MEDICO ASISTENCIALES GOOD HOPE DE LA IGLESIA ADVENTISTA DEL SEPTIMO DIA;ELIPTIC PF;4;ABR;1,176;30
Pharma - Z2;ASOC. PASTORAL DE SERVICIOS MEDICO ASISTENCIALES GOOD HOPE DE LA IGLESIA ADVENTISTA DEL SEPTIMO DIA;FLUMETOL NF;4;ABR;2,042;50
Pharma - Z2;ASOC. PASTORAL DE SERVICIOS MEDICO ASISTENCIALES GOOD HOPE DE LA IGLESIA ADVENTISTA DEL SEPTIMO DIA;LAGRICEL PF;4;ABR;23,006;450
Pharma - Z2;ASOC. PASTORAL DE SERVICIOS MEDICO ASISTENCIALES GOOD HOPE DE LA IGLESIA ADVENTISTA DEL SEPTIMO DIA;TRAZIDEX O;4;ABR;6,770;170
Pharma - Z2;CENTRO OFTALMOLOGICO DR. GERONIMO EIRL;AQUADRAN;4;ABR;1,296;24
Pharma - Z2;CENTRO OFTALMOLOGICO DR. GERONIMO EIRL;ELIPTIC PF;4;ABR;392;12
Pharma - Z2;CENTRO OFTALMOLOGICO DR. GERONIMO EIRL;GAAP PF;4;ABR;902;10
Pharma - Z2;CENTRO OFTALMOLOGICO DR. GERONIMO EIRL;LAGRICEL PF;4;ABR;682;12
Pharma - Z2;CLINICA INTERNACIONAL S A;AGGLAD;4;ABR;5,555;139
Pharma - Z2;CLINICA INTERNACIONAL S A;FLUMETOL NF;4;ABR;4,981;180
Pharma - Z2;CLINICA INTERNACIONAL S A;GAAP;4;ABR;1,288;32
Pharma - Z2;CLINICA INTERNACIONAL S A;GAAP PF;4;ABR;619;15
Pharma - Z2;CLINICA INTERNACIONAL S A;LAGRICEL;4;ABR;18,047;550
Pharma - Z2;CLINICA INTERNACIONAL S A;SOPHIPREN;4;ABR;2,987;110
Pharma - Z2;CLINICA INTERNACIONAL S A;TRAZIDEX U;4;ABR;16,725;630
Pharma - Z2;DOCTOR + S.A.C.;AGGLAD;4;ABR;233;6
Pharma - Z2;DOCTOR + S.A.C.;ELIPTIC PF;4;ABR;209;8
Pharma - Z2;DOCTOR + S.A.C.;GAAP;4;ABR;1,513;27
Pharma - Z2;DOCTOR + S.A.C.;GAAP PF;4;ABR;415;10
Pharma - Z2;DOCTOR + S.A.C.;LAGRICEL;4;ABR;2,533;75
Pharma - Z2;DOCTOR + S.A.C.;LAGRICEL PF;4;ABR;873;24
Pharma - Z2;INSTITUTO MEDICO QUIRURGICO AREQUIPA S.A;LAGRICEL PF;4;ABR;3,976;70
Pharma - Z2;INVERSIONES MULTIMEDIC S.A.C.;FLUMETOL NF;4;ABR;2,450;60
Pharma - Z2;INVERSIONES MULTIMEDIC S.A.C.;TRAZIDEX O;4;ABR;2,778;60
Pharma - Z2;MEDIC SER S.A.C.;FLUMETOL NF;4;ABR;4,085;98
Pharma - Z2;MEDIC SER S.A.C.;GAAP;4;ABR;4,485;61
Pharma - Z2;MEDIC SER S.A.C.;LAGRICEL;4;ABR;4,350;85
Pharma - Z2;MEDIC SER S.A.C.;LAGRICEL PF;4;ABR;954;21
Pharma - Z2;MEDIC SER S.A.C.;TRAZIDEX O;4;ABR;2,141;80
Pharma - Z2;MEDIC SER S.A.C.;TRAZIDEX U;4;ABR;3,030;72
Pharma - Z2;SERVICIOS DE FARMACIA OFTALMOLOGICA YAHUI EIRL;AGGLAD;4;ABR;5,503;100
Pharma - Z2;SERVICIOS DE FARMACIA OFTALMOLOGICA YAHUI EIRL;AQUADRAN;4;ABR;5,400;100
Pharma - Z2;SERVICIOS DE FARMACIA OFTALMOLOGICA YAHUI EIRL;FLUMETOL NF;4;ABR;4,492;100
Pharma - Z2;SERVICIOS DE FARMACIA OFTALMOLOGICA YAHUI EIRL;LAGRICEL PF;4;ABR;19,882;350
Pharma - Z2;SERVICIOS DE FARMACIA OFTALMOLOGICA YAHUI EIRL;SOPHIPREN;4;ABR;4,235;100
Pharma - Z2;SERVICIOS DE FARMACIA OFTALMOLOGICA YAHUI EIRL;TRAZIDEX O;4;ABR;6,251;150
Pharma - Z2;SERVICIOS DE FARMACIA OFTALMOLOGICA YAHUI EIRL;TRAZIDEX U;4;ABR;4,208;100
Pharma - Z2;UNOVE S.A.C.;LAGRICEL PF;4;ABR;2,386;50
Pharma - Z2;UNOVE S.A.C.;TRAZIDEX O;4;ABR;1,852;40
Pharma - Z2;UNOVE S.A.C.;TRAZIDEX U;4;ABR;1,683;40
Pharma - Z2;CLINICA OFTALMOLOGICA REGIONAL SAC;FLUMETOL NF;4;ABR;204;5
Pharma - Z2;CLINICA OFTALMOLOGICA REGIONAL SAC;GAAP PF;4;ABR;162;3
Pharma - Z2;OPTICA VERIMEDIC E.I.R.L.;AGGLAD;4;ABR;330;6
Pharma - Z2;OPTICA VERIMEDIC E.I.R.L.;AQUADRAN;4;ABR;324;6
Pharma - Z2;OPTICA VERIMEDIC E.I.R.L.;ELIPTIC PF;4;ABR;227;6
Pharma - Z2;OPTICA VERIMEDIC E.I.R.L.;LAGRICEL PF;4;ABR;341;6
Pharma - Z2;OPTICA VERIMEDIC E.I.R.L.;SOPHIPREN;4;ABR;254;6
Pharma - Z2;OPTICA VERIMEDIC E.I.R.L.;TRAZIDEX O;4;ABR;278;6
Pharma - Z2;OPTICA VERIMEDIC E.I.R.L.;ZEBESTEN;4;ABR;295;6
Pharma - Z2;CLINICA DE OJOS SELUCE S.A.C.;AQUADRAN;4;ABR;2,970;55
Pharma - Z2;CLINICA DE OJOS SELUCE S.A.C.;DUSTALOX;4;ABR;1,313;32
Pharma - Z2;CLINICA DE OJOS SELUCE S.A.C.;ELAR-B;4;ABR;2,588;45
Pharma - Z2;CLINICA DE OJOS SELUCE S.A.C.;FLUMETOL NF;4;ABR;1,838;45
Pharma - Z2;CLINICA DE OJOS SELUCE S.A.C.;LAGRICEL;4;ABR;1,535;30
Pharma - Z2;CLINICA DE OJOS SELUCE S.A.C.;LAGRICEL PF;4;ABR;9,850;170
Pharma - Z2;CLINICA DE OJOS SELUCE S.A.C.;LANDAX;4;ABR;2,564;55
Pharma - Z2;CLINICA DE OJOS SELUCE S.A.C.;SOPHIPREN;4;ABR;2,753;65
Pharma - Z2;CLINICA DE OJOS SELUCE S.A.C.;TRAZIDEX O;4;ABR;1,042;25
Pharma - Z2;CLINICA DE OJOS SELUCE S.A.C.;TRAZIDEX U;4;ABR;2,314;55
Pharma - Z2;CLINICA DE OJOS SELUCE S.A.C.;ZEBESTEN;4;ABR;2,209;45
Pharma - Z2;CENTRO LASER OCULAR SOCIEDAD COMERCIAL DE RESPONSABILIDAD LIMITADA;GAAP;4;ABR;-788;-10
Pharma - Z2;CENTRO LASER OCULAR SOCIEDAD COMERCIAL DE RESPONSABILIDAD LIMITADA;ZEBESTEN;4;ABR;1,473;30
Pharma - Z2;OCULASER CENTRO DE MICROCIRUGIA Y LASER S.A.C.;ELIPTIC PF;4;ABR;909;24
Pharma - Z2;OCULASER CENTRO DE MICROCIRUGIA Y LASER S.A.C.;LAGRICEL PF;4;ABR;2,045;36
Pharma - Z2;SANAR SM E.I.R.L;FLUMETOL NF;4;ABR;1,838;50
Pharma - Z2;OPTOPLUS E.I.R.L.;DUSTALOX;4;ABR;697;17
Pharma - Z2;OPTOPLUS E.I.R.L.;LAGRICEL PF;4;ABR;1,278;25
Pharma - Z2;OPTOPLUS E.I.R.L.;SOPHIPREN;4;ABR;911;25
Pharma - Z2;OPTOPLUS E.I.R.L.;TRAZIDEX O;4;ABR;1,158;25
Pharma - Z2;MEGAFARMA LA VICTORIA SAC;LAGRICEL PF;4;ABR;477;10
Pharma - Z2;MEGAFARMA LA VICTORIA SAC;SOPHIPREN;4;ABR;212;5
Pharma - Z2;OFTALMOLIVE GROUP PERU S.A.C.;AQUADRAN;4;ABR;648;12
Pharma - Z2;OFTALMOLIVE GROUP PERU S.A.C.;GAAP PF;4;ABR;1,082;12
Pharma - Z2;OFTALMOLIVE GROUP PERU S.A.C.;TRAZIDEX U;4;ABR;281;6
Pharma - Z2;CLINICA ORTEGA SRL;FLUMETOL NF;4;ABR;2,205;54
Pharma - Z2;CLINICA ORTEGA SRL;GAAP PF;4;ABR;487;6
Pharma - Z2;CLINICA ORTEGA SRL;TRAZIDEX U;4;ABR;1,010;24
Pharma - Z2;OPTIMA VISION SRL;AGGLAD;4;ABR;220;4
Pharma - Z2;OPTIMA VISION SRL;AQUADRAN;4;ABR;216;4
Pharma - Z2;OPTIMA VISION SRL;ELAR-B;4;ABR;345;6
Pharma - Z2;OPTIMA VISION SRL;ELIPTIC PF;4;ABR;227;6
Pharma - Z2;OPTIMA VISION SRL;FLUMETOL NF;4;ABR;457;8
Pharma - Z2;OPTIMA VISION SRL;GAAP PF;4;ABR;1,082;12
Pharma - Z2;OPTIMA VISION SRL;LAGRICEL PF;4;ABR;286;6
Pharma - Z2;OPTIMA VISION SRL;TRAZIDEX O;4;ABR;278;6
Pharma - Z2;OPTIMA VISION SRL;TRAZIDEX U;4;ABR;337;6
Pharma - Z2;OPTIMA VISION SRL;ZEBESTEN;4;ABR;295;6
Pharma - Z2;OFTALMOLUZ E.I.R.L.;AQUADRAN;4;ABR;2,700;50
Pharma - Z2;OFTALMOLUZ E.I.R.L.;FLUMETOL NF;4;ABR;3,675;100
Pharma - Z2;OFTALMOLUZ E.I.R.L.;LAGRICEL PF;4;ABR;3,976;100
Pharma - Z2;OFTALMOLUZ E.I.R.L.;SOPHIPREN;4;ABR;3,812;100
Pharma - Z2;CLINICA NUEVO SAN JUAN SOCIEDAD ANONIMA CERRADA;FLUMETOL NF;4;ABR;340;12
Pharma - Z2;SERVICIOS DE SALUD ALTAVISION E.I.R.L.;TRAZIDEX O;4;ABR;2,084;50
Pharma - Z2;Tilcara E.I.R.L;FLUMETOL NF;4;ABR;490;12
Pharma - Z2;CLINICA CAYETANO HEREDIA S.A.;FLUMETOL NF;4;ABR;817;20
Pharma - Z2;CLINICA CAYETANO HEREDIA S.A.;LAGRICEL;4;ABR;512;10
Pharma - Z2;CLINICA CAYETANO HEREDIA S.A.;LAGRICEL PF;4;ABR;1,250;22
Pharma - Z2;OPHTHALMO PERU S.A.C.;ELIPTIC PF;4;ABR;163;5
Pharma - Z2;OPHTHALMO PERU S.A.C.;GAAP PF;4;ABR;451;5
Pharma - Z2;OPHTHALMO PERU S.A.C.;SOPHIPREN;4;ABR;212;5
Pharma - Z2;GAMARRA HEALTHCARE CENTER S.A.C.;FLUMETOL NF;4;ABR;245;6
Pharma - Z2;POLICLINICO OFTALMO SALUD S.A.C.;AGGLAD;4;ABR;318;4
Pharma - Z2;POLICLINICO OFTALMO SALUD S.A.C.;AQUADRAN;4;ABR;842;12
Pharma - Z2;POLICLINICO OFTALMO SALUD S.A.C.;ELIPTIC PF;4;ABR;941;12
Pharma - Z2;POLICLINICO OFTALMO SALUD S.A.C.;TRAZIDEX U;4;ABR;608;10
Pharma - Z2;CLINICA DE OJOS VISION LASER E.I.R.L.;SOPHIPREN;4;ABR;424;10
Pharma - Z2;RIVERA BERROSPI MIRCO ALFREDO;FLUMETOL NF;4;ABR;980;24
Pharma - Z2;RIVERA BERROSPI MIRCO ALFREDO;LAGRICEL PF;4;ABR;1,363;24
Pharma - Z2;GUTIERREZ CARDENAS JAVIER HORACIO;AQUADRAN;4;ABR;270;5
Pharma - Z2;GUTIERREZ CARDENAS JAVIER HORACIO;LAGRICEL PF;4;ABR;573;12
Pharma - Z2;CUIDA DIGITAL S.A.C.;AGGLAD;4;ABR;2,054;28
Pharma - Z2;CUIDA DIGITAL S.A.C.;ELIPTIC;4;ABR;634;10
Pharma - Z2;CUIDA DIGITAL S.A.C.;ELIPTIC PF;4;ABR;457;10
Pharma - Z2;CUIDA DIGITAL S.A.C.;FLUMETOL NF;4;ABR;392;8
Pharma - Z2;CUIDA DIGITAL S.A.C.;GAAP;4;ABR;1,138;10
Pharma - Z2;NEOMEDICA E.I.R.L.;LAGRICEL;4;ABR;205;4
Pharma - Z2;NEOMEDICA E.I.R.L.;LAGRICEL PF;4;ABR;182;4
Pharma - Z2;NEOMEDICA E.I.R.L.;TRAZIDEX O;4;ABR;185;4
Pharma - Z2;ESPINOZA OSTOS MEIDA ANA;LANDAX;4;ABR;1,864;40
Pharma - Z2;ESPINOZA OSTOS MEIDA ANA;ZEBESTEN;4;ABR;1,964;40
Pharma - Z2;BARRANTES RAMIREZ ELENA JESUS AMERICA;LAGRICEL PF;4;ABR;573;12
Pharma - Z2;BARRANTES RAMIREZ ELENA JESUS AMERICA;LANDAX;4;ABR;252;6
Pharma - Z2;BARRANTES RAMIREZ ELENA JESUS AMERICA;TRAZIDEX U;4;ABR;561;12
Pharma - Z2;CENTURION TECHNOLOGIES E.I.R.L.;AGGLAD;4;ABR;1,223;20
Pharma - Z2;CENTURION TECHNOLOGIES E.I.R.L.;DUSTALOX;4;ABR;205;5
Pharma - Z2;CENTURION TECHNOLOGIES E.I.R.L.;ELAR-B;4;ABR;288;5
Pharma - Z2;CENTURION TECHNOLOGIES E.I.R.L.;FLUMETOL NF;4;ABR;408;10
Pharma - Z2;CENTURION TECHNOLOGIES E.I.R.L.;LAGRICEL PF;4;ABR;1,136;20
Pharma - Z2;CENTURION TECHNOLOGIES E.I.R.L.;LANDAX;4;ABR;233;5
Pharma - Z2;CENTURION TECHNOLOGIES E.I.R.L.;SOPHIPREN;4;ABR;847;20
Pharma - Z2;CENTURION TECHNOLOGIES E.I.R.L.;TRAZIDEX O;4;ABR;463;10
Pharma - Z2;CENTURION TECHNOLOGIES E.I.R.L.;TRAZIDEX U;4;ABR;234;5
Pharma - Z2;LAS AMERICAS WELLNESS CENTER S.A.C.;TRAZIDEX U;4;ABR;561;12
Pharma - Z3;ASOCIACION PERUANO JAPONESA;AGGLAD;4;ABR;2,837;58
Pharma - Z3;ASOCIACION PERUANO JAPONESA;AQUADRAN;4;ABR;1,350;25
Pharma - Z3;ASOCIACION PERUANO JAPONESA;ELIPTIC PF;4;ABR;1,568;30
Pharma - Z3;ASOCIACION PERUANO JAPONESA;FLUMETOL NF;4;ABR;449;10
Pharma - Z3;ASOCIACION PERUANO JAPONESA;GAAP PF;4;ABR;7,934;100
Pharma - Z3;ASOCIACION PERUANO JAPONESA;LAGRICEL;4;ABR;1,013;18
Pharma - Z3;ASOCIACION PERUANO JAPONESA;LAGRICEL PF;4;ABR;6,135;90
Pharma - Z3;ASOCIACION PERUANO JAPONESA;SOPHIPREN;4;ABR;424;10
Pharma - Z3;ASOCIACION PERUANO JAPONESA;TRAZIDEX O;4;ABR;833;15
Pharma - Z3;ASOCIACION PERUANO JAPONESA;TRAZIDEX U;4;ABR;5,611;100
Pharma - Z3;CENTRO MEDICO CLINICA SAN JUDAS TADEO SA;AGGLAD;4;ABR;1,834;30
Pharma - Z3;CENTRO MEDICO CLINICA SAN JUDAS TADEO SA;LAGRICEL;4;ABR;553;12
Pharma - Z3;CENTRO MEDICO CLINICA SAN JUDAS TADEO SA;TRAZIDEX O;4;ABR;2,125;51
Pharma - Z3;CENTRO MEDICO CLINICA SAN JUDAS TADEO SA;TRAZIDEX U;4;ABR;2,188;52
Pharma - Z3;CLINICA BELLAVISTA SOCIEDAD ANONIMA CERRADA;AGGLAD;4;ABR;238;4
Pharma - Z3;CLINICA BELLAVISTA SOCIEDAD ANONIMA CERRADA;FLUMETOL NF;4;ABR;472;10
Pharma - Z3;CLINICA BELLAVISTA SOCIEDAD ANONIMA CERRADA;LAGRICEL;4;ABR;665;13
Pharma - Z3;CLINICA BELLAVISTA SOCIEDAD ANONIMA CERRADA;TRAZIDEX O;4;ABR;278;12
Pharma - Z3;CLINICA BELLAVISTA SOCIEDAD ANONIMA CERRADA;TRAZIDEX U;4;ABR;703;13
Pharma - Z3;CLINICA SAN FELIPE S A;AGGLAD;4;ABR;163;4
Pharma - Z3;CLINICA SAN FELIPE S A;GAAP PF;4;ABR;687;10
Pharma - Z3;CLINICA SAN FELIPE S A;LAGRICEL;4;ABR;698;20
Pharma - Z3;CLINICA SAN FELIPE S A;LAGRICEL PF;4;ABR;249;3
Pharma - Z3;CLINICA SAN FELIPE S A;TRAZIDEX O;4;ABR;714;30
Pharma - Z3;CLINICA SAN FELIPE S A;TRAZIDEX U;4;ABR;3,050;107
Pharma - Z3;CLINICA SAN GABRIEL S A C;ELAR-B;4;ABR;621;12
Pharma - Z3;CLINICA SAN GABRIEL S A C;FLUMETOL NF;4;ABR;1,840;65
Pharma - Z3;INSTITUTO PERUANO DE LA VISION S.A.C.;AQUADRAN;4;ABR;162;3
Pharma - Z3;INSTITUTO PERUANO DE LA VISION S.A.C.;ELAR-B;4;ABR;1,242;24
Pharma - Z3;INSTITUTO PERUANO DE LA VISION S.A.C.;GAAP;4;ABR;236;3
Pharma - Z3;INSTITUTO PERUANO DE LA VISION S.A.C.;LAGRICEL;4;ABR;2,149;42
Pharma - Z3;INSTITUTO PERUANO DE LA VISION S.A.C.;LAGRICEL PF;4;ABR; -   ; -   
Pharma - Z3;INSTITUTO PERUANO DE LA VISION S.A.C.;TRAZIDEX O;4;ABR;417;9
Pharma - Z3;INSTITUTO PERUANO DE LA VISION S.A.C.;TRAZIDEX U;4;ABR;1,010;24
Pharma - Z3;LANDA OCHOA REYSU REYNALDO;AGGLAD;4;ABR;61;1
Pharma - Z3;LANDA OCHOA REYSU REYNALDO;LANDAX;4;ABR;2,097;50
Pharma - Z3;LANDA OCHOA REYSU REYNALDO;SOPHIPREN;4;ABR;1,906;50
Pharma - Z3;NUESTRA SENORA DEL SAGRADO CORAZON;AGGLAD;4;ABR;232;5
Pharma - Z3;NUESTRA SENORA DEL SAGRADO CORAZON;FLUMETOL NF;4;ABR;980;30
Pharma - Z3;VISANA CLINICA ESPECIALIZADA S.A.C;LAGRICEL PF;4;ABR;1,431;30
Pharma - Z3;VISANA CLINICA ESPECIALIZADA S.A.C;TRAZIDEX O;4;ABR;833;20
Pharma - Z3;VISANA CLINICA ESPECIALIZADA S.A.C;TRAZIDEX U;4;ABR;785;20
Pharma - Z3;VISANA CLINICA ESPECIALIZADA S.A.C;ZEBESTEN;4;ABR;893;20
Pharma - Z3;VISUAL CENTER S.A.C.;AGGLAD;4;ABR;2,323;40
Pharma - Z3;VISUAL CENTER S.A.C.;AQUADRAN;4;ABR;486;10
Pharma - Z3;VISUAL CENTER S.A.C.;ELAR-B;4;ABR;259;5
Pharma - Z3;VISUAL CENTER S.A.C.;ELIPTIC PF;4;ABR;2,626;60
Pharma - Z3;VISUAL CENTER S.A.C.;FLUMETOL NF;4;ABR;449;10
Pharma - Z3;VISUAL CENTER S.A.C.;GAAP PF;4;ABR;902;10
Pharma - Z3;VISUAL CENTER S.A.C.;LAGRICEL;4;ABR;512;10
Pharma - Z3;VISUAL CENTER S.A.C.;LAGRICEL PF;4;ABR;1,704;30
Pharma - Z3;VISUAL CENTER S.A.C.;TRAZIDEX U;4;ABR;2,572;50
Pharma - Z3;RED SALUD NORTE S.A.C.;AGGLAD;4;ABR;306;5
Pharma - Z3;RED SALUD NORTE S.A.C.;ELIPTIC PF;4;ABR;202;5
Pharma - Z3;RED SALUD NORTE S.A.C.;LAGRICEL PF;4;ABR;1,704;25
Pharma - Z3;INSAMED INTERNACIONAL EMPRESA INDIVIDUAL DE RESPONSABILIDAD LIMITADA;ELIPTIC PF;4;ABR;392;15
Pharma - Z3;ASOC. PAST. DE SERV. MEDICO ASIST. CLINICA ADVENTISTA ANA STAHL DE LA IGLESIA ADV. DEL SEPTIMO DIA;LAGRICEL PF;4;ABR;3,817;80
Pharma - Z3;ASOC. PAST. DE SERV. MEDICO ASIST. CLINICA ADVENTISTA ANA STAHL DE LA IGLESIA ADV. DEL SEPTIMO DIA;SOPHIPREN;4;ABR;203;6
Pharma - Z3;ASOC. PAST. DE SERV. MEDICO ASIST. CLINICA ADVENTISTA ANA STAHL DE LA IGLESIA ADV. DEL SEPTIMO DIA;TRAZIDEX O;4;ABR;926;20
Pharma - Z3;ASOC. PAST. DE SERV. MEDICO ASIST. CLINICA ADVENTISTA ANA STAHL DE LA IGLESIA ADV. DEL SEPTIMO DIA;TRAZIDEX U;4;ABR;1,870;40
Pharma - Z3;ASOC. PAST. DE SERV. MEDICO ASIST. CLINICA ADVENTISTA ANA STAHL DE LA IGLESIA ADV. DEL SEPTIMO DIA;ZEBESTEN;4;ABR;196;4
Pharma - Z3;CESIAS LOPEZ JULIO CESAR;AGGLAD;4;ABR;1,101;20
Pharma - Z3;CESIAS LOPEZ JULIO CESAR;ELIPTIC PF;4;ABR;784;20
Pharma - Z3;CESIAS LOPEZ JULIO CESAR;FLUMETOL NF;4;ABR;817;20
Pharma - Z3;CESIAS LOPEZ JULIO CESAR;LAGRICEL PF;4;ABR;2,386;50
Pharma - Z3;CESIAS LOPEZ JULIO CESAR;LANDAX;4;ABR;839;20
Pharma - Z3;CESIAS LOPEZ JULIO CESAR;SOPHIPREN;4;ABR;2,118;50
Pharma - Z3;CESIAS LOPEZ JULIO CESAR;TRAZIDEX O;4;ABR;926;20
Pharma - Z3;CESIAS LOPEZ JULIO CESAR;ZEBESTEN;4;ABR;982;20
Pharma - Z3;INVERSIONES MEDICAS GALENO S.A.C.;AGGLAD;4;ABR;367;6
Pharma - Z3;INVERSIONES MEDICAS GALENO S.A.C.;ELIPTIC PF;4;ABR;196;3
Pharma - Z3;INVERSIONES MEDICAS GALENO S.A.C.;LAGRICEL PF;4;ABR;3,408;60
Pharma - Z3;INVERSIONES MEDICAS GALENO S.A.C.;SOPHIPREN;4;ABR;2,118;50
Pharma - Z3;NORVISION SAC;LANDAX;4;ABR;466;10
Pharma - Z3;NORVISION SAC;SOPHIPREN;4;ABR;424;10
Pharma - Z3;NORVISION SAC;TRAZIDEX O;4;ABR;417;10
Pharma - Z3;NORVISION SAC;TRAZIDEX U;4;ABR;421;10
Pharma - Z3;NORVISION SAC;ZEBESTEN;4;ABR;491;10
Pharma - Z3;CLINICA DE OJOS DÔOPELUCE SAC;AGGLAD;4;ABR;1,101;20
Pharma - Z3;CLINICA DE OJOS DÔOPELUCE SAC;AQUADRAN;4;ABR;648;12
Pharma - Z3;CLINICA DE OJOS DÔOPELUCE SAC;DUSTALOX;4;ABR;902;20
Pharma - Z3;CLINICA DE OJOS DÔOPELUCE SAC;ELIPTIC PF;4;ABR;1,045;20
Pharma - Z3;CLINICA DE OJOS DÔOPELUCE SAC;GAAP;4;ABR;2,101;30
Pharma - Z3;CLINICA DE OJOS DÔOPELUCE SAC;LAGRICEL;4;ABR;1,024;20
Pharma - Z3;CLINICA DE OJOS DÔOPELUCE SAC;LAGRICEL PF;4;ABR;10,679;200
Pharma - Z3;CLINICA DE OJOS DÔOPELUCE SAC;TRAZIDEX O;4;ABR;3,334;80
Pharma - Z3;CLINICA DE OJOS DÔOPELUCE SAC;TRAZIDEX U;4;ABR;1,262;30
Pharma - Z3;OMNI LASER S.R.L.;SOPHIPREN;4;ABR;1,695;50
Pharma - Z3;OMNI LASER S.R.L.;TRAZIDEX U;4;ABR;1,406;40
Pharma - Z3;RETINA VISION E.I.R.L.;AGGLAD;4;ABR;330;6
Pharma - Z3;RETINA VISION E.I.R.L.;ELIPTIC PF;4;ABR;227;6
Pharma - Z3;RETINA VISION E.I.R.L.;FLUMETOL NF;4;ABR;817;20
Pharma - Z3;RETINA VISION E.I.R.L.;LAGRICEL PF;4;ABR;2,499;50
Pharma - Z3;RETINA VISION E.I.R.L.;SOPHIPREN;4;ABR;847;20
Pharma - Z3;EP OFTALMOLOGOS ASOCIADOS S.A.C.;AGGLAD;4;ABR;1,223;20
Pharma - Z3;EP OFTALMOLOGOS ASOCIADOS S.A.C.;GAAP PF;4;ABR;1,803;20
Pharma - Z3;EP OFTALMOLOGOS ASOCIADOS S.A.C.;SOPHIPREN;4;ABR;847;20
Pharma - Z3;EP OFTALMOLOGOS ASOCIADOS S.A.C.;TRAZIDEX U;4;ABR;842;20
Pharma - Z3;OFTALMOSELVA E.I.R.L.;SOPHIPREN;4;ABR;847;20
Pharma - Z3;OFTALMOSELVA E.I.R.L.;ZEBESTEN;4;ABR;982;20
Pharma - Z3;HC SOLUCIONES INTEGRALES SOCIEDAD ANONIMA CERRADA;AGGLAD;4;ABR;660;12
Pharma - Z3;HC SOLUCIONES INTEGRALES SOCIEDAD ANONIMA CERRADA;ELIPTIC PF;4;ABR;361;12
Pharma - Z3;HC SOLUCIONES INTEGRALES SOCIEDAD ANONIMA CERRADA;SOPHIPREN;4;ABR;847;20
Pharma - Z3;CONSULTORIO OPTICA BELLAVISTA E.I.R.L;ELIPTIC PF;4;ABR;212;10
Pharma - Z3;CONSULTORIO OPTICA BELLAVISTA E.I.R.L;FLUMETOL NF;4;ABR;327;8
Pharma - Z3;CONSULTORIO OPTICA BELLAVISTA E.I.R.L;ZEBESTEN;4;ABR;295;6
Pharma - Z3;OPTHALMICA VISION SOCIEDAD ANONIMA CERRADA;LAGRICEL PF;4;ABR;2,045;40
Pharma - Z3;OPTHALMICA VISION SOCIEDAD ANONIMA CERRADA;TRAZIDEX U;4;ABR;468;10
Pharma - Z3;MAS VISION S.A.C.;ELIPTIC PF;4;ABR;339;10
Pharma - Z3;MAS VISION S.A.C.;FLUMETOL NF;4;ABR;817;20
Pharma - Z3;MAS VISION S.A.C.;LAGRICEL PF;4;ABR;8,180;160
Pharma - Z3;MAS VISION S.A.C.;SOPHIPREN;4;ABR;2,287;60
Pharma - Z3;MAS VISION S.A.C.;TRAZIDEX O;4;ABR;1,408;40
Pharma - Z3;POLICLINICO VIRGEN DEL ROSARIO E.I.R.L.;FLUMETOL NF;4;ABR;817;20
Pharma - Z3;POLICLINICO VIRGEN DEL ROSARIO E.I.R.L.;LAGRICEL PF;4;ABR;1,136;20
Pharma - Z3;POLICLINICO VIRGEN DEL ROSARIO E.I.R.L.;LANDAX;4;ABR;932;20
Pharma - Z3;POLICLINICO VIRGEN DEL ROSARIO E.I.R.L.;SOPHIPREN;4;ABR;847;20
Pharma - Z3;POLICLINICO VIRGEN DEL ROSARIO E.I.R.L.;ZEBESTEN;4;ABR;982;20
Pharma - Z3;EVP. CORPORACION PERUVIAN S.A.C.;GAAP PF;4;ABR;902;10
Pharma - Z3;EVP. CORPORACION PERUVIAN S.A.C.;LAGRICEL PF;4;ABR;3,067;60
Pharma - Z3;EVP. CORPORACION PERUVIAN S.A.C.;SOPHIPREN;4;ABR;2,287;60
Pharma - Z3;EVP. CORPORACION PERUVIAN S.A.C.;TRAZIDEX O;4;ABR;1,056;30
Pharma - Z3;VISUAL M&M E.I.R.L;AQUADRAN;4;ABR;583;12
Pharma - Z3;VISUAL M&M E.I.R.L;FLUMETOL NF;4;ABR;490;12
Pharma - Z3;VISUAL M&M E.I.R.L;GAAP PF;4;ABR;1,082;12
Pharma - Z3;VISUAL M&M E.I.R.L;LAGRICEL PF;4;ABR;573;12
Pharma - Z3;VISUAL M&M E.I.R.L;TRAZIDEX U;4;ABR;505;12
Pharma - Z3;VISUAL M&M E.I.R.L;ZEBESTEN;4;ABR;884;18
Pharma - Z3;EYES SOLUTION E.I.R.L;AQUADRAN;4;ABR;583;12
Pharma - Z3;EYES SOLUTION E.I.R.L;ELIPTIC PF;4;ABR;361;12
Pharma - Z3;EYES SOLUTION E.I.R.L;LAGRICEL PF;4;ABR;566;12
Pharma - Z3;EYES SOLUTION E.I.R.L;TRAZIDEX O;4;ABR;556;12
Pharma - Z3;EYES SOLUTION E.I.R.L;TRAZIDEX U;4;ABR;935;20
Pharma - Z3;EYES SOLUTION E.I.R.L;ZEBESTEN;4;ABR;589;12
Pharma - Z3;CLINICA AMAZONICA EIRL;DUSTALOX;4;ABR;902;20
Pharma - Z3;CLINICA AMAZONICA EIRL;ELIPTIC PF;4;ABR;596;20
Pharma - Z3;CLINICA AMAZONICA EIRL;FLUMETOL NF;4;ABR;1,062;20
Pharma - Z3;CLINICA AMAZONICA EIRL;GAAP PF;4;ABR;1,803;20
Pharma - Z3;CLINICA AMAZONICA EIRL;LAGRICEL PF;4;ABR;1,250;20
Pharma - Z3;DERMATOLOGICA PERU E.I.R.L.;LAGRICEL PF;4;ABR;682;12
Pharma - Z3;DERMATOLOGICA PERU E.I.R.L.;TRAZIDEX O;4;ABR;926;20
Pharma - Z3;SERVI OFTALMOMED ALVARO E.I.R.L.;ELAR-B;4;ABR;621;12
Pharma - Z3;SERVI OFTALMOMED ALVARO E.I.R.L.;LAGRICEL;4;ABR;614;12
Pharma - Z3;SERVI OFTALMOMED ALVARO E.I.R.L.;SOPHIPREN;4;ABR;1,016;24
Pharma - Z3;SERVI OFTALMOMED ALVARO E.I.R.L.;TRAZIDEX O;4;ABR;556;12
Pharma - Z3;SERVI OFTALMOMED ALVARO E.I.R.L.;TRAZIDEX U;4;ABR;561;12
Pharma - Z3;FARMAVISION SOCIEDAD ANONIMA CERRADA;AGGLAD;4;ABR;1,467;24
Pharma - Z3;FARMAVISION SOCIEDAD ANONIMA CERRADA;AQUADRAN;4;ABR;648;12
Pharma - Z3;FARMAVISION SOCIEDAD ANONIMA CERRADA;LAGRICEL;4;ABR;4,299;100
Pharma - Z3;FARMAVISION SOCIEDAD ANONIMA CERRADA;LAGRICEL PF;4;ABR;4,776;112
Pharma - Z3;FARMAVISION SOCIEDAD ANONIMA CERRADA;SOPHIPREN;4;ABR;508;12
Pharma - Z3;FARMAVISION SOCIEDAD ANONIMA CERRADA;ZEBESTEN;4;ABR;589;12
Pharma - Z3;CLINICA JESUS DEL NORTE SOCIEDAD ANONIMA CERRADA;FLUMETOL NF;4;ABR;113;4
Pharma - Z3;FUNDACION PARA EL TRATAMIENTO DE GLAUCOMA Y CATARATA SAC;LAGRICEL PF;4;ABR;625;10
Pharma - Z3;FUNDACION PARA EL TRATAMIENTO DE GLAUCOMA Y CATARATA SAC;ZEBESTEN;4;ABR;491;10
Pharma - Z3;LUZVISION S.A.C.;LAGRICEL PF;4;ABR;2,329;50
Pharma - Z3;MEDI VISTA E.I.R.L.;LAGRICEL PF;4;ABR;954;20
Pharma - Z3;MEDI VISTA E.I.R.L.;ZEBESTEN;4;ABR;982;20
Pharma - Z3;HOLDING MONTECRISTO PERU SOCIEDAD ANONIMA;GAAP PF;4;ABR;577;10
Pharma - Z3;HOLDING MONTECRISTO PERU SOCIEDAD ANONIMA;LAGRICEL PF;4;ABR;568;10
Pharma - Z3;GRUPO MEDICO INTEGRAL SOCIEDAD ANONIMA CERRADA;FLUMETOL NF;4;ABR;817;20
Pharma - Z3;GRUPO MEDICO INTEGRAL SOCIEDAD ANONIMA CERRADA;LAGRICEL PF;4;ABR;954;20
Pharma - Z3;GRUPO MEDICO INTEGRAL SOCIEDAD ANONIMA CERRADA;SOPHIPREN;4;ABR;424;10
Pharma - Z3;GRUPO MEDICO INTEGRAL SOCIEDAD ANONIMA CERRADA;TRAZIDEX U;4;ABR;421;10
Pharma - Z3;HOSAKA DE SUSUKI MIRYAN;AGGLAD;4;ABR;330;6
Pharma - Z3;HOSAKA DE SUSUKI MIRYAN;AQUADRAN;4;ABR;146;3
Pharma - Z3;HOSAKA DE SUSUKI MIRYAN;ELAR-B;4;ABR;311;6
Pharma - Z3;HOSAKA DE SUSUKI MIRYAN;ELIPTIC PF;4;ABR;204;6
Pharma - Z3;HOSAKA DE SUSUKI MIRYAN;FLUMETOL NF;4;ABR;163;4
Pharma - Z3;HOSAKA DE SUSUKI MIRYAN;GAAP PF;4;ABR;411;6
Pharma - Z3;HOSAKA DE SUSUKI MIRYAN;LAGRICEL PF;4;ABR;286;6
Pharma - Z3;HOSAKA DE SUSUKI MIRYAN;LANDAX;4;ABR;126;3
Pharma - Z3;HOSAKA DE SUSUKI MIRYAN;ZEBESTEN;4;ABR;147;3
Pharma - Z3;BORDA BELIZARIO VLADIMIR;LAGRICEL PF;4;ABR;954;20
Pharma - Z3;BORDA BELIZARIO VLADIMIR;SOPHIPREN;4;ABR;847;20
Pharma - Z3;S & P OFTALMOLOGOS S.A.C.;AGGLAD;4;ABR;330;6
Pharma - Z3;S & P OFTALMOLOGOS S.A.C.;DUSTALOX;4;ABR;554;15
Pharma - Z3;S & P OFTALMOLOGOS S.A.C.;FLUMETOL NF;4;ABR;1,225;30
Pharma - Z3;S & P OFTALMOLOGOS S.A.C.;GAAP PF;4;ABR;335;6
Pharma - Z3;HIDALGO SALINAS,LUIS ANGEL;FLUMETOL NF;4;ABR;1,838;50
Pharma - Z3;SALINAS MONDRAGON,ANA MARIA;AQUADRAN;4;ABR;486;10
Pharma - Z3;CENTRO OFTALMOLOGICO LEO VISION S.A.C.;LANDAX;4;ABR;839;20
Pharma - Z3;CENTRO OFTALMOLOGICO LEO VISION S.A.C.;SOPHIPREN;4;ABR;847;20
Pharma - Z3;VISION ACTUAL E.I.R.L;TRAZIDEX U;4;ABR;140;3
Pharma - Z3;CENTRO OFTALMOLOGICO Z & P S.A.C.;TRAZIDEX U;4;ABR;935;20
Pharma - Z3;MAYTA CARCAUSTO AGUSTIN ABEL;SOPHIPREN;4;ABR;254;6
Pharma - Z3;CORRALES SANTOS JOSUE SOCRATES;LAGRICEL PF;4;ABR;477;10
Pharma - Z3;CORRALES SANTOS JOSUE SOCRATES;TRAZIDEX O;4;ABR;463;10
Pharma - Z3;CLINICA Y BOTICAS LA AMISTAD S.A.C.;AQUADRAN;4;ABR;486;10
Pharma - Z3;CLINICA Y BOTICAS LA AMISTAD S.A.C.;ELAR-B;4;ABR;518;10
Pharma - Z3;CLINICA Y BOTICAS LA AMISTAD S.A.C.;ELIPTIC;4;ABR;495;15
Pharma - Z3;CLINICA Y BOTICAS LA AMISTAD S.A.C.;FLUMETOL NF;4;ABR;408;10
Pharma - Z3;CLINICA Y BOTICAS LA AMISTAD S.A.C.;GAAP PF;4;ABR;631;10
Pharma - Z3;CLINICA Y BOTICAS LA AMISTAD S.A.C.;LAGRICEL PF;4;ABR;477;10
Pharma - Z3;CLINICA Y BOTICAS LA AMISTAD S.A.C.;TRAZIDEX U;4;ABR;468;10
Pharma - N1;ARRASCUE LA TORRE GILBERT ANTONIO;AGGLAD;5;MAY;1,322;24
Pharma - N1;ARRASCUE LA TORRE GILBERT ANTONIO;ELIPTIC;5;MAY;610;24
Pharma - N1;BENEL PEREZ,DENNY JAVIER;LAGRICEL PF;5;MAY;954;20
Pharma - N1;BM CLINICA DE OJOS S.A.C.;FLUMETOL NF;5;MAY;490;12
Pharma - N1;BM CLINICA DE OJOS S.A.C.;TRAZIDEX U;5;MAY;1,683;40
Pharma - N1;CENTRO OFTALMOLOGICO NOBA VISION E.I.R.L.;AGGLAD;5;MAY;1,101;20
Pharma - N1;CENTRO OFTALMOLOGICO NOBA VISION E.I.R.L.;ELAR-B;5;MAY;1,035;20
Pharma - N1;CENTRO OFTALMOLOGICO NOBA VISION E.I.R.L.;ELIPTIC PF;5;MAY;763;20
Pharma - N1;CENTRO OFTALMOLOGICO NOBA VISION E.I.R.L.;FLUMETOL NF;5;MAY;898;20
Pharma - N1;CENTRO OFTALMOLOGICO NOBA VISION E.I.R.L.;GAAP PF;5;MAY;902;10
Pharma - N1;CENTRO OFTALMOLOGICO NOBA VISION E.I.R.L.;LAGRICEL PF;5;MAY;1,250;20
Pharma - N1;CENTRO OFTALMOLOGICO NOBA VISION E.I.R.L.;ZEBESTEN;5;MAY;491;10
Pharma - N1;CLINICA DE OJOS GARCIA EMPRESA INDIVIDUAL DE RESPONSABILIDAD LIMITADA;AGGLAD;5;MAY;308;6
Pharma - N1;CLINICA DE OJOS GARCIA EMPRESA INDIVIDUAL DE RESPONSABILIDAD LIMITADA;ELIPTIC PF;5;MAY;-234;-6
Pharma - N1;CLINICA DE OJOS GARCIA EMPRESA INDIVIDUAL DE RESPONSABILIDAD LIMITADA;LAGRICEL PF;5;MAY; -   ; -   
Pharma - N1;CLINICA DE OJOS GARCIA EMPRESA INDIVIDUAL DE RESPONSABILIDAD LIMITADA;LANDAX;5;MAY;-466;-10
Pharma - N1;CLINICA DE OJOS GARCIA EMPRESA INDIVIDUAL DE RESPONSABILIDAD LIMITADA;ZEBESTEN;5;MAY;-491;-10
Pharma - N1;CLINICA DE OJOS OPHTO SALUD SRL.;AGGLAD;5;MAY;1,102;20
Pharma - N1;CLINICA DE OJOS OPHTO SALUD SRL.;ELIPTIC;5;MAY;510;20
Pharma - N1;CLINICA DE OJOS OPHTO SALUD SRL.;LAGRICEL PF;5;MAY;949;20
Pharma - N1;CLINICA MIRAFLORES SA;FLUMETOL NF;5;MAY;768;20
Pharma - N1;CLINICA MIRAFLORES SA;LAGRICEL;5;MAY;768;15
Pharma - N1;CLINICA MIRAFLORES SA;TRAZIDEX O;5;MAY;1,320;57
Pharma - N1;CLINICA OFTALMOLOGICA VIDAVAÔS;GAAP;5;MAY;7,002;80
Pharma - N1;CLINICA SOTOMAYOR S.A.C.;AGGLAD;5;MAY;551;10
Pharma - N1;CLINICA SOTOMAYOR S.A.C.;FLUMETOL NF;5;MAY;898;20
Pharma - N1;CLINICA SOTOMAYOR S.A.C.;LAGRICEL;5;MAY;614;12
Pharma - N1;CLINICA SOTOMAYOR S.A.C.;ZEBESTEN;5;MAY;928;20
Pharma - N1;DAFER VISION E.I.R.L.;AQUADRAN;5;MAY;540;10
Pharma - N1;DAFER VISION E.I.R.L.;DUSTALOX;5;MAY;677;15
Pharma - N1;DAFER VISION E.I.R.L.;FLUMETOL NF;5;MAY;898;20
Pharma - N1;DAFER VISION E.I.R.L.;LAGRICEL PF;5;MAY;477;10
Pharma - N1;DAFER VISION E.I.R.L.;TRAZIDEX O;5;MAY;1,019;20
Pharma - N1;FERNANDEZ CHUNG ROGGER GUSTAVO;AGGLAD;5;MAY;1,654;30
Pharma - N1;FERNANDEZ CHUNG ROGGER GUSTAVO;ELIPTIC PF;5;MAY;1,019;30
Pharma - N1;FERNANDEZ CHUNG ROGGER GUSTAVO;TRAZIDEX U;5;MAY;1,543;30
Pharma - N1;GSP TRUJILLO S.A.C.;GAAP;5;MAY;1,470;20
Pharma - N1;GSP TRUJILLO S.A.C.;LAGRICEL PF;5;MAY;3,953;87
Pharma - N1;GUTIERREZ LEAL LEIDY MARLEN;LAGRICEL PF;5;MAY;285;6
Pharma - N1;GUTIERREZ LEAL LEIDY MARLEN;TRAZIDEX O;5;MAY;153;3
Pharma - N1;GUTIERREZ LEAL LEIDY MARLEN;TRAZIDEX U;5;MAY;154;3
Pharma - N1;INSTITUTO PRIVADO DE OFTALMOLOGIA DE PIURA E.I.R.L.;AGGLAD;5;MAY;1,345;20
Pharma - N1;INSTITUTO PRIVADO DE OFTALMOLOGIA DE PIURA E.I.R.L.;AQUADRAN;5;MAY;1,080;20
Pharma - N1;MAS VISION CHICLAYO S.A.C.;AQUADRAN;5;MAY;1,372;30
Pharma - N1;MAS VISION CHICLAYO S.A.C.;GAAP PF;5;MAY;1,352;15
Pharma - N1;MAS VISION CHICLAYO S.A.C.;LAGRICEL PF;5;MAY;5,624;110
Pharma - N1;MAS VISION CHICLAYO S.A.C.;SOPHIPREN;5;MAY;762;20
Pharma - N1;MAS VISION CHICLAYO S.A.C.;TRAZIDEX O;5;MAY;1,760;50
Pharma - N1;MIOFTALMO CENTER E.I.R.L.;FLUMETOL NF;5;MAY;1,078;24
Pharma - N1;OFTALMOCENTRO HD EMPRESA INDIVIDUAL DE RESPONSABILIDAD LIMITADA - OFTA HD E.I.R.L.;ELIPTIC PF;5;MAY;815;24
Pharma - N1;OFTALMOCENTRO HD EMPRESA INDIVIDUAL DE RESPONSABILIDAD LIMITADA - OFTA HD E.I.R.L.;FLUMETOL NF;5;MAY;1,078;24
Pharma - N1;OFTALMOCENTRO HD EMPRESA INDIVIDUAL DE RESPONSABILIDAD LIMITADA - OFTA HD E.I.R.L.;GAAP PF;5;MAY;1,168;24
Pharma - N1;OFTALMOCENTRO HD EMPRESA INDIVIDUAL DE RESPONSABILIDAD LIMITADA - OFTA HD E.I.R.L.;LAGRICEL PF;5;MAY;1,180;24
Pharma - N1;OFTALMOCENTRO HD EMPRESA INDIVIDUAL DE RESPONSABILIDAD LIMITADA - OFTA HD E.I.R.L.;SOPHIPREN;5;MAY;1,118;24
Pharma - N1;OFTALMOLOGOS MONTOYA S.A.C.;ELIPTIC PF;5;MAY;763;20
Pharma - N1;OFTAMOLOGIA - CENTRO ESPECIALIZADO EN RETINA Y CATARATA S.R.L.;LAGRICEL PF;5;MAY;1,500;24
Pharma - N1;OFTAMOLOGIA - CENTRO ESPECIALIZADO EN RETINA Y CATARATA S.R.L.;SOPHIPREN;5;MAY;1,118;24
Pharma - N1;OFTAMOLOGIA - CENTRO ESPECIALIZADO EN RETINA Y CATARATA S.R.L.;TRAZIDEX O;5;MAY;611;12
Pharma - N1;OFTAMOLOGIA - CENTRO ESPECIALIZADO EN RETINA Y CATARATA S.R.L.;TRAZIDEX U;5;MAY;617;12
Pharma - N1;PROVISUAL-OFTALMOLOGIA Y SALUD OCULAR E.I.R.L.;AGGLAD;5;MAY;660;12
Pharma - N1;PROVISUAL-OFTALMOLOGIA Y SALUD OCULAR E.I.R.L.;ELIPTIC PF;5;MAY;407;12
Pharma - N1;RONCAL FERNANDEZ SONIA EDITH;FLUMETOL NF;5;MAY;449;10
Pharma - N1;RONCAL FERNANDEZ SONIA EDITH;TRAZIDEX O;5;MAY;509;10
Pharma - N1;SERVICIOS OFTALMOLOGICOS GENERALES EIRL;SOPHIPREN;5;MAY;1,118;24
Pharma - N1;SERVIMED PERU S.A.C.;ELIPTIC;5;MAY;1,395;20
Pharma - N1;SERVIMED PERU S.A.C.;ELIPTIC PF;5;MAY;679;20
Pharma - N1;SERVIMED PERU S.A.C.;FLUMETOL NF;5;MAY;539;12
Pharma - N1;SERVIMED PERU S.A.C.;GAAP;5;MAY;963;10
Pharma - N1;SERVIMED PERU S.A.C.;LAGRICEL;5;MAY;1,126;20
Pharma - N1;SERVIMED PERU S.A.C.;LAGRICEL PF;5;MAY;7,498;120
Pharma - N1;SERVIMED PERU S.A.C.;TRAZIDEX O;5;MAY;1,019;20
Pharma - N1;SERVIMED PERU S.A.C.;TRAZIDEX U;5;MAY;1,029;20
Pharma - N1;SERVIMED PERU S.A.C.;ZEBESTEN;5;MAY;491;10
Pharma - N1;SERVIMEDICOS S.A.C.;FLUMETOL NF;5;MAY;576;15
Pharma - N1;SERVIMEDICOS S.A.C.;GAAP;5;MAY;441;6
Pharma - N1;URBINA SANTA MARIA MARCO ANTONIO;ELIPTIC PF;5;MAY;408;12
Pharma - N1;URBINA SANTA MARIA MARCO ANTONIO;TRAZIDEX O;5;MAY;611;12
Pharma - N1;URBINA SANTA MARIA MARCO ANTONIO;ZEBESTEN;5;MAY;589;12
Pharma - N1;WEB OPTICAS E.I.R.L.;AQUADRAN;5;MAY;1,080;20
Pharma - N1;WEB OPTICAS E.I.R.L.;FLUMETOL NF;5;MAY;898;20
Pharma - N2;BIG PROYECTS S.A.C.;FLUMETOL NF;5;MAY;225;5
Pharma - N2;BIG PROYECTS S.A.C.;GAAP;5;MAY;96;1
Pharma - N2;BIG PROYECTS S.A.C.;LAGRICEL;5;MAY;154;3
Pharma - N2;BIG PROYECTS S.A.C.;LAGRICEL PF;5;MAY;852;15
Pharma - N2;BIG PROYECTS S.A.C.;SOPHIPREN;5;MAY;233;5
Pharma - N2;BIG PROYECTS S.A.C.;TRAZIDEX O;5;MAY;306;6
Pharma - N2;BIG PROYECTS S.A.C.;TRAZIDEX U;5;MAY;823;16
Pharma - N2;CACEDA SANCHEZ ELVA ESTHER;AGGLAD;5;MAY;807;12
Pharma - N2;CACEDA SANCHEZ ELVA ESTHER;ELIPTIC PF;5;MAY;305;12
Pharma - N2;CACEDA SANCHEZ ELVA ESTHER;FLUMETOL NF;5;MAY;674;15
Pharma - N2;CACEDA SANCHEZ ELVA ESTHER;LAGRICEL PF;5;MAY;852;15
Pharma - N2;CACEDA SANCHEZ ELVA ESTHER;TRAZIDEX U;5;MAY;1,080;21
Pharma - N2;CENTRO MEDICO OFTALMOLOGICO LASER S.R.L;ELIPTIC PF;5;MAY;508;20
Pharma - N2;CENTRO MEDICO OFTALMOLOGICO LASER S.R.L;LAGRICEL;5;MAY;512;10
Pharma - N2;CENTRO MEDICO OFTALMOLOGICO LASER S.R.L;LAGRICEL PF;5;MAY;568;10
Pharma - N2;CHAUCA LOJAS CONSUELO ESTHER;AGGLAD;5;MAY;1,211;18
Pharma - N2;CHAUCA LOJAS CONSUELO ESTHER;GAAP;5;MAY;1,733;18
Pharma - N2;CLINICA DE OJOS LUZ Y VIDA S.A.C.;AGGLAD;5;MAY;673;10
Pharma - N2;CLINICA DE OJOS LUZ Y VIDA S.A.C.;AQUADRAN;5;MAY;540;10
Pharma - N2;CLINICA DE OJOS LUZ Y VIDA S.A.C.;ELIPTIC PF;5;MAY;508;20
Pharma - N2;CLINICA DE OJOS LUZ Y VIDA S.A.C.;FLUMETOL NF;5;MAY;719;16
Pharma - N2;CLINICA DE OJOS LUZ Y VIDA S.A.C.;GAAP PF;5;MAY;938;10
Pharma - N2;CLINICA DE OJOS LUZ Y VIDA S.A.C.;LAGRICEL PF;5;MAY;2,272;40
Pharma - N2;CLINICA DE OJOS LUZ Y VIDA S.A.C.;SOPHIPREN;5;MAY;381;10
Pharma - N2;CLINICA DE OJOS LUZ Y VIDA S.A.C.;TRAZIDEX U;5;MAY;252;6
Pharma - N2;CLINICA DE OJOS OFTALMOCENTER S.A.C.;LAGRICEL;5;MAY;1,024;20
Pharma - N2;CLINICA DE OJOS OFTALMOCENTER S.A.C.;SOPHIPREN;5;MAY;966;20
Pharma - N2;CLINICA LIMATAMBO CAJAMARCA S.A.C.;FLUMETOL NF;5;MAY;449;10
Pharma - N2;CLINICA LIMATAMBO CAJAMARCA S.A.C.;LAGRICEL;5;MAY;1,535;30
Pharma - N2;CLINICA LIMATAMBO CAJAMARCA S.A.C.;TRAZIDEX U;5;MAY;1,029;20
Pharma - N2;CLINICA PERUANO AMERICANA S.A.;GAAP PF;5;MAY;397;4
Pharma - N2;CLINICA PERUANO AMERICANA S.A.;LAGRICEL;5;MAY;1,279;25
Pharma - N2;CLINICA SANCHEZ FERRER S A;ELIPTIC;5;MAY;507;20
Pharma - N2;CLINICA SANCHEZ FERRER S A;LAGRICEL PF;5;MAY;10,907;300
Pharma - N2;CLINICA SANCHEZ FERRER S A;TRAZIDEX O;5;MAY;714;30
Pharma - N2;CLINICA SANCHEZ FERRER S A;TRAZIDEX U;5;MAY;855;30
Pharma - N2;HOSPITAL PRIVADO JUAN PABLO II SOCIEDAD ANONIMA CERRADA;FLUMETOL NF;5;MAY;629;14
Pharma - N2;LINARES BENITES VDA DE MANTILLA CONSUELO INES;LAGRICEL PF;5;MAY;954;20
Pharma - N2;LINARES BENITES VDA DE MANTILLA CONSUELO INES;TRAZIDEX O;5;MAY;232;5
Pharma - N2;LINARES BENITES VDA DE MANTILLA CONSUELO INES;TRAZIDEX U;5;MAY;234;5
Pharma - N2;OFTALMOVISION S.A.C.;AGGLAD;5;MAY;2,201;30
Pharma - N2;OFTALMOVISION S.A.C.;AQUADRAN;5;MAY;1,620;30
Pharma - N2;OFTALMOVISION S.A.C.;ELIPTIC PF;5;MAY;1,271;50
Pharma - N2;OFTALMOVISION S.A.C.;FLUMETOL NF;5;MAY;2,123;50
Pharma - N2;OFTALMOVISION S.A.C.;GAAP;5;MAY;2,836;30
Pharma - N2;OFTALMOVISION S.A.C.;LAGRICEL;5;MAY;2,383;50
Pharma - N2;OFTALMOVISION S.A.C.;LAGRICEL PF;5;MAY;9,884;150
Pharma - N2;OFTALMOVISION S.A.C.;SOPHIPREN;5;MAY;1,525;30
Pharma - N2;OFTALMOVISION S.A.C.;TRAZIDEX O;5;MAY;2,084;50
Pharma - N2;OFTALMOVISION S.A.C.;TRAZIDEX U;5;MAY;2,104;50
Pharma - N2;OFTNORT B & S E.I.R.L.;AGGLAD;5;MAY;1,345;20
Pharma - N2;OFTNORT B & S E.I.R.L.;AQUADRAN;5;MAY;972;20
Pharma - N2;OFTNORT B & S E.I.R.L.;GAAP;5;MAY;1,751;20
Pharma - N2;OFTNORT B & S E.I.R.L.;LAGRICEL;5;MAY;1,024;20
Pharma - N2;OMEGAVISION S.A.C;LAGRICEL PF;5;MAY;1,363;24
Pharma - N2;RUIZ VIGO JORGE EDUARDO;TRAZIDEX O;5;MAY;153;3
Pharma - N2;SERVICIOS DE SALUD LOS FRESNOS S.A.C.;AGGLAD;5;MAY;202;3
Pharma - N2;SERVICIOS DE SALUD LOS FRESNOS S.A.C.;FLUMETOL NF;5;MAY;2,450;50
Pharma - N2;SERVICIOS OFTALMOLOGICOS FLORES JAUREGUI S.A.C.;AGGLAD;5;MAY;1,345;20
Pharma - N2;SERVICIOS OFTALMOLOGICOS FLORES JAUREGUI S.A.C.;FLUMETOL NF;5;MAY;539;12
Pharma - N2;SERVICIOS OFTALMOLOGICOS FLORES JAUREGUI S.A.C.;GAAP PF;5;MAY;1,623;20
Pharma - N2;SERVICIOS OFTALMOLOGICOS FLORES JAUREGUI S.A.C.;LAGRICEL;5;MAY;3,685;80
Pharma - N2;SERVICIOS OFTALMOLOGICOS FLORES JAUREGUI S.A.C.;TRAZIDEX O;5;MAY;250;6
Pharma - N2;SERVICIOS OFTALMOLOGICOS FLORES JAUREGUI S.A.C.;TRAZIDEX U;5;MAY;309;6
Pharma - N2;SURFACE LASER CENTER S.A.C.;ZEBESTEN;5;MAY;295;6
Pharma - N2;VISUALIZA JK EIRL;FLUMETOL NF;5;MAY;449;10
Pharma - N2;VISUALIZA JK EIRL;LAGRICEL PF;5;MAY;477;10
Pharma - N2;VISUALIZA JK EIRL;SOPHIPREN;5;MAY;466;10
Pharma - N2;VISUALIZA JK EIRL;TRAZIDEX U;5;MAY;935;20
Pharma - S;ANGELES DE LA SALUD;AGGLAD;5;MAY;330;6
Pharma - S;ANGELES DE LA SALUD;ELIPTIC PF;5;MAY;204;6
Pharma - S;ANGELES DE LA SALUD;LAGRICEL;5;MAY;205;4
Pharma - S;ASOCIACION CIVIL RELIGIOSA DIOSPI SUYANA;FLUMETOL NF;5;MAY;817;20
Pharma - S;ASOCIACION PARA LA PREVENCION DE LA CEGUERA - ASPRECE CUSCO;AQUADRAN;5;MAY;540;10
Pharma - S;ASOCIACION PRO ESPIRITU SANTO;AGGLAD;5;MAY;825;15
Pharma - S;ASOCIACION PRO ESPIRITU SANTO;AQUADRAN;5;MAY;810;15
Pharma - S;ASOCIACION PRO ESPIRITU SANTO;ELIPTIC PF;5;MAY;1,019;30
Pharma - S;ASOCIACION PRO ESPIRITU SANTO;TRAZIDEX U;5;MAY;842;20
Pharma - S;CENTRO AVANZADO EN CIRUGIA OFTALMOLOGICA CHICATA S.A.C.;LAGRICEL PF;5;MAY;682;12
Pharma - S;CENTRO AVANZADO EN CIRUGIA OFTALMOLOGICA CHICATA S.A.C.;ZEBESTEN;5;MAY;98;2
Pharma - S;CENTRO MEDICO SAN PEDRO S.A.C.;AQUADRAN;5;MAY;270;5
Pharma - S;CENTRO MEDICO SAN PEDRO S.A.C.;LAGRICEL PF;5;MAY;239;5
Pharma - S;CEPRECE CUSCO;AGGLAD;5;MAY;-55;-1
Pharma - S;CLINICA AREQUIPA SA;AGGLAD;5;MAY;1,651;30
Pharma - S;CLINICA AREQUIPA SA;ELAR-B;5;MAY;1,035;15
Pharma - S;CLINICA AREQUIPA SA;ELIPTIC PF;5;MAY;1,019;30
Pharma - S;CLINICA AREQUIPA SA;FLUMETOL NF;5;MAY;1,021;25
Pharma - S;CLINICA AREQUIPA SA;GAAP;5;MAY;1,182;15
Pharma - S;CLINICA AREQUIPA SA;LAGRICEL PF;5;MAY;2,727;40
Pharma - S;CLINICA AREQUIPA SA;TRAZIDEX O;5;MAY;1,250;30
Pharma - S;CLINICA AREQUIPA SA;TRAZIDEX U;5;MAY;1,262;30
Pharma - S;CLINICA CERRO COLORADO S.A.C.;FLUMETOL NF;5;MAY;510;18
Pharma - S;CLINICA CERRO COLORADO S.A.C.;LAGRICEL;5;MAY;673;20
Pharma - S;CLINICA VALLESUR S.A.;AGGLAD;5;MAY;201;4
Pharma - S;CLINICA VALLESUR S.A.;FLUMETOL NF;5;MAY;2,303;60
Pharma - S;CLINICA VALLESUR S.A.;LAGRICEL;5;MAY;2,559;50
Pharma - S;CLINICA VALLESUR S.A.;LAGRICEL PF;5;MAY;3,408;75
Pharma - S;CLINICA VALLESUR S.A.;SOPHIPREN;5;MAY;840;20
Pharma - S;CLINICA VALLESUR S.A.;TRAZIDEX U;5;MAY;5,260;125
Pharma - S;EYE MEDICAL E.I.R.L.;SOPHIPREN;5;MAY;847;20
Pharma - S;EYE MEDICAL E.I.R.L.;TRAZIDEX U;5;MAY;842;20
Pharma - S;FUENTES VEGA JOSE ANTONIO;DUSTALOX;5;MAY;451;10
Pharma - S;FUENTES VEGA JOSE ANTONIO;FLUMETOL NF;5;MAY;1,021;25
Pharma - S;FUENTES VEGA JOSE ANTONIO;SOPHIPREN;5;MAY;932;20
Pharma - S;FUENTES VEGA JOSE ANTONIO;TRAZIDEX U;5;MAY;842;20
Pharma - S;LA FUENTE CENTRO DE SALUD INTEGRAL - LA FUENTE;AGGLAD;5;MAY;2,201;40
Pharma - S;LA FUENTE CENTRO DE SALUD INTEGRAL - LA FUENTE;AQUADRAN;5;MAY;2,160;40
Pharma - S;LA FUENTE CENTRO DE SALUD INTEGRAL - LA FUENTE;ELIPTIC PF;5;MAY;1,359;40
Pharma - S;LA FUENTE CENTRO DE SALUD INTEGRAL - LA FUENTE;FLUMETOL NF;5;MAY;817;20
Pharma - S;LA FUENTE CENTRO DE SALUD INTEGRAL - LA FUENTE;TRAZIDEX U;5;MAY;1,683;40
Pharma - S;LA FUENTE CENTRO DE SALUD INTEGRAL - LA FUENTE;ZEBESTEN;5;MAY;982;20
Pharma - S;MEBRILLAFE E.I.R.L.;ELIPTIC PF;5;MAY;204;6
Pharma - S;MEDICENTRO LOS OLIVOS SOCIEDAD ANONIMA CERRADA;FLUMETOL NF;5;MAY;142;5
Pharma - S;MONT VIAVENTURA E.I.R.L.;ELIPTIC PF;5;MAY;339;10
Pharma - S;MONT VIAVENTURA E.I.R.L.;GAAP PF;5;MAY;541;10
Pharma - S;MOSEH VISION S.A.C.;ELIPTIC PF;5;MAY;408;12
Pharma - S;MOSEH VISION S.A.C.;FLUMETOL NF;5;MAY;817;20
Pharma - S;MOSEH VISION S.A.C.;LAGRICEL PF;5;MAY;954;20
Pharma - S;MOSEH VISION S.A.C.;TRAZIDEX U;5;MAY;337;8
Pharma - S;MOSEH VISION S.A.C.;ZEBESTEN;5;MAY;589;12
Pharma - S;OFTALMOLOGIA, TECNOLOGIA E INNOVACION E.I.R.L.;FLUMETOL NF;5;MAY;408;10
Pharma - S;OFTALMOLOGIA, TECNOLOGIA E INNOVACION E.I.R.L.;LAGRICEL PF;5;MAY;954;20
Pharma - S;OFTALMOLOGIA, TECNOLOGIA E INNOVACION E.I.R.L.;TRAZIDEX U;5;MAY;468;10
Pharma - S;OFTALMOSALUD AREQUIPA SAC;AGGLAD;5;MAY;6,603;120
Pharma - S;OFTALMOSALUD AREQUIPA SAC;AQUADRAN;5;MAY;4,320;80
Pharma - S;OFTALMOSALUD AREQUIPA SAC;ELIPTIC PF;5;MAY;2,613;100
Pharma - S;OFTALMOSALUD AREQUIPA SAC;FLUMETOL NF;5;MAY;5,488;140
Pharma - S;OFTALMOSALUD AREQUIPA SAC;GAAP PF;5;MAY;361;5
Pharma - S;OFTALMOSALUD AREQUIPA SAC;LAGRICEL;5;MAY;4,145;90
Pharma - S;OFTALMOSALUD AREQUIPA SAC;LAGRICEL PF;5;MAY;2,045;40
Pharma - S;OFTALMOSALUD AREQUIPA SAC;LANDAX;5;MAY;93;2
Pharma - S;OFTALMOSALUD AREQUIPA SAC;TRAZIDEX O;5;MAY;1,482;40
Pharma - S;OFTALMOSALUD AREQUIPA SAC;TRAZIDEX U;5;MAY;1,496;40
Pharma - S;PROVIDENCIA E.I.R.L;AQUADRAN;5;MAY;216;4
Pharma - S;PROVIDENCIA E.I.R.L;ELAR-B;5;MAY;173;3
Pharma - S;PROVIDENCIA E.I.R.L;ELIPTIC PF;5;MAY;204;6
Pharma - S;PROVIDENCIA E.I.R.L;LAGRICEL;5;MAY;205;4
Pharma - S;PROVIDENCIA E.I.R.L;LAGRICEL PF;5;MAY;954;20
Pharma - S;PROVIDENCIA E.I.R.L;ZEBESTEN;5;MAY;147;3
Pharma - S;RETINA LASER EMPRESA INDIVIDUAL DE RESPONSABILIDAD LIMITADA;GAAP;5;MAY;1,400;20
Pharma - S;RIOS PRETEL VICENTE;TRAZIDEX U;5;MAY;505;12
Pharma - S;RODRIGUEZ GRANADA HANSEL MIGUEL;ELIPTIC PF;5;MAY;339;10
Pharma - S;RODRIGUEZ GRANADA HANSEL MIGUEL;GAAP;5;MAY;788;10
Pharma - S;RODRIGUEZ GRANADA HANSEL MIGUEL;LAGRICEL;5;MAY;307;6
Pharma - S;RODRIGUEZ GRANADA HANSEL MIGUEL;LAGRICEL PF;5;MAY;286;6
Pharma - S;RODRIGUEZ GRANADA HANSEL MIGUEL;SOPHIPREN;5;MAY;254;6
Pharma - S;RODRIGUEZ GRANADA HANSEL MIGUEL;TRAZIDEX U;5;MAY;421;10
Pharma - S;SILVA ESTELA PAUL DANY;FLUMETOL NF;5;MAY;817;20
Pharma - S;SOUTHERN PERU COPPER CORPORATION, SUCURSAL DEL PERÈ;AQUADRAN;5;MAY;1,080;20
Pharma - S;SOUTHERN PERU COPPER CORPORATION, SUCURSAL DEL PERÈ;ELAR-B;5;MAY;1,012;20
Pharma - S;SOUTHERN PERU COPPER CORPORATION, SUCURSAL DEL PERÈ;ELIPTIC PF;5;MAY;457;10
Pharma - S;SOUTHERN PERU COPPER CORPORATION, SUCURSAL DEL PERÈ;FLUMETOL NF;5;MAY;1,470;40
Pharma - S;SOUTHERN PERU COPPER CORPORATION, SUCURSAL DEL PERÈ;GAAP PF;5;MAY;1,442;20
Pharma - S;SOUTHERN PERU COPPER CORPORATION, SUCURSAL DEL PERÈ;LAGRICEL;5;MAY;24,566;560
Pharma - S;VISION CUSCO OFTALMOLOGIA SOCIEDAD ANONIMA CERRADA;FLUMETOL NF;5;MAY;817;20
Pharma - S;VIVANCO GIBAJA RENAN EDUARDO;GAAP PF;5;MAY;1,082;20
Pharma - Z1;ADMINISTRADORA CLINICA RICARDO PALMA S.A.;AGGLAD;5;MAY;7,193;210
Pharma - Z1;ADMINISTRADORA CLINICA RICARDO PALMA S.A.;ELIPTIC;5;MAY;4,452;270
Pharma - Z1;ADMINISTRADORA CLINICA RICARDO PALMA S.A.;FLUMETOL NF;5;MAY;7,189;180
Pharma - Z1;ADMINISTRADORA CLINICA RICARDO PALMA S.A.;LAGRICEL;5;MAY;11,381;500
Pharma - Z1;ADMINISTRADORA CLINICA RICARDO PALMA S.A.;SOPHIPREN;5;MAY;5,633;190
Pharma - Z1;ADMINISTRADORA CLINICA RICARDO PALMA S.A.;TRAZIDEX U;5;MAY;9,147;275
Pharma - Z1;APM SERVICES S.A.C;FLUMETOL NF;5;MAY;4,084;100
Pharma - Z1;ARBRAYSS LASER S.R.L;AGGLAD;5;MAY;825;15
Pharma - Z1;ARBRAYSS LASER S.R.L;AQUADRAN;5;MAY;1,890;35
Pharma - Z1;ARBRAYSS LASER S.R.L;ELAR-B;5;MAY;863;15
Pharma - Z1;ARBRAYSS LASER S.R.L;ELIPTIC PF;5;MAY;1,306;25
Pharma - Z1;ARBRAYSS LASER S.R.L;FLUMETOL NF;5;MAY;662;18
Pharma - Z1;ARBRAYSS LASER S.R.L;GAAP PF;5;MAY;3,606;40
Pharma - Z1;ARBRAYSS LASER S.R.L;LAGRICEL PF;5;MAY;4,828;85
Pharma - Z1;ARBRAYSS LASER S.R.L;TRAZIDEX O;5;MAY;1,042;25
Pharma - Z1;ARBRAYSS LASER S.R.L;TRAZIDEX U;5;MAY;842;20
Pharma - Z1;ARBRAYSS LASER S.R.L;ZEBESTEN;5;MAY;491;10
Pharma - Z1;ASOCIACION CIVIL DIVINO NIYO JESUS;FLUMETOL NF;5;MAY;490;12
Pharma - Z1;ASOCIACION CIVIL DIVINO NIYO JESUS;LAGRICEL PF;5;MAY;3,681;72
Pharma - Z1;ASOCIACION CIVIL DIVINO NIYO JESUS;LANDAX;5;MAY;1,091;26
Pharma - Z1;ASOCIACION CIVIL DIVINO NIYO JESUS;ZEBESTEN;5;MAY;589;12
Pharma - Z1;BRITISH AMERICAN HOSPITAL S.A.;ELIPTIC PF;5;MAY;1,045;20
Pharma - Z1;BUENA VISTA Y SALUD E.I.R.L.;AQUADRAN;5;MAY;540;10
Pharma - Z1;BUENA VISTA Y SALUD E.I.R.L.;TRAZIDEX U;5;MAY;468;10
Pharma - Z1;CAUTI - BOZA OFTALMOLOGOS E.I.R.L.;LAGRICEL PF;5;MAY;286;6
Pharma - Z1;CAUTI - BOZA OFTALMOLOGOS E.I.R.L.;SOPHIPREN;5;MAY;254;6
Pharma - Z1;CAUTI - BOZA OFTALMOLOGOS E.I.R.L.;TRAZIDEX U;5;MAY;281;6
Pharma - Z1;CENTRO DE CATARATA Y LASER E.I.R.L.;AQUADRAN;5;MAY;729;15
Pharma - Z1;CENTRO DE CATARATA Y LASER E.I.R.L.;ELIPTIC;5;MAY;254;10
Pharma - Z1;CENTRO DE CATARATA Y LASER E.I.R.L.;GAAP;5;MAY;1,996;30
Pharma - Z1;CENTRO DE CATARATA Y LASER E.I.R.L.;LAGRICEL;5;MAY;3,582;70
Pharma - Z1;CENTRO DE CATARATA Y LASER E.I.R.L.;LAGRICEL PF;5;MAY;9,066;190
Pharma - Z1;CENTRO DE CATARATA Y LASER E.I.R.L.;SOPHIPREN;5;MAY;847;20
Pharma - Z1;CENTRO DE CATARATA Y LASER E.I.R.L.;TRAZIDEX O;5;MAY;1,297;40
Pharma - Z1;CENTRO DE CATARATA Y LASER E.I.R.L.;TRAZIDEX U;5;MAY;842;20
Pharma - Z1;CENTRO DE ESPECIALIDADES OFTALMOLOGICAS ALLIN QAWAY E.I.R.L.;AQUADRAN;5;MAY;1,015;20
Pharma - Z1;CENTRO DE ESPECIALIDADES OFTALMOLOGICAS ALLIN QAWAY E.I.R.L.;TRAZIDEX O;5;MAY;926;20
Pharma - Z1;CENTROS MEDICOS DEL PERU S.A.;FLUMETOL NF;5;MAY;719;16
Pharma - Z1;CENTROS MEDICOS DEL PERU S.A.;LAGRICEL;5;MAY;52;1
Pharma - Z1;CIRUGIA DE RETINA Y MACULA DRA. PATRICIA LIRA E.I.R.L.;LANDAX;5;MAY;1,771;50
Pharma - Z1;CIRUGIA DE RETINA Y MACULA DRA. PATRICIA LIRA E.I.R.L.;SOPHIPREN;5;MAY;1,779;50
Pharma - Z1;CLINICA JAVIER PRADO S A;FLUMETOL NF;5;MAY;449;10
Pharma - Z1;CLINICA OFTALMOLOGICA ESPECIALIZADA LUMINUS S.R.L.;FLUMETOL NF;5;MAY;2,042;50
Pharma - Z1;CLINICA SAN PABLO S.A.C.;AQUADRAN;5;MAY;162;3
Pharma - Z1;CLINICA SAN PABLO S.A.C.;FLUMETOL NF;5;MAY;170;6
Pharma - Z1;CLINICA SAN PABLO S.A.C.;GAAP;5;MAY;404;6
Pharma - Z1;CLINICA SAN PABLO S.A.C.;LAGRICEL;5;MAY;337;10
Pharma - Z1;CONGREGACION HIJAS DE SAN CAMILO;SOPHIPREN;5;MAY;1,143;30
Pharma - Z1;CONGREGACION HIJAS DE SAN CAMILO;TRAZIDEX O;5;MAY;1,195;30
Pharma - Z1;CONGREGACION HIJAS DE SAN CAMILO;TRAZIDEX U;5;MAY;804;20
Pharma - Z1;CORPORACION IBEROAMERICANA DE SALUD E.I.R.L.;LAGRICEL PF;5;MAY;1,636;24
Pharma - Z1;DROGUERIA ANGLOAMERICANA S.A.C.;AGGLAD;5;MAY;856;14
Pharma - Z1;DROGUERIA ANGLOAMERICANA S.A.C.;FLUMETOL NF;5;MAY;1,519;31
Pharma - Z1;DROGUERIA ANGLOAMERICANA S.A.C.;GAAP PF;5;MAY;1,006;11
Pharma - Z1;DROGUERIA ANGLOAMERICANA S.A.C.;LAGRICEL;5;MAY;3,255;53
Pharma - Z1;DROGUERIA ANGLOAMERICANA S.A.C.;TRAZIDEX O;5;MAY;6,622;110
Pharma - Z1;ESPECIALIDADES MEDICAS UNIVERSAL S.A.;AGGLAD;5;MAY;183;3
Pharma - Z1;ESPECIALIDADES MEDICAS UNIVERSAL S.A.;GAAP PF;5;MAY;541;6
Pharma - Z1;ESPECIALIDADES MEDICAS UNIVERSAL S.A.;LAGRICEL PF;5;MAY;170;3
Pharma - Z1;ESPECIALIDADES MEDICAS UNIVERSAL S.A.;TRAZIDEX U;5;MAY;468;10
Pharma - Z1;EXILASER S.A.C.;TRAZIDEX O;5;MAY;463;10
Pharma - Z1;H & G VISION MEDICAL ASOCIADOS S.R.L.;TRAZIDEX U;5;MAY;561;12
Pharma - Z1;HC MEDICAL GROUP S.A.C.;LANDAX;5;MAY;746;20
Pharma - Z1;HC MEDICAL GROUP S.A.C.;SOPHIPREN;5;MAY;762;20
Pharma - Z1;HC MEDICAL GROUP S.A.C.;TRAZIDEX O;5;MAY;833;20
Pharma - Z1;HC MEDICAL GROUP S.A.C.;ZEBESTEN;5;MAY;982;20
Pharma - Z1;INSTITUTO DE OJOS PRIMAVERA S.R.L.;ELIPTIC PF;5;MAY;209;4
Pharma - Z1;INSTITUTO DE OJOS PRIMAVERA S.R.L.;FLUMETOL NF;5;MAY;163;4
Pharma - Z1;INSTITUTO DE OJOS PRIMAVERA S.R.L.;LAGRICEL PF;5;MAY;2,386;50
Pharma - Z1;INSTITUTO OFTALMOSALUD SOCIEDAD ANONIMA CERRADA;FLUMETOL NF;5;MAY;8,167;200
Pharma - Z1;INSTITUTOS OFTALMOLOGICOS ESPECIALIZADOS DR.CARLOS WONG CAM S.A.C;AGGLAD;5;MAY;1,651;30
Pharma - Z1;INSTITUTOS OFTALMOLOGICOS ESPECIALIZADOS DR.CARLOS WONG CAM S.A.C;AQUADRAN;5;MAY;1,080;20
Pharma - Z1;INSTITUTOS OFTALMOLOGICOS ESPECIALIZADOS DR.CARLOS WONG CAM S.A.C;DUSTALOX;5;MAY;902;20
Pharma - Z1;INSTITUTOS OFTALMOLOGICOS ESPECIALIZADOS DR.CARLOS WONG CAM S.A.C;ELIPTIC;5;MAY;951;30
Pharma - Z1;INSTITUTOS OFTALMOLOGICOS ESPECIALIZADOS DR.CARLOS WONG CAM S.A.C;FLUMETOL NF;5;MAY;449;10
Pharma - Z1;INSTITUTOS OFTALMOLOGICOS ESPECIALIZADOS DR.CARLOS WONG CAM S.A.C;GAAP;5;MAY;6,258;65
Pharma - Z1;INSTITUTOS OFTALMOLOGICOS ESPECIALIZADOS DR.CARLOS WONG CAM S.A.C;LAGRICEL;5;MAY;2,661;50
Pharma - Z1;INSTITUTOS OFTALMOLOGICOS ESPECIALIZADOS DR.CARLOS WONG CAM S.A.C;LAGRICEL PF;5;MAY;3,136;60
Pharma - Z1;INSTITUTOS OFTALMOLOGICOS ESPECIALIZADOS DR.CARLOS WONG CAM S.A.C;SOPHIPREN;5;MAY;2,795;60
Pharma - Z1;INSTITUTOS OFTALMOLOGICOS ESPECIALIZADOS DR.CARLOS WONG CAM S.A.C;TRAZIDEX O;5;MAY;2,547;55
Pharma - Z1;INSTITUTOS OFTALMOLOGICOS ESPECIALIZADOS DR.CARLOS WONG CAM S.A.C;TRAZIDEX U;5;MAY;3,740;80
Pharma - Z1;LA ESPERANZA DEL PERU S A;AGGLAD;5;MAY;272;7
Pharma - Z1;LA ESPERANZA DEL PERU S A;FLUMETOL NF;5;MAY;887;30
Pharma - Z1;LA ESPERANZA DEL PERU S A;GAAP PF;5;MAY;1,825;44
Pharma - Z1;LA ESPERANZA DEL PERU S A;LAGRICEL;5;MAY;844;25
Pharma - Z1;LA ESPERANZA DEL PERU S A;TRAZIDEX U;5;MAY;684;24
Pharma - Z1;MACULA D & T S.R.L.;AGGLAD;5;MAY;452;10
Pharma - Z1;MACULA D & T S.R.L.;AQUADRAN;5;MAY;810;15
Pharma - Z1;MACULA D & T S.R.L.;ELIPTIC;5;MAY;411;12
Pharma - Z1;MACULA D & T S.R.L.;ELIPTIC PF;5;MAY;176;5
Pharma - Z1;MACULA D & T S.R.L.;FLUMETOL NF;5;MAY;1,715;35
Pharma - Z1;MACULA D & T S.R.L.;GAAP;5;MAY;1,339;17
Pharma - Z1;MACULA D & T S.R.L.;GAAP PF;5;MAY;1,352;15
Pharma - Z1;MACULA D & T S.R.L.;LAGRICEL;5;MAY;844;15
Pharma - Z1;MACULA D & T S.R.L.;LAGRICEL PF;5;MAY;4,062;65
Pharma - Z1;MACULA D & T S.R.L.;TRAZIDEX O;5;MAY;1,306;30
Pharma - Z1;MACULA D & T S.R.L.;TRAZIDEX U;5;MAY;440;10
Pharma - Z1;MACULA D & T S.R.L.;ZEBESTEN;5;MAY;491;10
Pharma - Z1;MEDICINA EXTERNA S A MEDEX;AGGLAD;5;MAY;954;12
Pharma - Z1;MEDICINA EXTERNA S A MEDEX;LAGRICEL;5;MAY;307;6
Pharma - Z1;MEDICINA EXTERNA S A MEDEX;SOPHIPREN;5;MAY;85;2
Pharma - Z1;MEDICINA EXTERNA S A MEDEX;TRAZIDEX O;5;MAY;417;9
Pharma - Z1;MEDICINA EXTERNA S A MEDEX;TRAZIDEX U;5;MAY;561;10
Pharma - Z1;OBISPADO DE CHOSICA;ELAR-B;5;MAY;3,680;80
Pharma - Z1;OBISPADO DE CHOSICA;FLUMETOL NF;5;MAY;817;20
Pharma - Z1;OBISPADO DE CHOSICA;LAGRICEL PF;5;MAY;9,543;200
Pharma - Z1;OBISPADO DE CHOSICA;TRAZIDEX U;5;MAY;505;12
Pharma - Z1;OFTALMEDICA SUR S.A.C.;AGGLAD;5;MAY;1,321;24
Pharma - Z1;OFTALMEDICA SUR S.A.C.;ELIPTIC;5;MAY;406;16
Pharma - Z1;OFTALMEDICA SUR S.A.C.;FLUMETOL NF;5;MAY;588;16
Pharma - Z1;OFTALMEDICA SUR S.A.C.;GAAP;5;MAY;1,576;20
Pharma - Z1;OFTALMEDICA SUR S.A.C.;TRAZIDEX O;5;MAY;2,292;55
Pharma - Z1;OFTALMEDICA SUR S.A.C.;TRAZIDEX U;5;MAY;800;19
Pharma - Z1;OFTALMIC SERVICE SAC;AQUADRAN;5;MAY;270;5
Pharma - Z1;OFTALMIC SERVICE SAC;FLUMETOL NF;5;MAY;613;15
Pharma - Z1;OFTALMIC SERVICE SAC;GAAP PF;5;MAY;902;10
Pharma - Z1;OFTALMIC SERVICE SAC;TRAZIDEX U;5;MAY;401;10
Pharma - Z1;OFTALMICA S.A.C.;AQUADRAN;5;MAY;2,160;40
Pharma - Z1;OFTALMICA S.A.C.;ELIPTIC PF;5;MAY;392;10
Pharma - Z1;OFTALMICA S.A.C.;FLUMETOL NF;5;MAY;1,024;33
Pharma - Z1;OFTALMICA S.A.C.;GAAP PF;5;MAY;3,029;42
Pharma - Z1;OFTALMICA S.A.C.;LAGRICEL;5;MAY;2,088;51
Pharma - Z1;OFTALMICA S.A.C.;LAGRICEL PF;5;MAY;3,119;61
Pharma - Z1;OFTALMICA S.A.C.;TRAZIDEX O;5;MAY;3,260;88
Pharma - Z1;OFTALMICA S.A.C.;TRAZIDEX U;5;MAY;2,441;76
Pharma - Z1;OFTALMO VISSUM SOCIEDAD ANONIMA CERRADA;AQUADRAN;5;MAY;972;20
Pharma - Z1;OFTALMO VISSUM SOCIEDAD ANONIMA CERRADA;LAGRICEL PF;5;MAY;4,772;100
Pharma - Z1;OFTALMO VISSUM SOCIEDAD ANONIMA CERRADA;TRAZIDEX U;5;MAY;421;10
Pharma - Z1;OFTALMOLOGIA S & S E.I.R.L.;FLUMETOL NF;5;MAY;204;5
Pharma - Z1;OFTALMOVISTA EIRL;LAGRICEL PF;5;MAY;3,340;70
Pharma - Z1;ONCOCENTER PERU S.A.C.;FLUMETOL NF;5;MAY;576;15
Pharma - Z1;ONCOCENTER PERU S.A.C.;TRAZIDEX U;5;MAY;1,683;40
Pharma - Z1;OPTICAS STEREOPSIS S.R.L.;AQUADRAN;5;MAY;810;15
Pharma - Z1;OPTICAS STEREOPSIS S.R.L.;FLUMETOL NF;5;MAY;613;15
Pharma - Z1;OPTICASUNO S.A.C.;AGGLAD;5;MAY;275;5
Pharma - Z1;OPTICASUNO S.A.C.;ELIPTIC PF;5;MAY;209;5
Pharma - Z1;OPTICASUNO S.A.C.;FLUMETOL NF;5;MAY;8,167;200
Pharma - Z1;OPTICASUNO S.A.C.;LAGRICEL;5;MAY;10,235;200
Pharma - Z1;OPTICASUNO S.A.C.;LANDAX;5;MAY;5,500;200
Pharma - Z1;OPTICASUNO S.A.C.;SOPHIPREN;5;MAY;1,694;40
Pharma - Z1;OPTICASUNO S.A.C.;TRAZIDEX O;5;MAY;2,778;60
Pharma - Z1;PROMOTORA ASISTENCIAL S.A.C CLINICA LIMATAMBO - PROMOSA SAC CLINICA LIMATAMBO;DUSTALOX;5;MAY;205;5
Pharma - Z1;PROMOTORA ASISTENCIAL S.A.C CLINICA LIMATAMBO - PROMOSA SAC CLINICA LIMATAMBO;FLUMETOL NF;5;MAY;110;3
Pharma - Z1;PROMOTORA ASISTENCIAL S.A.C CLINICA LIMATAMBO - PROMOSA SAC CLINICA LIMATAMBO;GAAP;5;MAY;945;12
Pharma - Z1;PROVISION 2000 S.A.C.;AGGLAD;5;MAY;1,467;24
Pharma - Z1;PROVISION 2000 S.A.C.;AQUADRAN;5;MAY;1,296;24
Pharma - Z1;PROVISION 2000 S.A.C.;LAGRICEL;5;MAY;1,842;36
Pharma - Z1;PROVISION 2000 S.A.C.;TRAZIDEX O;5;MAY;1,000;24
Pharma - Z1;QUALITY VISION SOCIEDAD ANONIMA CERRADA;LAGRICEL PF;5;MAY;682;12
Pharma - Z1;QUALITY VISION SOCIEDAD ANONIMA CERRADA;LANDAX;5;MAY;559;12
Pharma - Z1;QUALITY VISION SOCIEDAD ANONIMA CERRADA;TRAZIDEX U;5;MAY;505;12
Pharma - Z1;RIDOUTT  SANCHEZ PATRICIA ELIZABETH;LAGRICEL PF;5;MAY;57;1
Pharma - Z1;SALUD VISUAL Y ESPECIALIDADES SOCIEDAD COMERCIAL DE RESPONSABILIDAD LIMITADA;AQUADRAN;5;MAY;540;10
Pharma - Z1;SALUD VISUAL Y ESPECIALIDADES SOCIEDAD COMERCIAL DE RESPONSABILIDAD LIMITADA;GAAP PF;5;MAY;757;15
Pharma - Z1;SALUD VISUAL Y ESPECIALIDADES SOCIEDAD COMERCIAL DE RESPONSABILIDAD LIMITADA;LAGRICEL PF;5;MAY;1,431;30
Pharma - Z1;SALUD VISUAL Y ESPECIALIDADES SOCIEDAD COMERCIAL DE RESPONSABILIDAD LIMITADA;SOPHIPREN;5;MAY;381;10
Pharma - Z1;SALUD VISUAL Y ESPECIALIDADES SOCIEDAD COMERCIAL DE RESPONSABILIDAD LIMITADA;TRAZIDEX U;5;MAY;468;10
Pharma - Z1;SISTEMAS DE ADMINISTRACION HOSPITALARIA S.A.C.;AGGLAD;5;MAY;1,514;39
Pharma - Z1;SISTEMAS DE ADMINISTRACION HOSPITALARIA S.A.C.;DUSTALOX;5;MAY;138;4
Pharma - Z1;SISTEMAS DE ADMINISTRACION HOSPITALARIA S.A.C.;ELIPTIC;5;MAY;1,801;71
Pharma - Z1;SISTEMAS DE ADMINISTRACION HOSPITALARIA S.A.C.;FLUMETOL NF;5;MAY;2,868;97
Pharma - Z1;SISTEMAS DE ADMINISTRACION HOSPITALARIA S.A.C.;GAAP PF;5;MAY;4,645;112
Pharma - Z1;SISTEMAS DE ADMINISTRACION HOSPITALARIA S.A.C.;LAGRICEL;5;MAY;12,868;381
Pharma - Z1;SISTEMAS DE ADMINISTRACION HOSPITALARIA S.A.C.;LAGRICEL PF;5;MAY;5,490;151
Pharma - Z1;SISTEMAS DE ADMINISTRACION HOSPITALARIA S.A.C.;TRAZIDEX O;5;MAY;2,047;86
Pharma - Z1;SISTEMAS DE ADMINISTRACION HOSPITALARIA S.A.C.;TRAZIDEX U;5;MAY;9,434;331
Pharma - Z1;SISTEMAS DE ADMINISTRACION HOSPITALARIA S.A.C.;ZEBESTEN;5;MAY;491;10
Pharma - Z1;TG LASER OFTALMICA SA;AGGLAD;5;MAY;1,345;20
Pharma - Z1;TG LASER OFTALMICA SA;ELAR-B;5;MAY;288;5
Pharma - Z1;TG LASER OFTALMICA SA;ELIPTIC PF;5;MAY;523;10
Pharma - Z1;TG LASER OFTALMICA SA;GAAP;5;MAY;3,851;40
Pharma - Z1;TG LASER OFTALMICA SA;GAAP PF;5;MAY;451;5
Pharma - Z1;TG LASER OFTALMICA SA;LAGRICEL PF;5;MAY;1,363;20
Pharma - Z1;TG LASER OFTALMICA SA;TRAZIDEX O;5;MAY;463;10
Pharma - Z1;TG LASER OFTALMICA SA;TRAZIDEX U;5;MAY;935;20
Pharma - Z1;VALEVISION S.A.C.;AQUADRAN;5;MAY;486;10
Pharma - Z1;VALEVISION S.A.C.;TRAZIDEX U;5;MAY;935;20
Pharma - Z1;VESALIO S.A.;AGGLAD;5;MAY;317;5
Pharma - Z1;VESALIO S.A.;GAAP PF;5;MAY;631;7
Pharma - Z1;VESALIO S.A.;LAGRICEL;5;MAY;705;17
Pharma - Z1;Z VISION S.A.C.;FLUMETOL NF;5;MAY;408;10
Pharma - Z1;Z VISION S.A.C.;LAGRICEL PF;5;MAY;568;10
Pharma - Z1;Z VISION S.A.C.;SOPHIPREN;5;MAY;424;10
Pharma - Z1;Z VISION S.A.C.;ZEBESTEN;5;MAY;491;10
Pharma - Z2;AJALCRIYA PASTOR CARLOS ANDRES;SOPHIPREN;5;MAY;424;10
Pharma - Z2;ASOC. PASTORAL DE SERVICIOS MEDICO ASISTENCIALES GOOD HOPE DE LA IGLESIA ADVENTISTA DEL SEPTIMO DIA;AGGLAD;5;MAY;5,258;100
Pharma - Z2;ASOC. PASTORAL DE SERVICIOS MEDICO ASISTENCIALES GOOD HOPE DE LA IGLESIA ADVENTISTA DEL SEPTIMO DIA;DUSTALOX;5;MAY;902;20
Pharma - Z2;ASOC. PASTORAL DE SERVICIOS MEDICO ASISTENCIALES GOOD HOPE DE LA IGLESIA ADVENTISTA DEL SEPTIMO DIA;ELIPTIC PF;5;MAY;1,960;50
Pharma - Z2;ASOC. PASTORAL DE SERVICIOS MEDICO ASISTENCIALES GOOD HOPE DE LA IGLESIA ADVENTISTA DEL SEPTIMO DIA;FLUMETOL NF;5;MAY;4,084;100
Pharma - Z2;ASOC. PASTORAL DE SERVICIOS MEDICO ASISTENCIALES GOOD HOPE DE LA IGLESIA ADVENTISTA DEL SEPTIMO DIA;GAAP;5;MAY;7,878;100
Pharma - Z2;ASOC. PASTORAL DE SERVICIOS MEDICO ASISTENCIALES GOOD HOPE DE LA IGLESIA ADVENTISTA DEL SEPTIMO DIA;LAGRICEL PF;5;MAY;20,450;400
Pharma - Z2;ASOC. PASTORAL DE SERVICIOS MEDICO ASISTENCIALES GOOD HOPE DE LA IGLESIA ADVENTISTA DEL SEPTIMO DIA;SOPHIPREN;5;MAY;1,525;40
Pharma - Z2;ASOC. PASTORAL DE SERVICIOS MEDICO ASISTENCIALES GOOD HOPE DE LA IGLESIA ADVENTISTA DEL SEPTIMO DIA;TRAZIDEX O;5;MAY;2,389;60
Pharma - Z2;ASOC. PASTORAL DE SERVICIOS MEDICO ASISTENCIALES GOOD HOPE DE LA IGLESIA ADVENTISTA DEL SEPTIMO DIA;TRAZIDEX U;5;MAY;1,206;30
Pharma - Z2;CANADA VISION S.A.C.;AGGLAD;5;MAY;660;12
Pharma - Z2;CEMO JJK AMPARITO S.A.C.;FLUMETOL NF;5;MAY;245;6
Pharma - Z2;CEMO JJK AMPARITO S.A.C.;TRAZIDEX U;5;MAY;281;3
Pharma - Z2;CEMO JJK AMPARITO S.A.C.;ZEBESTEN;5;MAY;295;6
Pharma - Z2;CENTRO ESPECIALIZADO SAN SEBASTIAN E.I.R.L;AQUADRAN;5;MAY;486;10
Pharma - Z2;CENTRO ESPECIALIZADO SAN SEBASTIAN E.I.R.L;DUSTALOX;5;MAY;369;10
Pharma - Z2;CENTRO ESPECIALIZADO SAN SEBASTIAN E.I.R.L;LAGRICEL PF;5;MAY;1,431;30
Pharma - Z2;CENTRO LASER OCULAR SOCIEDAD COMERCIAL DE RESPONSABILIDAD LIMITADA;ELAR-B;5;MAY;288;5
Pharma - Z2;CENTRO LASER OCULAR SOCIEDAD COMERCIAL DE RESPONSABILIDAD LIMITADA;ELIPTIC PF;5;MAY;261;5
Pharma - Z2;CENTRO LASER OCULAR SOCIEDAD COMERCIAL DE RESPONSABILIDAD LIMITADA;ZEBESTEN;5;MAY; -   ; -   
Pharma - Z2;CENTRO OFTALMOLOGICO LASER NOVO VISION S.A.C.;AQUADRAN;5;MAY;432;8
Pharma - Z2;CENTRO OFTALMOLOGICO LASER NOVO VISION S.A.C.;ELIPTIC PF;5;MAY;149;3
Pharma - Z2;CENTRO OFTALMOLOGICO LASER NOVO VISION S.A.C.;FLUMETOL NF;5;MAY;531;13
Pharma - Z2;CENTRO OFTALMOLOGICO LASER NOVO VISION S.A.C.;GAAP PF;5;MAY;216;3
Pharma - Z2;CENTRO OFTALMOLOGICO LASER NOVO VISION S.A.C.;LAGRICEL;5;MAY;154;3
Pharma - Z2;CENTRO OFTALMOLOGICO LASER NOVO VISION S.A.C.;LAGRICEL PF;5;MAY;620;13
Pharma - Z2;CENTRO OFTALMOLOGICO LASER NOVO VISION S.A.C.;SOPHIPREN;5;MAY;339;8
Pharma - Z2;CENTRO OFTALMOLOGICO LASER NOVO VISION S.A.C.;TRAZIDEX O;5;MAY;370;8
Pharma - Z2;CENTRO OFTALMOLOGICO LASER NOVO VISION S.A.C.;TRAZIDEX U;5;MAY;608;13
Pharma - Z2;CENTRO OFTALMOLOGICO VISION CENTRAL EMPRESA INDIVIDUAL DE RESPONSABILIDAD LIMITADA;AGGLAD;5;MAY;660;12
Pharma - Z2;CENTRO OFTALMOLOGICO VISION CENTRAL EMPRESA INDIVIDUAL DE RESPONSABILIDAD LIMITADA;ELIPTIC PF;5;MAY;408;12
Pharma - Z2;CENTRO OFTALMOLOGICO VISION CENTRAL EMPRESA INDIVIDUAL DE RESPONSABILIDAD LIMITADA;FLUMETOL NF;5;MAY;490;12
Pharma - Z2;CENTRO OFTALMOLOGICO VISION CENTRAL EMPRESA INDIVIDUAL DE RESPONSABILIDAD LIMITADA;TRAZIDEX U;5;MAY;1,010;24
Pharma - Z2;CENTURION TECHNOLOGIES E.I.R.L.;ELIPTIC;5;MAY;2,226;75
Pharma - Z2;CLINICA CAYETANO HEREDIA S.A.;FLUMETOL NF;5;MAY;1,633;40
Pharma - Z2;CLINICA CAYETANO HEREDIA S.A.;GAAP PF;5;MAY;685;10
Pharma - Z2;CLINICA CAYETANO HEREDIA S.A.;LAGRICEL PF;5;MAY;613;12
Pharma - Z2;CLINICA CAYETANO HEREDIA S.A.;TRAZIDEX O;5;MAY;125;3
Pharma - Z2;CLINICA CAYETANO HEREDIA S.A.;TRAZIDEX U;5;MAY;2,104;50
Pharma - Z2;CLINICA DE OJOS SANTOS SRL;GAAP PF;5;MAY;811;10
Pharma - Z2;CLINICA DE OJOS SANTOS SRL;LAGRICEL PF;5;MAY;477;10
Pharma - Z2;CLINICA DE OJOS SANTOS SRL;SOPHIPREN;5;MAY;953;25
Pharma - Z2;CLINICA DE OJOS SANTOS SRL;TRAZIDEX U;5;MAY;421;10
Pharma - Z2;CLINICA INTERNACIONAL S A;AGGLAD;5;MAY;2,997;75
Pharma - Z2;CLINICA INTERNACIONAL S A;ELIPTIC PF;5;MAY;617;16
Pharma - Z2;CLINICA INTERNACIONAL S A;FLUMETOL NF;5;MAY;4,012;145
Pharma - Z2;CLINICA INTERNACIONAL S A;GAAP;5;MAY;2,416;60
Pharma - Z2;CLINICA INTERNACIONAL S A;GAAP PF;5;MAY;1,940;47
Pharma - Z2;CLINICA INTERNACIONAL S A;LAGRICEL;5;MAY;3,281;100
Pharma - Z2;CLINICA INTERNACIONAL S A;SOPHIPREN;5;MAY;1,358;50
Pharma - Z2;CLINICA INTERNACIONAL S A;TRAZIDEX U;5;MAY;6,849;258
Pharma - Z2;CLINICA NUEVO SAN JUAN SOCIEDAD ANONIMA CERRADA;ELIPTIC;5;MAY;107;3
Pharma - Z2;CLINICA NUEVO SAN JUAN SOCIEDAD ANONIMA CERRADA;FLUMETOL NF;5;MAY;170;6
Pharma - Z2;CUIDA DIGITAL S.A.C.;AGGLAD;5;MAY;440;6
Pharma - Z2;CUIDA DIGITAL S.A.C.;ELIPTIC PF;5;MAY;229;5
Pharma - Z2;CUIDA DIGITAL S.A.C.;FLUMETOL NF;5;MAY;147;3
Pharma - Z2;DOCTOR + S.A.C.;AGGLAD;5;MAY;854;22
Pharma - Z2;DOCTOR + S.A.C.;ELIPTIC PF;5;MAY;366;14
Pharma - Z2;DOCTOR + S.A.C.;FLUMETOL NF;5;MAY;-30;-1
Pharma - Z2;DOCTOR + S.A.C.;GAAP;5;MAY;5,042;90
Pharma - Z2;DOCTOR + S.A.C.;GAAP PF;5;MAY;1,825;44
Pharma - Z2;DOCTOR + S.A.C.;LAGRICEL;5;MAY;946;28
Pharma - Z2;DOCTOR + S.A.C.;LAGRICEL PF;5;MAY;2,618;72
Pharma - Z2;GRUPO LARRAURIZ SOCIEDAD ANONIMA CERRADA;AGGLAD;5;MAY;550;10
Pharma - Z2;GRUPO LARRAURIZ SOCIEDAD ANONIMA CERRADA;ELAR-B;5;MAY;518;10
Pharma - Z2;GRUPO LARRAURIZ SOCIEDAD ANONIMA CERRADA;ELIPTIC PF;5;MAY;340;10
Pharma - Z2;GRUPO LARRAURIZ SOCIEDAD ANONIMA CERRADA;LAGRICEL PF;5;MAY;2,443;50
Pharma - Z2;GRUPO LARRAURIZ SOCIEDAD ANONIMA CERRADA;ZEBESTEN;5;MAY;2,454;50
Pharma - Z2;INSTITUTO MEDICO QUIRURGICO AREQUIPA S.A;FLUMETOL NF;5;MAY;817;20
Pharma - Z2;INSTITUTO MEDICO QUIRURGICO AREQUIPA S.A;LAGRICEL PF;5;MAY;3,408;60
Pharma - Z2;INSTITUTO MEDICO QUIRURGICO AREQUIPA S.A;SOPHIPREN;5;MAY;1,694;40
Pharma - Z2;INVERSIONES MULTIMEDIC S.A.C.;FLUMETOL NF;5;MAY;1,633;40
Pharma - Z2;INVERSIONES MULTIMEDIC S.A.C.;TRAZIDEX O;5;MAY;1,852;40
Pharma - Z2;LAS AMERICAS WELLNESS CENTER S.A.C.;ELIPTIC PF;5;MAY;259;6
Pharma - Z2;LAS AMERICAS WELLNESS CENTER S.A.C.;GAAP PF;5;MAY;411;6
Pharma - Z2;MEDIC SER S.A.C.;FLUMETOL NF;5;MAY;2,149;56
Pharma - Z2;MEDIC SER S.A.C.;GAAP;5;MAY;2,941;40
Pharma - Z2;MEDIC SER S.A.C.;LAGRICEL;5;MAY;6,857;134
Pharma - Z2;MEDIC SER S.A.C.;LAGRICEL PF;5;MAY;227;5
Pharma - Z2;MEDIC SER S.A.C.;SOPHIPREN;5;MAY;1,384;38
Pharma - Z2;MEDIC SER S.A.C.;TRAZIDEX U;5;MAY;1,998;47
Pharma - Z2;MEGAFARMA LA VICTORIA SAC;SOPHIPREN;5;MAY;635;15
Pharma - Z2;MEGAFARMA LA VICTORIA SAC;TRAZIDEX O;5;MAY;695;15
Pharma - Z2;OCULASER CENTRO DE MICROCIRUGIA Y LASER S.A.C.;AQUADRAN;5;MAY;1,296;24
Pharma - Z2;OCULASER CENTRO DE MICROCIRUGIA Y LASER S.A.C.;LAGRICEL PF;5;MAY;1,363;24
Pharma - Z2;OCULASER CENTRO DE MICROCIRUGIA Y LASER S.A.C.;SOPHIPREN;5;MAY;1,016;24
Pharma - Z2;OPHTHALMO PERU S.A.C.;AGGLAD;5;MAY;306;5
Pharma - Z2;OPHTHALMO PERU S.A.C.;ELIPTIC PF;5;MAY;163;5
Pharma - Z2;OPHTHALMO PERU S.A.C.;FLUMETOL NF;5;MAY;123;3
Pharma - Z2;OPHTHALMO PERU S.A.C.;SOPHIPREN;5;MAY;212;5
Pharma - Z2;OPTICA VERIMEDIC E.I.R.L.;FLUMETOL NF;5;MAY;490;12
Pharma - Z2;OPTICA VERIMEDIC E.I.R.L.;LAGRICEL PF;5;MAY;286;6
Pharma - Z2;OPTICA VERIMEDIC E.I.R.L.;TRAZIDEX O;5;MAY;278;6
Pharma - Z2;OPTIMA VISION SRL;AGGLAD;5;MAY;110;2
Pharma - Z2;OPTIMA VISION SRL;AQUADRAN;5;MAY;162;3
Pharma - Z2;OPTIMA VISION SRL;ELAR-B;5;MAY;230;4
Pharma - Z2;OPTIMA VISION SRL;FLUMETOL NF;5;MAY;229;4
Pharma - Z2;OPTIMA VISION SRL;LAGRICEL PF;5;MAY;573;12
Pharma - Z2;OPTIMA VISION SRL;SOPHIPREN;5;MAY;203;4
Pharma - Z2;OPTIMA VISION SRL;TRAZIDEX O;5;MAY;463;10
Pharma - Z2;OPTIMA VISION SRL;TRAZIDEX U;5;MAY;898;16
Pharma - Z2;OPTOPLUS E.I.R.L.;AGGLAD;5;MAY;1,376;25
Pharma - Z2;OPTOPLUS E.I.R.L.;AQUADRAN;5;MAY;810;15
Pharma - Z2;OPTOPLUS E.I.R.L.;GAAP PF;5;MAY;1,370;20
Pharma - Z2;OPTOPLUS E.I.R.L.;SOPHIPREN;5;MAY;1,821;50
Pharma - Z2;OPTOPLUS E.I.R.L.;TRAZIDEX O;5;MAY;1,158;25
Pharma - Z2;OSMICE E.I.R.L.;ELIPTIC PF;5;MAY;653;20
Pharma - Z2;PARROQUIA SAN BENITO;TRAZIDEX U;5;MAY;935;20
Pharma - Z2;RIVERA BERROSPI MIRCO ALFREDO;AQUADRAN;5;MAY;648;12
Pharma - Z2;RIVERA BERROSPI MIRCO ALFREDO;FLUMETOL NF;5;MAY;980;24
Pharma - Z2;RIVERA BERROSPI MIRCO ALFREDO;LAGRICEL PF;5;MAY;682;12
Pharma - Z2;SERVICIOS DE FARMACIA OFTALMOLOGICA YAHUI EIRL;AGGLAD;5;MAY;5,503;100
Pharma - Z2;SERVICIOS DE FARMACIA OFTALMOLOGICA YAHUI EIRL;AQUADRAN;5;MAY;3,240;60
Pharma - Z2;SERVICIOS DE FARMACIA OFTALMOLOGICA YAHUI EIRL;ELAR-B;5;MAY;1,150;20
Pharma - Z2;SERVICIOS DE FARMACIA OFTALMOLOGICA YAHUI EIRL;ELIPTIC PF;5;MAY;8,714;230
Pharma - Z2;SERVICIOS DE FARMACIA OFTALMOLOGICA YAHUI EIRL;FLUMETOL NF;5;MAY;8,984;200
Pharma - Z2;SERVICIOS DE FARMACIA OFTALMOLOGICA YAHUI EIRL;GAAP PF;5;MAY;16,228;180
Pharma - Z2;SERVICIOS DE FARMACIA OFTALMOLOGICA YAHUI EIRL;LAGRICEL;5;MAY;7,369;180
Pharma - Z2;SERVICIOS DE FARMACIA OFTALMOLOGICA YAHUI EIRL;LAGRICEL PF;5;MAY;22,722;400
Pharma - Z2;SERVICIOS DE FARMACIA OFTALMOLOGICA YAHUI EIRL;LANDAX;5;MAY;4,661;100
Pharma - Z2;SERVICIOS DE FARMACIA OFTALMOLOGICA YAHUI EIRL;SOPHIPREN;5;MAY;4,235;100
Pharma - Z2;SERVICIOS DE FARMACIA OFTALMOLOGICA YAHUI EIRL;TRAZIDEX O;5;MAY;4,167;100
Pharma - Z2;SERVICIOS DE FARMACIA OFTALMOLOGICA YAHUI EIRL;TRAZIDEX U;5;MAY;10,520;250
Pharma - Z2;SERVICIOS DE FARMACIA OFTALMOLOGICA YAHUI EIRL;ZEBESTEN;5;MAY;4,909;100
Pharma - Z2;Tilcara E.I.R.L;AGGLAD;5;MAY;660;12
Pharma - Z2;Tilcara E.I.R.L;ELIPTIC PF;5;MAY;423;12
Pharma - Z2;UNOVE S.A.C.;AGGLAD;5;MAY;550;10
Pharma - Z2;UNOVE S.A.C.;DUSTALOX;5;MAY;451;10
Pharma - Z2;UNOVE S.A.C.;ELIPTIC PF;5;MAY;941;20
Pharma - Z2;UNOVE S.A.C.;GAAP PF;5;MAY;902;10
Pharma - Z2;UNOVE S.A.C.;TRAZIDEX O;5;MAY;1,852;40
Pharma - Z2;UNOVE S.A.C.;TRAZIDEX U;5;MAY;842;20
Pharma - Z2;UNOVE S.A.C.;ZEBESTEN;5;MAY;928;20
Pharma - Z2;VISUAL MEDIC S.R.L;FLUMETOL NF;5;MAY;817;20
Pharma - Z2;VISUAL MEDIC S.R.L;LAGRICEL PF;5;MAY;795;20
Pharma - Z2;VITTES GALVEZ INVERSIONES Y SERVICIOS E.I.R.L.;AGGLAD;5;MAY;660;12
Pharma - Z2;VITTES GALVEZ INVERSIONES Y SERVICIOS E.I.R.L.;AQUADRAN;5;MAY;583;12
Pharma - Z2;VITTES GALVEZ INVERSIONES Y SERVICIOS E.I.R.L.;ELAR-B;5;MAY;311;6
Pharma - Z2;VITTES GALVEZ INVERSIONES Y SERVICIOS E.I.R.L.;ELIPTIC PF;5;MAY;408;12
Pharma - Z2;VITTES GALVEZ INVERSIONES Y SERVICIOS E.I.R.L.;FLUMETOL NF;5;MAY;490;12
Pharma - Z2;VITTES GALVEZ INVERSIONES Y SERVICIOS E.I.R.L.;GAAP PF;5;MAY;865;12
Pharma - Z2;VITTES GALVEZ INVERSIONES Y SERVICIOS E.I.R.L.;LAGRICEL PF;5;MAY;573;12
Pharma - Z2;VITTES GALVEZ INVERSIONES Y SERVICIOS E.I.R.L.;SOPHIPREN;5;MAY;508;12
Pharma - Z2;VITTES GALVEZ INVERSIONES Y SERVICIOS E.I.R.L.;TRAZIDEX U;5;MAY;505;12
Pharma - Z2;VITTES GALVEZ INVERSIONES Y SERVICIOS E.I.R.L.;ZEBESTEN;5;MAY;589;12
Pharma - Z3;AAA SAC;DUSTALOX;5;MAY;1,846;50
Pharma - Z3;AAA SAC;ELAR-B;5;MAY;518;10
Pharma - Z3;AAA SAC;ELIPTIC PF;5;MAY;2,613;50
Pharma - Z3;AAA SAC;FLUMETOL NF;5;MAY;2,042;50
Pharma - Z3;AAA SAC;TRAZIDEX U;5;MAY;2,338;50
Pharma - Z3;ASOCIACION PERUANO JAPONESA;AGGLAD;5;MAY;3,179;65
Pharma - Z3;ASOCIACION PERUANO JAPONESA;AQUADRAN;5;MAY;1,080;20
Pharma - Z3;ASOCIACION PERUANO JAPONESA;ELAR-B;5;MAY;288;5
Pharma - Z3;ASOCIACION PERUANO JAPONESA;ELIPTIC PF;5;MAY;3,135;60
Pharma - Z3;ASOCIACION PERUANO JAPONESA;FLUMETOL NF;5;MAY;1,348;30
Pharma - Z3;ASOCIACION PERUANO JAPONESA;GAAP PF;5;MAY;6,347;80
Pharma - Z3;ASOCIACION PERUANO JAPONESA;LAGRICEL;5;MAY;1,970;35
Pharma - Z3;ASOCIACION PERUANO JAPONESA;LAGRICEL PF;5;MAY;6,135;90
Pharma - Z3;ASOCIACION PERUANO JAPONESA;SOPHIPREN;5;MAY;466;11
Pharma - Z3;ASOCIACION PERUANO JAPONESA;TRAZIDEX O;5;MAY;556;10
Pharma - Z3;ASOCIACION PERUANO JAPONESA;TRAZIDEX U;5;MAY;6,452;115
Pharma - Z3;CENTRO DE ESPECIALIDADES OFTALMOLOGICAS E.I.R.L.;LAGRICEL PF;5;MAY;1,136;20
Pharma - Z3;CENTRO DE ESPECIALIDADES OFTALMOLOGICAS E.I.R.L.;SOPHIPREN;5;MAY;847;20
Pharma - Z3;CENTRO MEDICO CLINICA SAN JUDAS TADEO SA;AGGLAD;5;MAY;3,485;57
Pharma - Z3;CENTRO MEDICO CLINICA SAN JUDAS TADEO SA;LAGRICEL;5;MAY;783;17
Pharma - Z3;CENTRO MEDICO CLINICA SAN JUDAS TADEO SA;TRAZIDEX O;5;MAY;2,500;60
Pharma - Z3;CENTRO MEDICO CLINICA SAN JUDAS TADEO SA;TRAZIDEX U;5;MAY;3,535;84
Pharma - Z3;CENTRO OFTALMOLOGICO LEO VISION S.A.C.;TRAZIDEX U;5;MAY;2,338;50
Pharma - Z3;CLINICA AMAZONICA EIRL;AQUADRAN;5;MAY;540;10
Pharma - Z3;CLINICA AMAZONICA EIRL;LAGRICEL;5;MAY;1,024;20
Pharma - Z3;CLINICA AMAZONICA EIRL;SOPHIPREN;5;MAY;1,084;40
Pharma - Z3;CLINICA AMAZONICA EIRL;TRAZIDEX U;5;MAY;1,403;30
Pharma - Z3;CLINICA BELLAVISTA SOCIEDAD ANONIMA CERRADA;LAGRICEL;5;MAY;716;14
Pharma - Z3;CLINICA BELLAVISTA SOCIEDAD ANONIMA CERRADA;TRAZIDEX O;5;MAY;695;30
Pharma - Z3;CLINICA BELLAVISTA SOCIEDAD ANONIMA CERRADA;TRAZIDEX U;5;MAY;1,725;41
Pharma - Z3;CLINICA DE OJOS DÔOPELUCE SAC;AGGLAD;5;MAY;1,101;20
Pharma - Z3;CLINICA DE OJOS DÔOPELUCE SAC;AQUADRAN;5;MAY;1,080;20
Pharma - Z3;CLINICA DE OJOS DÔOPELUCE SAC;ELAR-B;5;MAY;345;6
Pharma - Z3;CLINICA DE OJOS DÔOPELUCE SAC;ELIPTIC PF;5;MAY;523;10
Pharma - Z3;CLINICA DE OJOS DÔOPELUCE SAC;FLUMETOL NF;5;MAY;1,797;40
Pharma - Z3;CLINICA DE OJOS DÔOPELUCE SAC;GAAP PF;5;MAY;2,164;30
Pharma - Z3;CLINICA DE OJOS DÔOPELUCE SAC;LAGRICEL PF;5;MAY;5,340;100
Pharma - Z3;CLINICA DE OJOS DÔOPELUCE SAC;TRAZIDEX O;5;MAY;1,667;40
Pharma - Z3;CLINICA DE OJOS DÔOPELUCE SAC;TRAZIDEX U;5;MAY;1,683;40
Pharma - Z3;CLINICA DE OJOS VISION DEL PERU S.A.C.;ELIPTIC PF;5;MAY;817;25
Pharma - Z3;CLINICA DE OJOS VISION DEL PERU S.A.C.;FLUMETOL NF;5;MAY;1,021;25
Pharma - Z3;CLINICA DE OJOS VISION DEL PERU S.A.C.;GAAP PF;5;MAY;1,803;20
Pharma - Z3;CLINICA DE OJOS VISION DEL PERU S.A.C.;TRAZIDEX O;5;MAY;417;10
Pharma - Z3;CLINICA DE OJOS VISION DEL PERU S.A.C.;TRAZIDEX U;5;MAY;842;20
Pharma - Z3;CLINICA JESUS DEL NORTE SOCIEDAD ANONIMA CERRADA;GAAP;5;MAY;1,010;15
Pharma - Z3;CLINICA JESUS DEL NORTE SOCIEDAD ANONIMA CERRADA;LAGRICEL;5;MAY;337;10
Pharma - Z3;CLINICA SAN FELIPE S A;AGGLAD;5;MAY;408;10
Pharma - Z3;CLINICA SAN FELIPE S A;FLUMETOL NF;5;MAY;296;10
Pharma - Z3;CLINICA SAN FELIPE S A;GAAP;5;MAY;618;9
Pharma - Z3;CLINICA SAN FELIPE S A;LAGRICEL;5;MAY;4,362;125
Pharma - Z3;CLINICA SAN FELIPE S A;TRAZIDEX O;5;MAY;2,999;126
Pharma - Z3;CLINICA SAN FELIPE S A;ZEBESTEN;5;MAY;-98;-2
Pharma - Z3;CLINICA SAN GABRIEL S A C;AQUADRAN;5;MAY;216;4
Pharma - Z3;CLINICA SAN GABRIEL S A C;ELAR-B;5;MAY;1,139;22
Pharma - Z3;CLINICA SAN GABRIEL S A C;FLUMETOL NF;5;MAY;2,775;98
Pharma - Z3;CLINICA SAN GABRIEL S A C;LAGRICEL;5;MAY;505;15
Pharma - Z3;CLINICA SAN GABRIEL S A C;LAGRICEL PF;5;MAY;75;2
Pharma - Z3;CONSULTORIOS OFTALMOLOGICOS DEL PERU S.A.C.;AQUADRAN;5;MAY;972;20
Pharma - Z3;CONSULTORIOS OFTALMOLOGICOS DEL PERU S.A.C.;FLUMETOL NF;5;MAY;551;15
Pharma - Z3;CONSULTORIOS OFTALMOLOGICOS DEL PERU S.A.C.;TRAZIDEX U;5;MAY;1,262;30
Pharma - Z3;DERMATOLOGICA PERU E.I.R.L.;LAGRICEL PF;5;MAY;682;12
Pharma - Z3;DERMATOLOGICA PERU E.I.R.L.;SOPHIPREN;5;MAY;508;12
Pharma - Z3;DERMATOLOGICA PERU E.I.R.L.;TRAZIDEX O;5;MAY;556;12
Pharma - Z3;DERMATOLOGICA PERU E.I.R.L.;TRAZIDEX U;5;MAY;561;12
Pharma - Z3;EP OFTALMOLOGOS ASOCIADOS S.A.C.;LAGRICEL PF;5;MAY;1,136;20
Pharma - Z3;EVP. CORPORACION PERUVIAN S.A.C.;AQUADRAN;5;MAY;1,129;25
Pharma - Z3;EVP. CORPORACION PERUVIAN S.A.C.;ELIPTIC PF;5;MAY;170;5
Pharma - Z3;EVP. CORPORACION PERUVIAN S.A.C.;FLUMETOL NF;5;MAY;817;20
Pharma - Z3;EVP. CORPORACION PERUVIAN S.A.C.;LAGRICEL PF;5;MAY;3,579;70
Pharma - Z3;EVP. CORPORACION PERUVIAN S.A.C.;SOPHIPREN;5;MAY;1,525;40
Pharma - Z3;EVP. CORPORACION PERUVIAN S.A.C.;TRAZIDEX O;5;MAY;2,112;60
Pharma - Z3;EVP. CORPORACION PERUVIAN S.A.C.;TRAZIDEX U;5;MAY;1,066;30
Pharma - Z3;EYES SOLUTION E.I.R.L;ELIPTIC PF;5;MAY;361;12
Pharma - Z3;EYES SOLUTION E.I.R.L;FLUMETOL NF;5;MAY;980;24
Pharma - Z3;EYES SOLUTION E.I.R.L;SOPHIPREN;5;MAY;1,016;24
Pharma - Z3;EYES SOLUTION E.I.R.L;TRAZIDEX O;5;MAY;1,667;36
Pharma - Z3;EYES SOLUTION E.I.R.L;TRAZIDEX U;5;MAY;1,683;36
Pharma - Z3;EYES SOLUTION E.I.R.L;ZEBESTEN;5;MAY;1,178;24
Pharma - Z3;FARMAVISION SOCIEDAD ANONIMA CERRADA;AGGLAD;5;MAY;734;12
Pharma - Z3;FARMAVISION SOCIEDAD ANONIMA CERRADA;AQUADRAN;5;MAY;648;12
Pharma - Z3;FARMAVISION SOCIEDAD ANONIMA CERRADA;GAAP;5;MAY;945;12
Pharma - Z3;FARMAVISION SOCIEDAD ANONIMA CERRADA;LAGRICEL;5;MAY;-614;-12
Pharma - Z3;FUNDACION PARA EL TRATAMIENTO DE GLAUCOMA Y CATARATA SAC;LAGRICEL PF;5;MAY;1,250;20
Pharma - Z3;FUNDACION PARA EL TRATAMIENTO DE GLAUCOMA Y CATARATA SAC;ZEBESTEN;5;MAY;491;10
Pharma - Z3;INSAMED INTERNACIONAL EMPRESA INDIVIDUAL DE RESPONSABILIDAD LIMITADA;FLUMETOL NF;5;MAY;490;12
Pharma - Z3;INSTITUTO PERUANO DE LA VISION S.A.C.;AGGLAD;5;MAY;238;3
Pharma - Z3;INSTITUTO PERUANO DE LA VISION S.A.C.;AQUADRAN;5;MAY;648;12
Pharma - Z3;INSTITUTO PERUANO DE LA VISION S.A.C.;ELAR-B;5;MAY;932;18
Pharma - Z3;INSTITUTO PERUANO DE LA VISION S.A.C.;GAAP;5;MAY;1,339;17
Pharma - Z3;INSTITUTO PERUANO DE LA VISION S.A.C.;LANDAX;5;MAY;280;6
Pharma - Z3;INSTITUTO PERUANO DE LA VISION S.A.C.;SOPHIPREN;5;MAY;1,321;24
Pharma - Z3;INSTITUTO PERUANO DE LA VISION S.A.C.;TRAZIDEX O;5;MAY;787;17
Pharma - Z3;INSTITUTO PERUANO DE LA VISION S.A.C.;ZEBESTEN;5;MAY;1,424;29
Pharma - Z3;INVERSIONES MEDICAS GALENO S.A.C.;LAGRICEL PF;5;MAY;2,840;50
Pharma - Z3;INVERSIONES MEDICAS GALENO S.A.C.;SOPHIPREN;5;MAY;847;20
Pharma - Z3;LANDA OCHOA REYSU REYNALDO;LAGRICEL PF;5;MAY;477;10
Pharma - Z3;LANDA OCHOA REYSU REYNALDO;TRAZIDEX U;5;MAY;2,123;50
Pharma - Z3;LASER CENTER IQUITOS S.A.C.;AGGLAD;5;MAY;770;15
Pharma - Z3;LASER CENTER IQUITOS S.A.C.;AQUADRAN;5;MAY;292;6
Pharma - Z3;LASER CENTER IQUITOS S.A.C.;ELIPTIC PF;5;MAY;509;15
Pharma - Z3;LASER CENTER IQUITOS S.A.C.;FLUMETOL NF;5;MAY;408;10
Pharma - Z3;LUZVISION S.A.C.;FLUMETOL NF;5;MAY;1,919;50
Pharma - Z3;MAS VISION S.A.C.;AGGLAD;5;MAY;550;10
Pharma - Z3;MAS VISION S.A.C.;AQUADRAN;5;MAY;2,657;60
Pharma - Z3;MAS VISION S.A.C.;ELIPTIC PF;5;MAY;339;10
Pharma - Z3;MAS VISION S.A.C.;FLUMETOL NF;5;MAY;1,633;40
Pharma - Z3;MAS VISION S.A.C.;LAGRICEL PF;5;MAY;9,202;180
Pharma - Z3;MAS VISION S.A.C.;SOPHIPREN;5;MAY;5,336;140
Pharma - Z3;MAS VISION S.A.C.;TRAZIDEX O;5;MAY;704;20
Pharma - Z3;MAS VISION S.A.C.;TRAZIDEX U;5;MAY;1,066;30
Pharma - Z3;MAYTA CARCAUSTO AGUSTIN ABEL;SOPHIPREN;5;MAY;424;10
Pharma - Z3;MEDI VISTA E.I.R.L.;ELIPTIC PF;5;MAY;679;20
Pharma - Z3;MEDI VISTA E.I.R.L.;GAAP PF;5;MAY;992;20
Pharma - Z3;NORVISION SAC;AGGLAD;5;MAY;489;10
Pharma - Z3;NORVISION SAC;ELAR-B;5;MAY;621;12
Pharma - Z3;NORVISION SAC;ELIPTIC PF;5;MAY;300;10
Pharma - Z3;NORVISION SAC;GAAP PF;5;MAY;902;25
Pharma - Z3;NORVISION SAC;SOPHIPREN;5;MAY;508;12
Pharma - Z3;NORVISION SAC;TRAZIDEX U;5;MAY;505;12
Pharma - Z3;NUESTRA SENORA DEL SAGRADO CORAZON;AGGLAD;5;MAY;929;20
Pharma - Z3;NUESTRA SENORA DEL SAGRADO CORAZON;FLUMETOL NF;5;MAY;1,633;50
Pharma - Z3;OFTALMOSELVA E.I.R.L.;ELAR-B;5;MAY;1,150;20
Pharma - Z3;OFTALMOSELVA E.I.R.L.;TRAZIDEX O;5;MAY;926;20
Pharma - Z3;OMNI LASER S.R.L.;TRAZIDEX U;5;MAY;982;30
Pharma - Z3;OMNI LASER S.R.L.;ZEBESTEN;5;MAY;1,339;30
Pharma - Z3;OPTHALMICA VISION SOCIEDAD ANONIMA CERRADA;AQUADRAN;5;MAY;486;10
Pharma - Z3;OPTHALMICA VISION SOCIEDAD ANONIMA CERRADA;GAAP PF;5;MAY;793;11
Pharma - Z3;OPTHALMICA VISION SOCIEDAD ANONIMA CERRADA;LAGRICEL PF;5;MAY;2,335;50
Pharma - Z3;POLICLINICO VIRGEN DEL ROSARIO E.I.R.L.;LAGRICEL;5;MAY;-512;-10
Pharma - Z3;POLICLINICO VIRGEN DEL ROSARIO E.I.R.L.;TRAZIDEX U;5;MAY;-888;-19
Pharma - Z3;RED SALUD NORTE S.A.C.;TRAZIDEX O;5;MAY;695;15
Pharma - Z3;RETINA VISION E.I.R.L.;FLUMETOL NF;5;MAY;1,633;40
Pharma - Z3;RETINA VISION E.I.R.L.;LAGRICEL PF;5;MAY;2,000;40
Pharma - Z3;SOLUCIONES E INVERSIONES EN SALUD SOCIEDAD ANONIMA CERRADA - SOLINSALUD SAC.;ELAR-B;5;MAY;776;15
Pharma - Z3;SOLUCIONES E INVERSIONES EN SALUD SOCIEDAD ANONIMA CERRADA - SOLINSALUD SAC.;ELIPTIC PF;5;MAY;510;20
Pharma - Z3;SOLUCIONES E INVERSIONES EN SALUD SOCIEDAD ANONIMA CERRADA - SOLINSALUD SAC.;LAGRICEL PF;5;MAY;1,022;20
Pharma - Z3;SOLUCIONES E INVERSIONES EN SALUD SOCIEDAD ANONIMA CERRADA - SOLINSALUD SAC.;TRAZIDEX O;5;MAY;1,389;30
Pharma - Z3;SOLUCIONES E INVERSIONES EN SALUD SOCIEDAD ANONIMA CERRADA - SOLINSALUD SAC.;TRAZIDEX U;5;MAY;842;20
Pharma - Z3;SOLUCIONES E INVERSIONES EN SALUD SOCIEDAD ANONIMA CERRADA - SOLINSALUD SAC.;ZEBESTEN;5;MAY;982;20
Pharma - Z3;VILLAFUERTE PANDURO,JHON STIP;FLUMETOL NF;5;MAY;408;10
Pharma - Z3;VILLAFUERTE PANDURO,JHON STIP;LAGRICEL PF;5;MAY;477;10
Pharma - Z3;VISANA CLINICA ESPECIALIZADA S.A.C;AGGLAD;5;MAY;1,223;20
Pharma - Z3;VISANA CLINICA ESPECIALIZADA S.A.C;ELIPTIC PF;5;MAY;679;20
Pharma - Z3;VISANA CLINICA ESPECIALIZADA S.A.C;FLUMETOL NF;5;MAY;817;20
Pharma - Z3;VISANA CLINICA ESPECIALIZADA S.A.C;LAGRICEL PF;5;MAY;954;20
Pharma - Z3;VISANA CLINICA ESPECIALIZADA S.A.C;TRAZIDEX U;5;MAY;785;20
Pharma - Z3;VISANA CLINICA ESPECIALIZADA S.A.C;ZEBESTEN;5;MAY;893;20
Pharma - Z3;VISUAL CENTER S.A.C.;AGGLAD;5;MAY;1,101;20
Pharma - Z3;VISUAL CENTER S.A.C.;ELAR-B;5;MAY;518;10
Pharma - Z3;VISUAL CENTER S.A.C.;ELIPTIC PF;5;MAY;1,607;60
Pharma - Z3;VISUAL CENTER S.A.C.;FLUMETOL NF;5;MAY;449;10
Pharma - Z3;VISUAL CENTER S.A.C.;GAAP PF;5;MAY;902;10
Pharma - Z3;VISUAL CENTER S.A.C.;LAGRICEL PF;5;MAY;1,704;30
Pharma - Z3;VISUAL CENTER S.A.C.;TRAZIDEX O;5;MAY;463;10
Pharma - Z3;VISUAL CENTER S.A.C.;TRAZIDEX U;5;MAY;2,572;50
Pharma - Z3;VISUAL CENTER S.A.C.;ZEBESTEN;5;MAY;946;20
Pharma - N1;ADMINISTRADORA CLINICA TRESA S.A;FLUMETOL NF;6;JUN;270;6
Pharma - N1;ADMINISTRADORA CLINICA TRESA S.A;GAAP;6;JUN;288;3
Pharma - N1;ADMINISTRADORA CLINICA TRESA S.A;TRAZIDEX O;6;JUN;153;3
Pharma - N1;ADMINISTRADORA CLINICA TRESA S.A;TRAZIDEX U;6;JUN;102;2
Pharma - N1;BENEL PEREZ,DENNY JAVIER;FLUMETOL NF;6;JUN;674;15
Pharma - N1;BENEL PEREZ,DENNY JAVIER;LAGRICEL PF;6;JUN;716;15
Pharma - N1;BENEL PEREZ,DENNY JAVIER;TRAZIDEX U;6;JUN;771;15
Pharma - N1;BM CLINICA DE OJOS S.A.C.;AQUADRAN;6;JUN;756;14
Pharma - N1;BM CLINICA DE OJOS S.A.C.;GAAP;6;JUN;924;12
Pharma - N1;BM CLINICA DE OJOS S.A.C.;TRAZIDEX O;6;JUN;667;16
Pharma - N1;BM CLINICA DE OJOS S.A.C.;TRAZIDEX U;6;JUN;842;20
Pharma - N1;CENTRO DE ESPECIALIDADES MEDICAS GLOBAL MEDIC CHOTA S.A.C.;AQUADRAN;6;JUN;826;17
Pharma - N1;CENTRO DE ESPECIALIDADES MEDICAS GLOBAL MEDIC CHOTA S.A.C.;GAAP PF;6;JUN;254;5
Pharma - N1;CENTRO DE ESPECIALIDADES MEDICAS GLOBAL MEDIC CHOTA S.A.C.;LAGRICEL PF;6;JUN;237;5
Pharma - N1;CENTRO DE ESPECIALIDADES MEDICAS GLOBAL MEDIC CHOTA S.A.C.;SOPHIPREN;6;JUN;233;5
Pharma - N1;CENTRO DE ESPECIALIDADES MEDICAS GLOBAL MEDIC CHOTA S.A.C.;TRAZIDEX O;6;JUN;509;10
Pharma - N1;CENTRO DE ESPECIALIDADES MEDICAS GLOBAL MEDIC CHOTA S.A.C.;TRAZIDEX U;6;JUN;874;17
Pharma - N1;CENTRO OFTALMOLOGICO NOBA VISION E.I.R.L.;AGGLAD;6;JUN;1,101;20
Pharma - N1;CENTRO OFTALMOLOGICO NOBA VISION E.I.R.L.;DUSTALOX;6;JUN;902;20
Pharma - N1;CENTRO OFTALMOLOGICO NOBA VISION E.I.R.L.;ELIPTIC PF;6;JUN;763;20
Pharma - N1;CENTRO OFTALMOLOGICO NOBA VISION E.I.R.L.;LAGRICEL PF;6;JUN;1,250;20
Pharma - N1;CENTRO OFTALMOLOGICO NOBA VISION E.I.R.L.;TRAZIDEX O;6;JUN;1,019;20
Pharma - N1;CLINICA DE OJOS GARCIA EMPRESA INDIVIDUAL DE RESPONSABILIDAD LIMITADA;AQUADRAN;6;JUN;971;20
Pharma - N1;CLINICA DE OJOS GARCIA EMPRESA INDIVIDUAL DE RESPONSABILIDAD LIMITADA;LAGRICEL PF;6;JUN;2,180;44
Pharma - N1;CLINICA DE OJOS GARCIA EMPRESA INDIVIDUAL DE RESPONSABILIDAD LIMITADA;ZEBESTEN;6;JUN;884;18
Pharma - N1;CLINICA MIRAFLORES SA;FLUMETOL NF;6;JUN;422;11
Pharma - N1;CLINICA MIRAFLORES SA;LAGRICEL;6;JUN;563;11
Pharma - N1;CLINICA MIRAFLORES SA;TRAZIDEX U;6;JUN;505;12
Pharma - N1;CLINICA OFTALMOLOGICA VIDAVAÔS;TRAZIDEX U;6;JUN;2,244;60
Pharma - N1;CLINICA OFTALMOLOGICA VIDAVAÔS;ZEBESTEN;6;JUN;3,713;80
Pharma - N1;CLINICA SOTOMAYOR S.A.C.;AGGLAD;6;JUN;1,102;20
Pharma - N1;CLINICA SOTOMAYOR S.A.C.;FLUMETOL NF;6;JUN;898;20
Pharma - N1;CLINICA SOTOMAYOR S.A.C.;GAAP PF;6;JUN;1,803;20
Pharma - N1;CLINICA SOTOMAYOR S.A.C.;SOPHIPREN;6;JUN;932;20
Pharma - N1;CLINICA SOTOMAYOR S.A.C.;ZEBESTEN;6;JUN;928;20
Pharma - N1;CONSULTORIO DE OFTALMOLOGIA Y OPTICA: DR. TEODORO SANCHEZ ROMERO E.I.R.L. - COFOPTESA E.I.R.L.;LAGRICEL PF;6;JUN;716;15
Pharma - N1;DAFER VISION E.I.R.L.;AQUADRAN;6;JUN;1,080;20
Pharma - N1;DAFER VISION E.I.R.L.;FLUMETOL NF;6;JUN;539;12
Pharma - N1;DAFER VISION E.I.R.L.;LAGRICEL PF;6;JUN;954;20
Pharma - N1;DAFER VISION E.I.R.L.;TRAZIDEX O;6;JUN;1,019;20
Pharma - N1;DAFER VISION E.I.R.L.;TRAZIDEX U;6;JUN;1,029;20
Pharma - N1;GSP TRUJILLO S.A.C.;GAAP;6;JUN;1,250;17
Pharma - N1;GSP TRUJILLO S.A.C.;LAGRICEL PF;6;JUN;8,225;181
Pharma - N1;GSP TRUJILLO S.A.C.;SOPHIPREN;6;JUN;146;4
Pharma - N1;GSP TRUJILLO S.A.C.;TRAZIDEX O;6;JUN;162;7
Pharma - N1;GSP TRUJILLO S.A.C.;TRAZIDEX U;6;JUN;1,725;41
Pharma - N1;HOSPITAL METROPOLITANO SOCIEDAD ANONIMA;ELIPTIC;6;JUN;285;5
Pharma - N1;HOSPITAL METROPOLITANO SOCIEDAD ANONIMA;GAAP;6;JUN;525;6
Pharma - N1;HOSPITAL METROPOLITANO SOCIEDAD ANONIMA;LAGRICEL PF;6;JUN;286;6
Pharma - N1;HOSPITAL METROPOLITANO SOCIEDAD ANONIMA;TRAZIDEX U;6;JUN;468;10
Pharma - N1;MAS VISION CHICLAYO S.A.C.;AQUADRAN;6;JUN;664;15
Pharma - N1;MAS VISION CHICLAYO S.A.C.;GAAP PF;6;JUN;1,803;20
Pharma - N1;MAS VISION CHICLAYO S.A.C.;LAGRICEL PF;6;JUN;4,090;80
Pharma - N1;MAS VISION CHICLAYO S.A.C.;SOPHIPREN;6;JUN;762;20
Pharma - N1;MAS VISION CHICLAYO S.A.C.;TRAZIDEX O;6;JUN;1,056;30
Pharma - N1;MAS VISION CHICLAYO S.A.C.;TRAZIDEX U;6;JUN;711;20
Pharma - N1;MIOFTALMO CENTER E.I.R.L.;AQUADRAN;6;JUN;292;6
Pharma - N1;MIOFTALMO CENTER E.I.R.L.;ELAR-B;6;JUN;311;6
Pharma - N1;MIOFTALMO CENTER E.I.R.L.;FLUMETOL NF;6;JUN;1,078;24
Pharma - N1;MONTENEGRO DIAZ ERNESTO ANDRES;FLUMETOL NF;6;JUN;539;12
Pharma - N1;MONTENEGRO DIAZ ERNESTO ANDRES;LAGRICEL PF;6;JUN;573;12
Pharma - N1;OFTALMOCENTRO HD EMPRESA INDIVIDUAL DE RESPONSABILIDAD LIMITADA - OFTA HD E.I.R.L.;LAGRICEL PF;6;JUN;1,475;30
Pharma - N1;OFTALMOLOGOS ASOCIADOS VER S.A.C.;AQUADRAN;6;JUN;1,080;20
Pharma - N1;OFTALMOLOGOS ASOCIADOS VER S.A.C.;FLUMETOL NF;6;JUN;1,348;30
Pharma - N1;OFTALMOLOGOS ASOCIADOS VER S.A.C.;GAAP;6;JUN;4,377;50
Pharma - N1;OFTALMOLOGOS ASOCIADOS VER S.A.C.;LAGRICEL;6;JUN;563;10
Pharma - N1;OFTALMOLOGOS ASOCIADOS VER S.A.C.;LAGRICEL PF;6;JUN;3,437;55
Pharma - N1;OFTAMOLOGIA - CENTRO ESPECIALIZADO EN RETINA Y CATARATA S.R.L.;LAGRICEL PF;6;JUN;1,500;24
Pharma - N1;OFTAMOLOGIA - CENTRO ESPECIALIZADO EN RETINA Y CATARATA S.R.L.;SOPHIPREN;6;JUN;1,118;24
Pharma - N1;OFTAMOLOGIA - CENTRO ESPECIALIZADO EN RETINA Y CATARATA S.R.L.;ZEBESTEN;6;JUN;1,178;24
Pharma - N1;PROVISUAL-OFTALMOLOGIA Y SALUD OCULAR E.I.R.L.;FLUMETOL NF;6;JUN;539;12
Pharma - N1;SERVIMED PERU S.A.C.;AQUADRAN;6;JUN;324;6
Pharma - N1;SERVIMED PERU S.A.C.;ELIPTIC PF;6;JUN;679;20
Pharma - N1;SERVIMED PERU S.A.C.;FLUMETOL NF;6;JUN;898;20
Pharma - N1;SERVIMED PERU S.A.C.;GAAP;6;JUN;1,926;20
Pharma - N1;SERVIMED PERU S.A.C.;GAAP PF;6;JUN;1,857;20
Pharma - N1;SERVIMED PERU S.A.C.;LAGRICEL;6;JUN;1,126;20
Pharma - N1;SERVIMED PERU S.A.C.;LAGRICEL PF;6;JUN;3,749;60
Pharma - N1;SERVIMED PERU S.A.C.;ZEBESTEN;6;JUN;1,964;40
Pharma - N1;SERVIMEDICOS S.A.C.;ELIPTIC PF;6;JUN;172;4
Pharma - N1;SERVIMEDICOS S.A.C.;FLUMETOL NF;6;JUN;576;15
Pharma - N1;SERVIMEDICOS S.A.C.;GAAP;6;JUN;368;5
Pharma - N1;SERVIMEDICOS S.A.C.;LAGRICEL;6;JUN;1,382;27
Pharma - N1;SERVIMEDICOS S.A.C.;LAGRICEL PF;6;JUN;4,090;90
Pharma - N1;SERVIMEDICOS S.A.C.;SOPHIPREN;6;JUN;73;2
Pharma - N1;SERVIMEDICOS S.A.C.;TRAZIDEX O;6;JUN;232;10
Pharma - N1;URBINA SANTA MARIA MARCO ANTONIO;FLUMETOL NF;6;JUN;898;20
Pharma - N2;BIG PROYECTS S.A.C.;FLUMETOL NF;6;JUN;225;5
Pharma - N2;BIG PROYECTS S.A.C.;GAAP;6;JUN;193;2
Pharma - N2;BIG PROYECTS S.A.C.;GAAP PF;6;JUN;198;2
Pharma - N2;BIG PROYECTS S.A.C.;LAGRICEL;6;JUN;409;8
Pharma - N2;BIG PROYECTS S.A.C.;LAGRICEL PF;6;JUN;682;12
Pharma - N2;BIG PROYECTS S.A.C.;SOPHIPREN;6;JUN;652;14
Pharma - N2;BIG PROYECTS S.A.C.;TRAZIDEX O;6;JUN;204;4
Pharma - N2;BIG PROYECTS S.A.C.;TRAZIDEX U;6;JUN;1,389;27
Pharma - N2;CACEDA SANCHEZ ELVA ESTHER;AQUADRAN;6;JUN;216;4
Pharma - N2;CACEDA SANCHEZ ELVA ESTHER;GAAP;6;JUN;525;6
Pharma - N2;CACEDA SANCHEZ ELVA ESTHER;TRAZIDEX U;6;JUN;463;9
Pharma - N2;CENTRO DE ESPECIALIDADES MêDICAS DEL NORTE NEOSALUD SOCIEDAD ANONIMA CERRADA;AGGLAD;6;JUN;734;12
Pharma - N2;CENTRO DE ESPECIALIDADES MêDICAS DEL NORTE NEOSALUD SOCIEDAD ANONIMA CERRADA;AQUADRAN;6;JUN;583;12
Pharma - N2;CENTRO DE ESPECIALIDADES MêDICAS DEL NORTE NEOSALUD SOCIEDAD ANONIMA CERRADA;FLUMETOL NF;6;JUN;539;12
Pharma - N2;CENTRO DE ESPECIALIDADES MêDICAS DEL NORTE NEOSALUD SOCIEDAD ANONIMA CERRADA;GAAP PF;6;JUN;822;12
Pharma - N2;CENTRO DE ESPECIALIDADES MêDICAS DEL NORTE NEOSALUD SOCIEDAD ANONIMA CERRADA;LAGRICEL;6;JUN;516;12
Pharma - N2;CENTRO MEDICO OFTALMOLOGICO LASER S.R.L;AGGLAD;6;JUN;275;5
Pharma - N2;CENTRO MEDICO OFTALMOLOGICO LASER S.R.L;ELAR-B;6;JUN;518;10
Pharma - N2;CENTRO MEDICO OFTALMOLOGICO LASER S.R.L;ELIPTIC;6;JUN; -   ; -   
Pharma - N2;CENTRO MEDICO OFTALMOLOGICO LASER S.R.L;ELIPTIC PF;6;JUN;508;20
Pharma - N2;CENTRO MEDICO OFTALMOLOGICO LASER S.R.L;GAAP PF;6;JUN;343;5
Pharma - N2;CHAUCA LOJAS CONSUELO ESTHER;AGGLAD;6;JUN;825;15
Pharma - N2;CHAUCA LOJAS CONSUELO ESTHER;ELIPTIC PF;6;JUN;431;10
Pharma - N2;CLINICA DE OJOS LUZ Y VIDA S.A.C.;LAGRICEL PF;6;JUN;1,420;25
Pharma - N2;CLINICA DE OJOS LUZ Y VIDA S.A.C.;TRAZIDEX O;6;JUN;625;15
Pharma - N2;CLINICA DE OJOS LUZ Y VIDA S.A.C.;TRAZIDEX U;6;JUN;421;10
Pharma - N2;CLINICA DE OJOS OFTALMOCENTER S.A.C.;LAGRICEL;6;JUN;1,024;20
Pharma - N2;CLINICA DE OJOS OFTALMOCENTER S.A.C.;SOPHIPREN;6;JUN;966;20
Pharma - N2;CLINICA LIMATAMBO CAJAMARCA S.A.C.;TRAZIDEX O;6;JUN;1,019;20
Pharma - N2;CLINICA SANCHEZ FERRER S A;ELIPTIC;6;JUN;888;35
Pharma - N2;CLINICA SANCHEZ FERRER S A;FLUMETOL NF;6;JUN;591;20
Pharma - N2;CLINICA SANCHEZ FERRER S A;LAGRICEL PF;6;JUN;5,453;150
Pharma - N2;CLINICA SANCHEZ FERRER S A;TRAZIDEX U;6;JUN;1,425;50
Pharma - N2;CONSULTORIO OFTALMOLOGICO VISION DEL NORTE E.I.R.L.;FLUMETOL NF;6;JUN;613;15
Pharma - N2;CONSULTORIO OFTALMOLOGICO VISION DEL NORTE E.I.R.L.;SOPHIPREN;6;JUN;1,271;15
Pharma - N2;EYE VISION E.I.R.L.;LAGRICEL PF;6;JUN;1,145;24
Pharma - N2;GAMARRA VASQUEZ,ELVIA;LAGRICEL PF;6;JUN;954;20
Pharma - N2;GAMARRA VASQUEZ,ELVIA;TRAZIDEX O;6;JUN;926;20
Pharma - N2;IMO FARMA E.I.R.L.;AQUADRAN;6;JUN;1,166;24
Pharma - N2;IMO FARMA E.I.R.L.;ELIPTIC PF;6;JUN;610;24
Pharma - N2;IMO FARMA E.I.R.L.;GAAP PF;6;JUN;822;12
Pharma - N2;IMO FARMA E.I.R.L.;LAGRICEL PF;6;JUN;2,386;50
Pharma - N2;IMO FARMA E.I.R.L.;LANDAX;6;JUN;503;12
Pharma - N2;IMO FARMA E.I.R.L.;ZEBESTEN;6;JUN;557;12
Pharma - N2;INVERSIONES ARISOF E.I.R.L.;AGGLAD;6;JUN;440;6
Pharma - N2;INVERSIONES ARISOF E.I.R.L.;AQUADRAN;6;JUN;211;3
Pharma - N2;INVERSIONES ARISOF E.I.R.L.;DUSTALOX;6;JUN;148;3
Pharma - N2;INVERSIONES ARISOF E.I.R.L.;ELAR-B;6;JUN;224;3
Pharma - N2;INVERSIONES ARISOF E.I.R.L.;FLUMETOL NF;6;JUN;588;12
Pharma - N2;INVERSIONES ARISOF E.I.R.L.;GAAP PF;6;JUN;433;4
Pharma - N2;INVERSIONES ARISOF E.I.R.L.;LAGRICEL;6;JUN;798;12
Pharma - N2;INVERSIONES ARISOF E.I.R.L.;LAGRICEL PF;6;JUN;295;4
Pharma - N2;INVERSIONES ARISOF E.I.R.L.;LANDAX;6;JUN;242;4
Pharma - N2;INVERSIONES ARISOF E.I.R.L.;SOPHIPREN;6;JUN;305;6
Pharma - N2;INVERSIONES ARISOF E.I.R.L.;TRAZIDEX O;6;JUN;333;6
Pharma - N2;INVERSIONES ARISOF E.I.R.L.;TRAZIDEX U;6;JUN;337;6
Pharma - N2;JUNTOS M & C E.I.R.L;AGGLAD;6;JUN;660;12
Pharma - N2;JUNTOS M & C E.I.R.L;AQUADRAN;6;JUN;324;6
Pharma - N2;JUNTOS M & C E.I.R.L;ELAR-B;6;JUN;230;4
Pharma - N2;JUNTOS M & C E.I.R.L;LAGRICEL PF;6;JUN;286;6
Pharma - N2;MEDICINA DE ESPECIALIDADES SRL;AGGLAD;6;JUN;404;6
Pharma - N2;MEDICINA DE ESPECIALIDADES SRL;FLUMETOL NF;6;JUN;898;20
Pharma - N2;MEDICINA DE ESPECIALIDADES SRL;GAAP;6;JUN;578;6
Pharma - N2;MEDICINA DE ESPECIALIDADES SRL;TRAZIDEX O;6;JUN;611;12
Pharma - N2;OFTALMOVISION S.A.C.;AQUADRAN;6;JUN;2,700;50
Pharma - N2;OFTALMOVISION S.A.C.;ELAR-B;6;JUN;1,553;30
Pharma - N2;OFTALMOVISION S.A.C.;FLUMETOL NF;6;JUN;4,247;100
Pharma - N2;OFTALMOVISION S.A.C.;GAAP;6;JUN;2,836;30
Pharma - N2;OFTALMOVISION S.A.C.;LAGRICEL;6;JUN;4,766;100
Pharma - N2;OFTALMOVISION S.A.C.;LAGRICEL PF;6;JUN;6,589;100
Pharma - N2;OFTALMOVISION S.A.C.;TRAZIDEX O;6;JUN;4,167;100
Pharma - N2;OFTALMOVISION S.A.C.;TRAZIDEX U;6;JUN;2,104;50
Pharma - N2;OFTALMOVISION S.A.C.;ZEBESTEN;6;JUN;2,454;50
Pharma - N2;OFTNORT B & S E.I.R.L.;AGGLAD;6;JUN;1,950;29
Pharma - N2;OFTNORT B & S E.I.R.L.;LAGRICEL;6;JUN;2,047;40
Pharma - N2;Q VISION CAMPOS E.I.R.L.;LAGRICEL PF;6;JUN;2,386;50
Pharma - N2;SERVICIOS DE SALUD LOS FRESNOS S.A.C.;GAAP;6;JUN;-525;-6
Pharma - N2;SERVICIOS OFTALMOLOGICOS FLORES JAUREGUI S.A.C.;AGGLAD;6;JUN;1,345;20
Pharma - N2;SERVICIOS OFTALMOLOGICOS FLORES JAUREGUI S.A.C.;ELIPTIC PF;6;JUN;593;20
Pharma - N2;SERVICIOS OFTALMOLOGICOS FLORES JAUREGUI S.A.C.;GAAP PF;6;JUN;1,623;20
Pharma - N2;SERVICIOS OFTALMOLOGICOS FLORES JAUREGUI S.A.C.;LAGRICEL;6;JUN;2,073;45
Pharma - N2;SERVICIOS OFTALMOLOGICOS FLORES JAUREGUI S.A.C.;SOPHIPREN;6;JUN;280;6
Pharma - N2;SERVICIOS OFTALMOLOGICOS FLORES JAUREGUI S.A.C.;TRAZIDEX U;6;JUN;309;6
Pharma - N2;VISIONE OPTICAS Y ACCESORIOS E.I.R.L.;ELIPTIC PF;6;JUN;408;12
Pharma - N2;VISIONE OPTICAS Y ACCESORIOS E.I.R.L.;LAGRICEL PF;6;JUN;573;12
Pharma - N2;VISIONE OPTICAS Y ACCESORIOS E.I.R.L.;LANDAX;6;JUN;503;12
Pharma - S;CLINICA DE OJOS QHALI YAWI SOCIEDAD ANONIMA CERRADA;SOPHIPREN;6;JUN;4,235;100
Pharma - S;ALL VISION E.I.R.L.;ELIPTIC PF;6;JUN;679;20
Pharma - S;ANGELES DE LA SALUD;AGGLAD;6;JUN;165;3
Pharma - S;ANGELES DE LA SALUD;ELIPTIC PF;6;JUN;136;4
Pharma - S;ANGELES DE LA SALUD;GAAP;6;JUN;315;4
Pharma - S;ANGELES DE LA SALUD;GAAP PF;6;JUN;375;4
Pharma - S;ANGELES DE LA SALUD;TRAZIDEX O;6;JUN;417;10
Pharma - S;ANGELES DE LA SALUD;TRAZIDEX U;6;JUN;252;6
Pharma - S;ASOC.PAST.SERV.MEDICO ASIST.JULIACA IASD;GAAP;6;JUN;236;3
Pharma - S;ASOC.PAST.SERV.MEDICO ASIST.JULIACA IASD;LAGRICEL;6;JUN;307;6
Pharma - S;ASOC.PAST.SERV.MEDICO ASIST.JULIACA IASD;LAGRICEL PF;6;JUN;573;12
Pharma - S;ASOCIACION PRO ESPIRITU SANTO;AGGLAD;6;JUN;550;10
Pharma - S;ASOCIACION PRO ESPIRITU SANTO;AQUADRAN;6;JUN;810;15
Pharma - S;ASOCIACION PRO ESPIRITU SANTO;ELIPTIC PF;6;JUN;510;15
Pharma - S;CENTRO AVANZADO EN CIRUGIA OFTALMOLOGICA CHICATA S.A.C.;FLUMETOL NF;6;JUN;817;20
Pharma - S;CENTRO OFTALMOLOGICO PROVISION S.A.C.;AQUADRAN;6;JUN;648;12
Pharma - S;CENTRO OFTALMOLOGICO PROVISION S.A.C.;TRAZIDEX U;6;JUN;505;12
Pharma - S;CLINICA AREQUIPA SA;AGGLAD;6;JUN;550;10
Pharma - S;CLINICA AREQUIPA SA;DUSTALOX;6;JUN;135;3
Pharma - S;CLINICA AREQUIPA SA;ELAR-B;6;JUN;690;10
Pharma - S;CLINICA AREQUIPA SA;ELIPTIC PF;6;JUN;340;10
Pharma - S;CLINICA AREQUIPA SA;GAAP;6;JUN;1,576;20
Pharma - S;CLINICA AREQUIPA SA;LAGRICEL;6;JUN;768;15
Pharma - S;CLINICA CERRO COLORADO S.A.C.;FLUMETOL NF;6;JUN; -   ; -   
Pharma - S;CLINICA LA LUZ TACNA S.A.C.;AGGLAD;6;JUN;428;7
Pharma - S;CLINICA LA LUZ TACNA S.A.C.;LAGRICEL;6;JUN;512;10
Pharma - S;CLINICA LA LUZ TACNA S.A.C.;LAGRICEL PF;6;JUN;1,022;15
Pharma - S;CLINICA LA LUZ TACNA S.A.C.;TRAZIDEX O;6;JUN;833;20
Pharma - S;CLINICA LA LUZ TACNA S.A.C.;TRAZIDEX U;6;JUN;1,010;24
Pharma - S;CLINICA VALLESUR S.A.;AGGLAD;6;JUN;251;5
Pharma - S;CLINICA VALLESUR S.A.;FLUMETOL NF;6;JUN;768;20
Pharma - S;CLINICA VALLESUR S.A.;LAGRICEL;6;JUN;3,582;70
Pharma - S;CLINICA VALLESUR S.A.;LAGRICEL PF;6;JUN;1,818;40
Pharma - S;CLINICA VALLESUR S.A.;SOPHIPREN;6;JUN;726;23
Pharma - S;CLINICA VALLESUR S.A.;TRAZIDEX O;6;JUN;5,903;255
Pharma - S;CLINICA VALLESUR S.A.;TRAZIDEX U;6;JUN;2,861;68
Pharma - S;FUNDAR CLINICA DE OJOS Y LA VISTA E.I.R.L.;LAGRICEL;6;JUN;1,024;20
Pharma - S;LA FUENTE CENTRO DE SALUD INTEGRAL - LA FUENTE;AGGLAD;6;JUN;1,101;20
Pharma - S;LA FUENTE CENTRO DE SALUD INTEGRAL - LA FUENTE;ELIPTIC PF;6;JUN;679;20
Pharma - S;LA FUENTE CENTRO DE SALUD INTEGRAL - LA FUENTE;TRAZIDEX O;6;JUN;833;20
Pharma - S;LA FUENTE CENTRO DE SALUD INTEGRAL - LA FUENTE;TRAZIDEX U;6;JUN;1,683;40
Pharma - S;MEDICOS ASOCIADOS CUSCO SOCIEDAD ANONIMA - MAC S.A.;AGGLAD;6;JUN;220;4
Pharma - S;MEDICOS ASOCIADOS CUSCO SOCIEDAD ANONIMA - MAC S.A.;AQUADRAN;6;JUN;864;16
Pharma - S;MEDICOS ASOCIADOS CUSCO SOCIEDAD ANONIMA - MAC S.A.;SOPHIPREN;6;JUN;169;4
Pharma - S;MEDICOS ASOCIADOS CUSCO SOCIEDAD ANONIMA - MAC S.A.;TRAZIDEX U;6;JUN;1,052;25
Pharma - S;MOSEH VISION S.A.C.;FLUMETOL NF;6;JUN;490;12
Pharma - S;MOSEH VISION S.A.C.;TRAZIDEX O;6;JUN;417;10
Pharma - S;MOSEH VISION S.A.C.;TRAZIDEX U;6;JUN;421;10
Pharma - S;OFTALMOSALUD AREQUIPA SAC;AGGLAD;6;JUN;3,302;60
Pharma - S;OFTALMOSALUD AREQUIPA SAC;AQUADRAN;6;JUN;2,700;50
Pharma - S;OFTALMOSALUD AREQUIPA SAC;ELIPTIC PF;6;JUN;1,568;60
Pharma - S;OFTALMOSALUD AREQUIPA SAC;FLUMETOL NF;6;JUN;3,920;100
Pharma - S;OFTALMOSALUD AREQUIPA SAC;GAAP PF;6;JUN;1,442;20
Pharma - S;OFTALMOSALUD AREQUIPA SAC;LAGRICEL;6;JUN;3,685;80
Pharma - S;OFTALMOSALUD AREQUIPA SAC;LAGRICEL PF;6;JUN;3,067;60
Pharma - S;OFTALMOSALUD AREQUIPA SAC;TRAZIDEX O;6;JUN;2,223;60
Pharma - S;OFTALMOSALUD AREQUIPA SAC;TRAZIDEX U;6;JUN;5,237;140
Pharma - S;RODRIGUEZ GRANADA HANSEL MIGUEL;AGGLAD;6;JUN;660;12
Pharma - S;RODRIGUEZ GRANADA HANSEL MIGUEL;DUSTALOX;6;JUN;541;12
Pharma - S;RODRIGUEZ GRANADA HANSEL MIGUEL;ELIPTIC PF;6;JUN;407;12
Pharma - S;RODRIGUEZ GRANADA HANSEL MIGUEL;FLUMETOL NF;6;JUN;490;12
Pharma - S;RODRIGUEZ GRANADA HANSEL MIGUEL;GAAP;6;JUN;945;12
Pharma - S;RODRIGUEZ GRANADA HANSEL MIGUEL;LAGRICEL PF;6;JUN;477;10
Pharma - S;RODRIGUEZ GRANADA HANSEL MIGUEL;SOPHIPREN;6;JUN;508;12
Pharma - S;RODRIGUEZ GRANADA HANSEL MIGUEL;TRAZIDEX O;6;JUN;500;12
Pharma - S;RODRIGUEZ GRANADA HANSEL MIGUEL;TRAZIDEX U;6;JUN;505;12
Pharma - S;SOUTHERN PERU COPPER CORPORATION, SUCURSAL DEL PERÈ;AQUADRAN;6;JUN;2,160;40
Pharma - S;SOUTHERN PERU COPPER CORPORATION, SUCURSAL DEL PERÈ;ELIPTIC PF;6;JUN;1,372;30
Pharma - S;SOUTHERN PERU COPPER CORPORATION, SUCURSAL DEL PERÈ;GAAP PF;6;JUN;1,082;15
Pharma - S;SOUTHERN PERU COPPER CORPORATION, SUCURSAL DEL PERÈ;LAGRICEL;6;JUN;17,547;400
Pharma - S;SOUTHERN PERU COPPER CORPORATION, SUCURSAL DEL PERÈ;TRAZIDEX U;6;JUN;3,131;85
Pharma - Z1;ADMINISTRADORA CLINICA RICARDO PALMA S.A.;AGGLAD;6;JUN;5,480;160
Pharma - Z1;ADMINISTRADORA CLINICA RICARDO PALMA S.A.;ELIPTIC;6;JUN;5,441;330
Pharma - Z1;ADMINISTRADORA CLINICA RICARDO PALMA S.A.;FLUMETOL NF;6;JUN;6,390;160
Pharma - Z1;ADMINISTRADORA CLINICA RICARDO PALMA S.A.;LAGRICEL;6;JUN;12,064;530
Pharma - Z1;ADMINISTRADORA CLINICA RICARDO PALMA S.A.;SOPHIPREN;6;JUN;5,929;200
Pharma - Z1;ADMINISTRADORA CLINICA RICARDO PALMA S.A.;TRAZIDEX U;6;JUN;6,985;210
Pharma - Z1;APM SERVICES S.A.C;FLUMETOL NF;6;JUN;4,084;100
Pharma - Z1;ARBRAYSS LASER S.R.L;AQUADRAN;6;JUN;810;15
Pharma - Z1;ARBRAYSS LASER S.R.L;ELAR-B;6;JUN;575;10
Pharma - Z1;ARBRAYSS LASER S.R.L;FLUMETOL NF;6;JUN;184;5
Pharma - Z1;ARBRAYSS LASER S.R.L;GAAP PF;6;JUN;2,254;25
Pharma - Z1;ARBRAYSS LASER S.R.L;LAGRICEL PF;6;JUN;2,840;50
Pharma - Z1;ARBRAYSS LASER S.R.L;TRAZIDEX O;6;JUN;625;15
Pharma - Z1;ARBRAYSS LASER S.R.L;TRAZIDEX U;6;JUN;1,683;40
Pharma - Z1;ASOCIACION CIVIL DIVINO NIYO JESUS;DUSTALOX;6;JUN;1,083;24
Pharma - Z1;ASOCIACION CIVIL DIVINO NIYO JESUS;ELIPTIC PF;6;JUN;502;12
Pharma - Z1;ASOCIACION CIVIL DIVINO NIYO JESUS;FLUMETOL NF;6;JUN;980;24
Pharma - Z1;ASOCIACION CIVIL DIVINO NIYO JESUS;GAAP PF;6;JUN;974;12
Pharma - Z1;ASOCIACION CIVIL DIVINO NIYO JESUS;LAGRICEL PF;6;JUN;3,681;72
Pharma - Z1;ASOCIACION CIVIL DIVINO NIYO JESUS;LANDAX;6;JUN;965;23
Pharma - Z1;ASOCIACION CIVIL DIVINO NIYO JESUS;TRAZIDEX O;6;JUN;500;12
Pharma - Z1;ASOCIACION CIVIL DIVINO NIYO JESUS;TRAZIDEX U;6;JUN;1,010;24
Pharma - Z1;ASOCIACION CIVIL DIVINO NIYO JESUS;ZEBESTEN;6;JUN;1,767;36
Pharma - Z1;BRITISH AMERICAN HOSPITAL S.A.;AQUADRAN;6;JUN;540;10
Pharma - Z1;BRITISH AMERICAN HOSPITAL S.A.;ELIPTIC PF;6;JUN;523;10
Pharma - Z1;BUENA VISTA Y SALUD E.I.R.L.;AGGLAD;6;JUN;550;10
Pharma - Z1;BUENA VISTA Y SALUD E.I.R.L.;AQUADRAN;6;JUN;540;10
Pharma - Z1;BUENA VISTA Y SALUD E.I.R.L.;ELIPTIC PF;6;JUN;392;10
Pharma - Z1;BUENA VISTA Y SALUD E.I.R.L.;FLUMETOL NF;6;JUN;408;10
Pharma - Z1;BUENA VISTA Y SALUD E.I.R.L.;LAGRICEL PF;6;JUN;239;5
Pharma - Z1;CENTRO CONTRA LA CEGUERA E.I.R.L.;AQUADRAN;6;JUN;540;10
Pharma - Z1;CENTRO CONTRA LA CEGUERA E.I.R.L.;ELIPTIC PF;6;JUN;261;5
Pharma - Z1;CENTRO CONTRA LA CEGUERA E.I.R.L.;FLUMETOL NF;6;JUN;408;10
Pharma - Z1;CENTRO CONTRA LA CEGUERA E.I.R.L.;GAAP PF;6;JUN;451;5
Pharma - Z1;CENTRO CONTRA LA CEGUERA E.I.R.L.;LAGRICEL PF;6;JUN;568;10
Pharma - Z1;CENTRO DE CATARATA Y LASER E.I.R.L.;DUSTALOX;6;JUN;226;5
Pharma - Z1;CENTRO DE CATARATA Y LASER E.I.R.L.;ELIPTIC;6;JUN;254;10
Pharma - Z1;CENTRO DE CATARATA Y LASER E.I.R.L.;FLUMETOL NF;6;JUN;449;10
Pharma - Z1;CENTRO DE CATARATA Y LASER E.I.R.L.;GAAP;6;JUN;3,991;60
Pharma - Z1;CENTRO DE CATARATA Y LASER E.I.R.L.;LAGRICEL;6;JUN;4,606;90
Pharma - Z1;CENTRO DE CATARATA Y LASER E.I.R.L.;LAGRICEL PF;6;JUN;7,157;150
Pharma - Z1;CENTRO DE CATARATA Y LASER E.I.R.L.;SOPHIPREN;6;JUN;1,271;30
Pharma - Z1;CENTRO DE CATARATA Y LASER E.I.R.L.;TRAZIDEX O;6;JUN;4,214;130
Pharma - Z1;CENTRO DE CATARATA Y LASER E.I.R.L.;TRAZIDEX U;6;JUN;421;10
Pharma - Z1;CENTRO DE ESPECIALIDADES OFTALMOLOGICAS ALLIN QAWAY E.I.R.L.;LAGRICEL PF;6;JUN;954;20
Pharma - Z1;CENTRO OPTICO OPTIMA VISION EIRL;FLUMETOL NF;6;JUN;539;12
Pharma - Z1;CENTRO OPTICO OPTIMA VISION EIRL;GAAP PF;6;JUN;541;6
Pharma - Z1;CENTRO OPTICO OPTIMA VISION EIRL;LAGRICEL PF;6;JUN;341;6
Pharma - Z1;CENTRO OPTICO OPTIMA VISION EIRL;TRAZIDEX U;6;JUN;561;12
Pharma - Z1;CENTRO VISION S.A.;TRAZIDEX O;6;JUN;278;6
Pharma - Z1;CIRUGIA DE RETINA Y MACULA DRA. PATRICIA LIRA E.I.R.L.;AGGLAD;6;JUN;1,376;25
Pharma - Z1;CIRUGIA DE RETINA Y MACULA DRA. PATRICIA LIRA E.I.R.L.;ELIPTIC PF;6;JUN;980;25
Pharma - Z1;CIRUGIA DE RETINA Y MACULA DRA. PATRICIA LIRA E.I.R.L.;GAAP PF;6;JUN;1,893;25
Pharma - Z1;CIRUGIA DE RETINA Y MACULA DRA. PATRICIA LIRA E.I.R.L.;ZEBESTEN;6;JUN;1,183;25
Pharma - Z1;CLINICA HERNANI S.A.C.;TRAZIDEX U;6;JUN;561;12
Pharma - Z1;CLINICA OFTALMO VIDA S.A.C.;ELIPTIC PF;6;JUN;392;10
Pharma - Z1;CLINICA OFTALMO VIDA S.A.C.;GAAP PF;6;JUN;361;5
Pharma - Z1;CLINICA SAN PABLO S.A.C.;AQUADRAN;6;JUN;216;4
Pharma - Z1;CLINICA SAN PABLO S.A.C.;FLUMETOL NF;6;JUN;142;5
Pharma - Z1;CLINICA SAN PABLO S.A.C.;GAAP;6;JUN;269;4
Pharma - Z1;DROGUERIA ANGLOAMERICANA S.A.C.;FLUMETOL NF;6;JUN;196;4
Pharma - Z1;DROGUERIA ANGLOAMERICANA S.A.C.;GAAP;6;JUN;1,576;15
Pharma - Z1;DROGUERIA ANGLOAMERICANA S.A.C.;GAAP PF;6;JUN;1,554;17
Pharma - Z1;DROGUERIA ANGLOAMERICANA S.A.C.;LAGRICEL;6;JUN;2,456;40
Pharma - Z1;DROGUERIA ANGLOAMERICANA S.A.C.;TRAZIDEX O;6;JUN;4,214;70
Pharma - Z1;ESPECIALIDADES MEDICAS UNIVERSAL S.A.;GAAP PF;6;JUN;270;3
Pharma - Z1;ESPECIALIDADES MEDICAS UNIVERSAL S.A.;LAGRICEL;6;JUN;281;5
Pharma - Z1;ESPECIALIDADES MEDICAS UNIVERSAL S.A.;LAGRICEL PF;6;JUN;57;1
Pharma - Z1;ESPECIALIDADES MEDICAS UNIVERSAL S.A.;TRAZIDEX U;6;JUN;234;5
Pharma - Z1;EXILASER S.A.C.;TRAZIDEX O;6;JUN;463;10
Pharma - Z1;H & G VISION MEDICAL ASOCIADOS S.R.L.;AGGLAD;6;JUN;165;3
Pharma - Z1;H & G VISION MEDICAL ASOCIADOS S.R.L.;ELIPTIC PF;6;JUN;114;3
Pharma - Z1;H & G VISION MEDICAL ASOCIADOS S.R.L.;TRAZIDEX U;6;JUN;561;12
Pharma - Z1;INSTITUTO DE OJOS PRIMAVERA S.R.L.;LAGRICEL;6;JUN;276;6
Pharma - Z1;INSTITUTO OFTALMOSALUD SOCIEDAD ANONIMA CERRADA;FLUMETOL NF;6;JUN;8,167;200
Pharma - Z1;INSTITUTOS OFTALMOLOGICOS ESPECIALIZADOS DR.CARLOS WONG CAM S.A.C;AGGLAD;6;JUN;2,201;40
Pharma - Z1;INSTITUTOS OFTALMOLOGICOS ESPECIALIZADOS DR.CARLOS WONG CAM S.A.C;AQUADRAN;6;JUN;540;10
Pharma - Z1;INSTITUTOS OFTALMOLOGICOS ESPECIALIZADOS DR.CARLOS WONG CAM S.A.C;DUSTALOX;6;JUN;902;20
Pharma - Z1;INSTITUTOS OFTALMOLOGICOS ESPECIALIZADOS DR.CARLOS WONG CAM S.A.C;ELAR-B;6;JUN;1,150;20
Pharma - Z1;INSTITUTOS OFTALMOLOGICOS ESPECIALIZADOS DR.CARLOS WONG CAM S.A.C;ELIPTIC;6;JUN;1,268;40
Pharma - Z1;INSTITUTOS OFTALMOLOGICOS ESPECIALIZADOS DR.CARLOS WONG CAM S.A.C;FLUMETOL NF;6;JUN;1,797;40
Pharma - Z1;INSTITUTOS OFTALMOLOGICOS ESPECIALIZADOS DR.CARLOS WONG CAM S.A.C;GAAP;6;JUN;9,628;100
Pharma - Z1;INSTITUTOS OFTALMOLOGICOS ESPECIALIZADOS DR.CARLOS WONG CAM S.A.C;LAGRICEL;6;JUN;2,129;40
Pharma - Z1;INSTITUTOS OFTALMOLOGICOS ESPECIALIZADOS DR.CARLOS WONG CAM S.A.C;LAGRICEL PF;6;JUN;4,181;80
Pharma - Z1;INSTITUTOS OFTALMOLOGICOS ESPECIALIZADOS DR.CARLOS WONG CAM S.A.C;SOPHIPREN;6;JUN;932;20
Pharma - Z1;INSTITUTOS OFTALMOLOGICOS ESPECIALIZADOS DR.CARLOS WONG CAM S.A.C;TRAZIDEX O;6;JUN;926;20
Pharma - Z1;INSTITUTOS OFTALMOLOGICOS ESPECIALIZADOS DR.CARLOS WONG CAM S.A.C;TRAZIDEX U;6;JUN;3,273;70
Pharma - Z1;INSTITUTOS OFTALMOLOGICOS ESPECIALIZADOS DR.CARLOS WONG CAM S.A.C;ZEBESTEN;6;JUN;982;20
Pharma - Z1;LA ESPERANZA DEL PERU S A;AGGLAD;6;JUN;544;14
Pharma - Z1;LA ESPERANZA DEL PERU S A;ELIPTIC PF;6;JUN;235;9
Pharma - Z1;LA ESPERANZA DEL PERU S A;FLUMETOL NF;6;JUN;1,478;50
Pharma - Z1;LA ESPERANZA DEL PERU S A;GAAP PF;6;JUN;2,322;56
Pharma - Z1;LA ESPERANZA DEL PERU S A;LAGRICEL;6;JUN;2,094;62
Pharma - Z1;LA ESPERANZA DEL PERU S A;TRAZIDEX U;6;JUN;656;23
Pharma - Z1;MACULA D & T S.R.L.;AGGLAD;6;JUN;1,086;24
Pharma - Z1;MACULA D & T S.R.L.;AQUADRAN;6;JUN;1,242;23
Pharma - Z1;MACULA D & T S.R.L.;ELIPTIC;6;JUN;890;26
Pharma - Z1;MACULA D & T S.R.L.;ELIPTIC PF;6;JUN;564;16
Pharma - Z1;MACULA D & T S.R.L.;FLUMETOL NF;6;JUN;784;16
Pharma - Z1;MACULA D & T S.R.L.;GAAP;6;JUN;2,836;36
Pharma - Z1;MACULA D & T S.R.L.;GAAP PF;6;JUN;2,344;26
Pharma - Z1;MACULA D & T S.R.L.;LAGRICEL;6;JUN;1,182;21
Pharma - Z1;MACULA D & T S.R.L.;LAGRICEL PF;6;JUN;3,624;58
Pharma - Z1;MACULA D & T S.R.L.;SOPHIPREN;6;JUN;407;8
Pharma - Z1;MACULA D & T S.R.L.;TRAZIDEX O;6;JUN;1,654;38
Pharma - Z1;MACULA D & T S.R.L.;TRAZIDEX U;6;JUN;1,231;28
Pharma - Z1;MACULA D & T S.R.L.;ZEBESTEN;6;JUN;884;18
Pharma - Z1;MEDICINA EXTERNA S A MEDEX;AGGLAD;6;JUN;1,749;22
Pharma - Z1;MEDICINA EXTERNA S A MEDEX;GAAP;6;JUN;735;7
Pharma - Z1;MEDICINA EXTERNA S A MEDEX;LAGRICEL;6;JUN;512;10
Pharma - Z1;MEDICINA EXTERNA S A MEDEX;SOPHIPREN;6;JUN;42;1
Pharma - Z1;MEDICINA EXTERNA S A MEDEX;TRAZIDEX O;6;JUN;417;9
Pharma - Z1;MEDICINA EXTERNA S A MEDEX;TRAZIDEX U;6;JUN;1,122;20
Pharma - Z1;OBISPADO DE CHOSICA;AQUADRAN;6;JUN;1,860;42
Pharma - Z1;OBISPADO DE CHOSICA;ELAR-B;6;JUN;920;20
Pharma - Z1;OBISPADO DE CHOSICA;FLUMETOL NF;6;JUN;735;18
Pharma - Z1;OBISPADO DE CHOSICA;LAGRICEL PF;6;JUN;3,817;80
Pharma - Z1;OFTALMEDICA SUR S.A.C.;AGGLAD;6;JUN;1,156;21
Pharma - Z1;OFTALMEDICA SUR S.A.C.;ELIPTIC;6;JUN;634;25
Pharma - Z1;OFTALMEDICA SUR S.A.C.;FLUMETOL NF;6;JUN;919;25
Pharma - Z1;OFTALMEDICA SUR S.A.C.;GAAP;6;JUN;1,576;20
Pharma - Z1;OFTALMEDICA SUR S.A.C.;SOPHIPREN;6;JUN;419;11
Pharma - Z1;OFTALMEDICA SUR S.A.C.;TRAZIDEX O;6;JUN;1,459;35
Pharma - Z1;OFTALMEDICA SUR S.A.C.;TRAZIDEX U;6;JUN;421;10
Pharma - Z1;OFTALMIC SERVICE SAC;ELAR-B;6;JUN;259;5
Pharma - Z1;OFTALMIC SERVICE SAC;LAGRICEL PF;6;JUN;2,386;50
Pharma - Z1;OFTALMIC SERVICE SAC;SOPHIPREN;6;JUN;551;10
Pharma - Z1;OFTALMIC SERVICE SAC;TRAZIDEX O;6;JUN;463;10
Pharma - Z1;OFTALMICA S.A.C.;AGGLAD;6;JUN;734;15
Pharma - Z1;OFTALMICA S.A.C.;AQUADRAN;6;JUN;2,160;40
Pharma - Z1;OFTALMICA S.A.C.;ELIPTIC;6;JUN;381;10
Pharma - Z1;OFTALMICA S.A.C.;ELIPTIC PF;6;JUN;470;12
Pharma - Z1;OFTALMICA S.A.C.;FLUMETOL NF;6;JUN;1,552;50
Pharma - Z1;OFTALMICA S.A.C.;GAAP PF;6;JUN;3,606;50
Pharma - Z1;OFTALMICA S.A.C.;LAGRICEL;6;JUN;2,456;60
Pharma - Z1;OFTALMICA S.A.C.;LAGRICEL PF;6;JUN;3,579;70
Pharma - Z1;OFTALMICA S.A.C.;TRAZIDEX O;6;JUN;2,593;70
Pharma - Z1;OFTALMICA S.A.C.;TRAZIDEX U;6;JUN;2,248;70
Pharma - Z1;OFTALMO CUBA E.I.R.L.;AGGLAD;6;JUN;275;5
Pharma - Z1;OFTALMO CUBA E.I.R.L.;ELIPTIC PF;6;JUN;189;5
Pharma - Z1;OFTALMO MEDICAL CENTER S.A.C.;LAGRICEL PF;6;JUN;2,386;50
Pharma - Z1;OFTALMO MEDICAL CENTER S.A.C.;LANDAX;6;JUN;2,097;50
Pharma - Z1;OFTALMO MEDICAL CENTER S.A.C.;SOPHIPREN;6;JUN;1,906;50
Pharma - Z1;OFTALMO VISSUM SOCIEDAD ANONIMA CERRADA;AGGLAD;6;JUN;550;10
Pharma - Z1;OFTALMO VISSUM SOCIEDAD ANONIMA CERRADA;AQUADRAN;6;JUN;1,701;35
Pharma - Z1;OFTALMO VISSUM SOCIEDAD ANONIMA CERRADA;ELIPTIC PF;6;JUN;340;10
Pharma - Z1;OFTALMO VISSUM SOCIEDAD ANONIMA CERRADA;FLUMETOL NF;6;JUN;1,797;40
Pharma - Z1;OFTALMO VISSUM SOCIEDAD ANONIMA CERRADA;LAGRICEL PF;6;JUN;4,772;100
Pharma - Z1;OFTALMO VISSUM SOCIEDAD ANONIMA CERRADA;SOPHIPREN;6;JUN;1,491;40
Pharma - Z1;OFTALMO VISSUM SOCIEDAD ANONIMA CERRADA;TRAZIDEX U;6;JUN;252;6
Pharma - Z1;OFTALMORETINA S.A.C.;AGGLAD;6;JUN;330;6
Pharma - Z1;OFTALMORETINA S.A.C.;TRAZIDEX O;6;JUN;556;6
Pharma - Z1;OFTALMORETINA S.A.C.;TRAZIDEX U;6;JUN;309;6
Pharma - Z1;OFTALMOVISTA EIRL;DUSTALOX;6;JUN;820;20
Pharma - Z1;OFTALMOVISTA EIRL;GAAP PF;6;JUN;505;10
Pharma - Z1;OFTALMOVISTA EIRL;LAGRICEL PF;6;JUN;3,408;60
Pharma - Z1;OFTALMOVISTA EIRL;LANDAX;6;JUN;1,398;30
Pharma - Z1;ONCOCENTER PERU S.A.C.;FLUMETOL NF;6;JUN;2,111;55
Pharma - Z1;ONCOCENTER PERU S.A.C.;LAGRICEL;6;JUN;154;3
Pharma - Z1;ONCOCENTER PERU S.A.C.;TRAZIDEX O;6;JUN;648;28
Pharma - Z1;ONCOCENTER PERU S.A.C.;TRAZIDEX U;6;JUN;1,262;30
Pharma - Z1;OPTICAS STEREOPSIS S.R.L.;AQUADRAN;6;JUN;810;15
Pharma - Z1;OPTICAS STEREOPSIS S.R.L.;FLUMETOL NF;6;JUN;613;15
Pharma - Z1;OPTICASUNO S.A.C.;ELIPTIC PF;6;JUN;209;5
Pharma - Z1;OPTICASUNO S.A.C.;FLUMETOL NF;6;JUN;8,167;200
Pharma - Z1;OPTICASUNO S.A.C.;GAAP PF;6;JUN;451;5
Pharma - Z1;OPTICASUNO S.A.C.;LAGRICEL;6;JUN;14,329;280
Pharma - Z1;OPTICASUNO S.A.C.;LANDAX;6;JUN;5,527;201
Pharma - Z1;OPTICASUNO S.A.C.;SOPHIPREN;6;JUN;1,694;40
Pharma - Z1;PROMOTORA ASISTENCIAL S.A.C CLINICA LIMATAMBO - PROMOSA SAC CLINICA LIMATAMBO;FLUMETOL NF;6;JUN;184;5
Pharma - Z1;PROMOTORA ASISTENCIAL S.A.C CLINICA LIMATAMBO - PROMOSA SAC CLINICA LIMATAMBO;LAGRICEL;6;JUN;230;5
Pharma - Z1;PROVISION 2000 S.A.C.;AGGLAD;6;JUN;1,467;24
Pharma - Z1;PROVISION 2000 S.A.C.;AQUADRAN;6;JUN;1,296;24
Pharma - Z1;PROVISION 2000 S.A.C.;GAAP;6;JUN;4,201;48
Pharma - Z1;PROVISION 2000 S.A.C.;LAGRICEL;6;JUN;1,228;24
Pharma - Z1;PROVISION 2000 S.A.C.;SOPHIPREN;6;JUN;140;3
Pharma - Z1;PROVISION 2000 S.A.C.;TRAZIDEX O;6;JUN;500;12
Pharma - Z1;PROVISION 2000 S.A.C.;TRAZIDEX U;6;JUN;1,010;24
Pharma - Z1;SERVICIOS DE SALUD MONTEFIORI SAC;AGGLAD;6;JUN;550;10
Pharma - Z1;SERVICIOS DE SALUD MONTEFIORI SAC;FLUMETOL NF;6;JUN;1,021;25
Pharma - Z1;SERVICIOS ESPECIALIZADOS EN SALUD VISUAL E.I.R.L.;AGGLAD;6;JUN;275;5
Pharma - Z1;SERVICIOS ESPECIALIZADOS EN SALUD VISUAL E.I.R.L.;ELIPTIC PF;6;JUN;163;5
Pharma - Z1;SERVICIOS ESPECIALIZADOS EN SALUD VISUAL E.I.R.L.;GAAP PF;6;JUN;270;5
Pharma - Z1;SISTEMAS DE ADMINISTRACION HOSPITALARIA S.A.C.;AGGLAD;6;JUN;2,368;61
Pharma - Z1;SISTEMAS DE ADMINISTRACION HOSPITALARIA S.A.C.;DUSTALOX;6;JUN;172;5
Pharma - Z1;SISTEMAS DE ADMINISTRACION HOSPITALARIA S.A.C.;ELIPTIC;6;JUN;507;20
Pharma - Z1;SISTEMAS DE ADMINISTRACION HOSPITALARIA S.A.C.;ELIPTIC PF;6;JUN;1,568;60
Pharma - Z1;SISTEMAS DE ADMINISTRACION HOSPITALARIA S.A.C.;FLUMETOL NF;6;JUN;3,932;133
Pharma - Z1;SISTEMAS DE ADMINISTRACION HOSPITALARIA S.A.C.;GAAP PF;6;JUN;1,949;47
Pharma - Z1;SISTEMAS DE ADMINISTRACION HOSPITALARIA S.A.C.;LAGRICEL;6;JUN;19,961;591
Pharma - Z1;SISTEMAS DE ADMINISTRACION HOSPITALARIA S.A.C.;LAGRICEL PF;6;JUN;7,925;218
Pharma - Z1;SISTEMAS DE ADMINISTRACION HOSPITALARIA S.A.C.;TRAZIDEX O;6;JUN;3,999;168
Pharma - Z1;SISTEMAS DE ADMINISTRACION HOSPITALARIA S.A.C.;TRAZIDEX U;6;JUN;9,805;344
Pharma - Z1;SISTEMAS DE ADMINISTRACION HOSPITALARIA S.A.C.;ZEBESTEN;6;JUN;736;15
Pharma - Z1;SOCIEDAD MEDICA OFTALMYCA SRL;LAGRICEL PF;6;JUN;286;6
Pharma - Z1;SOCIEDAD MEDICA OFTALMYCA SRL;TRAZIDEX U;6;JUN;281;6
Pharma - Z1;SUCARI JAEN JOSE CARLOS;AGGLAD;6;JUN;1,321;24
Pharma - Z1;SUCARI JAEN JOSE CARLOS;ELIPTIC PF;6;JUN;784;24
Pharma - Z1;SUCARI JAEN JOSE CARLOS;GAAP PF;6;JUN;325;6
Pharma - Z1;SUCARI JAEN JOSE CARLOS;LAGRICEL PF;6;JUN;1,145;24
Pharma - Z1;SUCARI JAEN JOSE CARLOS;TRAZIDEX O;6;JUN;1,111;24
Pharma - Z1;TG LASER OFTALMICA SA;AGGLAD;6;JUN;1,345;20
Pharma - Z1;TG LASER OFTALMICA SA;ELAR-B;6;JUN;288;5
Pharma - Z1;TG LASER OFTALMICA SA;ELIPTIC;6;JUN;1,268;20
Pharma - Z1;TG LASER OFTALMICA SA;GAAP;6;JUN;1,926;20
Pharma - Z1;TG LASER OFTALMICA SA;LAGRICEL PF;6;JUN;682;10
Pharma - Z1;TG LASER OFTALMICA SA;TRAZIDEX U;6;JUN;935;20
Pharma - Z1;VALEVISION S.A.C.;AQUADRAN;6;JUN;486;10
Pharma - Z1;VALEVISION S.A.C.;GAAP PF;6;JUN;902;10
Pharma - Z1;VALEVISION S.A.C.;LAGRICEL PF;6;JUN;477;10
Pharma - Z1;VELASQUEZ RUIZ JULIO CESAR;LAGRICEL PF;6;JUN;477;10
Pharma - Z1;VESALIO S.A.;FLUMETOL NF;6;JUN;121;3
Pharma - Z1;VESALIO S.A.;GAAP PF;6;JUN;2,705;30
Pharma - Z1;VESALIO S.A.;LAGRICEL;6;JUN;622;15
Pharma - Z1;VESALIO S.A.;TRAZIDEX U;6;JUN;603;18
Pharma - Z1;Z VISION S.A.C.;AGGLAD;6;JUN;611;10
Pharma - Z1;Z VISION S.A.C.;ELAR-B;6;JUN;621;12
Pharma - Z1;Z VISION S.A.C.;LAGRICEL PF;6;JUN;284;5
Pharma - Z1;Z VISION S.A.C.;TRAZIDEX O;6;JUN;232;5
Pharma - Z1;Z VISION S.A.C.;TRAZIDEX U;6;JUN;234;5
Pharma - Z2;ALARCON CALLUPE,ROSA DE JESUS;LAGRICEL PF;6;JUN;568;10
Pharma - Z2;ALARCON CALLUPE,ROSA DE JESUS;TRAZIDEX U;6;JUN;468;10
Pharma - Z2;ASOC. PASTORAL DE SERVICIOS MEDICO ASISTENCIALES GOOD HOPE DE LA IGLESIA ADVENTISTA DEL SEPTIMO DIA;AGGLAD;6;JUN;2,629;50
Pharma - Z2;ASOC. PASTORAL DE SERVICIOS MEDICO ASISTENCIALES GOOD HOPE DE LA IGLESIA ADVENTISTA DEL SEPTIMO DIA;FLUMETOL NF;6;JUN;2,042;50
Pharma - Z2;ASOC. PASTORAL DE SERVICIOS MEDICO ASISTENCIALES GOOD HOPE DE LA IGLESIA ADVENTISTA DEL SEPTIMO DIA;LAGRICEL PF;6;JUN;25,562;500
Pharma - Z2;ASOC. PASTORAL DE SERVICIOS MEDICO ASISTENCIALES GOOD HOPE DE LA IGLESIA ADVENTISTA DEL SEPTIMO DIA;SOPHIPREN;6;JUN;381;10
Pharma - Z2;ASOC. PASTORAL DE SERVICIOS MEDICO ASISTENCIALES GOOD HOPE DE LA IGLESIA ADVENTISTA DEL SEPTIMO DIA;TRAZIDEX O;6;JUN;3,186;80
Pharma - Z2;ASOC. PASTORAL DE SERVICIOS MEDICO ASISTENCIALES GOOD HOPE DE LA IGLESIA ADVENTISTA DEL SEPTIMO DIA;TRAZIDEX U;6;JUN;1,608;40
Pharma - Z2;CENTRO LASER OCULAR SOCIEDAD COMERCIAL DE RESPONSABILIDAD LIMITADA;ELIPTIC PF;6;JUN;523;10
Pharma - Z2;CENTRO LASER OCULAR SOCIEDAD COMERCIAL DE RESPONSABILIDAD LIMITADA;ZEBESTEN;6;JUN;491;10
Pharma - Z2;CENTRO OFTALMOLOGICO DR. GERONIMO EIRL;AQUADRAN;6;JUN;540;10
Pharma - Z2;CENTRO OFTALMOLOGICO DR. GERONIMO EIRL;GAAP PF;6;JUN;902;10
Pharma - Z2;CENTRO OFTALMOLOGICO DR. GERONIMO EIRL;ZEBESTEN;6;JUN;491;10
Pharma - Z2;CENTURION TECHNOLOGIES E.I.R.L.;AGGLAD;6;JUN;1,223;20
Pharma - Z2;CENTURION TECHNOLOGIES E.I.R.L.;AQUADRAN;6;JUN;270;5
Pharma - Z2;CENTURION TECHNOLOGIES E.I.R.L.;ELAR-B;6;JUN;288;5
Pharma - Z2;CENTURION TECHNOLOGIES E.I.R.L.;FLUMETOL NF;6;JUN;817;20
Pharma - Z2;CENTURION TECHNOLOGIES E.I.R.L.;GAAP;6;JUN;875;10
Pharma - Z2;CENTURION TECHNOLOGIES E.I.R.L.;GAAP PF;6;JUN;1,803;20
Pharma - Z2;CENTURION TECHNOLOGIES E.I.R.L.;LAGRICEL;6;JUN;307;5
Pharma - Z2;CENTURION TECHNOLOGIES E.I.R.L.;SOPHIPREN;6;JUN;847;20
Pharma - Z2;CENTURION TECHNOLOGIES E.I.R.L.;ZEBESTEN;6;JUN;491;10
Pharma - Z2;CLINICA CAYETANO HEREDIA S.A.;TRAZIDEX U;6;JUN;2,104;50
Pharma - Z2;CLINICA DE OJOS VISION LASER E.I.R.L.;SOPHIPREN;6;JUN;508;12
Pharma - Z2;CLINICA INTERNACIONAL S A;AGGLAD;6;JUN;9,591;240
Pharma - Z2;CLINICA INTERNACIONAL S A;ELAR-B;6;JUN;1,208;35
Pharma - Z2;CLINICA INTERNACIONAL S A;ELIPTIC PF;6;JUN;1,658;43
Pharma - Z2;CLINICA INTERNACIONAL S A;FLUMETOL NF;6;JUN;5,396;195
Pharma - Z2;CLINICA INTERNACIONAL S A;GAAP;6;JUN;5,637;140
Pharma - Z2;CLINICA INTERNACIONAL S A;GAAP PF;6;JUN;2,724;66
Pharma - Z2;CLINICA INTERNACIONAL S A;LAGRICEL;6;JUN;22,249;710
Pharma - Z2;CLINICA INTERNACIONAL S A;SOPHIPREN;6;JUN;5,159;190
Pharma - Z2;CLINICA INTERNACIONAL S A;TRAZIDEX U;6;JUN;21,135;832
Pharma - Z2;CLINICA NUEVO SAN JUAN SOCIEDAD ANONIMA CERRADA;ELIPTIC;6;JUN;36;1
Pharma - Z2;CLINICA NUEVO SAN JUAN SOCIEDAD ANONIMA CERRADA;FLUMETOL NF;6;JUN;255;9
Pharma - Z2;CLINICA ORTEGA SRL;FLUMETOL NF;6;JUN;2,205;54
Pharma - Z2;CLINICA ORTEGA SRL;GAAP PF;6;JUN;487;6
Pharma - Z2;CLINICA ORTEGA SRL;TRAZIDEX U;6;JUN;1,347;32
Pharma - Z2;CUIDA DIGITAL S.A.C.;AGGLAD;6;JUN;13,353;182
Pharma - Z2;CUIDA DIGITAL S.A.C.;ELIPTIC;6;JUN;4,630;73
Pharma - Z2;CUIDA DIGITAL S.A.C.;ELIPTIC PF;6;JUN;1,143;25
Pharma - Z2;CUIDA DIGITAL S.A.C.;FLUMETOL NF;6;JUN;588;12
Pharma - Z2;CUIDA DIGITAL S.A.C.;GAAP;6;JUN;17,637;155
Pharma - Z2;CUIDA DIGITAL S.A.C.;GAAP PF;6;JUN;10,299;84
Pharma - Z2;CUIDA DIGITAL S.A.C.;LAGRICEL;6;JUN;7,917;119
Pharma - Z2;CUIDA DIGITAL S.A.C.;LAGRICEL PF;6;JUN;5,022;65
Pharma - Z2;CUIDA DIGITAL S.A.C.;ZEBESTEN;6;JUN;174;3
Pharma - Z2;DOCTOR + S.A.C.;AGGLAD;6;JUN;1,048;27
Pharma - Z2;DOCTOR + S.A.C.;ELIPTIC PF;6;JUN;78;3
Pharma - Z2;DOCTOR + S.A.C.;GAAP PF;6;JUN;124;3
Pharma - Z2;DOCTOR + S.A.C.;LAGRICEL;6;JUN;608;18
Pharma - Z2;DOCTOR + S.A.C.;LAGRICEL PF;6;JUN;2,472;68
Pharma - Z2;GAMARRA HEALTHCARE CENTER S.A.C.;AQUADRAN;6;JUN;270;5
Pharma - Z2;GAMARRA HEALTHCARE CENTER S.A.C.;ELIPTIC PF;6;JUN;114;3
Pharma - Z2;GAMARRA HEALTHCARE CENTER S.A.C.;FLUMETOL NF;6;JUN;408;10
Pharma - Z2;GAMARRA HEALTHCARE CENTER S.A.C.;GAAP PF;6;JUN;270;5
Pharma - Z2;GAMARRA HEALTHCARE CENTER S.A.C.;TRAZIDEX U;6;JUN;281;6
Pharma - Z2;INSTITUTO MEDICO QUIRURGICO AREQUIPA S.A;FLUMETOL NF;6;JUN;817;20
Pharma - Z2;INSTITUTO MEDICO QUIRURGICO AREQUIPA S.A;LAGRICEL PF;6;JUN;5,112;90
Pharma - Z2;INVERSIONES MULTIMEDIC S.A.C.;FLUMETOL NF;6;JUN;817;20
Pharma - Z2;INVERSIONES MULTIMEDIC S.A.C.;TRAZIDEX O;6;JUN;926;20
Pharma - Z2;LAS AMERICAS WELLNESS CENTER S.A.C.;ELIPTIC PF;6;JUN;345;8
Pharma - Z2;LAS AMERICAS WELLNESS CENTER S.A.C.;FLUMETOL NF;6;JUN;245;6
Pharma - Z2;LAS AMERICAS WELLNESS CENTER S.A.C.;LAGRICEL PF;6;JUN;1,145;24
Pharma - Z2;LAS AMERICAS WELLNESS CENTER S.A.C.;ZEBESTEN;6;JUN;687;14
Pharma - Z2;MEDIC SER S.A.C.;FLUMETOL NF;6;JUN;3,838;100
Pharma - Z2;MEDIC SER S.A.C.;GAAP;6;JUN;3,529;48
Pharma - Z2;MEDIC SER S.A.C.;LAGRICEL;6;JUN;6,295;123
Pharma - Z2;MEDIC SER S.A.C.;LAGRICEL PF;6;JUN;454;10
Pharma - Z2;MEDIC SER S.A.C.;SOPHIPREN;6;JUN;1,457;40
Pharma - Z2;MEDIC SER S.A.C.;TRAZIDEX O;6;JUN;810;35
Pharma - Z2;MEDIC SER S.A.C.;TRAZIDEX U;6;JUN;7,154;170
Pharma - Z2;MEGAFARMA LA VICTORIA SAC;LAGRICEL PF;6;JUN;1,097;23
Pharma - Z2;MEGAFARMA LA VICTORIA SAC;SOPHIPREN;6;JUN;974;23
Pharma - Z2;MEGAFARMA LA VICTORIA SAC;TRAZIDEX O;6;JUN;926;20
Pharma - Z2;OCULASER CENTRO DE MICROCIRUGIA Y LASER S.A.C.;ELAR-B;6;JUN;483;10
Pharma - Z2;OFTALMOLIVE GROUP PERU S.A.C.;AQUADRAN;6;JUN;756;14
Pharma - Z2;OFTALMOLUZ E.I.R.L.;AGGLAD;6;JUN;1,376;25
Pharma - Z2;OFTALMOLUZ E.I.R.L.;AQUADRAN;6;JUN;4,320;80
Pharma - Z2;OFTALMOLUZ E.I.R.L.;ELIPTIC PF;6;JUN;858;25
Pharma - Z2;OFTALMOLUZ E.I.R.L.;FLUMETOL NF;6;JUN;3,675;100
Pharma - Z2;OFTALMOLUZ E.I.R.L.;GAAP PF;6;JUN;3,390;50
Pharma - Z2;OFTALMOLUZ E.I.R.L.;LAGRICEL PF;6;JUN;3,976;100
Pharma - Z2;OFTALMOLUZ E.I.R.L.;SOPHIPREN;6;JUN;3,812;100
Pharma - Z2;OFTALMOLUZ E.I.R.L.;TRAZIDEX U;6;JUN;2,338;50
Pharma - Z2;OPTICA VERIMEDIC E.I.R.L.;AQUADRAN;6;JUN;324;6
Pharma - Z2;OPTICA VERIMEDIC E.I.R.L.;SOPHIPREN;6;JUN;508;12
Pharma - Z2;OPTICA VERIMEDIC E.I.R.L.;TRAZIDEX U;6;JUN;281;6
Pharma - Z2;OPTICA VERIMEDIC E.I.R.L.;ZEBESTEN;6;JUN;295;6
Pharma - Z2;OPTIMA VISION SRL;AGGLAD;6;JUN;110;2
Pharma - Z2;OPTIMA VISION SRL;ELAR-B;6;JUN;805;14
Pharma - Z2;OPTIMA VISION SRL;ELIPTIC PF;6;JUN;76;2
Pharma - Z2;OPTIMA VISION SRL;FLUMETOL NF;6;JUN;229;4
Pharma - Z2;OPTIMA VISION SRL;GAAP PF;6;JUN;180;2
Pharma - Z2;OPTIMA VISION SRL;LAGRICEL PF;6;JUN;382;8
Pharma - Z2;OPTIMA VISION SRL;TRAZIDEX U;6;JUN;168;3
Pharma - Z2;OPTOPLUS E.I.R.L.;AQUADRAN;6;JUN;1,350;25
Pharma - Z2;OPTOPLUS E.I.R.L.;ELIPTIC;6;JUN;742;25
Pharma - Z2;OPTOPLUS E.I.R.L.;LAGRICEL PF;6;JUN;1,278;25
Pharma - Z2;OPTOPLUS E.I.R.L.;LANDAX;6;JUN;1,165;25
Pharma - Z2;OPTOPLUS E.I.R.L.;SOPHIPREN;6;JUN;1,821;50
Pharma - Z2;OSTOS RICRA LEONISA;SOPHIPREN;6;JUN;762;20
Pharma - Z2;POLICLINICO OFTALMO SALUD S.A.C.;AQUADRAN;6;JUN;421;6
Pharma - Z2;POLICLINICO OFTALMO SALUD S.A.C.;GAAP PF;6;JUN;703;6
Pharma - Z2;POLICLINICO OFTALMO SALUD S.A.C.;TRAZIDEX U;6;JUN;729;12
Pharma - Z2;RIVERA BERROSPI MIRCO ALFREDO;FLUMETOL NF;6;JUN;980;24
Pharma - Z2;RIVERA BERROSPI MIRCO ALFREDO;LAGRICEL PF;6;JUN;1,363;24
Pharma - Z2;SANAR SM E.I.R.L;GAAP PF;6;JUN;2,542;50
Pharma - Z2;SERVICIOS DE FARMACIA OFTALMOLOGICA YAHUI EIRL;AGGLAD;6;JUN;5,503;100
Pharma - Z2;SERVICIOS DE FARMACIA OFTALMOLOGICA YAHUI EIRL;ELIPTIC PF;6;JUN;3,031;80
Pharma - Z2;SERVICIOS DE FARMACIA OFTALMOLOGICA YAHUI EIRL;FLUMETOL NF;6;JUN;4,492;100
Pharma - Z2;SERVICIOS DE FARMACIA OFTALMOLOGICA YAHUI EIRL;LAGRICEL PF;6;JUN;17,042;300
Pharma - Z2;SERVICIOS DE FARMACIA OFTALMOLOGICA YAHUI EIRL;TRAZIDEX O;6;JUN;4,167;100
Pharma - Z2;SERVICIOS DE FARMACIA OFTALMOLOGICA YAHUI EIRL;ZEBESTEN;6;JUN;3,927;80
Pharma - Z2;UNOVE S.A.C.;ELIPTIC PF;6;JUN;470;10
Pharma - Z2;UNOVE S.A.C.;GAAP;6;JUN;788;10
Pharma - Z2;UNOVE S.A.C.;LAGRICEL PF;6;JUN;2,386;50
Pharma - Z2;UNOVE S.A.C.;TRAZIDEX O;6;JUN;1,852;40
Pharma - Z2;UNOVE S.A.C.;TRAZIDEX U;6;JUN;1,683;40
Pharma - Z2;VITTES GALVEZ INVERSIONES Y SERVICIOS E.I.R.L.;FLUMETOL NF;6;JUN;980;24
Pharma - Z3;ASOC. PAST. DE SERV. MEDICO ASIST. CLINICA ADVENTISTA ANA STAHL DE LA IGLESIA ADV. DEL SEPTIMO DIA;AGGLAD;6;JUN;367;6
Pharma - Z3;ASOC. PAST. DE SERV. MEDICO ASIST. CLINICA ADVENTISTA ANA STAHL DE LA IGLESIA ADV. DEL SEPTIMO DIA;ELIPTIC PF;6;JUN;1,045;20
Pharma - Z3;ASOC. PAST. DE SERV. MEDICO ASIST. CLINICA ADVENTISTA ANA STAHL DE LA IGLESIA ADV. DEL SEPTIMO DIA;GAAP;6;JUN;1,400;20
Pharma - Z3;ASOC. PAST. DE SERV. MEDICO ASIST. CLINICA ADVENTISTA ANA STAHL DE LA IGLESIA ADV. DEL SEPTIMO DIA;TRAZIDEX O;6;JUN;1,019;22
Pharma - Z3;ASOC. PAST. DE SERV. MEDICO ASIST. CLINICA ADVENTISTA ANA STAHL DE LA IGLESIA ADV. DEL SEPTIMO DIA;ZEBESTEN;6;JUN;491;10
Pharma - Z3;ASOCIACION PERUANO JAPONESA;AGGLAD;6;JUN;3,424;70
Pharma - Z3;ASOCIACION PERUANO JAPONESA;AQUADRAN;6;JUN;1,620;30
Pharma - Z3;ASOCIACION PERUANO JAPONESA;ELIPTIC PF;6;JUN;5,226;100
Pharma - Z3;ASOCIACION PERUANO JAPONESA;FLUMETOL NF;6;JUN;180;4
Pharma - Z3;ASOCIACION PERUANO JAPONESA;GAAP PF;6;JUN;7,934;100
Pharma - Z3;ASOCIACION PERUANO JAPONESA;LAGRICEL;6;JUN;1,126;20
Pharma - Z3;ASOCIACION PERUANO JAPONESA;LAGRICEL PF;6;JUN;7,498;110
Pharma - Z3;ASOCIACION PERUANO JAPONESA;LANDAX;6;JUN;93;2
Pharma - Z3;ASOCIACION PERUANO JAPONESA;TRAZIDEX O;6;JUN;2,223;40
Pharma - Z3;ASOCIACION PERUANO JAPONESA;TRAZIDEX U;6;JUN;1,964;35
Pharma - Z3;BOTICA EL GALENO S.A.C.;LAGRICEL PF;6;JUN;286;6
Pharma - Z3;BOTICA EL GALENO S.A.C.;SOPHIPREN;6;JUN;254;6
Pharma - Z3;BOTICA EL GALENO S.A.C.;ZEBESTEN;6;JUN;295;6
Pharma - Z3;CALDERON GALVEZ,PAOLA VIOLETA;AGGLAD;6;JUN;1,223;20
Pharma - Z3;CALDERON GALVEZ,PAOLA VIOLETA;ELIPTIC PF;6;JUN;679;20
Pharma - Z3;CENTRO DE ESPECIALIDADES OFTALMOLOGICAS E.I.R.L.;AQUADRAN;6;JUN;583;12
Pharma - Z3;CENTRO MEDICO CLINICA SAN JUDAS TADEO SA;AGGLAD;6;JUN;3,363;55
Pharma - Z3;CENTRO MEDICO CLINICA SAN JUDAS TADEO SA;LAGRICEL;6;JUN;599;13
Pharma - Z3;CENTRO MEDICO CLINICA SAN JUDAS TADEO SA;SOPHIPREN;6;JUN;1,482;35
Pharma - Z3;CENTRO MEDICO CLINICA SAN JUDAS TADEO SA;TRAZIDEX O;6;JUN;2,292;55
Pharma - Z3;CENTRO MEDICO CLINICA SAN JUDAS TADEO SA;TRAZIDEX U;6;JUN;3,661;87
Pharma - Z3;CESIAS LOPEZ JULIO CESAR;AGGLAD;6;JUN;1,321;24
Pharma - Z3;CESIAS LOPEZ JULIO CESAR;ELIPTIC PF;6;JUN;941;24
Pharma - Z3;CESIAS LOPEZ JULIO CESAR;FLUMETOL NF;6;JUN;490;12
Pharma - Z3;CESIAS LOPEZ JULIO CESAR;LANDAX;6;JUN;1,007;24
Pharma - Z3;CESIAS LOPEZ JULIO CESAR;SOPHIPREN;6;JUN;1,016;24
Pharma - Z3;CESIAS LOPEZ JULIO CESAR;TRAZIDEX O;6;JUN;926;20
Pharma - Z3;CESIAS LOPEZ JULIO CESAR;ZEBESTEN;6;JUN;589;12
Pharma - Z3;CHARCA RAMOS,ROCIO LUZ;TRAZIDEX O;6;JUN;278;6
Pharma - Z3;CHARCA RAMOS,ROCIO LUZ;TRAZIDEX U;6;JUN;281;6
Pharma - Z3;CHAVEZ ALIAGA,JOSE ALBERTO;FLUMETOL NF;6;JUN;1,103;30
Pharma - Z3;CHAVEZ ALIAGA,JOSE ALBERTO;LAGRICEL PF;6;JUN;466;10
Pharma - Z3;CHAVEZ ALIAGA,JOSE ALBERTO;ZEBESTEN;6;JUN;946;20
Pharma - Z3;CLINICA AMAZONICA EIRL;ELIPTIC PF;6;JUN;596;20
Pharma - Z3;CLINICA AMAZONICA EIRL;GAAP PF;6;JUN;902;10
Pharma - Z3;CLINICA AMAZONICA EIRL;TRAZIDEX U;6;JUN;935;20
Pharma - Z3;CLINICA BELLAVISTA SOCIEDAD ANONIMA CERRADA;FLUMETOL NF;6;JUN;384;10
Pharma - Z3;CLINICA BELLAVISTA SOCIEDAD ANONIMA CERRADA;TRAZIDEX O;6;JUN;648;28
Pharma - Z3;CLINICA BELLAVISTA SOCIEDAD ANONIMA CERRADA;TRAZIDEX U;6;JUN;1,347;32
Pharma - Z3;CLINICA DE OJOS DÔOPELUCE SAC;AQUADRAN;6;JUN;1,080;20
Pharma - Z3;CLINICA DE OJOS DÔOPELUCE SAC;DUSTALOX;6;JUN;451;10
Pharma - Z3;CLINICA DE OJOS DÔOPELUCE SAC;ELAR-B;6;JUN;1,035;18
Pharma - Z3;CLINICA DE OJOS DÔOPELUCE SAC;ELIPTIC PF;6;JUN;523;10
Pharma - Z3;CLINICA DE OJOS DÔOPELUCE SAC;FLUMETOL NF;6;JUN;449;10
Pharma - Z3;CLINICA DE OJOS DÔOPELUCE SAC;GAAP PF;6;JUN;3,606;50
Pharma - Z3;CLINICA DE OJOS DÔOPELUCE SAC;LAGRICEL PF;6;JUN;10,680;200
Pharma - Z3;CLINICA DE OJOS DÔOPELUCE SAC;TRAZIDEX O;6;JUN;3,334;80
Pharma - Z3;CLINICA DE OJOS DÔOPELUCE SAC;TRAZIDEX U;6;JUN;2,104;50
Pharma - Z3;CLINICA DE OJOS DÔOPELUCE SAC;ZEBESTEN;6;JUN;946;20
Pharma - Z3;CLINICA DE OJOS VISION DEL PERU S.A.C.;SOPHIPREN;6;JUN;1,694;40
Pharma - Z3;CLINICA DE OJOS VISION DEL PERU S.A.C.;TRAZIDEX O;6;JUN;833;20
Pharma - Z3;CLINICA DE OJOS VISION DEL PERU S.A.C.;TRAZIDEX U;6;JUN;842;20
Pharma - Z3;CLINICA JESUS DEL NORTE SOCIEDAD ANONIMA CERRADA;FLUMETOL NF;6;JUN;283;10
Pharma - Z3;CLINICA JESUS DEL NORTE SOCIEDAD ANONIMA CERRADA;GAAP;6;JUN; -   ; -   
Pharma - Z3;CLINICA JESUS DEL NORTE SOCIEDAD ANONIMA CERRADA;LAGRICEL;6;JUN;337;10
Pharma - Z3;CLINICA SAN FELIPE S A;FLUMETOL NF;6;JUN;591;20
Pharma - Z3;CLINICA SAN FELIPE S A;TRAZIDEX O;6;JUN;952;40
Pharma - Z3;CLINICA SAN FELIPE S A;TRAZIDEX U;6;JUN;2,622;92
Pharma - Z3;CLINICA SAN GABRIEL S A C;AQUADRAN;6;JUN;756;14
Pharma - Z3;CLINICA SAN GABRIEL S A C;ELAR-B;6;JUN;569;11
Pharma - Z3;CLINICA SAN GABRIEL S A C;FLUMETOL NF;6;JUN;3,085;109
Pharma - Z3;CLINICA SAN GABRIEL S A C;LAGRICEL;6;JUN; -   ; -   
Pharma - Z3;CLINICA SAN GABRIEL S A C;LAGRICEL PF;6;JUN; -   ; -   
Pharma - Z3;CLINICA Y BOTICAS LA AMISTAD S.A.C.;AQUADRAN;6;JUN;583;12
Pharma - Z3;CLINICA Y BOTICAS LA AMISTAD S.A.C.;ELIPTIC;6;JUN;330;10
Pharma - Z3;CLINICA Y BOTICAS LA AMISTAD S.A.C.;FLUMETOL NF;6;JUN;408;10
Pharma - Z3;CLINICA Y BOTICAS LA AMISTAD S.A.C.;GAAP PF;6;JUN;631;10
Pharma - Z3;CLINICA Y BOTICAS LA AMISTAD S.A.C.;TRAZIDEX U;6;JUN;935;20
Pharma - Z3;CONSULTORIO OPTICA BELLAVISTA E.I.R.L;AQUADRAN;6;JUN;324;6
Pharma - Z3;CONSULTORIO OPTICA BELLAVISTA E.I.R.L;ELIPTIC PF;6;JUN;170;8
Pharma - Z3;CONSULTORIO OPTICA BELLAVISTA E.I.R.L;FLUMETOL NF;6;JUN;245;6
Pharma - Z3;CONSULTORIO OPTICA BELLAVISTA E.I.R.L;GAAP PF;6;JUN;216;4
Pharma - Z3;CONSULTORIO OPTICA BELLAVISTA E.I.R.L;LANDAX;6;JUN;1,212;26
Pharma - Z3;CONSULTORIO OPTICA BELLAVISTA E.I.R.L;SOPHIPREN;6;JUN;1,101;26
Pharma - Z3;CONSULTORIO OPTICA BELLAVISTA E.I.R.L;TRAZIDEX U;6;JUN;234;5
Pharma - Z3;CONSULTORIO OPTICA BELLAVISTA E.I.R.L;ZEBESTEN;6;JUN;393;8
Pharma - Z3;DERMATOLOGICA PERU E.I.R.L.;LAGRICEL PF;6;JUN;1,363;24
Pharma - Z3;DERMATOLOGICA PERU E.I.R.L.;TRAZIDEX O;6;JUN;463;10
Pharma - Z3;DERMATOLOGICA PERU E.I.R.L.;TRAZIDEX U;6;JUN;468;10
Pharma - Z3;EP OFTALMOLOGOS ASOCIADOS S.A.C.;ELIPTIC PF;6;JUN;1,568;30
Pharma - Z3;EP OFTALMOLOGOS ASOCIADOS S.A.C.;GAAP PF;6;JUN;2,705;30
Pharma - Z3;EP OFTALMOLOGOS ASOCIADOS S.A.C.;LAGRICEL PF;6;JUN;1,136;20
Pharma - Z3;EP OFTALMOLOGOS ASOCIADOS S.A.C.;SOPHIPREN;6;JUN;847;20
Pharma - Z3;EP OFTALMOLOGOS ASOCIADOS S.A.C.;ZEBESTEN;6;JUN;982;20
Pharma - Z3;EVP. CORPORACION PERUVIAN S.A.C.;AQUADRAN;6;JUN;443;10
Pharma - Z3;EVP. CORPORACION PERUVIAN S.A.C.;DUSTALOX;6;JUN;410;10
Pharma - Z3;EVP. CORPORACION PERUVIAN S.A.C.;ELIPTIC PF;6;JUN;170;5
Pharma - Z3;EVP. CORPORACION PERUVIAN S.A.C.;FLUMETOL NF;6;JUN;1,225;30
Pharma - Z3;EVP. CORPORACION PERUVIAN S.A.C.;GAAP PF;6;JUN;902;10
Pharma - Z3;EVP. CORPORACION PERUVIAN S.A.C.;LAGRICEL PF;6;JUN;3,579;70
Pharma - Z3;EVP. CORPORACION PERUVIAN S.A.C.;SOPHIPREN;6;JUN;2,668;70
Pharma - Z3;EVP. CORPORACION PERUVIAN S.A.C.;TRAZIDEX O;6;JUN;1,760;50
Pharma - Z3;EVP. CORPORACION PERUVIAN S.A.C.;TRAZIDEX U;6;JUN;711;20
Pharma - Z3;FARMAVISION SOCIEDAD ANONIMA CERRADA;AGGLAD;6;JUN;3,118;54
Pharma - Z3;FARMAVISION SOCIEDAD ANONIMA CERRADA;AQUADRAN;6;JUN;648;12
Pharma - Z3;FARMAVISION SOCIEDAD ANONIMA CERRADA;ELIPTIC;6;JUN;890;30
Pharma - Z3;FARMAVISION SOCIEDAD ANONIMA CERRADA;GAAP;6;JUN;945;12
Pharma - Z3;FARMAVISION SOCIEDAD ANONIMA CERRADA;TRAZIDEX U;6;JUN;449;12
Pharma - Z3;FARMAVISION SOCIEDAD ANONIMA CERRADA;ZEBESTEN;6;JUN;589;12
Pharma - Z3;HERRERA LOPEZ NORMA FRANCISCA;ELIPTIC PF;6;JUN;306;12
Pharma - Z3;HERRERA LOPEZ NORMA FRANCISCA;SOPHIPREN;6;JUN;508;12
Pharma - Z3;HERRERA LOPEZ NORMA FRANCISCA;TRAZIDEX O;6;JUN;556;12
Pharma - Z3;HOLDING MONTECRISTO PERU SOCIEDAD ANONIMA;ELIPTIC PF;6;JUN;408;12
Pharma - Z3;HOLDING MONTECRISTO PERU SOCIEDAD ANONIMA;GAAP PF;6;JUN;649;12
Pharma - Z3;HOLDING MONTECRISTO PERU SOCIEDAD ANONIMA;TRAZIDEX U;6;JUN;505;12
Pharma - Z3;INSAMED INTERNACIONAL EMPRESA INDIVIDUAL DE RESPONSABILIDAD LIMITADA;FLUMETOL NF;6;JUN;490;12
Pharma - Z3;INSAMED INTERNACIONAL EMPRESA INDIVIDUAL DE RESPONSABILIDAD LIMITADA;SOPHIPREN;6;JUN;508;12
Pharma - Z3;INSTITUTO PERUANO DE LA VISION S.A.C.;AQUADRAN;6;JUN;756;14
Pharma - Z3;INSTITUTO PERUANO DE LA VISION S.A.C.;DUSTALOX;6;JUN;226;5
Pharma - Z3;INSTITUTO PERUANO DE LA VISION S.A.C.;ELAR-B;6;JUN;1,863;36
Pharma - Z3;INSTITUTO PERUANO DE LA VISION S.A.C.;ELIPTIC;6;JUN;254;5
Pharma - Z3;INSTITUTO PERUANO DE LA VISION S.A.C.;ELIPTIC PF;6;JUN; -   ; -   
Pharma - Z3;INSTITUTO PERUANO DE LA VISION S.A.C.;GAAP;6;JUN;867;11
Pharma - Z3;INSTITUTO PERUANO DE LA VISION S.A.C.;GAAP PF;6;JUN; -   ; -   
Pharma - Z3;INSTITUTO PERUANO DE LA VISION S.A.C.;LAGRICEL;6;JUN;614;12
Pharma - Z3;INSTITUTO PERUANO DE LA VISION S.A.C.;TRAZIDEX O;6;JUN;463;10
Pharma - Z3;INSTITUTO PERUANO DE LA VISION S.A.C.;TRAZIDEX U;6;JUN;505;12
Pharma - Z3;INVERSIONES MEDICAS GALENO S.A.C.;AGGLAD;6;JUN;611;10
Pharma - Z3;INVERSIONES MEDICAS GALENO S.A.C.;FLUMETOL NF;6;JUN;123;3
Pharma - Z3;INVERSIONES MEDICAS GALENO S.A.C.;LAGRICEL PF;6;JUN;1,704;30
Pharma - Z3;INVERSIONES MEDICAS GALENO S.A.C.;SOPHIPREN;6;JUN;1,694;40
Pharma - Z3;LUZVISION S.A.C.;SOPHIPREN;6;JUN;508;12
Pharma - Z3;MAS VISION S.A.C.;ELIPTIC PF;6;JUN;339;10
Pharma - Z3;MAS VISION S.A.C.;FLUMETOL NF;6;JUN;817;20
Pharma - Z3;MAS VISION S.A.C.;GAAP PF;6;JUN;1,803;20
Pharma - Z3;MAS VISION S.A.C.;LAGRICEL PF;6;JUN;9,202;180
Pharma - Z3;MAS VISION S.A.C.;SOPHIPREN;6;JUN;3,812;100
Pharma - Z3;MAS VISION S.A.C.;TRAZIDEX O;6;JUN;2,112;60
Pharma - Z3;MAS VISION S.A.C.;TRAZIDEX U;6;JUN;2,132;60
Pharma - Z3;MAYTA CARCAUSTO AGUSTIN ABEL;SOPHIPREN;6;JUN;424;10
Pharma - Z3;MEDI VISTA E.I.R.L.;FLUMETOL NF;6;JUN;735;20
Pharma - Z3;MEDI VISTA E.I.R.L.;LAGRICEL PF;6;JUN;1,431;30
Pharma - Z3;MEDI VISTA E.I.R.L.;ZEBESTEN;6;JUN;982;20
Pharma - Z3;NORVISION SAC;LAGRICEL PF;6;JUN;2,119;50
Pharma - Z3;NORVISION SAC;SOPHIPREN;6;JUN;424;10
Pharma - Z3;NORVISION SAC;TRAZIDEX O;6;JUN;500;12
Pharma - Z3;NORVISION SAC;TRAZIDEX U;6;JUN;505;12
Pharma - Z3;NUESTRA SENORA DEL SAGRADO CORAZON;AGGLAD;6;JUN;139;3
Pharma - Z3;NUESTRA SENORA DEL SAGRADO CORAZON;FLUMETOL NF;6;JUN;2,123;65
Pharma - Z3;OFTALMOFARM S.A.C.;GAAP PF;6;JUN;822;12
Pharma - Z3;OFTALMOFARM S.A.C.;TRAZIDEX U;6;JUN;1,683;36
Pharma - Z3;OFTALMOLOG÷ALASER S.A.C.;ELIPTIC PF;6;JUN;1,698;50
Pharma - Z3;OFTALMOSELVA E.I.R.L.;LAGRICEL PF;6;JUN;2,272;50
Pharma - Z3;OFTALMOTEC E.I.R.L.;AQUADRAN;6;JUN;292;6
Pharma - Z3;OFTALMOTEC E.I.R.L.;LAGRICEL PF;6;JUN;613;12
Pharma - Z3;OPTHALMICA VISION SOCIEDAD ANONIMA CERRADA;LAGRICEL PF;6;JUN;2,335;50
Pharma - Z3;POLICLINICO VIRGEN DEL ROSARIO E.I.R.L.;FLUMETOL NF;6;JUN;817;20
Pharma - Z3;POLICLINICO VIRGEN DEL ROSARIO E.I.R.L.;LAGRICEL PF;6;JUN;852;15
Pharma - Z3;POLICLINICO VIRGEN DEL ROSARIO E.I.R.L.;SOPHIPREN;6;JUN;847;20
Pharma - Z3;POLICLINICO VIRGEN DEL ROSARIO E.I.R.L.;TRAZIDEX O;6;JUN;926;20
Pharma - Z3;POLICLINICO VIRGEN DEL ROSARIO E.I.R.L.;ZEBESTEN;6;JUN;736;15
Pharma - Z3;RED SALUD NORTE S.A.C.;AGGLAD;6;JUN;611;10
Pharma - Z3;RED SALUD NORTE S.A.C.;ELIPTIC PF;6;JUN;405;10
Pharma - Z3;RED SALUD NORTE S.A.C.;LAGRICEL PF;6;JUN;1,363;20
Pharma - Z3;RED SALUD NORTE S.A.C.;TRAZIDEX O;6;JUN;556;12
Pharma - Z3;RETINA VISION E.I.R.L.;ELIPTIC PF;6;JUN;227;6
Pharma - Z3;RETINA VISION E.I.R.L.;FLUMETOL NF;6;JUN;817;20
Pharma - Z3;RETINA VISION E.I.R.L.;LAGRICEL PF;6;JUN;1,000;20
Pharma - Z3;RETINA VISION E.I.R.L.;SOPHIPREN;6;JUN;847;20
Pharma - Z3;SALUD VISUAL OPTICA Y OFTALMOLOGIA EMPRESA INDIVIDUAL DE RESPONSABILIDAD LIMITADA;GAAP PF;6;JUN;649;12
Pharma - Z3;SALUD VISUAL OPTICA Y OFTALMOLOGIA EMPRESA INDIVIDUAL DE RESPONSABILIDAD LIMITADA;TRAZIDEX U;6;JUN;281;6
Pharma - Z3;SALUD VISUAL OPTICA Y OFTALMOLOGIA EMPRESA INDIVIDUAL DE RESPONSABILIDAD LIMITADA;ZEBESTEN;6;JUN;295;6
Pharma - Z3;SERVI OFTALMOMED ALVARO E.I.R.L.;DUSTALOX;6;JUN;492;12
Pharma - Z3;SERVI OFTALMOMED ALVARO E.I.R.L.;SOPHIPREN;6;JUN;508;12
Pharma - Z3;SOCIAL MEDICAL S.A.C.;AGGLAD;6;JUN;367;6
Pharma - Z3;SOCIAL MEDICAL S.A.C.;ELIPTIC PF;6;JUN;218;6
Pharma - Z3;SOCIAL MEDICAL S.A.C.;FLUMETOL NF;6;JUN;490;12
Pharma - Z3;SOCIAL MEDICAL S.A.C.;LAGRICEL PF;6;JUN;283;6
Pharma - Z3;SOLUCIONES E INVERSIONES EN SALUD SOCIEDAD ANONIMA CERRADA - SOLINSALUD SAC.;FLUMETOL NF;6;JUN;1,021;25
Pharma - Z3;SOLUCIONES E INVERSIONES EN SALUD SOCIEDAD ANONIMA CERRADA - SOLINSALUD SAC.;SOPHIPREN;6;JUN;1,059;25
Pharma - Z3;SOLUCIONES E INVERSIONES EN SALUD SOCIEDAD ANONIMA CERRADA - SOLINSALUD SAC.;ZEBESTEN;6;JUN;1,227;25
Pharma - Z3;VILLAFUERTE PANDURO,JHON STIP;AQUADRAN;6;JUN;583;12
Pharma - Z3;VILLAFUERTE PANDURO,JHON STIP;FLUMETOL NF;6;JUN;490;12
Pharma - Z3;VILLAFUERTE PANDURO,JHON STIP;LAGRICEL PF;6;JUN;573;12
Pharma - Z3;VISANA CLINICA ESPECIALIZADA S.A.C;AGGLAD;6;JUN;1,223;20
Pharma - Z3;VISANA CLINICA ESPECIALIZADA S.A.C;ELAR-B;6;JUN;1,725;30
Pharma - Z3;VISANA CLINICA ESPECIALIZADA S.A.C;ELIPTIC PF;6;JUN;679;20
Pharma - Z3;VISANA CLINICA ESPECIALIZADA S.A.C;LAGRICEL PF;6;JUN;3,817;80
Pharma - Z3;VISANA CLINICA ESPECIALIZADA S.A.C;TRAZIDEX O;6;JUN;833;20
Pharma - Z3;VISANA CLINICA ESPECIALIZADA S.A.C;TRAZIDEX U;6;JUN;1,178;30
Pharma - Z3;VISANA CLINICA ESPECIALIZADA S.A.C;ZEBESTEN;6;JUN;893;20
Pharma - Z3;VISUAL CENTER S.A.C.;AGGLAD;6;JUN;1,651;30
Pharma - Z3;VISUAL CENTER S.A.C.;AQUADRAN;6;JUN;486;10
Pharma - Z3;VISUAL CENTER S.A.C.;ELAR-B;6;JUN;518;10
Pharma - Z3;VISUAL CENTER S.A.C.;ELIPTIC PF;6;JUN;1,339;50
Pharma - Z3;VISUAL CENTER S.A.C.;FLUMETOL NF;6;JUN;449;10
Pharma - Z3;VISUAL CENTER S.A.C.;GAAP PF;6;JUN;1,803;20
Pharma - Z3;VISUAL CENTER S.A.C.;LAGRICEL PF;6;JUN;1,136;20
Pharma - Z3;VISUAL CENTER S.A.C.;SOPHIPREN;6;JUN;390;10
Pharma - Z3;VISUAL CENTER S.A.C.;TRAZIDEX O;6;JUN;463;10
Pharma - Z3;VISUAL CENTER S.A.C.;TRAZIDEX U;6;JUN;2,057;40
Pharma - Z3;VISUAL CENTER S.A.C.;ZEBESTEN;6;JUN;473;10
Pharma - Z3;VISUAL M&M E.I.R.L;ELAR-B;6;JUN;1,380;24
Pharma - Z3;VISUAL M&M E.I.R.L;FLUMETOL NF;6;JUN;490;12
Pharma - Z3;VISUAL M&M E.I.R.L;TRAZIDEX U;6;JUN;1,010;24
Pharma - N1;CLINICA MIRAFLORES SA;GAAP;7;JUL;441;6
Pharma - N1;CLINICA OFTALMOLOGICA VIDAVAÔS;LAGRICEL PF;7;JUL;5,453;80
Pharma - N1;SERVIMEDICOS S.A.C.;GAAP;7;JUL;221;3
Pharma - N1;SERVIMEDICOS S.A.C.;LAGRICEL PF;7;JUL;909;20
Pharma - N1;SERVIMEDICOS S.A.C.;TRAZIDEX O;7;JUL;185;8
Pharma - N2;BIG PROYECTS S.A.C.;LAGRICEL PF;7;JUL;341;6
Pharma - N2;BIG PROYECTS S.A.C.;TRAZIDEX U;7;JUL;154;3
Pharma - N2;CACEDA SANCHEZ ELVA ESTHER;LANDAX;7;JUL;-140;-3
Pharma - N2;CENTRO DEL GLAUCOMA E.I.R.L.;AGGLAD;7;JUL;318;10
Pharma - N2;CENTRO DEL GLAUCOMA E.I.R.L.;ELIPTIC PF;7;JUL;588;10
Pharma - N2;CENTRO DEL GLAUCOMA E.I.R.L.;GAAP PF;7;JUL;685;10
Pharma - N2;CENTRO DEL GLAUCOMA E.I.R.L.;LAGRICEL;7;JUL;430;10
Pharma - N2;CENTRO DEL GLAUCOMA E.I.R.L.;LAGRICEL PF;7;JUL;767;15
Pharma - N2;CENTRO DEL GLAUCOMA E.I.R.L.;SOPHIPREN;7;JUL;424;10
Pharma - N2;CENTRO DEL GLAUCOMA E.I.R.L.;TRAZIDEX O;7;JUL;463;10
Pharma - N2;CENTRO DEL GLAUCOMA E.I.R.L.;TRAZIDEX U;7;JUL;468;10
Pharma - N2;CENTRO MEDICO OFTALMOLOGICO LASER S.R.L;ELIPTIC PF;7;JUL;508;20
Pharma - N2;CENTRO MEDICO OFTALMOLOGICO LASER S.R.L;LAGRICEL;7;JUL;512;10
Pharma - N2;CENTRO MEDICO OFTALMOLOGICO LASER S.R.L;LAGRICEL PF;7;JUL;568;10
Pharma - N2;CLINICA DE OJOS LUZ Y VIDA S.A.C.;AGGLAD;7;JUL;336;5
Pharma - N2;CLINICA DE OJOS LUZ Y VIDA S.A.C.;GAAP PF;7;JUL;469;5
Pharma - N2;CLINICA DE OJOS LUZ Y VIDA S.A.C.;LAGRICEL;7;JUL;768;15
Pharma - N2;CLINICA DE OJOS LUZ Y VIDA S.A.C.;SOPHIPREN;7;JUL;191;5
Pharma - N2;CLINICA DE OJOS LUZ Y VIDA S.A.C.;TRAZIDEX U;7;JUL;168;4
Pharma - N2;CLINICA SANCHEZ FERRER S A;AGGLAD;7;JUL;582;15
Pharma - N2;CLINICA SANCHEZ FERRER S A;LAGRICEL PF;7;JUL;4,726;130
Pharma - N2;CLINICA SANCHEZ FERRER S A;TRAZIDEX O;7;JUL;714;30
Pharma - N2;CLINICA SANCHEZ FERRER S A;TRAZIDEX U;7;JUL;770;27
Pharma - N2;GAMARRA VASQUEZ,ELVIA;LAGRICEL PF;7;JUL;-477;-10
Pharma - N2;GAMARRA VASQUEZ,ELVIA;TRAZIDEX O;7;JUL;-463;-10
Pharma - N2;INVERSIONES ARISOF E.I.R.L.;DUSTALOX;7;JUL;197;4
Pharma - N2;INVERSIONES ARISOF E.I.R.L.;ELAR-B;7;JUL;224;3
Pharma - N2;INVERSIONES ARISOF E.I.R.L.;FLUMETOL NF;7;JUL;294;6
Pharma - N2;INVERSIONES ARISOF E.I.R.L.;LAGRICEL;7;JUL;665;10
Pharma - N2;INVERSIONES ARISOF E.I.R.L.;LAGRICEL PF;7;JUL;1,477;20
Pharma - N2;INVERSIONES ARISOF E.I.R.L.;SOPHIPREN;7;JUL;305;6
Pharma - N2;INVERSIONES ARISOF E.I.R.L.;TRAZIDEX O;7;JUL;556;10
Pharma - N2;INVERSIONES ARISOF E.I.R.L.;TRAZIDEX U;7;JUL;561;10
Pharma - N2;MEDISALUD GROUP S.R.L.;LAGRICEL PF;7;JUL;568;10
Pharma - N2;OFTALMOVISION S.A.C.;LAGRICEL;7;JUL;4,766;100
Pharma - N2;OFTNORT B & S E.I.R.L.;AQUADRAN;7;JUL;972;20
Pharma - S;CLINICA CERRO COLORADO S.A.C.;FLUMETOL NF;7;JUL;226;8
Pharma - S;CLINICA VALLESUR S.A.;SOPHIPREN;7;JUL;473;13
Pharma - Z1;A & E SERVICIOS MEDICOS S.A.C.;GAAP PF;7;JUL;541;6
Pharma - Z1;A & E SERVICIOS MEDICOS S.A.C.;LAGRICEL PF;7;JUL;341;6
Pharma - Z1;A & E SERVICIOS MEDICOS S.A.C.;SOPHIPREN;7;JUL;254;6
Pharma - Z1;ADMINISTRADORA CLINICA RICARDO PALMA S.A.;AGGLAD;7;JUL;2,055;60
Pharma - Z1;ADMINISTRADORA CLINICA RICARDO PALMA S.A.;ELIPTIC;7;JUL;1,154;70
Pharma - Z1;ADMINISTRADORA CLINICA RICARDO PALMA S.A.;LAGRICEL;7;JUL;5,691;250
Pharma - Z1;ADMINISTRADORA CLINICA RICARDO PALMA S.A.;SOPHIPREN;7;JUL;2,965;100
Pharma - Z1;APM SERVICES S.A.C;FLUMETOL NF;7;JUL;4,084;100
Pharma - Z1;CLINICA LA MERCED S.A.C.;FLUMETOL NF;7;JUL;113;4
Pharma - Z1;CLINICA LA MERCED S.A.C.;LAGRICEL;7;JUL;135;4
Pharma - Z1;DELGADILLO MURIEL DAVID;ELAR-B;7;JUL;575;10
Pharma - Z1;DELGADILLO MURIEL DAVID;LAGRICEL PF;7;JUL;477;10
Pharma - Z1;DELGADILLO MURIEL DAVID;TRAZIDEX U;7;JUL;468;10
Pharma - Z1;DR CASTRO VISION E.I.R.L.;FLUMETOL NF;7;JUL;551;15
Pharma - Z1;DR CASTRO VISION E.I.R.L.;LAGRICEL PF;7;JUL;716;15
Pharma - Z1;LA ESPERANZA DEL PERU S A;AGGLAD;7;JUL;466;12
Pharma - Z1;LA ESPERANZA DEL PERU S A;FLUMETOL NF;7;JUL;355;12
Pharma - Z1;LA ESPERANZA DEL PERU S A;GAAP PF;7;JUL;995;24
Pharma - Z1;OFTALMEDICA SUR S.A.C.;SOPHIPREN;7;JUL;191;5
Pharma - Z1;OFTALMEDICA SUR S.A.C.;TRAZIDEX O;7;JUL;625;15
Pharma - Z1;OFTALMIC SERVICE SAC;FLUMETOL NF;7;JUL;613;15
Pharma - Z1;OFTALMIC SERVICE SAC;TRAZIDEX U;7;JUL;601;15
Pharma - Z1;OFTALMICA S.A.C.;AQUADRAN;7;JUL;3,780;70
Pharma - Z1;OFTALMICA S.A.C.;FLUMETOL NF;7;JUL;1,552;50
Pharma - Z1;OFTALMICA S.A.C.;GAAP;7;JUL;1,653;20
Pharma - Z1;OFTALMICA S.A.C.;GAAP PF;7;JUL;4,327;60
Pharma - Z1;OFTALMICA S.A.C.;LAGRICEL;7;JUL;1,638;40
Pharma - Z1;OFTALMICA S.A.C.;LAGRICEL PF;7;JUL;1,789;35
Pharma - Z1;OFTALMICA S.A.C.;TRAZIDEX O;7;JUL;2,964;80
Pharma - Z1;OFTALMICA S.A.C.;TRAZIDEX U;7;JUL;3,212;100
Pharma - Z1;ONCOCENTER PERU S.A.C.;AGGLAD;7;JUL;100;2
Pharma - Z1;ONCOCENTER PERU S.A.C.;GAAP;7;JUL;147;2
Pharma - Z1;ONCOCENTER PERU S.A.C.;LAGRICEL;7;JUL;102;2
Pharma - Z1;ONCOCENTER PERU S.A.C.;LAGRICEL PF;7;JUL;91;2
Pharma - Z1;ONCOCENTER PERU S.A.C.;SOPHIPREN;7;JUL;73;2
Pharma - Z1;ONCOCENTER PERU S.A.C.;TRAZIDEX O;7;JUL;46;2
Pharma - Z1;ONCOCENTER PERU S.A.C.;TRAZIDEX U;7;JUL;84;2
Pharma - Z1;OPTICASUNO S.A.C.;LANDAX;7;JUL;-28;-1
Pharma - Z1;PROYECTOS MEDICOS S.A.;TRAZIDEX U;7;JUL;281;6
Pharma - Z1;SISTEMAS DE ADMINISTRACION HOSPITALARIA S.A.C.;AGGLAD;7;JUL;2,757;71
Pharma - Z1;SISTEMAS DE ADMINISTRACION HOSPITALARIA S.A.C.;ELIPTIC;7;JUL;1,649;65
Pharma - Z1;SISTEMAS DE ADMINISTRACION HOSPITALARIA S.A.C.;FLUMETOL NF;7;JUL;4,494;152
Pharma - Z1;SISTEMAS DE ADMINISTRACION HOSPITALARIA S.A.C.;GAAP PF;7;JUL;1,825;44
Pharma - Z1;SISTEMAS DE ADMINISTRACION HOSPITALARIA S.A.C.;LAGRICEL;7;JUL;10,369;307
Pharma - Z1;SISTEMAS DE ADMINISTRACION HOSPITALARIA S.A.C.;LAGRICEL PF;7;JUL;1,818;50
Pharma - Z1;SISTEMAS DE ADMINISTRACION HOSPITALARIA S.A.C.;TRAZIDEX O;7;JUL;1,428;60
Pharma - Z1;SISTEMAS DE ADMINISTRACION HOSPITALARIA S.A.C.;TRAZIDEX U;7;JUL;8,380;294
Pharma - Z1;TG LASER OFTALMICA SA;FLUMETOL NF;7;JUL;449;10
Pharma - Z1;TG LASER OFTALMICA SA;GAAP;7;JUL;1,926;20
Pharma - Z1;TG LASER OFTALMICA SA;LAGRICEL PF;7;JUL;1,363;20
Pharma - Z1;TG LASER OFTALMICA SA;ZEBESTEN;7;JUL;491;10
Pharma - Z1;VALEVISION S.A.C.;FLUMETOL NF;7;JUL;408;10
Pharma - Z1;VALEVISION S.A.C.;LAGRICEL PF;7;JUL;477;10
Pharma - Z1;VALEVISION S.A.C.;TRAZIDEX U;7;JUL;468;10
Pharma - Z2;ASOC. PASTORAL DE SERVICIOS MEDICO ASISTENCIALES GOOD HOPE DE LA IGLESIA ADVENTISTA DEL SEPTIMO DIA;AGGLAD;7;JUL;2,629;50
Pharma - Z2;ASOC. PASTORAL DE SERVICIOS MEDICO ASISTENCIALES GOOD HOPE DE LA IGLESIA ADVENTISTA DEL SEPTIMO DIA;FLUMETOL NF;7;JUL;2,042;50
Pharma - Z2;ASOC. PASTORAL DE SERVICIOS MEDICO ASISTENCIALES GOOD HOPE DE LA IGLESIA ADVENTISTA DEL SEPTIMO DIA;TRAZIDEX O;7;JUL;1,991;50
Pharma - Z2;ASOC. PASTORAL DE SERVICIOS MEDICO ASISTENCIALES GOOD HOPE DE LA IGLESIA ADVENTISTA DEL SEPTIMO DIA;TRAZIDEX U;7;JUL;1,206;30
Pharma - Z2;CALDERON FERNANDEZ ADOLFO JUNIOR;LAGRICEL PF;7;JUL;477;10
Pharma - Z2;CALDERON FERNANDEZ ADOLFO JUNIOR;SOPHIPREN;7;JUL;424;10
Pharma - Z2;CLINICA CAYETANO HEREDIA S.A.;FLUMETOL NF;7;JUL;613;15
Pharma - Z2;CLINICA INTERNACIONAL S A;AGGLAD;7;JUL;3,996;100
Pharma - Z2;CLINICA INTERNACIONAL S A;FLUMETOL NF;7;JUL;1,383;50
Pharma - Z2;CLINICA INTERNACIONAL S A;GAAP;7;JUL;2,013;50
Pharma - Z2;CLINICA INTERNACIONAL S A;GAAP PF;7;JUL;413;10
Pharma - Z2;CLINICA INTERNACIONAL S A;LAGRICEL;7;JUL;5,737;190
Pharma - Z2;CLINICA INTERNACIONAL S A;SOPHIPREN;7;JUL;1,086;40
Pharma - Z2;CLINICA INTERNACIONAL S A;TRAZIDEX U;7;JUL;4,937;200
Pharma - Z2;CUIDA DIGITAL S.A.C.;LANDAX;7;JUL;-56;-1
Pharma - Z2;INSTITUTO MEDICO QUIRURGICO AREQUIPA S.A;FLUMETOL NF;7;JUL;1,021;25
Pharma - Z2;INSTITUTO MEDICO QUIRURGICO AREQUIPA S.A;LAGRICEL PF;7;JUL;1,136;20
Pharma - Z2;MEDIC SER S.A.C.;LAGRICEL;7;JUL;-2,559;-50
Pharma - Z2;MEDIC SER S.A.C.;SOPHIPREN;7;JUL;-947;-26
Pharma - Z2;MEDIC SER S.A.C.;TRAZIDEX U;7;JUL;-1,998;-47
Pharma - Z2;OFTALMOLIVE GROUP PERU S.A.C.;GAAP PF;7;JUL;1,082;12
Pharma - Z2;OFTALMOLIVE GROUP PERU S.A.C.;LAGRICEL PF;7;JUL;682;12
Pharma - Z2;OPTICA VERIMEDIC E.I.R.L.;ELAR-B;7;JUL;690;12
Pharma - Z2;OPTIMA VISION SRL;AGGLAD;7;JUL;110;2
Pharma - Z2;OPTIMA VISION SRL;ELAR-B;7;JUL;230;4
Pharma - Z2;OPTIMA VISION SRL;GAAP PF;7;JUL;180;2
Pharma - Z2;OPTIMA VISION SRL;LAGRICEL PF;7;JUL;382;8
Pharma - Z2;OSMICE E.I.R.L.;ELIPTIC PF;7;JUL;653;20
Pharma - Z2;OSMICE E.I.R.L.;FLUMETOL NF;7;JUL;817;20
Pharma - Z2;SERVICIOS DE FARMACIA OFTALMOLOGICA YAHUI EIRL;ELAR-B;7;JUL;3,450;60
Pharma - Z2;SERVICIOS DE FARMACIA OFTALMOLOGICA YAHUI EIRL;GAAP PF;7;JUL;7,212;80
Pharma - Z2;SERVICIOS DE FARMACIA OFTALMOLOGICA YAHUI EIRL;LAGRICEL PF;7;JUL;8,521;150
Pharma - Z2;SERVICIOS DE FARMACIA OFTALMOLOGICA YAHUI EIRL;SOPHIPREN;7;JUL;4,235;100
Pharma - Z2;SERVICIOS DE FARMACIA OFTALMOLOGICA YAHUI EIRL;TRAZIDEX U;7;JUL;4,208;100
Pharma - Z3;ALCOCER DE LA CRUZ REGINA ROCIO;ELIPTIC PF;7;JUL;408;12
Pharma - Z3;ALCOCER DE LA CRUZ REGINA ROCIO;SOPHIPREN;7;JUL;508;12
Pharma - Z3;ASOCIACION PERUANO JAPONESA;AGGLAD;7;JUL;978;20
Pharma - Z3;ASOCIACION PERUANO JAPONESA;ELAR-B;7;JUL;460;8
Pharma - Z3;ASOCIACION PERUANO JAPONESA;ELIPTIC PF;7;JUL;2,613;50
Pharma - Z3;ASOCIACION PERUANO JAPONESA;FLUMETOL NF;7;JUL;270;6
Pharma - Z3;ASOCIACION PERUANO JAPONESA;GAAP PF;7;JUL;6,347;80
Pharma - Z3;ASOCIACION PERUANO JAPONESA;LAGRICEL;7;JUL;563;10
Pharma - Z3;ASOCIACION PERUANO JAPONESA;LAGRICEL PF;7;JUL;2,045;30
Pharma - Z3;ASOCIACION PERUANO JAPONESA;TRAZIDEX U;7;JUL;561;10
Pharma - Z3;CENTRO DE ESPECIALIDADES OFTALMOLOGICAS E.I.R.L.;AGGLAD;7;JUL;734;12
Pharma - Z3;CENTRO DE ESPECIALIDADES OFTALMOLOGICAS E.I.R.L.;LAGRICEL PF;7;JUL;682;12
Pharma - Z3;CENTRO DE ESPECIALIDADES OFTALMOLOGICAS E.I.R.L.;ZEBESTEN;7;JUL;589;12
Pharma - Z3;CENTRO MEDICO CLINICA SAN JUDAS TADEO SA;AGGLAD;7;JUL;917;15
Pharma - Z3;CENTRO MEDICO CLINICA SAN JUDAS TADEO SA;LAGRICEL;7;JUL;276;6
Pharma - Z3;CENTRO MEDICO CLINICA SAN JUDAS TADEO SA;TRAZIDEX O;7;JUL;833;20
Pharma - Z3;CENTRO MEDICO CLINICA SAN JUDAS TADEO SA;TRAZIDEX U;7;JUL;421;10
Pharma - Z3;CLINICA DE OJOS DÔOPELUCE SAC;AGGLAD;7;JUL;1,651;30
Pharma - Z3;CLINICA DE OJOS DÔOPELUCE SAC;ELIPTIC PF;7;JUL;1,045;20
Pharma - Z3;CLINICA DE OJOS DÔOPELUCE SAC;ZEBESTEN;7;JUL;946;20
Pharma - Z3;CLINICA JESUS DEL NORTE SOCIEDAD ANONIMA CERRADA;FLUMETOL NF;7;JUL;566;20
Pharma - Z3;CLINICA JESUS DEL NORTE SOCIEDAD ANONIMA CERRADA;GAAP;7;JUL;539;8
Pharma - Z3;CLINICA SAN FELIPE S A;GAAP;7;JUL;687;10
Pharma - Z3;MAYTA CARCAUSTO AGUSTIN ABEL;SOPHIPREN;7;JUL;508;12
Pharma - Z3;NORVISION SAC;ELAR-B;7;JUL;621;12
Pharma - Z3;NORVISION SAC;LANDAX;7;JUL;466;10
Pharma - Z3;NORVISION SAC;SOPHIPREN;7;JUL;424;10
Pharma - Z3;OMNI LASER S.R.L.;SOPHIPREN;7;JUL;1,017;30
Pharma - Z3;RED SALUD NORTE S.A.C.;AGGLAD;7;JUL;611;10
Pharma - Z3;RED SALUD NORTE S.A.C.;ELIPTIC PF;7;JUL;810;20
Pharma - Z3;RED SALUD NORTE S.A.C.;LAGRICEL PF;7;JUL;1,363;20
Pharma - Z3;SOLUCIONES E INVERSIONES EN SALUD SOCIEDAD ANONIMA CERRADA - SOLINSALUD SAC.;AQUADRAN;7;JUL;540;10
Pharma - Z3;SOLUCIONES E INVERSIONES EN SALUD SOCIEDAD ANONIMA CERRADA - SOLINSALUD SAC.;ELIPTIC PF;7;JUL;255;10
Pharma - Z3;SOLUCIONES E INVERSIONES EN SALUD SOCIEDAD ANONIMA CERRADA - SOLINSALUD SAC.;TRAZIDEX U;7;JUL;1,262;30
Pharma - Z3;VISANA CLINICA ESPECIALIZADA S.A.C;TRAZIDEX U;7;JUL;1,178;30
Pharma - Z3;VISUAL CENTER S.A.C.;ELAR-B;7;JUL;518;10
Pharma - Z3;VISUAL CENTER S.A.C.;ELIPTIC PF;7;JUL;536;20
Pharma - Z3;VISUAL CENTER S.A.C.;LAGRICEL PF;7;JUL;568;10
Pharma - Z3;VISUAL CENTER S.A.C.;TRAZIDEX O;7;JUL;463;10
Pharma - Z3;VISUAL CENTER S.A.C.;TRAZIDEX U;7;JUL;1,029;20
Pharma - Z3;VISUAL CENTER S.A.C.;ZEBESTEN;7;JUL;473;10
Pharma - Z3;VISUAL M&M E.I.R.L;GAAP PF;7;JUL;902;10
